:020000040800F2
:1000000000000320891700084D150008531500084B
:10001000591500085F15000865150008000000006C
:10002000000000000000000000000000C1360008D1
:100030006B15000800000000113900087915000850
:10004000D9170008D9170008D9170008D9170008D0
:10005000D9170008D9170008D9170008D9170008C0
:10006000D9170008D9170008D9170008D9170008B0
:10007000D9170008D9170008D9170008D9170008A0
:10008000D9170008D9170008D9170008D917000890
:10009000D9170008D9170008D9170008D917000880
:1000A000D9170008D9170008D9170008D917000870
:1000B000D9170008ED630008D9170008D917000800
:1000C000D9170008D9170008D9170008D917000850
:1000D000D917000801650008D9170008D9170008CA
:1000E000D9170008D9170008D9170008D917000830
:1000F000D9170008D9170008D9170008D917000820
:10010000D9170008D9170008D9170008D91700080F
:10011000D9170008D9170008D9170008D9170008FF
:10012000D9170008D9170008D9170008D9170008EF
:10013000D9170008D9170008D9170008D9170008DF
:10014000D9170008D9170008D9170008D9170008CF
:10015000D9170008D9170008D9170008D9170008BF
:10016000D9170008D9170008D9170008D9170008AF
:10017000D9170008D9170008D91700080000000097
:10018000D9170008D9170008D9170008D91700088F
:10019000D9170008D9170008D9170008D91700087F
:0C01A000D9170008D9170008D91700086B
:1001C00010B5054C237833B9044B13B10448AFF391
:1001D00000800123237010BDB8090020000000003A
:1001E0004CC6000808B5034B1BB103490348AFF3E5
:1001F000008008BD00000000BC0900204CC60008BB
:1002000081F0004102E000BF83F0004330B54FEAC7
:1002100041044FEA430594EA050F08BF90EA020F34
:100220001FBF54EA000C55EA020C7FEA645C7FEAC7
:10023000655C00F0E2804FEA5454D4EB5555B8BFEA
:100240006D420CDD2C4480EA020281EA030382EA5B
:10025000000083EA010180EA020281EA0303362DED
:1002600088BF30BD11F0004F4FEA01314FF4801CC0
:100270004CEA113102D0404261EB410113F0004FD2
:100280004FEA03334CEA133302D0524263EB430389
:1002900094EA050F00F0A780A4F10104D5F1200E27
:1002A0000DDB02FA0EFC22FA05F2801841F1000182
:1002B00003FA0EF2801843FA05F359410EE0A5F156
:1002C00020050EF1200E012A03FA0EFC28BF4CF087
:1002D000020C43FA05F3C01851EBE37101F000453D
:1002E00007D54FF0000EDCF1000C7EEB00006EEB4A
:1002F0000101B1F5801F1BD3B1F5001F0CD34908D4
:100300005FEA30004FEA3C0C04F101044FEA44522A
:1003100012F5800F80F09A80BCF1004F08BF5FEAB1
:10032000500C50F1000041EB045141EA050130BD91
:100330005FEA4C0C404141EB0101013C28BFB1F5A3
:10034000801FE9D291F0000F04BF01460020B1FAEE
:1003500081F308BF2033A3F10B03B3F120020CDAC1
:100360000C3208DD02F1140CC2F10C0201FA0CF09F
:1003700021FA02F10CE002F11402D8BFC2F1200C04
:1003800001FA02F120FA0CFCDCBF41EA0C019040BA
:10039000E41AA2BF01EB0451294330BD6FEA040403
:1003A0001F3C1CDA0C340EDC04F11404C4F12002EE
:1003B00020FA04F001FA02F340EA030021FA04F300
:1003C00045EA030130BDC4F10C04C4F1200220FA57
:1003D00002F001FA04F340EA0300294630BD21FA95
:1003E00004F0294630BD94F0000F83F4801306BF5B
:1003F00081F480110134013D4EE77FEA645C18BF4F
:100400007FEA655C29D094EA050F08BF90EA020FE5
:1004100005D054EA000C04BF1946104630BD91EADD
:10042000030F1EBF0021002030BD5FEA545C05D1E0
:100430004000494128BF41F0004130BD14F580041F
:100440003CBF01F5801130BD01F0004545F0FE4193
:1004500041F470014FF0000030BD7FEA645C1ABFC8
:10046000194610467FEA655C1CBF0B46024650EAFF
:10047000013406BF52EA033591EA030F41F400212B
:1004800030BD00BF90F0000F04BF0021704730B5B1
:100490004FF4806404F132044FF000054FF0000186
:1004A00050E700BF90F0000F04BF0021704730B547
:1004B0004FF4806404F1320410F0004548BF40421C
:1004C0004FF000013EE700BF42004FEAE2014FEA71
:1004D00031014FEA02701FBF12F07F4393F07F4F4C
:1004E00081F06051704732F07F4208BF704793F04F
:1004F0007F4F04BF41F40021704730B54FF4607462
:1005000001F0004521F000411CE700BF50EA010264
:1005100008BF704730B54FF000050AE050EA01020D
:1005200008BF704730B511F0004502D5404261EB7D
:1005300041014FF4806404F132045FEA915C3FF4BE
:10054000D8AE4FF003025FEADC0C18BF03325FEA5B
:10055000DC0C18BF033202EBDC02C2F1200300FA0C
:1005600003FC20FA02F001FA03FE40EA0E0021FA31
:1005700002F11444BDE600BF70B54FF0FF0C4CF41F
:10058000E06C1CEA11541DBF1CEA135594EA0C0FD1
:1005900095EA0C0F00F0DEF82C4481EA030621EA0C
:1005A0004C5123EA4C5350EA013518BF52EA033547
:1005B00041F4801143F4801338D0A0FB02CE4FF0F9
:1005C0000005E1FB02E506F00042E0FB03E54FF029
:1005D0000006E1FB03569CF0000F18BF4EF0010E21
:1005E000A4F1FF04B6F5007F64F5407404D25FEA1D
:1005F0004E0E6D4146EB060642EAC62141EA5551D0
:100600004FEAC52040EA5E504FEACE2EB4F1FD0C11
:1006100088BFBCF5E06F1ED8BEF1004F08BF5FEA8F
:10062000500E50F1000041EB045170BD06F0004641
:1006300046EA010140EA020081EA0301B4EB5C04EE
:10064000C2BFD4EB0C0541EA045170BD41F48011E6
:100650004FF0000E013C00F3AB8014F1360FDEBF0B
:10066000002001F0004170BDC4F10004203C35DAE7
:100670000C341BDC04F11404C4F1200500FA05F36A
:1006800020FA04F001FA05F240EA020001F000420B
:1006900021F0004110EBD37021FA04F642EB060181
:1006A0005EEA430E08BF20EAD37070BDC4F10C04AB
:1006B000C4F1200500FA04F320FA05F001FA04F26F
:1006C00040EA020001F0004110EBD37041F100015B
:1006D0005EEA430E08BF20EAD37070BDC4F1200566
:1006E00000FA05F24EEA020E20FA04F301FA05F2CE
:1006F00043EA020321FA04F001F0004121FA04F276
:1007000020EA020000EBD3705EEA430E08BF20EA45
:10071000D37070BD94F0000F0FD101F0004640007F
:1007200041EB010111F4801F08BF013CF7D041EA01
:10073000060195F0000F18BF704703F00046520005
:1007400043EB030313F4801F08BF013DF7D043EAD6
:100750000603704794EA0C0F0CEA135518BF95EA8C
:100760000C0F0CD050EA410618BF52EA4306D1D113
:1007700081EA030101F000414FF0000070BD50EA32
:10078000410606BF1046194652EA430619D094EABC
:100790000C0F02D150EA013613D195EA0C0F05D1A6
:1007A00052EA03361CBF104619460AD181EA0301FA
:1007B00001F0004141F0FE4141F470014FF00000B2
:1007C00070BD41F0FE4141F4780170BD70B54FF04D
:1007D000FF0C4CF4E06C1CEA11541DBF1CEA1355CD
:1007E00094EA0C0F95EA0C0F00F0A7F8A4EB0504AF
:1007F00081EA030E52EA03354FEA013100F08880A6
:100800004FEA03334FF0805545EA131343EA12636E
:100810004FEA022245EA111545EA10654FEA002623
:100820000EF000419D4208BF964244F1FD0404F5DC
:10083000407402D25B084FEA3202B61A65EB030538
:100840005B084FEA32024FF480104FF4002CB6EBF5
:10085000020E75EB030E22BFB61A754640EA0C0075
:100860005B084FEA3202B6EB020E75EB030E22BFB5
:10087000B61A754640EA5C005B084FEA3202B6EBF6
:10088000020E75EB030E22BFB61A754640EA9C00B5
:100890005B084FEA3202B6EB020E75EB030E22BF85
:1008A000B61A754640EADC0055EA060E18D04FEA43
:1008B000051545EA16754FEA06164FEAC30343EAE3
:1008C00052734FEAC2025FEA1C1CC0D111F4801FB0
:1008D0000BD141EA00014FF000004FF0004CB6E7A9
:1008E00011F4801F04BF01430020B4F1FD0C88BF48
:1008F000BCF5E06F3FF6AFAEB5EB030C04BFB6EB53
:10090000020C5FEA500C50F1000041EB045170BD45
:100910000EF0004E4EEA113114EB5C04C2BFD4EB72
:100920000C0541EA045170BD41F480114FF0000EF6
:10093000013C90E645EA060E8DE60CEA135594EA72
:100940000C0F08BF95EA0C0F3FF43BAF94EA0C0F75
:100950000AD150EA01347FF434AF95EA0C0F7FF4EA
:1009600025AF104619462CE795EA0C0F06D152EA3E
:1009700003353FF4FDAE1046194622E750EA410622
:1009800018BF52EA43067FF4C5AE50EA41047FF433
:100990000DAF52EA43057FF4EBAE12E7844641EA1D
:1009A000000313F003036DD1403A41D351F8043BE7
:1009B00040F8043B51F8043B40F8043B51F8043B39
:1009C00040F8043B51F8043B40F8043B51F8043B29
:1009D00040F8043B51F8043B40F8043B51F8043B19
:1009E00040F8043B51F8043B40F8043B51F8043B09
:1009F00040F8043B51F8043B40F8043B51F8043BF9
:100A000040F8043B51F8043B40F8043B51F8043BE8
:100A100040F8043B51F8043B40F8043B51F8043BD8
:100A200040F8043B51F8043B40F8043B403ABDD247
:100A3000303211D351F8043B40F8043B51F8043BE9
:100A400040F8043B51F8043B40F8043B51F8043BA8
:100A500040F8043B103AEDD20C3205D351F8043B78
:100A600040F8043B043AF9D2043208D0D2071CBF44
:100A700011F8013B00F8013B01D30B88038060466D
:100A8000704700BF082A13D38B078DD010F00303E3
:100A90008AD0C3F10403D21ADB071CBF11F8013B53
:100AA00000F8013B80D331F8023B20F8023B7BE7A2
:100AB000043AD9D3013A11F8013B00F8013BF9D2CD
:100AC0000B7803704B7843708B7883706046704767
:100AD0000000000000000000000000000000000016
:100AE0000000000000000000000000000000000006
:100AF00000000000000000000000000000000000F6
:100B000090F800F06DE9024520F007016FF0000C4D
:100B100010F0070491F820F040F049804FF00004F5
:100B20006FF00700D1E9002391F840F000F10800D0
:100B300082FA4CF2A4FA8CF283FA4CF3A2FA8CF308
:100B40004BBBD1E9022382FA4CF200F10800A4FA6F
:100B50008CF283FA4CF3A2FA8CF3E3B9D1E90423C3
:100B600082FA4CF200F10800A4FA8CF283FA4CF3FA
:100B7000A2FA8CF37BB9D1E9062301F1200182FAB4
:100B80004CF200F10800A4FA8CF283FA4CF3A2FABA
:100B90008CF3002BC6D0002A04BF04301A4612BAC8
:100BA000B2FA82F2FDE8024500EBD2007047D1E9CB
:100BB000002304F00305C4F100004FEAC50514F05A
:100BC000040F91F840F00CFA05F562EA05021CBF2B
:100BD00063EA050362464FF00004A9E70000000045
:100BE00001F0FF01102A2BDB10F0070F08D010F8DE
:100BF000013B013A8B422DD010F0070F42B3F6D1E2
:100C0000F0B441EA012141EA014122F007047FF0FA
:100C100000070023F0E80256083C85EA010586EA51
:100C2000010685FA47F5A3FA87F586FA47F6A5FA8D
:100C300087F68EB9EED1F0BC01F0FF0102F0070299
:100C400032B110F8013B013A83EA010313B1F8D144
:100C50000020704701387047002D06BF3546033825
:100C6000073815F0010F07D1013015F4807F02BF5E
:100C7000013015F4C03F0130F0BC0138704700BFAF
:100C80004FF0FF3C06E000BF4FF0010C02E000BF58
:100C90004FF0010C4DF804CD4FEA410C7FEA6C5C3B
:100CA0004FEA430C18BF7FEA6C5C1BD001B050EADE
:100CB000410C0CBF52EA430C91EA030F02BF90EAC9
:100CC000020F0020704710F1000F91EA030F58BF88
:100CD000994208BF90422CBFD8176FEAE37040F0EA
:100CE000010070474FEA410C7FEA6C5C02D150EA88
:100CF000013C07D14FEA430C7FEA6C5CD6D152EA43
:100D0000033CD3D05DF8040B704700BF8446104607
:100D100062468C461946634600E000BF01B5FFF706
:100D2000B7FF002848BF10F1000F01BD4DF808EDD6
:100D3000FFF7F4FF0CBF012000205DF808FB00BFA7
:100D40004DF808EDFFF7EAFF34BF012000205DF801
:100D500008FB00BF4DF808EDFFF7E0FF94BF01204E
:100D600000205DF808FB00BF4DF808EDFFF7CEFF4F
:100D700094BF012000205DF808FB00BF4DF808ED8E
:100D8000FFF7C4FF34BF012000205DF808FB00BF5F
:100D90004FEA410C7FEA6C5C02D150EA013C0AD177
:100DA0004FEA430C7FEA6C5C02D152EA033C02D169
:100DB0004FF0000070474FF0010070474FEA4102CA
:100DC00012F5001215D211D56FF47873B3EB62529D
:100DD00012D94FEAC12343F0004343EA505311F0C4
:100DE000004F23FA02F018BF404270474FF0000056
:100DF000704750EA013005D111F0004008BF6FF094
:100E0000004070474FF00000704700BF53B94AB927
:100E1000002908BF00281CBF4FF0FF314FF0FF3002
:100E200000F074B9ADF1080C6DE904CE00F006F8DD
:100E3000DDF804E0DDE9022304B070472DE9F04756
:100E4000089D04468E46002B4DD18A42944669D9AE
:100E5000B2FA82F252B101FA02F3C2F1200120FA91
:100E600001F10CFA02FC41EA030E94404FEA1C48DF
:100E7000210CBEFBF8F61FFA8CF708FB16E341EADB
:100E8000034306FB07F199420AD91CEB030306F161
:100E9000FF3080F01F81994240F21C81023E634482
:100EA0005B1AA4B2B3FBF8F008FB103344EA034426
:100EB00000FB07F7A7420AD91CEB040400F1FF333B
:100EC00080F00A81A74240F207816444023840EA78
:100ED0000640E41B00261DB1D4400023C5E90043B1
:100EE0003146BDE8F0878B4209D9002D00F0EF8034
:100EF0000026C5E9000130463146BDE8F087B3FA67
:100F000083F6002E4AD18B4202D3824200F2F9804E
:100F1000841A61EB030301209E46002DE0D0C5E951
:100F2000004EDDE702B9FFDEB2FA82F2002A40F09D
:100F30009280A1EB0C014FEA1C471FFA8CFE0126A0
:100F4000200CB1FBF7F307FB131140EA01410EFB44
:100F500003F0884208D91CEB010103F1FF3802D2EB
:100F6000884200F2CB804346091AA4B2B1FBF7F0E5
:100F700007FB101144EA01440EFB00FEA64508D908
:100F80001CEB040400F1FF3102D2A64500F2BB8045
:100F90000846A4EB0E0440EA03409CE7C6F1200794
:100FA000B34022FA07FC4CEA030C20FA07F401FADA
:100FB00006F31C43F9404FEA1C4900FA06F3B1FB63
:100FC000F9F8200C1FFA8CFE09FB181140EA0141C8
:100FD00008FB0EF0884202FA06F20BD91CEB010165
:100FE00008F1FF3A80F08880884240F28580A8F1BD
:100FF00002086144091AA4B2B1FBF9F009FB10110F
:1010000044EA014100FB0EFE8E4508D91CEB0101AC
:1010100000F1FF346CD28E456AD90238614440EA4F
:101020000840A0FB0294A1EB0E01A142C846A646CF
:1010300056D353D05DB1B3EB080261EB0E0101FA58
:1010400007F722FA06F3F1401F43C5E900710026B5
:101050003146BDE8F087C2F12003D8400CFA02FC0B
:1010600021FA03F3914001434FEA1C471FFA8CFE1B
:10107000B3FBF7F007FB10360B0C43EA064300FB0B
:101080000EF69E4204FA02F408D91CEB030300F1A9
:10109000FF382FD29E422DD9023863449B1B89B260
:1010A000B3FBF7F607FB163341EA034106FB0EF3E9
:1010B0008B4208D91CEB010106F1FF3816D28B4296
:1010C00014D9023E6144C91A46EA004638E72E4662
:1010D000284605E70646E3E61846F8E64B45A9D25A
:1010E000B9EB020864EB0C0E0138A3E74646EAE7C9
:1010F000204694E74046D1E7D0467BE7023B614477
:1011000032E7304609E76444023842E7704700BFDF
:1011100080B400AF084B1B6B074A43F08003136396
:10112000054B1B6B044A43F00103136300BFBD462C
:101130005DF8047B704700BF0038024080B582B084
:1011400000AF786005F01AF905F030F905F03AF9CA
:1011500005F042F94FF4FA7003F0E4FDF6E7000001
:1011600080B586B000AF786001233B610223FB604D
:1011700001237B6108212A4800F03AFE0346002B38
:1011800021D1284B186807F110010023002202F03A
:1011900045FF7861244B1B684FF0FF31184603F080
:1011A0001BF97B69012B01D1204B00E0204B1A4633
:1011B0002049214805F0F8F91B4B1868002300224C
:1011C000002102F02BFF0421154800F011FE034618
:1011D000002B21D1134B186807F10C0100230022CA
:1011E00002F01CFF7861104B1B684FF0FF3118466E
:1011F00003F0F2F87B69012B01D10C4B00E00C4BA2
:101200001A460E490C4805F0CFF9074B1868002321
:101210000022002102F002FF322003F083FDA9E743
:10122000001C0240E4090020E809002068C600080C
:1012300070C6000878C60008D437012088C60008A8
:1012400080B584B000AF78600123FB601C4B1B6845
:1012500007F108014FF0FF32184602F0DDFFF86099
:10126000FB68012B14D1174B1B684FF0FF31184658
:1012700003F0B2F8BB681A461349144805F094F914
:10128000104B186800230022002102F0C7FE12E074
:101290000C4B1B684FF0FF31184603F09DF8FA68BD
:1012A0000B490A4805F080F9064B18680023002214
:1012B000002102F0B3FE012003F034FDC6E700BFB9
:1012C000E4090020E809002098C60008D43701206E
:1012D000ACC6000880B586B002AF78600123FB6021
:1012E00002F0BAFA394B01930223009300234FF422
:1012F00080723749374803F017FBF860FB68012B11
:1013000001D1354B00E0354B314A3549354805F0C0
:101310004BF9354B01930423009300234FF4807263
:101320003249334803F000FBF860FB68012B01D120
:10133000294B00E0294B2D4A29492A4805F034F968
:101340002C4B01930323009300234FF480722A490E
:101350002A4803F0E9FAF860FB68012B01D11E4B23
:1013600000E01E4B244A1E491E4805F01DF90022CC
:101370000421042002F0AEFD0346214A1360204BF5
:101380001B68002B01D0144B00E0144B1D4A14497C
:10139000144805F009F9012002F027FE03461A4A15
:1013A0001360194B1B68002B01D00B4B00E00B4B5B
:1013B000164A0B490B4805F0F7F8002003F01EFC15
:1013C00002F07AFA00BF1037BD4680BDD809002070
:1013D000D0C600083D11000868C6000870C60008A5
:1013E000DCC60008D4370120DC090020ECC6000868
:1013F00061110008E0090020F8C600084112000849
:10140000E409002008C70008E809002010C7000808
:1014100080B582B002AF00F0E1F900F01DF8FFF7EF
:1014200077FE04F081FF4FF4E13004F0F3FF04F0A5
:1014300035FF064B019301230093002380220449CA
:10144000044803F071FA03F0A1FCFEE7D409002080
:1014500018C70008D512000880B592B000AF07F198
:10146000180330220021184605F0F2F83B1D002237
:101470001A605A609A60DA601A61244B1B6C234A26
:1014800043F080531364224B1B68214A43F44043CA
:1014900013600123BB610123FB6102233B634FF413
:1014A00080037B630F23BB63D823FB6302233B646E
:1014B00004237B6407F11803184600F049FD034636
:1014C000002B01D000F026F800F0D6FC0346002BDC
:1014D00001D000F01FF80F237B600223BB600023C4
:1014E000FB604FF4A0533B614FF480537B613B1D85
:1014F0000521184600F07EFF0346002B01D000F0C6
:1015000009F800BF4837BD4680BD00BF0038024023
:101510000070004080B400AF72B600BFFEE700006C
:1015200080B400AF084B5B6C074A43F480435364BC
:10153000054B1B6C044A43F08053136400BFBD4647
:101540005DF8047B704700BF0038024080B400AFF4
:10155000FEE780B400AFFEE780B400AFFEE780B4E2
:1015600000AFFEE780B400AFFEE780B400AF00BF7D
:10157000BD465DF8047B704780B500AF04F05EF9AE
:101580000346012B01D002F0F7F900F065F900BF26
:1015900080BD80B400AF01231846BD465DF8047BD2
:1015A000704780B582B000AF7860396005F026F8EA
:1015B000034616221A604FF0FF3318460837BD461F
:1015C00080BD80B582B000AF78604FF0FF317868A1
:1015D000FFF7E7FFFEE780B586B000AFF860B960BF
:1015E0007A6000237B610AE0AFF300800146BB68AC
:1015F0005A1CBA60CAB21A707B6901337B617A697E
:101600007B689A42F0DB7B6818461837BD4680BD80
:1016100080B586B000AFF860B9607A6000237B6166
:1016200009E0BB685A1CBA601B781846AFF300800B
:101630007B6901337B617A697B689A42F1DB7B6865
:1016400018461837BD4680BD80B483B000AF7860BF
:101650004FF0FF3318460C37BD465DF8047B7047EA
:1016600080B483B000AF786039603B684FF40052BB
:101670005A60002318460C37BD465DF8047B70475E
:1016800080B483B000AF7860012318460C37BD46A4
:101690005DF8047B704780B485B000AFF860B96036
:1016A0007A60002318461437BD465DF8047B704706
:1016B00080B586B000AF7860144A154BD31A7B61B1
:1016C0007B693B61134B1B68002B02D1114B124A03
:1016D0001A60104B1A687B6813443A699A4207D221
:1016E00004F08CFF03460C221A604FF0FF3309E030
:1016F000084B1B68FB60074B1A687B681344054A5C
:101700001360FB6818461837BD4680BD00000320F3
:1017100000040000EC0900206039012080B400AF13
:10172000164BD3F88830154A43F47003C2F888305A
:10173000134B1B68124A43F001031360104B002245
:101740009A600F4B1B680E4A23F0847323F4803396
:1017500013600B4B0B4A5A60094B1B68084A23F471
:1017600080231360064B0022DA60044B4FF00062C6
:101770009A6000BFBD465DF8047B704700ED00E055
:101780000038024010300024DFF834D0002103E09C
:101790000C4B5B58435004310B480C4B42189A4297
:1017A000F6D30B4A02E0002342F8043B094B9A426D
:1017B000F9D3FFF7B3FF04F027FFFFF729FE7047C7
:1017C000000003205CCB000800000020B8090020C6
:1017D000B809002060390120FEE7000080B500AFA5
:1017E0000E4B1B680D4A43F4007313600B4B1B68D0
:1017F0000A4A43F480631360084B1B68074A43F4AA
:1018000080731360032000F00DF90F2000F008F83A
:10181000FFF786FE0023184680BD00BF003C024053
:1018200080B582B000AF786000F0CEFF0346094A71
:10183000A2FB03239B09184600F029F900227968CE
:101840004FF0FF3000F0F9F8002318460837BD4686
:1018500080BD00BFD34D621080B400AF044B1B6845
:101860000133034A136000BFBD465DF8047B704737
:10187000F009002080B400AF034B1B681846BD463A
:101880005DF8047B704700BFF009002080B485B08C
:1018900000AF78607B6803F00703FB600C4BDB68EC
:1018A000BB60BA684FF6FF031340BB60FB681A02C7
:1018B000BB68134343F0BF6343F40033BB60044A87
:1018C000BB68D36000BF1437BD465DF8047B70472A
:1018D00000ED00E080B400AF044BDB681B0A03F0AE
:1018E00007031846BD465DF8047B704700ED00E035
:1018F00080B483B000AF0346FB71FB7903F01F0394
:10190000012202FA03F1064A97F907305B0942F80F
:10191000231000BF0C37BD465DF8047B704700BF45
:1019200000E100E080B483B000AF03463960FB7192
:1019300097F90730002B0BDA3B68DAB20C49FB79D8
:1019400003F00F03043B1201D2B20B441A7609E0F4
:101950003B68DAB2074997F907301201D2B20B445B
:1019600083F8002300BF0C37BD465DF8047B704749
:1019700000ED00E000E100E080B489B000AFF86065
:10198000B9607A60FB6803F00703FB61FB69C3F190
:101990000703042B28BF0423BB61FB690433062B18
:1019A00002D9FB69033B00E000237B610122BB6994
:1019B00002FA03F3013B1A46BB681A407B699A405E
:1019C00001217B6901FA03F3013B19467B680B4057
:1019D000134318462437BD465DF8047B704700006A
:1019E00080B582B000AF78607B68013BB3F1807F47
:1019F00001D301230FE00A4A7B68013B53600F21AA
:101A00004FF0FF30FFF78EFF054B00229A60044B2A
:101A100007221A60002318460837BD4680BD00BF64
:101A200010E000E080B582B000AF78607868FFF722
:101A30002DFF00BF0837BD4680BD80B586B000AF22
:101A40000346B9607A60FB7300237B61FFF742FFB6
:101A500078617A68B9687869FFF78EFF024697F96E
:101A60000F3011461846FFF75DFF00BF1837BD461F
:101A700080BD80B582B000AF0346FB7197F9073097
:101A80001846FFF735FF00BF0837BD4680BD80B55B
:101A900082B000AF78607868FFF7A2FF034618466F
:101AA0000837BD4680BD000080B487B000AF7860C5
:101AB00039600023FB600023BB6000233B610023EF
:101AC0007B616FE101227B6902FA03F3FB603B68F3
:101AD0001B68FA681340BB60BA68FB689A4240F022
:101AE0005E813B685B68022B03D03B685B68122B0E
:101AF00023D17B69DA087B68083253F822303B61D6
:101B00007B6903F007039B000F2202FA03F3DB4318
:101B10003A6913403B613B681A697B6903F007032C
:101B20009B0002FA03F33A6913433B617B69DA08CD
:101B30007B680832396943F822107B681B683B6177
:101B40007B695B00032202FA03F3DB433A6913402B
:101B50003B613B685B6803F003027B695B0002FA50
:101B600003F33A6913433B617B683A691A603B6847
:101B70005B68012B0BD03B685B68022B07D03B688E
:101B80005B68112B03D03B685B68122B30D17B68FC
:101B90009B683B617B695B00032202FA03F3DB4332
:101BA0003A6913403B613B68DA687B695B0002FA83
:101BB00003F33A6913433B617B683A699A607B6837
:101BC0005B683B6101227B6902FA03F3DB433A69FC
:101BD00013403B613B685B681B0903F001027B69B2
:101BE00002FA03F33A6913433B617B683A695A602E
:101BF0007B68DB683B617B695B00032202FA03F3CD
:101C0000DB433A6913403B613B689A687B695B0040
:101C100002FA03F33A6913433B617B683A69DA607D
:101C20003B685B6803F08053002B00F0B880634B87
:101C30005B6C624A43F480435364614A7B699B084E
:101C4000023352F823303B617B6903F003039B00AE
:101C50000F2202FA03F3DB433A6913403B617B68CE
:101C6000584A934237D07B68574A934231D07B68B9
:101C7000564A93422BD07B68554A934225D07B68C5
:101C8000544A93421FD07B68534A934219D07B68D1
:101C9000524A934213D07B68514A93420DD07B68DD
:101CA000504A934207D07B684F4A934201D109239F
:101CB00012E00A2310E008230EE007230CE00623BD
:101CC0000AE0052308E0042306E0032304E00223DE
:101CD00002E0012300E000237A6902F0030292008F
:101CE00093403A6913433B6135497B699B08023352
:101CF0003A6941F823203D4B1B683B61BB68DB43DD
:101D00003A6913403B613B685B6803F48033002B06
:101D100003D03A69BB6813433B61344A3B691360A3
:101D2000324B5B683B61BB68DB433A6913403B6104
:101D30003B685B6803F40033002B03D03A69BB684F
:101D400013433B61294A3B695360284B9B683B61C5
:101D5000BB68DB433A6913403B613B685B6803F453
:101D60008013002B03D03A69BB6813433B611F4AC1
:101D70003B6993601D4BDB683B61BB68DB433A69A1
:101D800013403B613B685B6803F40013002B03D0F6
:101D90003A69BB6813433B61144A3B69D3607B6972
:101DA00001337B617B690F2B7FF68CAE00BF00BFD8
:101DB0001C37BD465DF8047B704700BF0038024009
:101DC00000380140000002400004024000080240C8
:101DD000000C0240001002400014024000180240B3
:101DE000001C02400020024000240240003C014050
:101DF00080B485B000AF78600B467B807B681A6941
:101E00007B881340002B02D00123FB7301E00023E9
:101E1000FB73FB7B18461437BD465DF8047B7047A7
:101E200080B483B000AF78600B467B8013467B7034
:101E30007B78002B03D07A887B689A6103E07B88EB
:101E40001A047B689A6100BF0C37BD465DF8047BBD
:101E5000704780B483B000AF78600B467B807B68AE
:101E60005A697B885A407B685A6100BF0C37BD466F
:101E70005DF8047B7047000080B58AB000AF002396
:101E80007B62314B1B6C304A43F0805313644FF438
:101E90008033BB61BB6993FAA3F37B617B693B62CF
:101EA0003B6AB3FA83F3FB61FB69DBB29B0003F18E
:101EB000844303F560231A4601231360FFF7DAFC1D
:101EC000786209E0FFF7D6FC02467B6AD31AB3F5C5
:101ED0007A7F01D9032333E01C4B5B6803F4803322
:101EE000B3F5803FEED14FF40033BB60BB6893FA8B
:101EF000A3F37B607B683B613B69B3FA83F3FB60D0
:101F0000FB68DBB29B0003F1844303F560231A46B0
:101F100001231360FFF7AEFC786209E0FFF7AAFC2B
:101F200002467B6AD31AB3F57A7F01D9032307E00F
:101F3000064B5B6803F40033B3F5003FEED100239A
:101F400018462837BD4680BD00380240007000406A
:101F500080B598B000AF78600023FB657B681B6894
:101F600003F00103002B66D09C4B9B6803F00C032D
:101F7000042B0CD0994B9B6803F00C03082B12D157
:101F8000964B5B6803F48003B3F5800F0BD1934B42
:101F90001B6803F40033002B4CD07B685B68002B7C
:101FA00048D101231AE28E4B00221A70FFF762FC1F
:101FB000F86508E0FFF75EFC0246FB6DD31A642B60
:101FC00001D903230AE2854B1B6803F40033002B7D
:101FD000F0D17B685A68824BD2B21A707B685B681A
:101FE000002B13D0FFF746FCF86508E0FFF742FC32
:101FF0000246FB6DD31A642B01D90323EEE1774B24
:102000001B6803F40033002BF0D014E0FFF732FC20
:10201000F86508E0FFF72EFC0246FB6DD31A642B2F
:1020200001D90323DAE16D4B1B6803F40033002B65
:10203000F0D100E000BF7B681B6803F00203002BB7
:102040007FD0664B9B6803F00C03002B0BD0634BD7
:102050009B6803F00C03082B2AD1604B5B6803F4E8
:102060008003002B24D15D4B1B6803F00203002B7F
:1020700005D07B68DB68012B01D00123AEE1574B13
:102080001B6823F0F8027B681B69F8213965396DFC
:1020900091FAA1F1F964F96CB965B96DB1FA81F100
:1020A0007965796DC9B28B404C4913430B6048E0A8
:1020B0007B68DB68002B2ED04A4B01221A60FFF7A9
:1020C000D9FBF86508E0FFF7D5FB0246FB6DD31A94
:1020D000642B01D9032381E1404B1B6803F0020309
:1020E000002BF0D03D4B1B6823F0F8027B681B6986
:1020F000F8213964396C91FAA1F1F963F96BB9648B
:10210000B96CB1FA81F17964796CC9B28B40334909
:1021100013430B6015E0334B00221A60FFF7AAFB54
:10212000F86508E0FFF7A6FB0246FB6DD31A642BA7
:1021300001D9032352E1294B1B6803F00203002B52
:10214000F0D17B681B6803F00803002B30D07B685C
:102150005B69002B16D0244B01221A60FFF78AFB23
:10216000F86508E0FFF786FB0246FB6DD31A642B87
:1021700001D9032332E1194B5B6F03F00203002BFB
:10218000F0D015E0184B00221A60FFF773FBF865DA
:1021900008E0FFF76FFB0246FB6DD31A642B01D9F1
:1021A00003231BE10D4B5B6F03F00203002BF0D107
:1021B0007B681B6803F00403002B74D0074B1B6C77
:1021C000064A43F080531364084B1B68074A43F4E4
:1021D00080731360FFF74EFBF86512E00038024091
:1021E0000238024000004742800E47420070004023
:1021F000FFF740FB0246FB6DD31A642B01D9032382
:10220000ECE0784B1B6803F48073002BF0D0764B26
:1022100000221A70FFF72EFBF8650AE0FFF72AFB91
:102220000246FB6DD31A41F28832934201D903234F
:10223000D4E06E4B1B6F03F00203002BEED17B68E2
:102240009A68694BD2B21A707B689B68012B15D1D2
:10225000FFF710FBF8650AE0FFF70CFB0246FB6D89
:10226000D31A41F28832934201D90323B6E05F4B7F
:102270001B6F03F00203002BEED014E0FFF7FAFA15
:10228000F8650AE0FFF7F6FA0246FB6DD31A41F251
:102290008832934201D90323A0E0544B1B6F03F013
:1022A0000203002BEED17B689B69002B00F0958028
:1022B0004E4B9B6803F00C03082B00F08C807B686E
:1022C0009B69022B70D14A4B00221A60FFF7D2FAA9
:1022D000F86508E0FFF7CEFA0246FB6DD31A642BCF
:1022E00001D903237AE0414B1B6803F00073002BF4
:1022F000F0D17B681A6A7B685B6A47F6C071396106
:10230000396991FAA1F1F960F968B961B969B1FA6D
:1023100081F179617969C9B28B401A437B689B6A04
:102320005B08013B4FF440313962396A91FAA1F1FF
:10233000F961F969B962B96AB1FA81F17962796AC8
:10234000C9B28B401A437B68DB691A437B68DB6A3E
:102350004FF070613963396B91FAA1F1F962F96A52
:10236000B963B96BB1FA81F17963796BC9B28B400A
:1023700013431E4A43F0005353601D4B01221A6061
:10238000FFF778FAF86508E0FFF774FA0246FB6D8C
:10239000D31A642B01D9032320E0144B1B6803F0EC
:1023A0000073002BF0D018E0114B00221A60FFF7E9
:1023B00061FAF86508E0FFF75DFA0246FB6DD31A93
:1023C000642B01D9032309E0084B1B6803F0007359
:1023D000002BF0D101E0012300E000231846603714
:1023E000BD4680BD00700040703802400038024099
:1023F0006000474280B584B000AF78603960002348
:10240000FB60924B1B6803F00F033A689A4240F25C
:102410008F808E4B3A68D2B21A708C4B1B6803F0D7
:102420000F033A689A4201D0012336E17B681B68AA
:1024300003F00203002B08D0854B9B6823F0F002C9
:102440007B689B68824913438B607B681B6803F041
:102450000103002B00F0FE807B685B68012B07D135
:102460007B4B1B6803F40033002B15D1012314E1CF
:102470007B685B68022B07D1754B1B6803F0007308
:10248000002B09D1012308E1714B1B6803F0020303
:10249000002B01D1012300E16D4B9B6823F0030267
:1024A0007B685B686A4913438B60FFF7E3F9F86068
:1024B0007B685B68012B12D10AE0FFF7DBF902466B
:1024C000FB68D31A41F28832934201D90323E4E036
:1024D0005F4B9B6803F00C03042BEED1BAE07B68E2
:1024E0005B68022B1DD10AE0FFF7C4F90246FB68C6
:1024F000D31A41F28832934201D90323CDE0544BE1
:102500009B6803F00C03082BEED1A3E0FFF7B2F9B0
:102510000246FB68D31A41F28832934201D9032361
:10252000BBE04B4B9B6803F00C03002BEED191E01A
:102530007B681B6803F00203002B08D0444B9B68A8
:1025400023F0F0027B689B68414913438B607B68F2
:102550001B6803F00103002B6AD07B685B68012BCA
:1025600007D13B4B1B6803F40033002B15D101232B
:1025700093E07B685B68022B07D1354B1B6803F047
:102580000073002B09D1012387E0314B1B6803F056
:102590000203002B01D101237FE02D4B9B6823F028
:1025A00003027B685B682A4913438B60FFF762F97B
:1025B000F8607B685B68012B12D10AE0FFF75AF9DB
:1025C0000246FB68D31A41F28832934201D90323B1
:1025D00063E01F4B9B6803F00C03042BEED127E054
:1025E0007B685B68022B1DD10AE0FFF743F90246C6
:1025F000FB68D31A41F28832934201D903234CE09D
:10260000134B9B6803F00C03082BEED110E0FFF78F
:1026100031F90246FB68D31A41F28832934201D95C
:1026200003233AE00A4B9B6803F00C03002BEED126
:10263000064B3A68D2B21A70044B1B6803F00F03C2
:102640003A689A4206D0012327E000BF003C0240CE
:10265000003802407B681B6803F00403002B08D09D
:10266000104B9B6823F4E0527B68DB680D491343F1
:102670008B607B681B6803F00803002B09D0094BB3
:102680009B6823F460427B681B69DB0005491343A8
:102690008B600F20FFF7C4F8002318461037BD46A3
:1026A00080BD00BF0038024080B491B000AF00236D
:1026B0007B630023FB6300233B630023BB633F4B2F
:1026C0009B6803F00C03082B0CD0082B6BD8002B55
:1026D00002D0042B03D066E0394BBB6366E0394B74
:1026E000BB6363E0354B5B6803F03F037B63334BB5
:1026F0005B6803F48003002B1CD0324A7B6BB2FB77
:10270000F3F22E4B596847F6C0730B4047F6C07181
:102710007962796A91FAA1F13962396AF962F96AE2
:10272000B1FA81F1B962B96AC9B2CB4002FB03F3D5
:10273000FB631BE0224A7B6BB2FBF3F21F4B596831
:1027400047F6C0730B4047F6C0717961796991FA19
:10275000A1F139613969F961F969B1FA81F1B961B8
:10276000B969C9B2CB4002FB03F3FB63134B5B684F
:1027700003F440334FF440327A607A6892FAA2F25E
:102780003A603A68FA60FA68B2FA82F2BA60BA68F5
:10279000D2B2D34001335B003B63FA6B3B6BB2FBBD
:1027A000F3F3BB6302E0064BBB6300BFBB6B184691
:1027B0004437BD465DF8047B704700BF00380240D7
:1027C0000024F40040787D0180B584B000AFFFF7AD
:1027D0006BFF01460F4B9B6803F0F003F0227A6019
:1027E0007A6892FAA2F23A603A68FA60FA68B2FA43
:1027F00082F2BA60BA68D2B2D340074AD35C21FAF7
:1028000003F3064A1360054B1B6818461037BD4694
:1028100080BD00BF003802403CC700080000002017
:1028200080B584B000AFFFF7CFFF01460D4B9B682A
:1028300003F4E0534FF4E0527A607A6892FAA2F21D
:102840003A603A68FA60FA68B2FA82F2BA60BA6834
:10285000D2B2D340044AD35C21FA03F318461037AE
:10286000BD4680BD003802403CC7000880B584B03A
:1028700000AFFFF7A9FF01460D4B9B6803F46043CF
:102880004FF460427A607A6892FAA2F23A603A684B
:10289000FA60FA68B2FA82F2BA60BA68D2B2D34089
:1028A000044AD35C21FA03F318461037BD4680BDB5
:1028B000003802403CC7000880B582B000AF7860A5
:1028C0007B68002B01D1012337E07B6893F8393016
:1028D000DBB2002B02D1786803F0C0FD7B680222D6
:1028E00083F839207B681B68DA687B681B6822F4F0
:1028F0000052DA60786800F05DFC7B681B681A693A
:102900007B681B6822F490421A617B681B685A69D5
:102910007B681B6822F02A025A617B681B68DA68B0
:102920007B681B6842F40052DA607B680022DA633D
:102930007B68012283F83920002318460837BD46FA
:1029400080BD80B586B000AFF860B9603B601346CB
:10295000FB8000237B61FB6893F83930DBB27B613D
:102960007B69012B03D07B69222B40F08E80BB68F2
:10297000002B02D0FB88002B01D1012386E0FB68ED
:1029800093F83830012B01D102237FE0FB6801224C
:1029900083F83820FB680022DA63FB6893F839304B
:1029A000DBB2222B04D1FB68322283F8392003E00A
:1029B000FB68122283F83920FB68FA889A84FB6846
:1029C000FA88DA843DE0FB68DB8C013B9AB2FB6855
:1029D000DA84FB689B68B3F5805F20D13B680022F6
:1029E0008021F86800F029FA0346002B01D0032368
:1029F0004CE0BB683B613B691B881A46FB681B685F
:102A0000C2F308025A60FB681B69002B03D1BB6844
:102A10000233BB6015E0BB680133BB6011E03B686B
:102A200000228021F86800F008FA0346002B01D04C
:102A300003232BE0BB685A1CBA601A78FB681B683A
:102A40005A60FB68DB8C002BBDD13B680022402123
:102A5000F86800F0F2F90346002B01D0032315E0DB
:102A6000FB6893F83930DBB2322B04D1FB682222A9
:102A700083F8392003E0FB68012283F83920FB68E2
:102A8000002283F83820002300E00223184618377C
:102A9000BD4680BD80B586B000AFF860B9603B60D0
:102AA0001346FB8000237B61FB6893F83930DBB26F
:102AB0007B617B69012B03D07B69122B40F09D80E9
:102AC000BB68002B02D0FB88002B01D1012395E0CD
:102AD000FB6893F83830012B01D102238EE0FB68AC
:102AE000012283F83820FB680022DA63FB6893F840
:102AF0003930DBB2122B04D1FB68322283F8392043
:102B000003E0FB68222283F83920FB68FA889A8563
:102B1000FB68FA88DA8557E0FB68DB8D013B9AB2E7
:102B2000FB68DA85FB689B68B3F5805F29D13B6859
:102B300000222021F86800F080F90346002B01D024
:102B400003235BE0BB683B61FB681B69002B0CD176
:102B5000FB681B685B689BB2C3F308039AB23B69CE
:102B60001A80BB680233BB602EE0FB681B685B68A1
:102B70009BB2DBB29AB23B691A80BB680133BB607F
:102B800022E03B6800222021F86800F056F9034655
:102B9000002B01D0032331E0FB681B69002B08D117
:102BA000FB681B685968BB685A1CBA60CAB21A70C5
:102BB0000AE0FB681B685B68DAB2BB68591CB96045
:102BC00002F07F02D2B21A70FB68DB8D002BA3D11A
:102BD000FB6893F83930DBB2322B04D1FB68122248
:102BE00083F8392003E0FB68012283F83920FB6871
:102BF000002283F83820002300E00223184618370B
:102C0000BD4680BD80B588B000AF78600023FB6111
:102C10000023BB617B681B681B6803F00103012B69
:102C20000CBF01230023DBB2FB617B681B68DB6800
:102C300003F48073BB61FB69002B11D0BB69002BCF
:102C40000ED07B681B681B687B617B681B685B68B8
:102C50007B617B697B68DB6B43F001027B68DA6335
:102C60007B681B681B6803F00203022B0CBF012367
:102C70000023DBB2FB617B681B685B6903F0010327
:102C8000BB61FB69002B11D0BB69002B0ED07B68A8
:102C90001B681B683B617B681B685B683B613B6929
:102CA0007B68DB6B43F004027B68DA637B681B683C
:102CB0001B6803F00403042B0CBF01230023DBB2C9
:102CC000FB617B681B685B6903F00103BB61FB6907
:102CD000002B11D0BB69002B0ED07B681B681B68D2
:102CE000FB607B681B685B68FB60FB687B68DB6B79
:102CF00043F002027B68DA637B681B681B6803F0A1
:102D00000803082B0CBF01230023DBB2FB617B68A7
:102D10001B685B6903F00103BB61FB69002B11D0E9
:102D2000BB69002B0ED07B681B681B68BB607B688F
:102D30001B685B68BB60BB687B68DB6B43F00802A9
:102D40007B68DA637B681B681B6803F02003202B19
:102D50000CBF01230023DBB2FB617B681B68DB68CF
:102D600003F02003BB61FB69002B05D0BB69002B7E
:102D700002D0786800F08AF97B681B681B6803F052
:102D80008003802B0CBF01230023DBB2FB617B6837
:102D90001B68DB6803F08003BB61FB69002B05D077
:102DA000BB69002B02D0786800F0E0F87B681B68F4
:102DB0001B6803F04003402B0CBF01230023DBB250
:102DC000FB617B681B68DB6803F04003BB61FB6948
:102DD000002B05D0BB69002B02D0786800F023F9E6
:102DE0007B68DB6B002B06D07B68012283F83920DF
:102DF000786800F018F800BF2037BD4680BD80B469
:102E000083B000AF786000BF0C37BD465DF8047B2F
:102E1000704780B483B000AF786000BF0C37BD4608
:102E20005DF8047B704780B483B000AF786000BF6A
:102E30000C37BD465DF8047B704780B586B000AFA7
:102E4000F860B9603B601346FB7100237B61FEF7BD
:102E500011FD7861FB79002B7BD138E03B68B3F141
:102E6000FF3F34D03B68002B07D0FEF703FD02463E
:102E70007B69D31A3A689A4229D2FB681B68DA68E0
:102E8000FB681B6822F08002DA60FB681B68DA6866
:102E9000FB681B6822F02002DA60FB681B68DA68B6
:102EA000FB681B6822F48072DA60FB681B685A6951
:102EB000FB681B6822F001025A61FB68012283F85B
:102EC0003920FB68002283F8382003234AE0FB689E
:102ED0001B681A68BB681340BA689A42BED140E0CA
:102EE0003B68B3F1FF3F34D03B68002B07D0FEF7BF
:102EF000C1FC02467B69D31A3A689A4229D2FB6820
:102F00001B68DA68FB681B6822F08002DA60FB68E5
:102F10001B68DA68FB681B6822F02002DA60FB6835
:102F20001B68DA68FB681B6822F48072DA60FB6851
:102F30001B685A69FB681B6822F001025A61FB6832
:102F4000012283F83920FB68002283F8382003230C
:102F500008E0FB681B681A68BB681340BA689A42AD
:102F6000BED0002318461837BD4680BD80B485B05A
:102F700000AF78600023FB607B6893F83930DBB2E8
:102F8000FB60FB68122B02D0FB68322B44D17B68BC
:102F90009B68B3F5805F1AD17B681B6ABB60BB6816
:102FA0001B881A467B681B68C2F308025A607B685C
:102FB0001B69002B05D17B681B6A9A1C7B681A620F
:102FC0000EE07B681B6A5A1C7B681A6208E07B680B
:102FD0001B6A591C7A6811621A787B681B685A60F0
:102FE0007B68DB8C013B9AB27B68DA847B68DB8C84
:102FF000002B0FD17B681B68DA687B681B6822F0A6
:103000008002DA607B681B68DA687B681B6842F0C4
:103010004002DA60002300E0022318461437BD4660
:103020005DF8047B704780B582B000AF78607B6844
:103030001B68DA687B681B6822F04002DA607B68F4
:1030400093F83930DBB2322B04D17B68222283F82B
:10305000392013E07B681B68DA687B681B6822F400
:103060008072DA607B681B685A697B681B6822F093
:1030700001025A617B68012283F839207868FFF7E2
:10308000BEFE002318460837BD4680BD80B584B01B
:1030900000AF78600023FB607B6893F83930DBB2C7
:1030A000FB60FB68222B02D0FB68322B7CD17B6853
:1030B0009B68B3F5805F23D17B689B6ABB607B68AC
:1030C0001B69002B0ED17B681B685B689BB2C3F346
:1030D00008039AB2BB681A807B689B6A9A1C7B685B
:1030E0009A6229E07B681B685B689BB2DBB29AB28C
:1030F000BB681A807B689B6A5A1C7B689A621BE0DB
:103100007B681B69002B0AD17B681B6858687B6849
:103110009B6A591C7A689162C2B21A700CE07B6893
:103120001B685B68DAB27B689B6A581C79688862A6
:1031300002F07F02D2B21A707B68DB8D013B9AB23B
:103140007B68DA857B68DB8D002B2BD17B681B6865
:10315000DA687B681B6822F02002DA607B6893F8EB
:103160003930DBB2322B04D17B68122283F839204C
:1031700013E07B681B68DA687B681B6822F4807246
:10318000DA607B681B685A697B681B6822F0010261
:103190005A617B68012283F839207868FFF739FE8D
:1031A000002302E0002300E0022318461037BD464A
:1031B00080BD0000B0B584B000AF78600023FB6034
:1031C0007B681B681B69FB60FB6823F44053FB6052
:1031D0007B68DB68FA681343FB607B681B68FA68EE
:1031E0001A617B681B68DB68FB60FB6823F416438D
:1031F00023F00C03FB607B689A687B681B691A43A9
:103200007B685B691A437B68DB691343FA68134385
:10321000FB607B681B68FA68DA607B681B685B6927
:10322000FB60FB6823F44073FB607B689B69FA6872
:103230001343FB607B681B68FA685A617B68DB6933
:10324000B3F5004F40F08C807B681B688C4A93423A
:1032500004D07B681B688B4A934240D1FFF706FB82
:10326000024613469B0013449A001A447B685B682D
:103270005B00B2FBF3F3844AA2FB03235B091C014E
:10328000FFF7F4FA024613469B0013449A001A44CF
:103290007B685B685B00B2FBF3F5FFF7E7FA024679
:1032A00013469B0013449A001A447B685B685B00DA
:1032B000B2FBF3F3744AA2FB03235B09642202FB13
:1032C00003F3EB1A1B0132336F4AA2FB03235B09A2
:1032D00003F00F027B681B6822439A60CCE0FFF783
:1032E0009FFA024613469B0013449A001A447B68D7
:1032F0005B685B00B2FBF3F3634AA2FB03235B0949
:103300001C01FFF78DFA024613469B0013449A00F6
:103310001A447B685B685B00B2FBF3F5FFF780FA49
:10332000024613469B0013449A001A447B685B686C
:103330005B00B2FBF3F3544AA2FB03235B09642254
:1033400002FB03F3EB1A1B0132334F4AA2FB0323A8
:103350005B0903F00F027B681B6822439A608BE0D5
:103360007B681B68464A934204D07B681B68454AC9
:10337000934240D1FFF77AFA024613469B0013446A
:103380009A001A447B685B689B00B2FBF3F33E4AE9
:10339000A2FB03235B091C01FFF768FA02461346F0
:1033A0009B0013449A001A447B685B689B00B2FB45
:1033B000F3F5FFF75BFA024613469B0013449A00AD
:1033C0001A447B685B689B00B2FBF3F32E4AA2FBB6
:1033D00003235B09642202FB03F3EB1A1B01323364
:1033E000294AA2FB03235B0903F00F027B681B68D9
:1033F00022439A6040E0FFF713FA024613469B000F
:1034000013449A001A447B685B689B00B2FBF3F399
:103410001D4AA2FB03235B091C01FFF701FA0246C8
:1034200013469B0013449A001A447B685B689B0018
:10343000B2FBF3F5FFF7F4F9024613469B00134481
:103440009A001A447B685B689B00B2FBF3F30E4A58
:10345000A2FB03235B09642202FB03F3EB1A1B01AB
:103460003233094AA2FB03235B0903F00F027B6896
:103470001B6822439A60FFE700BF1037BD46B0BD0E
:1034800000100140001401401F85EB5180B483B04F
:1034900000AF78607B6803F108027B685A607B6844
:1034A0004FF0FF329A607B6803F108027B68DA60B4
:1034B0007B6803F108027B681A617B6800221A604E
:1034C00000BF0C37BD465DF8047B704780B483B005
:1034D00000AF78607B6800221A6100BF0C37BD46E0
:1034E0005DF8047B704780B485B000AF78603960C8
:1034F0007B685B68FB603B68FA685A60FB689A68A7
:103500003B689A60FB689B683A685A60FB683A6857
:103510009A603B687A681A617B681B685A1C7B68F2
:103520001A6000BF1437BD465DF8047B704780B455
:1035300085B000AF786039603B681B68BB60BB68D2
:10354000B3F1FF3F03D17B681B69FB600CE07B6834
:103550000833FB6002E0FB685B68FB60FB685B684C
:103560001B68BA689A42F6D2FB685A683B685A6090
:103570003B685B683A689A603B68FA689A60FB68E7
:103580003A685A603B687A681A617B681B685A1C03
:103590007B681A6000BF1437BD465DF8047B704736
:1035A00080B485B000AF78607B681B69FB607B6886
:1035B0005B687A6892689A607B689B687A685268F0
:1035C0005A60FB685B687A689A4203D17B689A68A4
:1035D000FB685A607B6800221A61FB681B685A1EF0
:1035E000FB681A60FB681B6818461437BD465DF817
:1035F000047B704780B485B000AFF860B9607A6032
:10360000FB68043BFB60FB684FF080721A60FB684C
:10361000043BFB60BB6823F00102FB681A60FB6897
:10362000043BFB600C4AFB681A60FB68143BFB60C0
:103630007A68FB681A60FB68043BFB60FB686FF00C
:1036400002021A60FB68203BFB60FB6818461437D7
:10365000BD465DF8047B70475D36000880B485B0D8
:1036600000AF00237B60124B1B68B3F1FF3F0AD011
:103670004FF0500383F31188BFF36F8FBFF34F8F69
:10368000FB6000BFFEE74FF0500383F31188BFF3E8
:103690006F8FBFF34F8FBB6000BF00BF7B68002BF5
:1036A000FCD000BF00BF1437BD465DF8047B7047F7
:1036B00004000020000000000000000000000000E6
:1036C000074B19680868B0E8F04F80F30988BFF32A
:1036D0006F8F4FF0000080F311887047AFF30080C8
:1036E0005836012000BF00BF08480068006880F31A
:1036F00008884FF0000080F3148862B661B6BFF30B
:103700004F8FBFF36F8F00DF00BF000008ED00E0B8
:1037100000BF00BF80B586B000AF464B1B68464A6D
:1037200093420AD14FF0500383F31188BFF36F8F98
:10373000BFF34F8F3B6100BFFEE73E4B1B683F4A24
:1037400093420AD14FF0500383F31188BFF36F8F78
:10375000BFF34F8FFB6000BFFEE7394B7B617B6996
:103760001B78DBB27B607B69FF221A707B691B7858
:10377000DBB2FB70FB78DBB203F05003DAB2314B03
:103780001A70314B07221A6009E02F4B1B68013B6E
:103790002D4A1360FB78DBB25B00DBB2FB70FB7879
:1037A000DBB203F08003802BEFD0274B1B68C3F103
:1037B0000703042B0AD04FF0500383F31188BFF3A3
:1037C0006F8FBFF34F8FBB6000BFFEE71E4B1B68C0
:1037D0001B021D4A13601C4B1B6803F4E0631A4A6A
:1037E00013607B68DAB27B691A70184B1B68174A42
:1037F00043F470031360154B1B68144A43F0704385
:10380000136000F0DBF8124B00221A6000F0FAF8A7
:10381000104B1B680F4A43F040431360FFF764FFEF
:1038200001F036FDFFF71AFF002318461837BD4692
:1038300080BD00BF00ED00E071C20F4170C20F41BA
:1038400000E400E0F4090020F809002020ED00E089
:103850000400002034EF00E080B483B000AF4FF0EC
:10386000500383F31188BFF36F8FBFF34F8F7B60DB
:1038700000BF0F4B1B6801330D4A13600C4B1B68D4
:10388000012B0FD10B4B1B68DBB2002B0AD04FF082
:10389000500383F31188BFF36F8FBFF34F8F3B60EB
:1038A00000BFFEE700BF0C37BD465DF8047B7047E4
:1038B0000400002004ED00E080B483B000AF124BA0
:1038C0001B68002B0AD14FF0500383F31188BFF31C
:1038D0006F8FBFF34F8F7B6000BFFEE70A4B1B6803
:1038E000013B094A1360084B1B68002B05D10023DC
:1038F0003B603B6883F3118800BF00BF0C37BD46B7
:103900005DF8047B704700BF040000200000000049
:10391000EFF30980BFF36F8F154B1A681EF0100F7D
:1039200008BF20ED108A20E9F04F10602DE9090052
:103930004FF0500080F31188BFF34F8FBFF36F8FAC
:1039400001F0A6FC4FF0000080F3118809BC196853
:103950000868B0E8F04F1EF0100F08BFB0EC108AF6
:1039600080F30988BFF36F8F704700BFAFF300800B
:103970005836012000BF00BF80B582B000AF4FF0C5
:10398000500383F31188BFF36F8FBFF34F8F7B60BA
:1039900000BF01F067FB0346002B03D0064B4FF03E
:1039A00080521A6000233B603B6883F3118800BF9C
:1039B00000BF0837BD4680BD04ED00E080B400AF15
:1039C0000B4B00221A600B4B00221A600A4B1B683B
:1039D0000A4AA2FB03239B09094A013B1360044BDB
:1039E00007221A6000BFBD465DF8047B704700BF28
:1039F00010E000E018E000E000000020D34D62106D
:103A000014E000E0DFF80C00016841F4700101608F
:103A10007047000088ED00E000BF00BF80B58AB0AD
:103A200000AF78600023FB6101F002FA534B1B6882
:103A3000002B01D100F008F97B68002B12D008227E
:103A40007B6803F00703D31A0833BB61BB69DB4310
:103A50007A689A4204D87A68BB6913447B6001E0B3
:103A600000237B607B68002B70DB7B68002B6DD0B4
:103A7000434B1B687A689A4268D8424B3B62414B81
:103A80001B687B6204E07B6A3B627B6A1B687B622B
:103A90007B6A5B687A689A4203D97B6A1B68002B51
:103AA000F1D1364B1B687A6A9A424FD03B6A1B6849
:103AB00008221344FB617B6A1A683B6A1A607B6ABE
:103AC0005A687B68D21A08235B009A421FD97A6A27
:103AD0007B6813447B617B6903F00703002B0AD0EA
:103AE0004FF0500383F31188BFF36F8FBFF34F8FF5
:103AF0003B6100BFFEE77B6A5A687B68D21A7B692C
:103B00005A607B6A7A685A60786900F0F9F81C4B51
:103B10001A687B6A5B68D31A194A1360184B1A68D3
:103B2000194B1B689A4203D2154B1B68164A136047
:103B30007B6A5B6843F000427B6A5A607B6A0022C2
:103B40001A60124B1B680133104A136001F07EF9B2
:103B5000FB6903F00703002B0AD04FF0500383F3F7
:103B60001188BFF36F8FBFF34F8FFB6000BFFEE77D
:103B7000FB6918462837BD4680BD00BF04360120CA
:103B800008360120FC3501200C36012010360120BA
:103B900080B586B000AF78607B687B617B68002B66
:103BA00049D008235B427A6913447B617B693B619E
:103BB0003B695B68002B0ADB4FF0500383F31188ED
:103BC000BFF36F8FBFF34F8FFB6000BFFEE73B6912
:103BD0001B68002B0AD04FF0500383F31188BFF30A
:103BE0006F8FBFF34F8FBB6000BFFEE73B695B6821
:103BF000DB0F03F00103DBB2002B1CD03B691B6819
:103C0000002B18D13B695B6823F000423B695A6086
:103C100001F00EF93B695A68094B1B681344084AC6
:103C20001360386900F06CF8064B1B680133054AD5
:103C3000136001F00BF900BF1837BD4680BD00BF0F
:103C4000083601201436012080B485B000AF4FF44F
:103C50009633BB60254BFB60FB6803F00703002B2A
:103C60000CD0FB680733FB60FB6823F00703FB60A5
:103C7000BA68FB68D31A1D4A1344BB60FB687B60BB
:103C80001B4A7B6813601A4B00225A607B68BA6833
:103C90001344FB600822FB689B1AFB60FB6823F05F
:103CA0000703FB60FB68134A1360124B1B6800227A
:103CB0005A60104B1B6800221A607B683B603B68AF
:103CC000FA68D21A3B685A600A4B1A683B681A6055
:103CD0003B685B68084A13603B685B68074A13608F
:103CE00000BF1437BD465DF8047B7047FC09002017
:103CF000FC350120043601200C3601200836012055
:103D000080B485B000AF7860284BFB6002E0FB68B0
:103D10001B68FB60FB681B687A689A42F7D8FB68EF
:103D2000BB60FB685B68BA6813447A689A4208D142
:103D3000FB685A687B685B681A44FB685A60FB68DA
:103D40007B607B68BB607B685B68BA681A44FB6811
:103D50001B689A4218D1FB681A68154B1B689A4277
:103D60000DD07B685A68FB681B685B681A447B68E7
:103D70005A60FB681B681A687B681A6008E00C4B85
:103D80001A687B681A6003E0FB681A687B681A602F
:103D9000FA687B689A4202D0FB687A681A6000BFB2
:103DA0001437BD465DF8047B704700BFFC35012029
:103DB0000436012080B586B000AF786039600123F9
:103DC0007B617B683B613B69002B0AD14FF050035C
:103DD00083F31188BFF36F8FBFF34F8FFB6000BF7A
:103DE000FEE73B69002B5DD03B69DB6B002B59D0B4
:103DF0003B691A6C3B69DB6B0021A3FB0223002BA0
:103E000000D001210B46002B4CD1FFF725FD3B696B
:103E10001A683B69DB6B3969096C01FB03F31A44CF
:103E20003B699A603B6900229A633B691A683B6967
:103E30005A603B691A683B69DB6B013B3969096C65
:103E400001FB03F31A443B69DA603B69FF2283F804
:103E500044203B69FF2283F845203B68002B14D1A6
:103E60003B691B69002B1AD03B691033184601F0DF
:103E7000D5FA0346002B12D0154B4FF080521A6032
:103E8000BFF34F8FBFF36F8F09E03B6910331846C4
:103E9000FFF7FCFA3B6924331846FFF7F7FAFFF700
:103EA0000BFD01E000237B617B69002B0AD14FF001
:103EB000500383F31188BFF36F8FBFF34F8FBB6045
:103EC00000BFFEE77B6918461837BD4680BD00BFBE
:103ED00004ED00E080B58AB002AFF860B960134627
:103EE000FB710023FB61FB68002B2ED00021BA6818
:103EF000FB68A3FB0223002B00D001210B46002B03
:103F000023D1FB68BA6802FB03F313F1510F1CD8ED
:103F1000FB68BA6802FB03F3BB61BB695033184608
:103F2000FFF77CFDF861FB69002B1CD0FB697B610E
:103F30007B6950337B61FA79FB69009313467A6998
:103F4000B968F86800F014F80DE0FB69002B0AD19D
:103F50004FF0500383F31188BFF36F8FBFF34F8F80
:103F60003B6100BFFEE7FB6918462037BD4680BDB8
:103F700080B584B000AFF860B9607A60FB70BB6850
:103F8000002B03D1BB69BA691A6002E0BB697A6889
:103F90001A60BB69FA68DA63BB69BA681A640121FE
:103FA000B869FFF707FFBB69FA7883F84C2000BFB8
:103FB0001037BD4680BD80B582B000AF78607B68A9
:103FC000002B0ED07B6800229A607B6800221A606A
:103FD0007B680022DA60002300220021786800F06C
:103FE0001DF800BF0837BD4680BD80B586B000AF64
:103FF0000346FB7101237B6100233B61FB791A4679
:1040000039697869FFF766FFF860F868FFF7D3FF52
:10401000FB6818461837BD4680BD000080B58EB0DD
:1040200000AFF860B9607A603B6000237B63FB6897
:104030003B633B6B002B0AD14FF0500383F3118895
:10404000BFF36F8FBFF34F8FBB6200BFFEE7BB684C
:10405000002B03D13B6B1B6C002B01D1012300E033
:104060000023002B0AD14FF0500383F31188BFF3D4
:104070006F8FBFF34F8F7B6200BFFEE73B68022B61
:1040800003D13B6BDB6B012B01D1012300E000234B
:10409000002B0AD14FF0500383F31188BFF36F8FC9
:1040A000BFF34F8F3B6200BFFEE701F0C7FB034643
:1040B000002B02D17B68002B01D1012300E00023FB
:1040C000002B0AD14FF0500383F31188BFF36F8F99
:1040D000BFF34F8FFB6100BFFEE7FFF7BDFB3B6BFC
:1040E0009A6B3B6BDB6B9A4202D33B68022B29D164
:1040F0003A68B968386B00F085FAF8623B6B5B6A26
:10410000002B10D03B6B2433184601F087F903468F
:10411000002B13D03F4B4FF080521A60BFF34F8FEC
:10412000BFF36F8F0AE0FB6A002B07D0394B4FF0CB
:1041300080521A60BFF34F8FBFF36F8FFFF7BCFB46
:10414000012363E07B68002B03D1FFF7B5FB00235D
:104150005CE07B6B002B06D107F11403184601F0DD
:1041600033FA01237B63FFF7A7FB00F061FEFFF743
:1041700073FB3B6B93F844305BB2B3F1FF3F03D169
:104180003B6B002283F844203B6B93F845305BB2D5
:10419000B3F1FF3F03D13B6B002283F84520FFF7CB
:1041A0008BFB3A1D07F114031146184601F022FA61
:1041B0000346002B24D1386B00F01CFB0346002B78
:1041C00018D03B6B10337A681146184601F0BCF8E2
:1041D000386B00F0A7FA00F039FE0346002B7FF49D
:1041E0007CAF0C4B4FF080521A60BFF34F8FBFF380
:1041F0006F8F72E7386B00F095FA00F027FE6CE7DE
:10420000386B00F08FFA00F021FE00231846383793
:10421000BD4680BD04ED00E080B58CB000AFF86015
:10422000B9607A600023FB62FB68BB62BB6A002B4B
:104230000AD14FF0500383F31188BFF36F8FBFF3A0
:104240004F8F3B6200BFFEE7BB68002B03D1BB6A08
:104250001B6C002B01D1012300E00023002B0AD1AD
:104260004FF0500383F31188BFF36F8FBFF34F8F6D
:10427000FB6100BFFEE701F0E1FA0346002B02D12B
:104280007B68002B01D1012300E00023002B0AD121
:104290004FF0500383F31188BFF36F8FBFF34F8F3D
:1042A000BB6100BFFEE7FFF7D7FABB6A9B6B7B627F
:1042B0007B6A002B1FD0B968B86A00F00DFA7B6AE0
:1042C0005A1EBB6A9A63BB6A1B69002B0FD0BB6A7C
:1042D0001033184601F0A2F80346002B07D03D4BDF
:1042E0004FF080521A60BFF34F8FBFF36F8FFFF70D
:1042F000E3FA012369E07B68002B03D1FFF7DCFAC6
:10430000002362E0FB6A002B06D107F11003184678
:1043100001F05AF90123FB62FFF7CEFA00F088FDA5
:10432000FFF79AFABB6A93F844305BB2B3F1FF3FF0
:1043300003D1BB6A002283F84420BB6A93F845305E
:104340005BB2B3F1FF3F03D1BB6A002283F8452083
:10435000FFF7B2FA3A1D07F110031146184601F0B3
:1043600049F90346002B23D1B86A00F02DFA034621
:10437000002B17D0BB6A24337A681146184600F028
:10438000E3FFB86A00F0CEF900F060FD0346002BB1
:1043900089D1104B4FF080521A60BFF34F8FBFF39B
:1043A0006F8F80E7B86A00F0BDF900F04FFD7AE743
:1043B000B86A00F0B7F900F049FDB86A00F004FAF5
:1043C0000346002B3FF46FAF002318463037BD463D
:1043D00080BD00BF04ED00E080B58CB000AF786018
:1043E00039600023FB627B687B620023BB627B6ACF
:1043F000002B0AD14FF0500383F31188BFF36F8F66
:10440000BFF34F8FBB6100BFFEE77B6A1B6C002BC5
:104410000AD04FF0500383F31188BFF36F8FBFF3BF
:104420004F8F7B6100BFFEE701F008FA0346002BC7
:1044300002D13B68002B01D1012300E00023002BB7
:104440000AD14FF0500383F31188BFF36F8FBFF38E
:104450004F8F3B6100BFFEE7FFF7FEF97B6A9B6B66
:104460003B623B6A002B24D03B6A5A1E7B6A9A63EC
:104470007B6A1B68002B04D101F0F8FB02467B6AC3
:104480009A607B6A1B69002B0FD07B6A1033184639
:1044900000F0C4FF0346002B07D04D4B4FF0805275
:1044A0001A60BFF34F8FBFF36F8FFFF705FA012339
:1044B00089E03B68002B03D1FFF7FEF9002382E07F
:1044C000FB6A002B06D107F10803184601F07CF8BF
:1044D0000123FB62FFF7F0F900F0AAFCFFF7BCF93B
:1044E0007B6A93F844305BB2B3F1FF3F03D17B6A40
:1044F000002283F844207B6A93F845305BB2B3F125
:10450000FF3F03D17B6A002283F84520FFF7D4F9EF
:104510003A4607F108031146184601F06BF80346C6
:10452000002B32D1786A00F04FF90346002B26D0D9
:104530007B6A1B68002B09D1FFF78EF97B6A9B68A9
:10454000184601F099F9B862FFF7B6F97B6A24338F
:104550003A681146184600F0F7FE786A00F0E2F873
:1045600000F074FC0346002B7FF476AF184B4FF03D
:1045700080521A60BFF34F8FBFF36F8F6CE7786A7A
:1045800000F0D0F800F062FC66E7786A00F0CAF844
:1045900000F05CFC786A00F017F90346002B3FF44A
:1045A0005BAFBB6A002B0DD0FFF756F9786A00F0BD
:1045B00011F8F8617B6A9B68F969184601F09EFA68
:1045C000FFF77AF9002318463037BD4680BD00BF9B
:1045D00004ED00E080B485B000AF78607B685B6A72
:1045E000002B06D07B681B6B1B68C3F10503FB60C7
:1045F00001E00023FB60FB6818461437BD465DF8F8
:10460000047B704780B586B000AFF860B9607A600F
:1046100000237B61FB689B6B3B61FB681B6C002B81
:104620000DD1FB681B68002B4DD1FB689B681846B9
:1046300001F0C0F97861FB6800229A6043E07B6872
:10464000002B19D1FB685868FB681B6C1A46B968C7
:10465000FCF7A4F9FB685A68FB681B6C1A44FB68FA
:104660005A60FB685A68FB689B689A422BD3FB68C8
:104670001A68FB685A6026E0FB68D868FB681B6C08
:104680001A46B968FCF78AF9FB68DA68FB681B6CA4
:104690005B421A44FB68DA60FB68DA68FB681B68F7
:1046A0009A4207D2FB689A68FB681B6C5B421A440B
:1046B000FB68DA607B68022B05D13B69002B02D0D6
:1046C0003B69013B3B613B695A1CFB689A637B6910
:1046D00018461837BD4680BD80B582B000AF7860FF
:1046E00039607B681B6C002B18D07B68DA687B68AC
:1046F0001B6C1A447B68DA607B68DA687B689B68AD
:104700009A4203D37B681A687B68DA607B68D96851
:104710007B681B6C1A463868FCF740F900BF083705
:10472000BD4680BD80B584B000AF7860FFF794F8D7
:104730007B6893F84530FB7311E07B685B6A002B64
:1047400012D07B682433184600F068FE0346002B25
:1047500001D000F0B5FFFB7B013BDBB2FB7397F9A7
:104760000F30002BE9DC00E000BF7B68FF2283F8FC
:104770004520FFF7A1F8FFF76FF87B6893F8443006
:10478000BB7311E07B681B69002B12D07B68103370
:10479000184600F043FE0346002B01D000F090FFC6
:1047A000BB7B013BDBB2BB7397F90E30002BE9DC1E
:1047B00000E000BF7B68FF2283F84420FFF77CF80D
:1047C00000BF1037BD4680BD80B584B000AF7860B3
:1047D000FFF742F87B689B6B002B02D10123FB6043
:1047E00001E00023FB60FFF767F8FB68184610370D
:1047F000BD4680BD80B584B000AF7860FFF72CF86F
:104800007B689A6B7B68DB6B9A4202D10123FB6069
:1048100001E00023FB60FFF74FF8FB6818461037F4
:10482000BD4680BD80B487B000AF7860396000239A
:104830003B617B68002B0AD14FF0500383F3118852
:10484000BFF36F8FBFF34F8FFB6000BFFEE73B6886
:10485000002B24D000237B611EE0184A7B69DB001B
:1048600013445B687A689A4205D17B69DB00134A7E
:1048700013443B6113E03B69002B0AD10F4A7B696B
:1048800052F83330002B04D17B69DB000B4A134410
:104890003B617B6901337B617B69072BDDD93B6918
:1048A000002B05D03B693A681A603B697A685A6008
:1048B00000BF1C37BD465DF8047B704718360120E9
:1048C00080B586B000AFF860B9607A60FB687B6144
:1048D000FEF7C2FF7B6993F844305BB2B3F1FF3F50
:1048E00003D17B69002283F844207B6993F845302B
:1048F0005BB2B3F1FF3F03D17B69002283F845200F
:10490000FEF7DAFF7B699B6B002B06D17B692433B2
:104910007A68B968184600F03BFD7869FFF702FF36
:1049200000BF1837BD4680BD80B58CB004AFF860BD
:10493000B9603B601346FB80FB889B001846FFF77D
:104940006DF878617B69002B13D05820FFF766F86B
:10495000F861FB69002B08D058220021F86901F0AA
:1049600077FEFB697A691A6305E07869FFF710F949
:1049700001E00023FB61FB69002B13D0FA880023C0
:104980000393FB690293FB6A0193BB6A00933B6844
:10499000B968F86800F00EF8F86900F099F801239A
:1049A000BB6102E04FF0FF33BB61BB6918462037A3
:1049B000BD4680BD80B588B000AFF860B9607A6050
:1049C0003B603B6B186B7B689B001A46A52101F08E
:1049D0003FFE3B6B1A6B7B6803F18043013B9B00FE
:1049E0001344BB61BB6923F00703BB61BB6903F0E0
:1049F0000703002B0AD04FF0500383F31188BFF355
:104A00006F8FBFF34F8F7B6100BFFEE7BB68002B4A
:104A10001ED00023FB6112E0BA68FB6913441978C9
:104A20003A6BFB69134434330A461A70BA68FB695F
:104A300013441B78002B06D0FB690133FB61FB6933
:104A4000092BE9D900E000BF3B6B002283F83D2031
:104A5000BB6A042B0AD94FF0500383F31188BFF3CC
:104A60006F8FBFF34F8F3B6100BFFEE7BB6A042B24
:104A700001D90423BB623B6BBA6ADA623B6BBA6A48
:104A80009A643B6B04331846FEF720FD3B6B1833EA
:104A90001846FEF71BFD3B6B3A6B1A61BB6AC3F10C
:104AA00005023B6B9A613B6B3A6B5A623A68F96854
:104AB000B869FEF79FFD02463B6B1A60FB6A002B4C
:104AC00002D0FB6A3A6B1A6000BF2037BD4680BD3A
:104AD00080B584B000AF7860FEF7BEFE404B1B6827
:104AE00001333F4A13603F4B1B68002B09D13D4AFD
:104AF0007B6813603A4B1B68012B10D100F004FE59
:104B00000DE0394B1B68002B09D1364B1B68DA6A64
:104B10007B68DB6A9A4202D8324A7B681360334B67
:104B20001B680133314A1360304B1A687B681A6482
:104B30007B68DB6A01229A402D4B1B6813432C4A89
:104B400013607B68DA6A2B4913469B0013449B0071
:104B50000B4404331B68FB607B68FA689A60FB684F
:104B60009A687B68DA60FB689B687A6804325A60EE
:104B70007B681A1DFB689A607B68DA6A13469B00A3
:104B800013449B001B4A1A447B685A617B68DA6AAB
:104B9000184913469B0013449B000B441B68591C87
:104BA000144813469B0013449B0003441960FEF70E
:104BB00083FE0D4B1B68002B0ED00A4B1B68DA6A74
:104BC0007B68DB6A9A4207D20B4B4FF080521A6027
:104BD000BFF34F8FBFF36F8F00BF1037BD4680BD4F
:104BE00030370120583601203C3701204C37012056
:104BF000383701205C36012004ED00E080B584B038
:104C000000AF7860FEF728FE7B68002B02D13B4B9B
:104C10001B6800E07B68FB60FB6804331846FEF706
:104C2000BFFC0346002B15D1FB68DA6A34491346F2
:104C30009B0013449B000B441B68002B0AD1FB68AC
:104C4000DB6A012202FA03F3DA432E4B1B6813409E
:104C50002C4A1360FB689B6A002B04D0FB68183356
:104C60001846FEF79DFC284B1B680133264A13604B
:104C7000224B1B68FA689A420BD1FB680433194631
:104C80002248FEF730FC224B1B680133204A136098
:104C900006E0204B1B68013B1E4A136000F0B2FD8A
:104CA000FEF70AFE154B1B68FA689A4202D0F868B4
:104CB00000F098FD184B1B68002B1BD00F4B1B6896
:104CC000FA689A4216D1154B1B68002B0AD04FF098
:104CD000500383F31188BFF36F8FBFF34F8FBB6017
:104CE00000BFFEE70E4B4FF080521A60BFF34F8FAC
:104CF000BFF36F8F00BF1037BD4680BD583601200F
:104D00005C360120383701204C3701200437012060
:104D100018370120303701203C3701205837012057
:104D200004ED00E080B584B000AF78600023FB6044
:104D30007B68002B17D0134B1B68002B0AD04FF059
:104D4000500383F31188BFF36F8FBFF34F8FBB60A6
:104D500000BFFEE700F06CF80021786800F09AFFD1
:104D600000F074F8F860FB68002B07D1064B4FF099
:104D700080521A60BFF34F8FBFF36F8F00BF1037A1
:104D8000BD4680BD5837012004ED00E080B586B0F7
:104D900002AF204B019300230093002382221E497F
:104DA0001E48FFF7C1FDF860FB68012B02D100F03F
:104DB000F1FFF860FB68012B16D14FF0500383F32D
:104DC0001188BFF36F8FBFF34F8FBB6000BF144BD1
:104DD0004FF0FF321A60134B01221A60124B00226F
:104DE0001A60FEF797FC0EE0FB68B3F1FF3F0AD1B3
:104DF0004FF0500383F31188BFF36F8FBFF34F8FD2
:104E00007B6000BFFEE7094B1B6800BF1037BD4643
:104E100080BD00BF5437012024C70008D9560008C0
:104E2000503701203C370120343701200800002092
:104E300080B400AF044B1B680133034A136000BF0A
:104E4000BD465DF8047B70475837012080B588B0B7
:104E500000AF0023FB610023BB61714B1B68002B7B
:104E60000AD14FF0500383F31188BFF36F8FBFF364
:104E70004F8F7B6000BFFEE7FEF7EEFC684B1B68C0
:104E8000013B674A1360664B1B68002B40F0C080F3
:104E9000644B1B68002B00F0BB808AE0624BDB6830
:104EA000DB68FB61FB699B6A3B61FB69DB69FA6953
:104EB000126A9A60FB691B6AFA69D2695A603B6997
:104EC0005A68FB6918339A4203D1FB691A6A3B6935
:104ED0005A60FB6900229A623B691B685A1E3B6953
:104EE0001A60FB695B69FB60FB699B68FA69D268C1
:104EF0009A60FB69DB68FA6992685A60FB685A68D5
:104F0000FB6904339A4203D1FB69DA68FB685A6093
:104F1000FB6900225A61FB681B685A1EFB681A6015
:104F2000FB69DB6A01229A40404B1B6813433F4AEE
:104F30001360FB69DA6A3E4913469B0013449B00E9
:104F40000B4404331B68BB60FB69BA689A60BB689A
:104F50009A68FB69DA60BB689B68FA6904325A6038
:104F6000FB691A1DBB689A60FB69DA6A13469B00ED
:104F700013449B002E4A1A44FB695A61FB69DA6AA2
:104F80002B4913469B0013449B000B441B68591C80
:104F9000274813469B0013449B0003441960FB6998
:104FA000DA6A244B1B68DB6A9A4202D3224B012245
:104FB0001A601D4B1B68002B7FF470AFFB69002B40
:104FC00001D000F01FFC1D4B1B687B617B69002B2F
:104FD00010D000F047F80346002B02D0164B0122F8
:104FE0001A607B69013B7B617B69002BF1D1134B1C
:104FF00000221A60104B1B68002B09D00123BB61F3
:105000000F4B4FF080521A60BFF34F8FBFF36F8F7B
:10501000FEF752FCBB6918462037BD4680BD00BF75
:105020005837012030370120F03601203837012071
:105030005C360120583601204437012040370120DA
:1050400004ED00E080B483B000AF054B1B687B60CB
:105050007B6818460C37BD465DF8047B704700BF7F
:105060003437012080B58AB000AF00237B627D4BCE
:105070001B68002B40F0EC807B4B1B6801333B62CC
:10508000794A3B6A13603B6A002B20D1774B1B683F
:105090001B68002B0AD04FF0500383F31188BFF335
:1050A0006F8FBFF34F8F7B6000BFFEE76F4B1B68B6
:1050B000FB616F4B1B686D4A13606D4AFB6913609F
:1050C0006C4B1B6801336B4A136000F09BFB6A4B0F
:1050D0001B683A6A9A42C0F0A680644B1B681B6842
:1050E000002B04D1644B4FF0FF321A609BE05F4B02
:1050F0001B68DB68DB68BB61BB695B687B613A6A24
:105100007B699A4203D25C4A7B6913608BE0BB697E
:105110005B693B61BB699B68BA69D2689A60BB698D
:10512000DB68BA6992685A603B695A68BB690433A4
:105130009A4203D1BB69DA683B695A60BB690022B5
:105140005A613B691B685A1E3B691A60BB699B6ABE
:10515000002B1ED0BB699B6AFB60BB69DB69BA6927
:10516000126A9A60BB691B6ABA69D2695A60FB68A5
:105170005A68BB6918339A4203D1BB691A6AFB6843
:105180005A60BB6900229A62FB681B685A1EFB6862
:105190001A60BB69DB6A01229A40384B1B681343D3
:1051A000364A1360BB69DA6A354913469B001344DB
:1051B0009B000B4404331B68BB60BB69BA689A60F0
:1051C000BB689A68BB69DA60BB689B68BA690432DD
:1051D0005A60BB691A1DBB689A60BB69DA6A1346DC
:1051E0009B0013449B00264A1A44BB695A61BB6961
:1051F000DA6A234913469B0013449B000B441B6847
:10520000591C1F4813469B0013449B00034419601C
:10521000BB69DA6A1B4B1B68DB6A9A427FF65DAF9B
:1052200001237B6259E7174B1B68DA6A144913465E
:105230009B0013449B000B441B68012B01D90123E5
:105240007B62114B1B68002B07D001237B6204E0BB
:105250000E4B1B6801330D4A13607B6A18462837D2
:10526000BD4680BD5837012034370120E836012083
:10527000EC36012048370120503701203837012013
:105280005C36012058360120443701204037012088
:1052900080B487B000AF274B1B68002B03D0264B90
:1052A00001221A603FE0244B00221A60234B1B6846
:1052B000FB60FB68B3FA83F3FB72FB7AC3F11F0355
:1052C0007B611F497A6913469B0013449B000B4482
:1052D0001B68002B0AD14FF0500383F31188BFF3F2
:1052E0006F8FBFF34F8F7B6000BFFEE77A69134675
:1052F0009B0013449B00124A13443B613B695B686B
:105300005A683B695A603B695A683B6908339A425C
:1053100004D13B695B685A683B695A603B695B68CA
:10532000DB68084A136000BF1C37BD465DF8047B8C
:10533000704700BF5837012044370120383701201B
:105340005C3601205836012080B584B000AF78600B
:1053500039607B68002B0AD14FF0500383F311882A
:10536000BFF36F8FBFF34F8FFB6000BFFEE7074BAC
:105370001B68183319467868FEF7D9F80121386898
:1053800000F088FC00BF1037BD4680BD58360120B4
:1053900080B586B000AFF860B9607A60FB68002B1A
:1053A0000AD14FF0500383F31188BFF36F8FBFF31F
:1053B0004F8F3B6100BFFEE7FB685B687B61164B6C
:1053C0001B687A69DA61144B1B687A6992681A6201
:1053D000114B1A687B699B6818325A600E4B1B6828
:1053E00003F118027B699A600B4B1B68FA689A629A
:1053F000FB681B685A1CFB681A607B68002B02D094
:105400004FF0FF33BB607968B86800F043FC00BF21
:105410001837BD4680BD00BF5836012080B48BB020
:1054200000AF78607B68DB68DB683B623B6A002B1F
:105430000AD14FF0500383F31188BFF36F8FBFF38E
:105440004F8FFB6000BFFEE73B6A9B6AFB613B6AD4
:10545000DB693A6A126A9A603B6A1B6A3A6AD269E5
:105460005A60FB695A683B6A18339A4203D13B6A17
:105470001A6AFB695A603B6A00229A62FB691B68E0
:105480005A1EFB691A604A4B1B68002B5ED13B6AAF
:105490005B697B613B6A9B683A6AD2689A603B6A47
:1054A000DB683A6A92685A607B695A683B6A0433DF
:1054B0009A4203D13B6ADA687B695A603B6A0022F0
:1054C0005A617B691B685A1E7B691A603B6ADB6AFA
:1054D00001229A40374B1B681343364A13603B6ADC
:1054E000DA6A354913469B0013449B000B4404338E
:1054F0001B683B613B6A3A699A603B699A683B6A00
:10550000DA603B699B683A6A04325A603B6A1A1D4A
:105510003B699A603B6ADA6A13469B0013449B001E
:10552000254A1A443B6A5A613B6ADA6A22491346A1
:105530009B0013449B000B441B68591C1E481346D8
:105540009B0013449B00034419601BE01B4B5B68EA
:10555000BB613B6ABA69DA61BB699A683B6A1A62E5
:10556000BB699B683A6A18325A603B6A03F11802B9
:10557000BB699A603B6A114A9A62104B1B680133FF
:105580000E4A13603B6ADA6A0D4B1B68DB6A9A426B
:1055900005D901237B620B4B01221A6001E0002335
:1055A0007B627B6A18462C37BD465DF8047B7047EA
:1055B00058370120383701205C360120F0360120B1
:1055C000583601204437012080B483B000AF7860A2
:1055D000064B1A687B681A60054B1A687B685A602C
:1055E00000BF0C37BD465DF8047B7047483701208B
:1055F0003437012080B588B000AF786039607B68AF
:10560000002B0AD14FF0500383F31188BFF36F8F43
:10561000BFF34F8F3B6100BFFEE73B68002B0AD111
:105620004FF0500383F31188BFF36F8FBFF34F8F99
:10563000FB6000BFFEE7FEF70FF91F4B1B68BB6165
:105640007B685B68BA69D31A7B613B681B68B3F1FE
:10565000FF3F02D10023FB6126E07B681A68174BED
:105660001B689A420AD07B685B68BA699A4205D384
:105670000123FB613B6800221A6015E03B681B6850
:105680007A699A420BD23B681A687B69D21A3B68E6
:105690001A607868FFF798FF0023FB6104E03B681D
:1056A00000221A600123FB61FEF706F9FB69184628
:1056B0002037BD4680BD00BF343701204837012068
:1056C00080B400AF034B01221A6000BFBD465DF8F5
:1056D000047B70474437012080B582B000AF78600A
:1056E00000F052F8064B1B68012BF9D9054B4FF01F
:1056F00080521A60BFF34F8FBFF36F8FF0E700BF88
:105700005C36012004ED00E080B582B000AF0023DC
:105710007B600CE07A6813469B0013449B00124A9E
:1057200013441846FDF7B2FE7B6801337B607B684B
:10573000042BEFD90D48FDF7A9FE0D48FDF7A6FE95
:105740000C48FDF7A3FE0C48FDF7A0FE0B48FDF743
:105750009DFE0B4B054A1A600A4B054A1A6000BFB2
:105760000837BD4680BD00BF5C360120C036012031
:10577000D4360120F0360120043701201C370120E7
:10578000E8360120EC36012080B582B000AF19E088
:10579000FEF762F8104BDB68DB687B607B680433E4
:1057A0001846FDF7FDFE0D4B1B68013B0B4A1360CD
:1057B0000B4B1B68013B0A4A1360FEF77DF87868C3
:1057C00000F010F8064B1B68002BE1D100BF00BFB2
:1057D0000837BD4680BD00BF0437012030370120A7
:1057E0001837012080B582B000AF78607B681B6BF2
:1057F0001846FEF7CDF97868FEF7CAF900BF0837FA
:10580000BD4680BD80B400AF0A4B1B681B68002BEF
:1058100004D1094B4FF0FF321A6005E0054B1B68BD
:10582000DB681B68044A136000BFBD465DF8047B5B
:10583000704700BFE83601205037012080B483B0A4
:1058400000AF0B4B1B68002B02D101237B6008E0EB
:10585000084B1B68002B02D102237B6001E0002370
:105860007B607B6818460C37BD465DF8047B70474B
:105870003C3701205837012080B586B000AF7860F2
:105880007B683B6100237B617B68002B00F0878095
:105890003B69DA6A444B1B68DB6A9A4276D23B6901
:1058A0009B69002B06DB404B1B68DB6AC3F10502DA
:1058B0003B699A613B6959693B69DA6A13469B0007
:1058C00013449B00394A1344994257D13B6904332E
:1058D0001846FDF765FE0346002B0AD13B69DB6ADB
:1058E000012202FA03F3DA43314B1B681340304ABA
:1058F00013602D4B1B68DA6A3B69DA623B69DB6A2D
:1059000001229A402A4B1B681343294A13603B69C2
:10591000DA6A264913469B0013449B000B44043368
:105920001B68FB603B69FA689A60FB689A683B6990
:10593000DA60FB689B683A6904325A603B691A1D59
:10594000FB689A603B69DA6A13469B0013449B002C
:10595000164A1A443B695A613B69DA6A134913468D
:105960009B0013449B000B441B68591C0F481346B3
:105970009B0013449B000344196004E00A4B1B681E
:10598000DA6A3B69DA6201237B6108E03B699A6C61
:10599000054B1B68DB6A9A4201D201237B617B695C
:1059A00018461837BD4680BD583601205C360120A8
:1059B0003837012080B588B000AF78607B68BB6164
:1059C0000023FB617B68002B00F08C80484B1B6838
:1059D000BA699A420AD04FF0500383F31188BFF39B
:1059E0006F8FBFF34F8F3B6100BFFEE7BB69DB6C7E
:1059F000002B0AD14FF0500383F31188BFF36F8F50
:105A0000BFF34F8FFB6000BFFEE7BB69DB6C5A1E24
:105A1000BB69DA64BB69DA6ABB699B6C9A4261D084
:105A2000BB69DB6C002B5DD1BB6904331846FDF705
:105A3000B7FD0346002B0AD1BB69DB6A012202FADB
:105A400003F3DA432B4B1B6813402A4A1360BB69EC
:105A50009A6CBB69DA62BB69DB6AC3F10502BB6998
:105A60009A61BB69DB6A01229A40224B1B6813438F
:105A7000204A1360BB69DA6A1F4913469B0013442E
:105A80009B000B4404331B687B61BB697A699A6095
:105A90007B699A68BB69DA607B699B68BA69043282
:105AA0005A60BB691A1D7B699A60BB69DA6A134642
:105AB0009B0013449B00104A1A44BB695A61BB699E
:105AC000DA6A0D4913469B0013449B000B441B6884
:105AD000591C094813469B0013449B00034419605A
:105AE0000123FB61FB6918462037BD4680BD00BF1E
:105AF00058360120383701205C36012080B58AB045
:105B000000AF786039607B683B620123FB617B6892
:105B1000002B00F0A1803B6ADB6C002B0AD14FF018
:105B2000500383F31188BFF36F8FBFF34F8F3B6137
:105B300000BFFEE73B6A9B6C3A689A4202D93B6819
:105B40007B6202E03B6A9B6C7B623B6ADB6A7A6A3F
:105B50009A4200F081803B6ADB6CFA699A427BD101
:105B60003F4B1B683A6A9A420AD14FF0500383F3C5
:105B70001188BFF36F8FBFF34F8FFB6000BFFEE74D
:105B80003B6ADB6ABB613B6A7A6ADA623B6A9B69A1
:105B9000002B04DB7B6AC3F105023B6A9A613B6A16
:105BA0005969BA6913469B0013449B002D4A13445C
:105BB000994251D13B6A04331846FDF7F1FC034684
:105BC000002B0AD13B6ADB6A012202FA03F3DA43B3
:105BD000254B1B681340244A13603B6ADB6A012291
:105BE0009A40214B1B6813431F4A13603B6ADA6AD1
:105BF0001C4913469B0013449B000B4404331B6851
:105C00007B613B6A7A699A607B699A683B6ADA6071
:105C10007B699B683A6A04325A603B6A1A1D7B6949
:105C20009A603B6ADA6A13469B0013449B000D4A54
:105C30001A443B6A5A613B6ADA6A0A4913469B0076
:105C400013449B000B441B68591C064813469B00D9
:105C500013449B000344196000BF2837BD4680BD34
:105C6000583601205C3601203837012080B400AF5F
:105C7000074B1B68002B04D0054B1B68DA6C013204
:105C8000DA64034B1B681846BD465DF8047B704719
:105C90005836012080B586B000AF78603960364B49
:105CA0001B687B61354B1B6804331846FDF778FC95
:105CB0000346002B0BD1314B1B68DB6A012202FA31
:105CC00003F3DA432E4B1B6813402D4A13607B68A5
:105CD000B3F1FF3F24D13B68002B21D0294B5B68F7
:105CE0003B61264B1B683A699A60244B1B683A69F2
:105CF0009268DA60214B1A683B699B6804325A60EB
:105D00001E4B1B681A1D3B699A601C4B1B681D4A81
:105D10005A611C4B1B6801331A4A136000BF26E00E
:105D20007A697B681344FB60144B1B68FA685A60FD
:105D3000FA687B699A4209D2134B1A680F4B1B68A9
:105D4000043319461046FDF7F2FB10E00F4B1A68BA
:105D50000A4B1B68043319461046FDF7E8FB0C4B51
:105D60001B68FA689A4202D2094AFB68136000BFB6
:105D70001837BD4680BD00BF34370120583601209A
:105D8000383701201C370120EC360120E83601208D
:105D90005037012080B584B002AF00237B6000F053
:105DA00047FA114B1B68002B0BD0104B01930223B9
:105DB000009300234FF482720D490E48FEF7B4FDA4
:105DC00078607B68002B0AD14FF0500383F3118871
:105DD000BFF36F8FBFF34F8F3B6000BFFEE77B6861
:105DE00018460837BD4680BD8C370120903701200A
:105DF0002CC700089D5E000880B584B000AFF86035
:105E0000B9607A6008E0FB689B69BA681344BB60BC
:105E1000FB681B6AF8689847FB689A69BB68D118E9
:105E2000BB687A68F86800F0DDF80346002BEAD119
:105E300000BF00BF1037BD4680BD000080B584B0F4
:105E400000AF78603960144B1B68DB68DB68FB606F
:105E5000FB6804331846FDF7A3FBFB6893F8283072
:105E600003F00403002B05D03A687968F868FFF75F
:105E7000C3FF08E0FB6893F8283023F00103DAB28F
:105E8000FB6883F82820FB681B6AF868984700BF06
:105E90001037BD4680BD00BF8437012080B584B077
:105EA00000AF786007F10803184600F057F8F86073
:105EB000BB681946F86800F003F800F0D5F8F1E780
:105EC00080B584B000AF78603960FEF7B1FF07F1AC
:105ED0000803184600F066F8F860BB68002B30D164
:105EE0003B68002B0AD17A68FB689A4206D8FEF715
:105EF000ADFFF9687868FFF7A1FF24E03B68002B4D
:105F000008D0134B1B681B68002B01D1012300E054
:105F100000233B600F4B18687A68FB68D31A3A6815
:105F20001946FEF7CDFCFEF791FF0346002B0AD180
:105F3000094B4FF080521A60BFF34F8FBFF36F8F42
:105F400001E0FEF783FF00BF1037BD4680BD00BFF4
:105F5000883701208C37012004ED00E080B485B043
:105F600000AF78600E4B1B681B68002B01D101222B
:105F700000E000227B681A607B681B68002B05D15B
:105F8000074B1B68DB681B68FB6001E00023FB60BC
:105F9000FB6818461437BD465DF8047B704700BFA8
:105FA0008437012080B584B000AF7860FFF74AF8ED
:105FB000F8600B4B1B68FA689A4205D200F012F9A0
:105FC0007B6801221A6002E07B6800221A60044AA2
:105FD000FB681360FB6818461037BD4680BD00BFE4
:105FE0009437012080B586B000AFF860B9607A6060
:105FF0003B6000237B61FB68BA685A60FB68FA6803
:106000001A61BA687B689A4212D87A683B68D21AD9
:10601000FB689B699A4202D301237B611BE0104B12
:106020001A68FB68043319461046FDF780FA12E03F
:106030007A683B689A4206D2BA683B689A4202D3B1
:1060400001237B6107E0074B1A68FB68043319469C
:106050001046FDF76CFA7B6918461837BD4680BDBF
:10606000883701208437012080B588B000AFA6E0D2
:10607000BB68002BC0F2A2803B69FB61FB695B69D6
:10608000002B04D0FB6904331846FDF789FA3B1D49
:106090001846FFF787FFB861BB68013B082B00F289
:1060A0008E8001A252F823F0CD600008CD60000878
:1060B000356100084961000893610008CD6000085F
:1060C000CD6000083561000849610008FB6993F85C
:1060D000283043F00103DAB2FB6983F82820FA681C
:1060E000FB699B69D118FB68BA69F869FFF77AFF09
:1060F0000346002B63D0FB6993F8283003F00403B8
:10610000002B09D0FA68FB699B691344BA691946E8
:10611000F869FFF771FE08E0FB6993F8283023F077
:106120000103DAB2FB6983F82820FB691B6AF8696E
:10613000984744E0FB6993F8283023F00103DAB272
:10614000FB6983F828203AE0FB6993F8283043F094
:106150000103DAB2FB6983F82820FA68FB699A61C7
:10616000FB699B69002B0AD14FF0500383F3118820
:10617000BFF36F8FBFF34F8F7B6100BFFEE7FB69FB
:106180009A69BB69D118BB69BA69F869FFF72AFF38
:1061900015E0FB6993F8283003F00203002B03D1CC
:1061A000F869FDF7F5FC0AE0FB6993F8283023F065
:1061B0000103DAB2FB6983F8282000E000BF084B36
:1061C0001B6807F1080100221846FEF725F8034670
:1061D000002B7FF44DAF00BF00BF2037BD4680BD10
:1061E0008C37012080B582B000AF09E00E4B1B68F0
:1061F000DB681B683B604FF0FF313868FFF71EFE1D
:10620000094B1B681B68002BF0D1074B1B687B6098
:10621000064B1B68044A1360044A7B68136000BF86
:106220000837BD4680BD00BF843701208837012074
:1062300080B500AFFDF710FB124B1B68002B1DD182
:106240001148FDF723F91148FDF720F9104B0E4ACC
:106250001A60104B0D4A1A6000220C210A20FDF72B
:1062600039FE0346074A1360064B1B68002B05D016
:10627000044B1B6808491846FEF7D4FAFDF71CFBCF
:1062800000BF80BD8C3701205C37012070370120B2
:10629000843701208837012034C7000880B586B0D4
:1062A00000AF1D4B1B6B1C4A43F0010313631A4BD9
:1062B0001B6B194A43F004031363174B1B6B164AFD
:1062C00043F0800313630023BB6001237B60022340
:1062D000FB6003233B613B1D19461048FBF7E4FBC1
:1062E00008237B600123FB603B1D19460C48FBF72C
:1062F000DBFB04237B603B1D19460948FBF7D4FBFD
:106300004FF400537B603B1D19460648FBF7CCFB5E
:1063100000BF1837BD4680BD003802400000024073
:10632000001C02400008024080B586B000AF114B4F
:106330001B6B104A43F0020313630123BB6001236C
:106340007B600123FB6003233B613B1D19460A4828
:10635000FBF7AAFB02237B603B1D19460648FBF7AF
:10636000A3FB00F017F800F021F800BF1837BD4676
:1063700080BD00BF003802400004024080B500AF7D
:10638000002201210248FBF74BFD00BF80BD00BF8A
:106390000004024080B500AF012201210248FBF752
:1063A0003FFD00BF80BD00BF0004024080B500AFCC
:1063B000012202210248FBF733FD00BF80BD00BF70
:1063C0000004024080B500AF01210248FBF741FD07
:1063D00000BF80BD0004024080B500AF022102482A
:1063E000FBF737FD00BF80BD0004024080B500AF61
:1063F000074B1B681B6903F00103012B06D1FFF754
:10640000E1FF034B1B686FF001021A6100BF80BD02
:106410009837012080B582B000AF78600D4B0E4AEE
:106420001A600C4B0C225A610A4A7B685360094B74
:1064300000229A61074B00221A61064B0022DA60A3
:10644000044B00229A600348FCF736FA00BF083775
:10645000BD4680BDD43701200010014080B588B012
:1064600000AF78607B681B68214A93423BD1214B87
:106470001B6B204A43F0010313631E4B5B6C1D4AE8
:1064800043F01003536402233B610323BB614FF4C9
:106490000073FB600723FB6107F10C0319461648E4
:1064A000FBF702FB4FF48063FB6007F10C03194616
:1064B0001148FBF7F9FA114B1B68DA680F4B1B68A0
:1064C00042F02002DA600D4B1B68DA680B4B1B6848
:1064D00042F01002DA602520FBF7CBFA02220221FB
:1064E0002520FBF7AAFA00BF2037BD4680BD00BFBC
:1064F000001001400038024000000240D437012063
:1065000080B582B000AF2648FCF77CFB244B1B68AB
:106510001B6803F02003202B23D1F91D4FF47A735D
:1065200001221F48FCF7B6FA1E4BB3F800311A4699
:10653000F9791C4B99541B4BB3F8003101339AB2D3
:10654000184BA3F80021174BB3F80031FF2B03D9E8
:10655000144B0022A3F80021114B1B686FF020029E
:106560001A600F4B1B681B6803F01003102B13D12C
:106570000C4BB3F800311A460A4B00219954094BD1
:10658000012283F80221064B1B681B683B60044B09
:106590001B685B683B603B6800BF0837BD4680BD39
:1065A000D4370120143801200EB480B5B7B000AF45
:1065B000786007F1E803C7F8D03007F10803D7F88F
:1065C000D020D7F8E410184601F004FE07F10803C4
:1065D0001846FAF795FA0346A7F8D630B7F8D6204A
:1065E00007F108014FF47A737868FCF7AAF900BF45
:1065F000DC37BD46BDE8804003B07047014B1868EA
:10660000704700BF0C00002070B50D4E0D4D761B7D
:10661000B61006D0002455F8043B01349847A64232
:10662000F9D1094E094D761B06F010F8B61006D0C8
:10663000002455F8043B01349847A642F9D170BDB7
:1066400050CB000850CB000858CB000850CB0008B6
:10665000830730B548D0541E002A3FD0CAB2034643
:1066600001E0013C3AD303F8012B9D07F9D1032C3B
:106670002DD9CDB245EA05250F2C45EA054536D979
:10668000A4F1100222F00F0C03F1200EE6444FEAB1
:10669000121C03F1100242E9045542E9025510327E
:1066A0007245F8D10CF1010214F00C0F03EB021249
:1066B00004F00F0C13D0ACF1040323F003030433F4
:1066C000134442F8045B9342FBD10CF003042CB159
:1066D000CAB21C4403F8012B9C42FBD130BD644676
:1066E0001346002CF4D1F9E703461446BFE71A46D7
:1066F000A446E0E7000000002DE9F04F2DED0A8BE5
:10670000CFB00C4691460AEE101A09930AEE900A91
:1067100002F02EFF036813931846FAF7F1F9A389E4
:1067200012901A0603D52369002B00F0A8874D4666
:106730009FEDA77B2B78002425AACDE92344CDE942
:106740001544CDE917448DED107B1AEE909A0E9406
:106750002292904614940594002B00F0F081AB46F1
:1067600004E01BF8013F002B00F01B81252BF8D122
:10677000BBEB050640F019819BF80030002B00F0C0
:10678000DE8100234FF0FF329BF801708DF86B30F3
:1067900006930BF1010B04929A462B2420210BF156
:1067A000010BA7F120035A2B00F24081DFE813F020
:1067B000D9023E013E01D4023E013E013E016A0083
:1067C0003E013E01690202033E017402E8023E01FD
:1067D000E3025B005B005B005B005B005B005B0057
:1067E0005B005B003E013E013E013E013E013E0179
:1067F0003E01D6013E013A028500D601D601D601FE
:106800003E013E013E013E01CF023E013E01C60077
:106810003E013E013E0144023E0179023E013E013D
:1068200057073E013E013E013E013E013E013E0151
:106830003E01D6013E013A028700D601D601D601BB
:10684000C202870080003E01B5023E019D02C800E1
:106850008B0280003E0144027D0032073E013E0172
:1068600036073E017D00A7F1300300221BF8017BB3
:1068700002EB820203EB4202A7F13003092BF5D9A8
:1068800006928EE7484602F073FE43681793184657
:10689000FAF736F918900646484602F069FE836812
:1068A00015932021002E40F0CA859BF8007076E7F2
:1068B0009BF800704AF0200A71E74AF0100A1AF0BB
:1068C000200F099B00F09E81073323F007031A462F
:1068D0005B6852F8084B09921E46002BC0F2738584
:1068E000049B013301F042802AF08003039354EAB1
:1068F000060300F0EF840A2C76F1000380F09887FD
:1069000030340123DDF80CA08DF8374107930DF2E8
:106910003715049907989DF86B3081424FF00002BB
:10692000B8BF0146089203910C920F920D92002B72
:1069300000F08D80039A0132039288E04AF0100A39
:106940001AF0200600F04F81099B073323F007035C
:106950005E6853F8084B09932AF48063039300237D
:1069600000228DF86B20049A1146013100F0298233
:10697000039921F0800A54EA060140F02082002A9F
:1069800041F03080002B40F0AB84039B13F00103F7
:10699000079300F0498530238DF837310DF2371514
:1069A000B7E7BBEB050600F0CA80249B3344249371
:1069B000239B0133072BC8E9005623930CDC08F115
:1069C0000808059B33440593D6E600BFAFF300806B
:1069D00000000000000000001AEE101A22AA48462B
:1069E00003F0BEFC90B90DF19408EAE71AEE101A14
:1069F00022AA484603F0B4FC002800F09180089BCE
:106A000023B108991AEE900A02F0ACFC1AEE103A83
:106A10009B8913F0400F059B18BF4FF0FF33059380
:106A200005984FB0BDEC0A8BBDE8F08F002F00F049
:106A3000868000238DF8D4708DF86B300122CDE96B
:106A40000723039204930C930F930D9335AD1AF023
:106A500002020A9202D0039A023203921AF08402CE
:106A60000B9205D1069A0399561A002E00F30F8354
:106A7000249C8BB1239B0DF16B0201330134C8F8C8
:106A80000020072B4FF0010224942393C8F8042020
:106A900000F3358308F108080A9B83B1239B1BAAE6
:106AA00001330234C8F80020072B4FF0020224946F
:106AB0002393C8F8042000F32F8308F108080B9BE8
:106AC000802B00F01182049B079A9E1A002E00F37F
:106AD00052821AF4807F40F0AD81079BC8F80430E1
:106AE0001C44239BC8F800500133072B24942393A4
:106AF00000F3C08208F108081AF0040F05D0069BC5
:106B0000039A9D1A002D00F31483DDE905320399E1
:106B10008A42ACBF9B185B180593002C7FF466AFCC
:106B200000232393089B1BB10899484602F01AFCE6
:106B30000DF194085D462B78002B7FF410AE249B5A
:106B4000002B3FF463AF1AEE104A1AEE101A1AEE39
:106B5000900A22AA03F004FCA3895AE7099B073391
:106B600023F00703B3EC027B8DED107BDDE91012FF
:106B7000099322F000430BEE101A0BEE903A4FF0FF
:106B8000FF32B0EE4B9AF0EE6B9AA64B51EC190B1C
:106B9000FAF7FEF8002840F06B84A24B51EC190B79
:106BA0004FF0FF32FAF7D6F8002840F06184DDE9B3
:106BB000100100220023FAF7C3F8002840F0A8874C
:106BC0009DF86B30984D994A2AF0800A0321472F8F
:106BD000C8BF1546002208920391079104920C92B7
:106BE0000F920D92A3E61AF0100340F03B841AF0C6
:106BF000400200F05E87099A52F8044B09921E4643
:106C0000A4B2A9E653F8044B09931AF0100F40F010
:106C100012841AF0400F00F00A8444F3C036334661
:106C200024B25AE6099A002352F8041B8DF86B30FF
:106C30008DF8D410099201E7099C049A54F8045B7A
:106C400000268DF86B60002D00F0DC8613460133C2
:106C500000F0498531462846F9F7C2FF0890002820
:106C600001F07D80089B0496591B079121EAE17190
:106C70009DF86B300994039108960C960F960D962B
:106C800055E6099B53F8042B0692002A80F2C7832D
:106C9000069A0993524206929BF800704AF0040A41
:106CA0007DE54AF010030393039B13F0200600F0E8
:106CB0007783099B073323F007035E6853F8084B7B
:106CC000099301234CE6099B53F8044B09933023A5
:106CD0004AF0020278278DF86C30554B14930392DA
:106CE0008DF86D70002602233AE61AF0200F40F06E
:106CF00086841AF0100F40F07C861AF0400F40F0A6
:106D00004F871AF4007F00F07486099B059953F8A9
:106D1000042B099311705D460DE79BF800706C2FF2
:106D200003BF9BF801704AF0200A0BF1010B4AF0F7
:106D3000100A34E59BF80070682F03BF9BF80170C0
:106D40004AF4007A0BF1010B4AF0400A27E59BF860
:106D500000704AF0080A22E59BF800704AF0010A28
:106D60001DE59DF86B30002B7FF49FAD9BF8007004
:106D70008DF86B1013E59BF800704AF0800A0EE561
:106D80005A4612F8017B2A2F01F0F781A7F1300350
:106D9000092B934698BF002200F2F7871BF8017B6E
:106DA00002EB820203EB4202A7F13003092BF5D973
:106DB0000492F6E49BF800708DF86B40EFE4CDF898
:106DC0000CA0012B3FF497AD022B4EAD12D1149ABB
:106DD00004F00F032409D35C05F8013D44EA06746E
:106DE000360954EA0603F3D14EAB5B1BDDF80CA069
:106DF00007938EE504F00703E40844EA4674F608B6
:106E0000303354EA06012A4605F8013DF2D10399D0
:106E10000846C00700F14F824EAB5B1B8A460793C2
:106E200077E500BFFFFFEF7F50C7000854C7000899
:106E300060C70008652F40F3D780DDE9100100220C
:106E40000023F9F773FF002800F0B481239BBC4AAC
:106E5000C8F80020013301340122072B2494239326
:106E6000C8F8042000F3868508F108081C9B0E9AD8
:106E7000934280F2CF82129B139A1C44C8E90023EC
:106E8000239B24940133072B239300F3EB8308F116
:106E900008080E9B5D1E002D7FF72EAE102D239B44
:106EA00041F34981A74F0A97224610261AEE104A4D
:106EB00005E008F10808103D102D40F36985013305
:106EC0001032072BC8E90076CDE92332F1DD22AA82
:106ED0002146484603F044FA00287FF490ADDDE9EE
:106EE00023320DF19408E6E7069B039A9E1A002EC2
:106EF0007FF7E9AD102E239B41F3508091490B950C
:106F000022461AEE105A0A910C4604E0103E102E4A
:106F100008F1080819DD013310321021072BCDE9E3
:106F20002332C8F80040C8F80410EFDD22AA294631
:106F300048460DF1940803F013FA00287FF45FAD82
:106F4000103E102EDDE92332E5DC0B9D14460133A3
:106F50000A9AC8F800203444072BCDE92334C8F836
:106F6000046000F33185049B079A9E1A002E08F1F5
:106F700008087FF7AEAD102E239B40F3C5857148FE
:106F80000A90424621461AEE108A044604E0103E5A
:106F9000102E02F1080216DD013310311020072BEC
:106FA000CDE9233114605060F1DD22AA4146484604
:106FB00003F0D6F900287FF422AD103E102EDDE953
:106FC000233125AAE8DC90460C4601330A9AC8F81A
:106FD00000203444072BCDE92334C8F8046000F3C3
:106FE000D18108F1080874E50E9B012B40F37E81E6
:106FF000239EC8F80050013601340123072E249443
:107000002396C8F8043000F3E98108F10808129BC0
:10701000139A01361C44072EC8E90023CDE92364E6
:1070200000F3EA8108F10808DDE9100100220023DD
:10703000F9F77CFE002840F078810E9B0136013B79
:1070400001351C44072EC8F800502396C8F80430B8
:10705000249400F35C8108F10808169BC8F80430FA
:1070600001361C44072E1EABCDE92364C8F800305E
:107070007FF740AD1AEE101A22AA484603F070F9C5
:1070800000287FF4BCAC249C0DF1940834E5102E4C
:10709000DDE9233222DD199510241AEE105A04E09E
:1070A000103E102E08F1080817DD01332649103272
:1070B000072BC8E90014CDE92332F1DD22AA2946C5
:1070C00048460DF1940803F04BF900287FF497AC83
:1070D000103E102EDDE92332E7DC199DC8F804606C
:1070E0000133B418072B184AC8F80020CDE923341F
:1070F00000F3E3839DF86B3008F10808B9E41AEE59
:10710000101A22AA484603F02BF900287FF477AC26
:10711000249C0DF19408BFE41AEE101A22AA4846E6
:1071200003F01EF900287FF46AAC249C0DF194084A
:10713000C5E4102D239B26DD1AEE107A10260AE0F6
:1071400090C70008A4C7000894C70008103D102D80
:1071500008F1080817DD0133C04A1034072BC8E9CD
:107160000026CDE92334F1DD22AA394648460DF147
:10717000940803F0F5F800287FF441AC103D102D81
:10718000DDE92334E7DC0133B44AC8F804502C4469
:10719000072BCDE92334C8F800207FF7B6AC1AEEF0
:1071A000101A22AA484603F0DBF800287FF427AC27
:1071B000249CAAE41C9A002A40F39883DDE90D324E
:1071C0009342A8BF1346002B1F460BDD1C44C8E9A1
:1071D0000053239B24940133072B239300F35C85F6
:1071E00008F108080D9B002FA8BFDB1B002B1E46D3
:1071F00000F353820D9B1AF4806F2B44079340F0E9
:1072000083821C9B0E9A934203DB1AF0010F00F05D
:10721000B784129A13991444C8E90012239A24944B
:107220000132072A239200F3758508F108080E9AA7
:107230000799AE18761AD51AAE42A8BF2E46002E70
:107240000DDD239BC8F8001001333444072BC8F828
:1072500004602494239300F39C8508F10808002E11
:10726000A8BFAD1B002D7FF747AC102D239B40F32B
:1072700062877B4F0A97224610261AEE104A05E0D5
:1072800008F10808103D102D40F3828301331032BD
:10729000072BC8E90076CDE92332F1DD22AA214689
:1072A000484603F05DF800287FF4A9ABDDE92332FE
:1072B0000DF19408E6E7302B3FF496AD3023023A07
:1072C00005F8013C4EAB9B1ADDF80CA00793154660
:1072D000FFF71FBB049B002B7FF412ABDDF80CA063
:1072E0000023049307934EADFFF713BB1AF0010F71
:1072F0007FF47EAE239EC8F800500136013401238E
:10730000072E24942396C8F804307FF7A4AE1AEE13
:10731000101A22AA484603F023F800287FF46FAB26
:10732000DDE923640DF1940897E60E9B5D1E002DA8
:107330007FF793AE102D40F31587494ACDF810A082
:1073400023461AEE10AA0A921027144605E008F107
:107350000808103D102D40F39C8301361033072E92
:10736000C8E90047CDE92363F1DD22AA514648462A
:1073700002F0F6FF00287FF442ABDDE923630DF154
:107380009408E6E71AEE101A22AA484602F0E8FF2F
:1073900000287FF434AB249C0DF19408FFF799BBCF
:1073A000039B13F0100340F02381039A12F0400274
:1073B00000F09A83099A52F8044B09921E46A4B22F
:1073C0000123FFF7CDBA2D2364428DF86B3066EBB5
:1073D0004606CDF80CA00123FFF7C5BA1AEE101A25
:1073E00022AA484602F0BCFF00287FF408ABDDE982
:1073F00023640DF194080AE61AEE101A22AA4846F0
:1074000002F0AEFF00287FF4FAAADDE923640DF153
:10741000940809E61AF0010F3FF46EAB2BE59BF8D8
:1074200000700993FFF7BBB94EADFFF772BA1AF4BB
:10743000007F40F0AF83E6173346FFF74EBA159B47
:10744000002B3FF432AA159B1B78002B3FF42DAA8A
:107450009BF800704AF4806AFFF7A1B994C700084E
:10746000A4C70008099B53F8044B0993FFF774BAAB
:10747000DDE9100102460B46F9F78AFC002840F0CE
:10748000C285612F00F08585412F00F09384049B15
:10749000013327F02003039300F0A883472B00F06B
:1074A0008185DDE910014AF48072002907924FF0CE
:1074B0000003C0F2238541EC180B0A930893039B49
:1074C000462B00F0F783452B00F04D85B0EE480ABF
:1074D000F0EE680A20AB01931DAB0093049A1CAB3D
:1074E0000221484600F038FF039B472B054640F039
:1074F00069861AF0010F5646DDF81CA040F00A8597
:10750000209B5B1B0E93039B472B00F08A83039BFE
:10751000462B00F00E841C9B0D930D9B039A013BA0
:10752000412A1C9300F0D685FAB20021002BB8BF87
:107530000D9B8DF87820BABFC3F101032D222B22B9
:10754000092B8DF8792040F3B6850DF18704DFF81B
:1075500098C3224610468CFB0321DA17C2EBA10226
:1075600002EB8201A3EB4101303100F8011C194606
:107570006329134600F1FF32ECDC3033D9B2831EAD
:107580009C4202F8011C40F2048613460DF17A0277
:1075900001E013F8011B02F8011B9C42F9D10DF127
:1075A00089030DF17A021B1A13441EAA9B1A169323
:1075B0000E9B169A012B1A44079240F3B785079B3E
:1075C000129A13440793079A002326F4806622EA4E
:1075D000E27246F4807A0C9303920F930D930A9B08
:1075E000002B40F0448304939DF86B30FFF79FB964
:1075F000099B53F8044B09930123FFF7B1B9099B89
:10760000059853F8041B0993C217C1E900025D46AF
:10761000FFF791BACDF80CA0FFF746BBAF4B149320
:107620001AF0200600F0EF80099B073323F00703D0
:107630005E6853F8084B09931AF0010F09D054EA19
:10764000060306D030238DF86D704AF0020A8DF8DB
:107650006C302AF4806303930223FFF781B9A04BB7
:107660001493DDE71AEE101A22AA484602F078FEBB
:1076700000287FF4C4A9249C0DF1940809E41AEEB3
:10768000900A402101F080FF20602061002800F076
:10769000848540236361FFF74AB8102E239B40F393
:1076A000698590480A90424621461AEE108A1027B2
:1076B000044604E00832103E102E40F32E820133BF
:1076C0001031072BC2E90047CDE92331F2DD22AAB0
:1076D0004146484602F044FE00287FF490A9DDE9C7
:1076E000233125AAE7E7284604960994F9F708FA12
:1076F00020EAE0719DF86B300790039108960C9694
:107700000F960D96FFF713B90E9BCDF828B0DDF854
:107710003CB0079E159FCDF81CA0EB180493424681
:10772000DDF860A00C9B0B951AEE108AA446BBF105
:10773000000F30D093BB013F0BF1FF3B179BC2E919
:10774000003A239B0133D444072BCDF890C02393F8
:1077500062DC0832049B38789B1B8342A8BF034637
:10776000002B1C460CDD239801309C440728C2E9FD
:107770000063CDF890C0239000F319813878083267
:10778000002CACBF051B0546002D0BDC06440C9BF2
:10779000BBF1000FCED1002B00F032820C9B013BDD
:1077A0000C93CBE7102D23981FDD1024634604E0D3
:1077B000103D102D02F1080216DD01304949103349
:1077C0000728C2E90014CDE92303F1DD22AA4146CE
:1077D000484602F0C5FD00287FF411A9103D102D88
:1077E000DDE9230325AAE8DC9C4601303D4B5560CA
:1077F000AC440728CDE9230C136000F33F823878AE
:1078000008320644C3E71AF0100300F0A480099B75
:1078100053F8044B09930FE722AA4146484602F069
:107820009FFD00287FF4EBA8DDF890C025AA91E722
:10783000039B079703F48063002209EE109ACDF8AA
:107840002080DDF854900DF59C7A174698460CE0A0
:107850000023204631460A22F9F7D8FA0A2C76F19D
:1078600000031CD304460E46AA4620460A220023E3
:107870003146F9F7CBFA30320AF1FF3501370AF811
:10788000012CB8F1000FE3D099F800309F42DFD10E
:10789000FF2FDDD00A2C76F1000380F04F814EAB34
:1078A0005B1BCDF854900E9719EE109ADDE907781E
:1078B000DDF80CA00793FFF72CB81AEE101A22AAD5
:1078C000484602F04DFD00287FF499A89DF86B30E2
:1078D000249C0DF19408FFF7CCB800BF60C70008E6
:1078E00074C70008A4C7000867666666239BC14981
:1078F000C8F80010013301340121072B249423938D
:10790000C8F8041000F32E8108F10808002A40F09E
:1079100089800E9A0AF0010313433FF4EDA8129BED
:10792000139A1C44C8E90023239B24940133072B9A
:10793000239300F33E8108F108080E9AC8F800501E
:1079400001331444072BCDE92334C8F804207FF712
:10795000D1A8FFF78FBB1AF0400200F0B880099A57
:1079600052F8044B09921E46A4B265E6CDF80CA06D
:10797000FEF7C1BF1AEE101A22AA484602F0F0FC28
:1079800000287FF43CA8249C0DF19408FFF76EBA00
:10799000144601330A9AC8F800202C44072BC8F873
:1079A0000450CDE923347FF7A5A8FFF763BB22AAD3
:1079B0004146484602F0D4FC00287FF420A83878DD
:1079C000DDF890C025AADBE61AEE101A22AA484676
:1079D00002F0C6FC00287FF412A8249C0DF1940844
:1079E000FFF771B8012BCDF80CA07FF4EDA9FEF7DD
:1079F00087BF099B059953F8042B5D4611600993D5
:107A0000FFF799B8062A294628BF0622049508954B
:107A10002B460392784D099407920C910F910D918A
:107A2000FEF785BF129B13991C44C8E90013239BE2
:107A300024940133072B239300F3BB8008F108083B
:107A4000002ABFF67AAF5642103280F2AF836B48FD
:107A50000A902146424610271AEE108A044604E096
:107A60000832103E102E40F3AF8201331031072B45
:107A7000C2E90047CDE92331F2DD22AA414648465A
:107A800002F06EFC00287EF4BAAFDDE9233125AAAE
:107A9000E7E7DDF810A01C4601360A9BC8F8003065
:107AA0002C44072ECDE92364C8F804507FF7D3AAED
:107AB0002DE4099B1AF4007614BF53F8044B53F8D5
:107AC000044B09931CBF1646E4B2FEF745BF099B61
:107AD0001AF4007614BF53F8044B53F8044B09937F
:107AE0001CBF1646E4B2A7E5039B13F40076099B7E
:107AF00014BF53F8044B53F8044B09931CBF1646AC
:107B0000E4B20123FEF72CBF3C4A0A92FFF75DBAAC
:107B10002D238DF86B30FFF755B890460C46013396
:107B20000A9AC8F800203444072BCDE92334C8F85A
:107B300004604DDC08F10808FFF75CBB189B17993F
:107B4000ED1A1A46284602F0D9FB99F801300BB11C
:107B500009F10109204631460A2200230027F9F7DE
:107B600055F97FE61AEE101A22AA484602F0F8FBF1
:107B700000287EF444AF1C9A249C0DF19408C5E6BD
:107B80000E9A0799AE18761AD51AAE42A8BF2E469D
:107B9000FFF765BB44F3C016334664B2FEF79DBEE3
:107BA000099B059953F8042B099311805D46FEF754
:107BB000C2BF1AEE101A22AA484602F0D1FB0028D2
:107BC0007EF41DAFDDE923341C9A0DF1940837E7EC
:107BD0001AEE101A22AA484602F0C2FB00287EF4D0
:107BE0000EAF249C0DF19408FFF704BB0623049309
:107BF00057E400BF90C7000888C70008A4C7000862
:107C00000B9D0E9BDDF81CA0DDF828B01597EB1836
:107C10009E429046324628BF1A4664460792FFF7B6
:107C2000F0BA1C9B0D93DA1C02DB049A934204DD2C
:107C3000023F27F0200303936FE4DDE90D318B420F
:107C4000C0F29980F70740F1DB81129A1344079341
:107C5000740503D50D9B002B00F3FF81079B23EADE
:107C6000E3730393672700230C930F93B7E42D234B
:107C700000228DF86B300492FEF75CBE22AA4146CA
:107C8000484602F06DFB00287EF4B9AE3878DDF886
:107C900090C025AA06447AE51AEE101A22AA484690
:107CA00002F05EFB00287EF4AAAE249C0DF194083D
:107CB000FFF798BA20AB01931DAB0093049AB0EE86
:107CC000480AF0EE680A1CAB0321484600F044FB6A
:107CD0000378302B054600F003821C9B049A56461D
:107CE0001344DDF81CA0EC1851EC180B0022002303
:107CF000F9F71CF808B1234603E4209BA342BFF424
:107D000000AC30215A1C20921970209B9C42F9D85B
:107D1000FFF7F7BB1AEE101A22AA484602F020FB22
:107D200000287EF46CAE1C9B249C0DF19408FFF798
:107D30007EBA1C9A0D92002A40F30082049906F044
:107D400001030B4340F0B1810D9B07936627730538
:107D500000F18481079B23EAE373039383E7049B89
:107D60000393079309949DF86B3004900C900F9047
:107D70000D90FEF7DCBD0E9B129A9A180D9B079290
:107D8000002B40F3BB816727E1E700230493FEF754
:107D900008BD1AEE101A22AA484602F0E1FA00289D
:107DA0007EF42DAE1C9D0E9B249C5D1B0DF1940852
:107DB000FFF755BA30238DF86C3058238DF86D30AD
:107DC000049B632B4AF0020400F3A780002308936E
:107DD00035ADDDE910124AF481730793002A27F0CC
:107DE0002003A2460393C0F28A80002342EC181BB2
:107DF0000A93612F00F01581412F7FF460ABB0EE44
:107E0000480AF0EE680A1CA802F030FA00224FF08F
:107E10007F5351EC100BF8F7AFFB02460B4643ECD7
:107E2000192B00220023F8F781FF08B101231C93CE
:107E3000B74B0B93049B1995CDE90CB7CDE90EA870
:107E40000CEE109ADDF82CB059EC198B5E1E2C4606
:107E500005E000220023013EF8F768FFE0B9AD4BD2
:107E6000002240464946F8F787FB89468046F8F7E6
:107E7000A5FF0546F8F716FB0B4602464946404665
:107E8000F8F7C2F91BF80530A24604F8013B731C51
:107E9000374680468946DCD149EC198B9E4BDDF88C
:107EA00030B0DDF83C80CDF830A051EC190B002249
:107EB0003E46DDF838A00D9F0D951CEE109A199DD9
:107EC000F8F75CFF98BB51EC190B934B0022F8F7C5
:107ED0002DFF10B10D9BD90729D4002E334606DBA8
:107EE00001332344302204F8012BA342FBD1631B4E
:107EF00056460E93DDF81CA0FFF705BB0893DDE99D
:107F0000103408EE103A04F1004308EE903A2D23A5
:107F10000A936EE7049BEC18E6E6591C484601F00C
:107F200033FB0546002800F04481089051E70C9B84
:107F300020930B9B14F8012CD97B8A42234609D14C
:107F4000302003F8010C209B5A1E209213F8012CBC
:107F50009142F6D0392A0BBF0B9A0132927AD2B2F3
:107F600003F8012CC3E7049BB0EE480AF0EE680A60
:107F70005C1C20AB01931DAB009322461CAB02217D
:107F8000484600F0E9F9054656462C44DDF81CA0A9
:107F9000AAE630238DF86C3078230FE75F4A0A9207
:107FA000FEF7D5BF049B002B08BF01230493119B50
:107FB0004AF48072002B0792C0F2DA809DED108B9C
:107FC00008900A90FFF782BA0C46904601330A9A4D
:107FD000C8F800203444072BCDE92334C8F80460E6
:107FE0007FF7A9AC1AEE101A22AA484602F0B8F997
:107FF00000287EF404ADDDE923340DF194089CE4FF
:108000000D9B079324E6119B454D464A002BB6BFB6
:108010002D239DF86B308DF86B302AF0800AFEF727
:10802000D5BD1CA8B0EE480AF0EE680A02F01EF9B1
:1080300000224FF07F5351EC100BF8F79DFA0246E7
:108040000B4643EC192B00220023F8F76FFE08B112
:1080500001231C93344B0B93ECE6672715990B789F
:10806000FF2B00F0B18000240D9A204603E0013080
:108070000131FF2B08D0934206DAD21A4B78002B3D
:10808000F5D10B780134F4E715910D920F900C9413
:108090000C9A0F9B18991344079A01FB032307932B
:1080A00023EAE3730393FFF79ABA129BD318194498
:1080B000079166274BE6002957D130228DF87A20A8
:1080C0000DF17B02303302F8013B1EABD31A16933D
:1080D000FFF76EBA07F10F02D2B20121FFF726BAFD
:1080E00051EC180B00220023F8F720FE00287FF443
:1080F000F4AD049BC3F101031C93EFE5C3F101034D
:108100001A4422EAE273079203936727ABE500BFA4
:1081100074C70008000030400000E03FA4C700081A
:1081200058C700085CC7000860C70008F3077FF560
:108130004AAAFFF744BA264A0A922AE4049A06F0A9
:1081400001061346334304D10123039366270793A3
:1081500089E5129B01331A4422EAE27307920393E2
:10816000662780E51A4B0A9396E40DF17A02A9E797
:108170000890C4E6164A0A92D1E4099B9BF8017064
:10818000934653F8042B099342EAE2720492FEF7F5
:1081900006BB02231693FFF70BBA1AEE902A0C23A4
:1081A00013604FF0FF330593FEF73ABC084A0A927A
:1081B0000CE71AEE101A8B8943F0400213468A81AD
:1081C000FEF727BC049CDFE600230C930F935FE7C8
:1081D000A4C7000870B50B4E9AB004466FF0004576
:1081E000CDE90445134600940A463068064C0295D2
:1081F00069460394FEF780FA009B00221A701AB0B9
:1082000070BD00BF0C0000200802FFFF024B13B13D
:10821000024800F005B8704700000000999200087D
:10822000002301461A46184602F016B92DE9F04F10
:1082300003690C69A34283B0C0F28780013C01F15D
:108240001405A30000F11408009355F8243058F8E1
:108250002420013381469A4208EB840005EB840711
:108260000190B2FBF3F63BD30023AE4640469B465B
:108270005EF804AB02681FFA8AFC06FB0C334FEA77
:10828000134C4FEA1A4A06FB0ACA1FFA83FCABEBEF
:108290000C0C1FFA8AF31CFA82FCC3EB124202EBAD
:1082A0002C421FFA8CFC4CEA0243774540F8043B11
:1082B0004FEA224B4FEA1A43DAD2009B58F80330B8
:1082C00073B9019B043B984504D307E0984504F13A
:1082D000FF3403D253F80429002AF7D0C9F810401C
:1082E000484601F093FE00282BDB01364046002370
:1082F00055F8041BD0F800C08AB29A1A0B0C12FA77
:108300008CF2C3EB1C4303EB224392B242EA0342DA
:10831000AF4240F8042B4FEA2343E9D258F8242017
:1083200008EB84036AB9043B984504D307E09845F9
:1083300004F1FF3403D253F80429002AF7D0C9F816
:108340001040304603B0BDE8F08F002003B0BDE818
:10835000F08F00BF000000002DE9F04F2DED068BDF
:1083600095B08DED020B0191016C249D099259ECA1
:10837000108B0446069341B1426C4A60012393403E
:108380008B6001F0E3FB00232364B9F1000AB4BF62
:10839000012300232B607C4BBCBF2AF0004ACDF8A0
:1083A0000CA033EA0A0300F0B2809DED027B0022AC
:1083B00051EC170BB0EE479AF0EE679A0023F8F7EE
:1083C000B5FC074680B1069A01231360259B002B5C
:1083D00000F0DC826D481860431E0093009815B0D1
:1083E000BDEC068BBDE8F08F12AA13A92046B0EEB3
:1083F000490AF0EE690A01F0D1FEB0EE498AF0EECA
:10840000698A5FEA1A56054640F09980DDE91276DE
:108410003E4406F23240202840F3AD83C0F14000D4
:108420000AFA00FA06F2124028FA00F04AEA0000BE
:10843000F8F728F80123013E0D93A1F1F871544B90
:108440000022F7F7E1FE4AA3D3E90023F8F794F8F6
:1084500049A3D3E90023F7F7D9FE80463046894681
:10846000F8F720F846A3D3E90023F8F785F8024689
:108470000B4640464946F7F7C9FE80468946F8F75D
:108480009DFC00228346002340464946F8F758FCED
:10849000002840F06E82BBF1160F00F25D823D4B6A
:1084A00003EBCB03D3E9002351EC190BF8F748FC9D
:1084B000002875D00023BE1B0C93731E0BF1FF3BED
:1084C000049300F1508200230893BBF1000F6EDA91
:1084D000089BCDF814B0A3EB0B030893CBF100037A
:1084E0000B93019B092B4FF0000B69D8052B40F330
:1084F0004083043B01930026019B023B032B00F2C7
:108500009B86DFE813F050044D0445042804069AC6
:1085100042F20F73CAF3130A13605AEA08031DD11B
:10852000259B002B00F07F861B4B00930833259A78
:108530000098136015B0BDEC068BBDE8F08F18EE07
:10854000903AC3F3130351EC190B43F07F510D978D
:10855000A6F2FF36129F41F4401170E7259B002BD5
:1085600040F0DD830D4B009338E700BFAFF3008090
:1085700061436F63A787D23FB3C8608B288AC63F29
:10858000FB799F501344D33F0000F07F91C7000850
:108590000000F83F00C90008B8C70008B4C70008C9
:1085A000BE1B731E049300F19C840C900890049BE6
:1085B0005B44CDE9043B00230B93019B092B95D928
:1085C000002301264FF0FF3201930A960792099388
:1085D000079B0F9300216164204601F091FA0090FF
:1085E000002800F03186009B2364079B0E2B00F2CD
:1085F000F980002E00F0F6800599002940F373847D
:10860000BD4B01F00F0203EBC2034FEA2118C9056D
:10861000D3E9006740F10584B84B51EC190BD3E95D
:108620000823F8F7D3F841EC180B08F00F084FF0C7
:10863000030AB8F1000F13D0DFF8C09218F0010F51
:1086400009D030463946D9E90023F7F795FF0AF1FA
:10865000010A06460F465FEA680809F10809EDD1EC
:1086600051EC180B32463B46F8F7B0F841EC1A0BC8
:108670000C9B5BB157EC1A6BA14B1AEE100A00224F
:108680003946F8F75DFB002840F054855046F7F76F
:1086900009FF53EC1A2BF7F76FFF9A4B0022F7F7FD
:1086A000B5FD079B8046A1F15079002B00F0F583C2
:1086B000059B1093079B0E930A9B002B00F0C2842E
:1086C0000E9A8D4B9049DDF800A003EBC20353E9ED
:1086D00002230020F8F77AF842464B46F7F794FD5C
:1086E00059EC1A8B41EC180B49461AEE100AF8F7B0
:1086F00065FB0746F7F7D6FE02460B461AEE100A50
:108700004946F7F781FD30370AF8017B53EC182B07
:1087100006460F46F8F714FB002840F057854FF047
:1087200000080AEE105ACDF844B055465BEC18AB81
:1087300008EE104A44462AE00E9B01349C424BDA74
:10874000724B504659460022F7F716FF6F4B002236
:1087500082468B4630463946F7F70EFF89468046FB
:10876000F8F72CFB0746F7F79DFE02460B464046FE
:108770004946F7F749FD303705F8017B52465B461D
:1087800006460F46F8F7DCFA002840F01A85324614
:108790003B465B490020F7F737FD52465B46F8F74A
:1087A000CFFA0028C8D0109B009A0593AA4618EE6D
:1087B000104A1AEE105A02E0924500F0EC84D146BD
:1087C0001AF8013D392BF7D00133DBB28AF80030BB
:1087D000059B01330593ACE1DDF844B01AEE105A65
:1087E00018EE104A139B002BC0F29480059A0E2AB3
:1087F00000F39080404B03EBC203D3E90089099B4F
:10880000002B1BDA079B002B18DC40F05F83404BEA
:10881000002240464946F7F7AFFE02460B4651ECB0
:10882000190BF8F797FADDF81CA05646002800F05F
:10883000D282099BDDF80080DF43D4E242464B46FA
:1088400051EC190BF7F7C2FFF8F7B8FA0646834662
:10885000F7F728FE42464B46F7F78EFE0B460246D8
:1088600051EC190BF7F7D0FCDDF800A0334630339C
:108870000AF8013B079B012B00F090834FF0010B9E
:1088800008EE105A08EE904A1D465446DA461DE09E
:1088900042464B4630463946F7F798FFF8F78EFACE
:1088A0008346F7F7FFFD42464B46F7F765FE0AF1B0
:1088B000010A0B46024639463046F7F7A5FC0BF194
:1088C0003003AA4504F8013B00F063830F4B0022FC
:1088D000F7F752FE0022002306460F46F8F726FA65
:1088E0000028D5D0A24618EE105A18EE904A059BE3
:1088F00001330593D1461CE100C90008D8C800081F
:108900000000F03F00001C400000E03F0000244059
:10891000000014400A9A002A40D0019A012A40F32C
:108920009E82079B03F1FF380B9B4345C0F2708288
:10893000A3EB0808079B002BC0F26883049A11463A
:10894000089A194417461A440491089201212046B6
:1089500001F0AAF9064625E00123BE1B0C93731E05
:1089600004937FF5B0ADC6F101030893002304938F
:10897000ABE55846F7F796FD42464B46F8F7D6F971
:1089800000287FF488AD0BF1FF3B84E5874B009313
:10899000009815B0BDEC068BBDE8F08FDDF82C809B
:1089A000089F0A9E002F0CDD049A002A09DD089911
:1089B000BA421346A8BF3B46C91AFF1AD31A0891F8
:1089C00004930B9BDBB10A9B002B00F08382B8F170
:1089D000000F0FDD31464246204601F03FFA2A469D
:1089E00001460646204601F08DF9294605462046F7
:1089F00001F0ACF80B9BB3EB080240F001830121BE
:108A0000204601F051F9BBF1000F824600F3B88017
:108A1000019B012B40F387814FF000080120BBF13F
:108A2000000F40F0B980049A104410F01F0000F0CD
:108A30009780C0F12003042B40F3F983089BC0F119
:108A40001C0003440244089307440492089B002B33
:108A500005DD29461A46204601F060FA0546049BCA
:108A6000002B05DD51461A46204601F057FA824692
:108A70000C9B002B40F03881079B002B40F31F819B
:108A80000A9B002B40F0A280059B01330593DDF883
:108A90000080DDF81C90012707E0294600230A2208
:108AA000204601F05DF80137054651462846FFF79C
:108AB000BDFB4F4500F1300008F8010BEDDB079AD4
:108AC000002AC8BF9346009AD8BF4FF0010B034657
:108AD00093440027294601222046019301F01EFA03
:108AE0005146054601F092FA002840F3A6811BF892
:108AF000013C009A0BF1FF3B04E05A4500F0A881CD
:108B00001BF8013D392B0BF10109F6D001338BF82D
:108B100000305146204601F019F856B12FB1B74246
:108B200003D03946204601F011F83146204601F0C5
:108B30000DF82946204601F009F8002389F8003095
:108B4000069B1A46059B1360259B002B3FF446AC01
:108B50000098C3F8009015B0BDEC068BBDE8F08F0F
:108B60001C20089B03440893049B0344074404937C
:108B70006CE70126C0E4C0F1200008FA00F057E4D9
:108B800001465A46204601F069F9019B012B8246B5
:108B900040F3D5814FF00008DAF810300AEB830378
:108BA000186901F031F8C0F120003CE790C70008D7
:108BB000314600230A22204600F0D2FF0F9B002BF3
:108BC000064640F32383CDF814900793002F00F35B
:108BD0001881B8F1000F40F0FC81B046029B009F65
:108BE000079903F001027B1E1944019B0A9213436B
:108BF0000891099351462846FFF718FB31468346F2
:108C0000284601F003FA424651468146204601F0CB
:108C10001FFAC26801460BF13003002A42D10490CA
:108C20002846079301F0F2F904990290204600F0DB
:108C30008DFF029A079B1AB90999002900F0D68284
:108C4000B9F1000FC0F28781019949EA01090A9937
:108C500051EA090100F07F81002A00F3E781089AB8
:108C60003B7007F101099742CB4600F0E5812946A8
:108C700000230A22204600F073FF46450546314690
:108C80004FF000034FF00A02204612D000F068FFB8
:108C90004146064600230A22204600F061FF4F4667
:108CA0008046A7E72046029300F050FF029B012276
:108CB000C6E700F055FF4F46064680469AE7019BFF
:108CC000022B77DC0A9B002B80D1059B5146013398
:108CD00028460593FFF7AAFADDF800B000F130034B
:108CE0000BF8013B0027F5E65146284601F08EF9C6
:108CF0000028BFF6C1AE294600230A22204600F014
:108D00002FFF059B03F1FF390A9B0546002B7FF4DB
:108D10004FAF0F9B002B40F370820793B7E6BD4B1C
:108D20000093033303E4DDE9021200297FF474AEFB
:108D3000C2F31303002B7FF46FAEB74B1340002B2D
:108D400000F03D82089B01330893049B0133049398
:108D50004FF0010862E601230A93099B059A134428
:108D60000F930133012B1F460793B8BF0127002142
:108D7000172F61647FF730AC012204235B0003F1FD
:108D80001400B842114602F10102F7D9616423E4EC
:108D900001230A93099F002F4ADD0F970797E6E703
:108DA00000230A93D9E700230A93F3E70F9BCDF83A
:108DB00014900793079B002B7FF43BAD514605228F
:108DC000204600F0CDFE01468246284601F01EF9FD
:108DD00000287FF72EAD0098059F3123804600F8CC
:108DE000013B013700905146204600F0AFFE7B1C4E
:108DF000DDF800900593CDF80080002E7FF495AE4D
:108E000097E631463A46204601F088F80646E0E605
:108E10000B9BCDF82C80A8EB03039B444FF000087C
:108E200088E54FF0020AB0EE498AF0EE698A00E464
:108E3000012309930793FFF7CBBB03D1019BDB070A
:108E40003FF555AED9461BF8013D302BFAD060E610
:108E5000059B009A013305933123137059E60D9A4F
:108E6000002A00F0638103F23343049ADDF82C807A
:108E70001A440492089A17461A44089266E5504626
:108E8000F7F710FB53EC1A2BF7F776FB634B002236
:108E9000F7F7BCF98046A1F15079614B002251EC03
:108EA0001A0BF7F7B1F942464B4606460F46F7F75D
:108EB00065FF002840F07F8130463946424609F17F
:108EC0000043F7F73DFF00283FF48CAC4FF0000A59
:108ED0005646AEE429460B9A204600F0BFFF0546F1
:108EE0008DE50C903FE500F04E81059A4D4B5642C2
:108EF00006F00F0203EBC203D3E9002351EC190B78
:108F0000F7F73AFB361141EC1A0B00F08881464F17
:108F100000234FF0020AF20706D5D7E90023F7F73E
:108F20002BFB0AF1010A0123761007F10807F2D1A1
:108F3000002B3FF49DAB41EC1A0BFFF799BB029B52
:108F4000002B7FF427AEDDE90212C2F31303002BDE
:108F50003FF4F3AE1EE6002A12DD29460122204628
:108F6000019300F0DBFF5146054601F04FF8002861
:108F7000019B40F33581392B00F013810BF1310354
:108F8000B94609F8013B059B013337460593464630
:108F9000BFE5A24618EE105A18EE904A02460B465C
:108FA000F7F734F942464B4606460F46F7F7E6FE1A
:108FB00060B942464B4630463946F7F7B7FE0028BF
:108FC0003FF495AC5FEACB717FF591AC009AFFF767
:108FD000F6BB7168204600F093FD0746002800F0BC
:108FE0003A81336902339A0006F10C010C30F7F72D
:108FF000D5FC39460122204600F090FF8046EDE581
:109000002946204600F02AFF0546F8E4DDE907235B
:109010009F1A9BE4B4C700080000F07F00001C40CA
:109020000000144000C90008D8C80008392B00F01F
:10903000B880B9460133A4E7059A01323746059254
:10904000464647E50E988D4901EBC00142464B4626
:1090500051E90201F7F790FA5AEC1A9B41EC180B10
:1090600051461AEE100AF7F7A9FE0746F7F71AFA63
:1090700002460B461AEE100A5146F7F7C5F80646A7
:109080000E98DDF800803037012808F8017B0F4684
:1090900000F0BA800E9B009ACDF838B013449B467E
:1090A000C246774B002230463946F7F765FA8946C3
:1090B0008046F7F783FE0746F7F7F4F930370246A4
:1090C0000B4640464946F7F79FF80AF8017BDA4518
:1090D00006460F46E5D1DA46DDF838B0694B59EC63
:1090E000188B002218EE100A4946F7F78FF832461F
:1090F0003B46F7F725FE00286DD118EE102A4B46A7
:1091000060490020F7F780F832463B46F7F736FE15
:1091100000283FF467ABD1460AF1FF3A19F8013C49
:10912000302BF8D0109B0133059302E5129BC3F15D
:1091300036039AE6079B002B3FF4A1AE0F9B002B52
:109140007FF750AB059A0E93013A4D4B10921AEEF1
:10915000100A39460022F7F70FFA024616460F4664
:109160000AF10100F7F79EF932463B46F7F704FA99
:10917000454B0022F7F74AF847EC1A6B8046A1F1FD
:109180005079FFF799BA4FF0020AB0EE49AAF0EE13
:1091900069AAFFF76DBA059B013305933123FFF7E9
:1091A00015BB059BBB4601330593392337460BF8A6
:1091B000013B46469DE44FF0000A56460BE69846B2
:1091C0002CE4AA4618EE104A1AEE105A109B0133EE
:1091D0000593D146ADE4109B009A0593FFF7EFBAD3
:1091E0007FF4CEAEDA077FF5CBAEC4E6392BD8D00C
:1091F000B9F1000F3FF7C2AEC2E6019B022B3FF769
:10920000D5ADCDF8149060E5C24667E7019B022B0F
:109210003FF7CCAD0F9BCDF814900793D6E44FF0F9
:10922000020AFFF725BA194B0093FFF7D7B83FF4AE
:109230000DACC0F13C0094E4002666643146204643
:1092400000F05EFC009068B9114B124800224FF408
:10925000D57101F047F90E4B0E483A4640F2EA212B
:1092600001F040F9009B236401224FF0FF3309967F
:109270000F930A920793FFF7B5BA00BF00C9000821
:10928000000024400000E03F00001C40B8C7000878
:10929000C4C70008D8C7000838B5084B084D5B1B89
:1092A0009C1007D0043B1D44013C55F804399847F5
:1092B000002CF9D1BDE8384003F0CEB95CCB0008F2
:1092C00058CB0008F8B5244F0C46064600F00CFCBD
:1092D000BA685568C4F57E630F3325F003052B4447
:1092E00023F47F6323F00F03A3F58054B4F5805F6C
:1092F00007DB0021304600F0EFFFBB682B449842AB
:1093000004D0304600F0F6FB0020F8BD6142304644
:1093100000F0E2FF01300DD0104ABB682D1B45F074
:1093200001055D60136830461B1B136000F0E2FB13
:109330000120F8BD0021304600F0CEFFBA68831A44
:109340000F2BDEDD43F001035360054B03491B681F
:10935000C01A0860D5E700BF3C040020283901206E
:1093600044080020002961D0F8B50C46064600F0FC
:10937000BBFB54F8042C7B4FA4F1080522F001013B
:1093800005EB010CB868DCF80430604523F00303FA
:1093900000F08B80D207CCF8043032D454F8082C7B
:1093A000AD1A1144AA6807F1080082426AD00CEB9A
:1093B0000304D4F804E0EC68D4601EF0010FA2604E
:1093C00000F0978041F001036B60CCF80010B1F51C
:1093D000007F35D27A68CB084809012101338140EA
:1093E0001143796007EBC30257F83310083AC5E917
:1093F000021247F83350CD603046BDE8F84000F027
:1094000079BB0CEB03025268D00710D4194407F162
:109410000800DCF80830834273D0DCF80C20DA60F6
:10942000936041F001036B606950D0E7704741F0F1
:109430000103B1F5007F44F8043CCCF80010C9D317
:10944000B1F5206F4FEA512348D28B0903F139005F
:1094500003F13802C300F818FB580838984259D075
:109460005A6822F003028A4202D99B689842F7D1D7
:10947000D868C5E902308560DD603046BDE8F84057
:1094800000F038BB0CEB03025268D20763D40B44E4
:10949000DCE90212CA60916043F001026A60304662
:1094A000EB50BDE8F84000F025BB0B44D10707D4D2
:1094B00054F8082CAD1A1344D5E90212CA60916021
:1094C00043F001026A60284ABD6012689A4293D84C
:1094D000264B30461968FFF7F5FE8DE7142B0AD9A5
:1094E000542B1FD80B0B03F16F0003F16E02C30066
:1094F000B1E719448DE703F15C0003F15B02C3009F
:10950000A9E741F00103C7E90455C5E902006B6012
:10951000695071E779689210012404FA02F20A4353
:109520007A60A6E7B3F5AA7F06D8CB0B03F17800E3
:1095300003F17702C3008EE740F25452934206D8FB
:109540008B0C03F17D0003F17C02C30083E74FF431
:109550007E737E227FE741F001036B60CCF8001040
:109560004AE700BF3C040020480800205839012089
:10957000004870473C090020704700BF704700BF9B
:10958000704700BF704700BF2DE9F04F01F10B0697
:10959000162E83B0044624D8102900F2BA8000F0B9
:1095A000A3FA102618220220B54F3A44A2F108016E
:1095B00053688B4200F0BA805A68D96822F00302DF
:1095C0001A449D68E9608D60516841F001012046B0
:1095D000516003F1080500F08DFA284603B0BDE89C
:1095E000F08F36F0070600F19480B14200F29180CE
:1095F00000F07AFAB6F5FC7FC0F09A81730A00F0A9
:109600008F80042B00F26F81B30903F1390003F15D
:10961000380CC3009A4F3B44A3F108055B689D4298
:1096200006D10CE0002980F22781DB689D4206D03C
:109630005A6822F00302911B0F29F3DD60463D6951
:10964000DFF850C265457CD06A6822F00302931BA4
:109650000F2B00F37B81002BC7E904CC80F26C81D7
:10966000B2F5007F80F01A81D308796801334FEAA0
:10967000521E012202FA0EF20A4357F833E0C5F8EF
:1096800008E007EBC3010839E9607A6047F8335016
:10969000CEF80C50831001219940914257D81142C5
:1096A00006D120F003004900114200F10400FAD075
:1096B00007EBC0094D468646D5F80C80454508D1D4
:1096C0001DE1002B80F22481D8F80C80454500F084
:1096D0001681D8F8042022F00302931B0F2BF0DD33
:1096E0002046D8E9025408EB060146F00106C8F806
:1096F0000460EC60A56043F00104C7E90411C1E90E
:1097000002CC4C6048F8023000F0F4F908F108058A
:1097100002E00C2323600025284603B0BDE8F08F4B
:109720004FF4007340204FF03F0C73E7D3689A4228
:1097300008BF02307FF440AF3D69DFF858C165458E
:1097400082D17A688310012199409142A7D9BD68DE
:109750006B6823F003094E4503D8A9EB06030F2BD2
:109760007ADCDFF834B1474BDBF800201B680132AC
:10977000334405EB090A00F0338103F580530F33BE
:1097800023F47F6828F00F084146204600F0A4FD2E
:10979000411C024600F0F380824500F2EE803A4B15
:1097A000196841441960084600F04E81DBF800104A
:1097B000019301311BBFA2EB0A0A5044CBF80020F1
:1097C000186012F0070B00F01781CBF108010A4472
:1097D000CBF5805190440831A1EB0801C1F30B0A8D
:1097E00051462046009200F077FD421CDDE900233F
:1097F00000F04F81801A00EB0A081968BA6048F03F
:1098000001005144BD425060196000F02981B9F156
:109810000F0F40F227816868A9F10C0C2CF0070C9F
:1098200000F0010040EA0C0068604FF0050E05EB07
:109830000C00BCF10F0FC0E901EE00F2328150685C
:109840001546124B1A688A4238BF1960104B1A68C5
:109850008A4238BF196094E0AA1943F0010346F028
:1098600001066E602046BA60536000F043F9083587
:10987000284603B0BDE8F08FD9681A44A1E600BFBE
:109880003C0400205839012028390120503901209A
:10989000543901204404002044080020B2F5206F10
:1098A0004FEA522363D3142B00F2B78003F15C011B
:1098B000C9005B3307EB010E7958AEF1080E8E45F7
:1098C00000F091804B6823F00303934202D989682A
:1098D0008E45F7D1D1F80CE07A68C5E9021ECEF8C2
:1098E0000850CD60D6E6142B59D9542B00F29D8038
:1098F000330B03F16F0003F16E0CC3008AE60EF127
:10990000010E1EF0030F05F108057FF4D5AE51E0FE
:10991000424445465368D8F80C1043F001035360A5
:1099200055F8083F2046D9608B6000F0E3F8F3E675
:10993000F00806F1080237E62A442046536843F04F
:1099400001035360083500F0D5F8E5E6A919204673
:1099500046F0010643F001046E60C7E90411C1E955
:1099600002CC4C60AB5000F0C5F80835D4E6930942
:1099700003F13901C90038339CE7BD425FD0BD68AF
:10998000686820F003084645A8EB060302D80F2BB1
:109990003FF762AF204600F0ADF80025BCE603F1CA
:1099A0005C0003F15B0CC30034E659F808394B4501
:1099B00040F0968010F0030F00F1FF30F5D17B6886
:1099C00023EA01037B60490099423FF6C0AE19B912
:1099D000BDE649000EF1040E1942FAD0704667E662
:1099E00003F11008D0E69A104FF001087B6808FADE
:1099F00002F21A437A6070E702EB08014942C1F3B0
:109A00000B0A51462046009200F066FC431CDDE93B
:109A100000237FF4EFAEDA46EFE6542B25D8130B84
:109A200003F16F01C9006E3344E7B3F5AA7F25D86F
:109A3000F30B03F1780003F1770CC300EAE5294B3F
:109A4000186840441860B1E6CAF30B0CBCF1000F73
:109A50007FF4ACAEBD68C84448F001006860F0E631
:109A60001546EEE60123536094E7B3F5AA7F23D8A9
:109A7000D30B03F17801C90077331BE740F254524E
:109A8000934223D8B30C03F17D0003F17C0CC30097
:109A9000C0E5ABF1080BD844A8EB02084FF0000A70
:109AA000ABE605F1080120460093FFF75BFCBD68BB
:109AB000009B68681968C4E640F254518B420BD889
:109AC000930C03F17D01C9007C33F3E64FF47E7300
:109AD0007F204FF07E0C9DE54FF47E717E23E9E6FA
:109AE0007B6870E7283901200148FFF749BD00BFB6
:109AF0001C3901200148FFF745BD00BF1C3901207A
:109B0000C36C70B505460C464BB153F8240080B1C8
:109B1000026843F824200023C0E9033370BD2122EA
:109B2000042100F0FFFC0346E8640028EDD100208A
:109B300070BD012101FA04F6721D9200284600F062
:109B4000F1FC0028F3D0C0E90146E4E731B1C36C71
:109B50004A6853F82200086043F82210704700BF9B
:109B6000F0B50C69064683B00D4601F1140E0020D5
:109B7000DEF800101FFA81FC02FB0C334FEA134C95
:109B8000090C02FB01CC01309BB203EB0C43844275
:109B90004EF8043B4FEA1C43EADC3BB1AA68A24200
:109BA00007DD05EB8402013453612C61284603B0C4
:109BB000F0BD6968019301313046FFF7A1FF019BB9
:109BC0000746B8B12A690193023205F10C019200EF
:109BD0000C30F6F7E3FEF26C6968019B52F8210045
:109BE000286042F821503D4605EB84020134536160
:109BF0002C61DBE7024B03483A46B52100F072FCCA
:109C0000C4C7000858C80008030C1B04D3B90004DB
:109C1000102310F07F4F04BF0002083310F0704F84
:109C200004BF0001043310F0404F04BF8000023332
:109C3000002805DB10F0804F03F1010308BF20234B
:109C4000184670470023E4E7036813F00702014653
:109C500007D0DA071FD4980721D55B080B600120D5
:109C6000704798B2A0B11046DAB20AB908301B0AA0
:109C70001A0704BF1B0904309A0704BF9B0802306F
:109C8000DA0703D45B0800F1010006D00B607047CF
:109C90001B0C1020E8E700207047202070479B082D
:109CA0000B600220704700BF38B5C36C04460D46F8
:109CB0004BB15868B0B102685A6000220123C0E974
:109CC0000435C26038BD2122042100F02BFC03467C
:109CD000E0640028EDD1094B094800224FF4A0713F
:109CE00000F000FC1C220121204600F01BFC002893
:109CF000F1D001220223C0E90123DEE7C4C7000836
:109D000058C800082DE9F04F0E691569AE4285B0BC
:109D10008846144605DB2A46234635460C46164639
:109D20009846A3686168AF19BB42B8BF0131FFF71D
:109D3000E7FE0190002800F08680019B03F11409E2
:109D400009EB870AD14505D24B46002243F8042B84
:109D50009A45FBD808F1140808EB860B04F11403AC
:109D6000D8451A4603EB85055FD22B1B153B23F024
:109D7000030304331534A54238BF0423CDE902A7F9
:109D8000AC461F46924605E0000C29D1C34509F1B7
:109D9000040948D958F8040B85B2002DF4D0564672
:109DA0004C46002356F8040B216882B21FFA81FE4C
:109DB00005FB02EE000C0A0C734405FB002202EBCB
:109DC00013429BB243EA0243B44544F8043B4FEAD2
:109DD0001243E7D849F8073058F8040C000CD5D0E6
:109DE000D9F80030544619464D4600222688090C01
:109DF00000FB06110A449BB243EA024345F8043BC8
:109E000054F8046B2968360C8BB200FB063303EB65
:109E10001243A4454FEA1342E8D8C34549F8073036
:109E200009F10409B6D8DDE902A7002F02DC05E03C
:109E3000013F03D05AF8043D002BF9D00198076187
:109E400005B0BDE8F08F034B0348019A40F25D1165
:109E500000F048FBC4C7000858C8000812F003030C
:109E60002DE9F0411446064632D10D46A41020D00B
:109E7000D6F84880B8F1000F33D0E3074FF0000761
:109E800007D4641015D0D8F80000A8B18046E307C5
:109E9000F7D5424629463046FFF734FFB5B1696829
:109EA000F36C641053F821202A6043F821500546D2
:109EB000E9D12846BDE8F081424641463046FFF7E9
:109EC00021FFC8F8000007608046E0E70546D8E7B4
:109ED000013B0F4A52F823200023FFF741FE0546BD
:109EE000C4E701213046FFF70BFE804640B1012355
:109EF00040F27122C0E904320023B0640360BCE781
:109F0000044B054842464FF4A07100F0EBFA00BF45
:109F1000C8C90008C4C7000858C800082DE9F047A0
:109F20000C4690462669A368496806EB6216751CC4
:109F30009D4207464FEA621904DD5B009D4201F134
:109F40000101FADC3846FFF7DBFD8446002851D0DA
:109F5000B9F1000F00F114000EDD09F105024FEA1E
:109F6000820E03460CEB8202002143F8041B93424D
:109F7000FBD1AEF114031844216904F1140318F065
:109F80001F0803EB81012DD0C8F1200986464FF050
:109F9000000A1A6802FA08F242EA0A024EF8042B92
:109FA00053F8042B994222FA09FAF2D80B1B153BFD
:109FB00023F00303043304F11502914238BF042354
:109FC000BAF1000F18BF2E4640F803A0FB6C626880
:109FD000CCF8106053F822102160604643F822400C
:109FE000BDE8F087043853F8042B40F8042F994259
:109FF000F9D8EBE7034B0448624640F2D91100F070
:10A0000071FA00BFC4C7000858C800080B6984462D
:10A010000069C01A16D10CF1140C14310CEB830238
:10A0200010B401EB830301E0944508D252F8044DCB
:10A0300053F8041D8C42F7D005D24FF0FF305DF885
:10A04000044B7047704701205DF8044B704700BF18
:10A050002DE9F84F0F691369FF1A002F0E4690463D
:10A060007AD101F11405143202EB830205EB83036C
:10A0700001E09D4273D253F8041D52F8044DA142F1
:10A08000F7D064D37168FFF73BFD8146002872D09A
:10A090003569D8F81020C76008F1140E06F11400D5
:10A0A00009F1140A06F1100C0EEB820200EB850791
:10A0B000564600215EF8044B5CF804BFA3B211FAC7
:10A0C0008BF1CB1A210CC1EB1B4101EB23419BB25D
:10A0D00043EA0143724546F8043B4FEA2141E9D87F
:10A0E000A2EB0804153C08F11508424524F00306CC
:10A0F00006F1040638BF0426304424F0030238BFBA
:10A10000002287425244B24416D95646044654F8B7
:10A11000043B11FA83F10A1402EB134289B241EABB
:10A120000243A74246F8043B4FEA2241EFD87A1E89
:10A13000101A20F00302524423B952F8043D013DA5
:10A14000002BFAD0C9F810504846BDE8F88F3346C6
:10A1500001274646984695E7F9DB002792E700215C
:10A16000FFF7CEFC814668B101220023C9E9042330
:10A170004846BDE8F88F074B07484A464FF4107130
:10A1800000F0B0F9034B04484A4640F2322100F097
:10A19000A9F900BFC4C7000858C800082DE9F0435A
:10A1A000884683B0012157EC106B1546FFF7A8FCD9
:10A1B000044600284FD0C7F30A59C7F31303B9F177
:10A1C000000F01D043F48013002E019324D0684681
:10A1D0000096FFF739FD002839D0DDE90013C0F102
:10A1E000200203FA02F20A43C34062610193002B8A
:10A1F00014BF02220122A3612261B9F1000F16D01F
:10A20000A9F233430344C0F13500C8F80030286098
:10A21000204603B0BDE8F08301A8FFF715FD019BC0
:10A220006361012220302261B9F1000FE8D104EB13
:10A230008203A0F23240C8F800001869FFF7E4FC7E
:10A24000C0EB42102860204603B0BDE8F083009BBD
:10A250006361019BCBE7034B0348224640F20A317E
:10A2600000F040F9C4C7000858C8000853EC102B90
:10A2700070B5164E23F000410025B142044605603A
:10A2800021DC10EE106A0E431DD0114E1E40184600
:10A2900066B91946002210EE100A0E4BF6F76CF95B
:10A2A0006FF035050246084621F0004120F0FF40DE
:10A2B000091520F4E000A1F2FE3140F07F5329445B
:10A2C00043F40013216043EC102B70BDFFFFEF7FC0
:10A2D0000000F07F0000504338B5074D00220446CF
:10A2E00008462A60F7F7E4F9431C00D038BD2B6814
:10A2F000002BFBD0236038BD5C39012030B540EA2B
:10A300000104A30701D1032A0FD8844601F1FF3EBF
:10A3100007E01EF8011F03F8011B541EC1B19C4643
:10A3200022466346002AF4D130BD0B4684461946C6
:10A3300053F8045BA5F1013424EA050414F0803FCE
:10A34000E4D1043A032A4CF8045B1946EFD8DDE760
:10A350006244002CE8D003F8011B9342FBD130BDCE
:10A360002DE9F04F936883B09146002B6ED01768AB
:10A370008D6880460C460868083744E0A38913F4CA
:10A38000906F2ED0D4E90415A0EB010A05EB45052A
:10A3900005EBD5750AEB06006D100130A8422A4680
:10A3A00084BF05462A465B0537D511464046FFF770
:10A3B000EBF800283BD0524621690190F6F7EEFAFF
:10A3C000A289019B22F4906242F08002A281A5EB57
:10A3D0000A0203EB0A006561A26023612060354632
:10A3E000B2465946524600F0FDF8A068D9F8081068
:10A3F0002368451B8E1B03EB0A00A5602060C9F88B
:10A4000008601EB3083757E902B6002EFAD0B542ED
:10A41000AA46B3D93546B246E3E7404600F05EF9B6
:10A4200003460028D3D121694046FEF79BFF0C2349
:10A43000C8F80030A389002243F040034FF0FF30FA
:10A44000A381C9E9012203B0BDE8F08F0020C9F85B
:10A45000040003B0BDE8F08F2DE9F047DFF880A0DD
:10A460000646DAF8000098460F469146FFF788F84E
:10A470001A4B1B68D3F8484124B365681F2D26DCAE
:10A480005EB96B1C0235DAF80000636044F8257091
:10A49000FFF778F80020BDE8F08704EB8501012381
:10A4A000C1F88890D4F88821AB401A43022EC4F832
:10A4B0008821C1F80881E4D1D4F88C211343C4F871
:10A4C0008C31DEE703F5A674C3F84841D5E7DAF826
:10A4D0000000FFF757F84FF0FF30DCE74CC70008EB
:10A4E0003804002000B50B4C25681446EE681A4667
:10A4F00085B003460D464CB107490095CDE90114DE
:10A500003046064900F03EF801F0C2FA04490C4614
:10A51000F3E700BF0C000020D4C90008E4C900081C
:10A52000E0C9000810B502FB01F1FFF72DF8044661
:10A5300068B150F8042C22F00302043A242A18D8F7
:10A54000132A06D802460023C2E90033936020464E
:10A5500010BD00231B2AC0E900330FD9242AC0E90B
:10A56000023311BF00F11002036100F118024361D0
:10A57000E9E70021FCF76CF8204610BD00F1080265
:10A58000E1E700BF0EB410B583B005AB064C53F83D
:10A59000042B01930146206800F0C8FA03B0BDE81F
:10A5A000104003B0704700BF0C000020014B93F82F
:10A5B000280170474C08002082B049B15AB16BB1F4
:10A5C00013780B601278101E18BF012002B070477C
:10A5D00001A9002AF3D1104602B070476FF00100C4
:10A5E000F4E700BF88420DD98B1883420AD900EBEB
:10A5F000020CBAB1624613F801CD02F801CD9942BE
:10A60000F9D170470F2A0ED8034602F1FF3C4AB138
:10A610000CF1010C013B8C4411F8012B03F8012FC4
:10A620006145F9D1704740EA01039B0750D1A2F17F
:10A63000100370B501F1200C23F00F0501F1100E8D
:10A6400000F11004AC441B095EF8105C44F8105C87
:10A650005EF80C5C44F80C5C5EF8085C44F8085C3E
:10A660005EF8045C44F8045C0EF1100EE64504F15B
:10A670001004E9D1013312F00C0F01EB031102F0C9
:10A680000F0400EB031327D0043C24F003064FEA29
:10A69000940C1E441C1F8E465EF8045B44F8045F55
:10A6A000B442F9D10CF1010402F0030203EB84037C
:10A6B00001EB840102F1FF3C4AB10CF1010C013BBA
:10A6C0008C4411F8012B03F8012F6145F9D170BDBD
:10A6D00002F1FF3C03469BE72246EBE72DE9F84FEA
:10A6E0001746002900F0988007F10B0580460C46BC
:10A6F000FFF7FAF9162D5DD810252A46AF425ED82D
:10A7000054F8041C21F003069642A4F1080962DA09
:10A71000BC4BD3F808C009EB0600844500F09780D5
:10A72000D0F804C02CF0010303445B68DB0768D455
:10A730002CF0030C06EB0C03934247DACB0710D442
:10A7400054F8083CA9EB030ADAF8043023F00301BB
:10A750008C44B444944580F211817318934280F282
:10A76000E88039464046FEF70FFF0746E0B154F84F
:10A77000043C23F001034B44A0F10802934200F093
:10A78000D280321F242A00F2F580132A00F2AC8016
:10A7900003462246116819605168596092689A60B0
:10A7A00021464046FEF7DEFD4046FFF7A3F9384656
:10A7B000BDE8F88F25F00705002D2A469EDA0C2308
:10A7C000C8F8003000273846BDE8F88F1E46D0E9AB
:10A7D0000223D3609A60731B0F2B22D8D9F8043060
:10A7E00003F0010333434E44C9F80430736843F067
:10A7F0000103736040462746FFF77CF93846BDE801
:10A80000F88FC907ADD454F8083CA9EB030ADAF86D
:10A81000041021F00301A0E7BDE8F84F1146FEF750
:10A82000B3BED9F8041001F001012943C9F804109E
:10A8300009EB05014E4443F001034B60736843F09C
:10A840000103083173604046FEF78CFDD2E7DCF867
:10A85000040020F0030B06EB0B0C05F110008445FF
:10A860004DDAC9073FF57DAF54F8081CA9EB010A82
:10A87000DAF8041021F003018B44B34458453FF744
:10A880006CAF5746DAF80C1057F8080F321F242A1D
:10A89000C160886000F2DB80132A40F2D680216814
:10A8A000CAF808106168CAF80C101B2A00F2DF8091
:10A8B00008340AF110022168116061685160A168D2
:10A8C00091600AEB0501ABEB050242F001029960D1
:10A8D0004A60DAF8043003F001031D434046CAF829
:10A8E0000450FFF707F96EE723680360636843606D
:10A8F0001B2A68D804F1080200F108034AE709EBB3
:10A9000005029A60ACEB050343F00103536054F871
:10A91000043C03F001031D43404644F8045CFFF788
:10A92000E9F827464FE750F8043C23F003031E44A0
:10A9300051E75746DAF80C1057F8080F321F242A4F
:10A94000C16088604CD8132A48D92168CAF8081019
:10A950006168CAF80C101B2A56D808340AF1100294
:10A960001E462368136063685360A3689360D146F2
:10A970003C4630E72146FFF735FE11E7D0E90213E8
:10A980005746CB60996057F8081FDAF80C30CB6057
:10A99000321F242A99602DD8132A29D92368CAF88E
:10A9A00008306368CAF80C301B2A42D808340AF110
:10A9B000100322681A6062685A60A2689A6066464C
:10A9C000D1463C4607E7A3688360E368C360242A56
:10A9D00026D004F1100200F11003DBE63A46BFE78F
:10A9E000214638461E46D146FFF7FCFD3C46F2E6BE
:10A9F0003B46DEE7214638466646D146FFF7F2FD84
:10AA00003C46E8E63C040020A168CAF81010E16862
:10AA1000CAF81410242A20D010340AF118029FE733
:10AA2000236903616169416104F1180200F11803AF
:10AA3000B0E6A368CAF81030E368CAF81430242AD4
:10AA400021D010340AF11803B3E73A4633E7214620
:10AA50003846FFF7C7FD164B33E72269CAF81820BE
:10AA60006269CAF81C2018340AF1200278E7A1684C
:10AA7000CAF81010E168CAF81410242A0DD0103456
:10AA80000AF1180217E72369CAF818306369CAF88F
:10AA90001C3018340AF120038BE72269CAF8182009
:10AAA0006269CAF81C2018340AF1200203E700BFCB
:10AAB0003C0400202DE9F84F4B6E9C0490462DD5A8
:10AAC0009368126843B38B46064602F1080959E9B8
:10AAD000025A5FEA9A0715D0043D002401E0A7421C
:10AAE0000ED055F8041F5A46304601F08BF9431C2E
:10AAF00004F10104F3D10023C8E90133BDE8F88F64
:10AB0000D8F808302AF0030AA3EB0A03C8F8083083
:10AB100009F10809002BDAD10020ECE701F0A6F9D1
:10AB20000023C8E90133BDE8F88F00BF2DE9F04FDD
:10AB30002DED028BBBB008EE101A08EE900A1C46F1
:10AB40001746039318B1836B002B00F09C8218EE1C
:10AB5000102A536EDE0740F19E81B2F90C108AB2C2
:10AB6000900409D441F4005218EE101A4B6E8A81F9
:10AB700023F4005392B24B66110740F1F88018EEAF
:10AB8000103A1B69002B00F0F28002F01A030A2B26
:10AB900000F0FE8011AB0E930023CDE90F33CDE919
:10ABA000083306930DF14409079302933B78002B79
:10ABB00000F05B813C4604E014F8013F002B00F0FC
:10ABC0003481252BF8D1E51B40F031812378002B0F
:10ABD00000F04B814FF0000300258DF83330671CE7
:10ABE000637801954FF0FF3B2B240137A3F120023E
:10ABF0005A2A00F26181DFE812F0AB025F015F01C7
:10AC0000A7025F015F015F016A005F015F01490206
:10AC10007E025F015402B9025F01B5025B005B0076
:10AC20005B005B005B005B005B005B005B005F0147
:10AC30005F015F015F015F015F015F015F015F0114
:10AC4000360284005F015F015F015F015F015F0108
:10AC50005F015F015F015F01E5005F015F015F016F
:10AC60001A025F016C025F015F0148055F015F012D
:10AC70005F015F015F015F015F015F015F015F01D4
:10AC8000360286005F015F015F016202860080007C
:10AC90005F0158025F019402E700820280005F01B9
:10ACA0001A027E0068055F015F016A055F017E0090
:10ACB000A3F13002002117F8013B01EB810102EB07
:10ACC0004101A3F13002092AF5D901918EE718EE6E
:10ACD000900AFEF74DFC436808931846F5F710FFFD
:10ACE0000990064618EE900AFEF742FC8368079327
:10ACF000002E40F0A5843B7877E73B7845F02005AF
:10AD000073E745F01005AC06039E40F182810736DB
:10AD100026F007063246736852F8086B039298468D
:10AD2000002BC0F25584BBF1FF3F00F03A8556EA94
:10AD3000080325F0800A00F030840A2E78F1000321
:10AD400080F0E784303601238DF8E76055460093A4
:10AD50000DF1E704009A9DF833305A45B8BF5A46C2
:10AD60009046002B00F0B78002F10108B3E018EE26
:10AD7000101A18EE900A18EE105A00F01FFE002864
:10AD800040F0A885AA8902F01A030A2B7FF402AFCB
:10AD900018EE101AB1F90E30002BFFF6FBAE4B6E19
:10ADA000DE0702D4950540F1738518EE101A18EEEF
:10ADB000900A23463A463BB0BDEC028BBDE8F04F0B
:10ADC00000F0AEBD45F0100515F0200800F012812E
:10ADD000039E073626F007063346D6F8048053F85C
:10ADE000086B039325F4806A00234FF000028DF86E
:10ADF0003320BBF1FF3F00F0D38156EA08022AF06E
:10AE0000800540F0CC81BBF1000F40F0CD84002BD9
:10AE100040F0C8831AF00103009300F0F883302358
:10AE20008DF8E7300DF1E70494E7E51B1DD00F9B8B
:10AE3000109A01332A44072BC9E9007510920F9329
:10AE400005DC09F10809029B2B440293BEE6002AA7
:10AE500000F09F8318EE101A18EE900A0EAAFFF762
:10AE600029FE40B90DF14409EDE7109B002B40F09D
:10AE7000208500230F9318EE102A536ED90740F156
:10AE8000AE8093895B0600F12E8502983BB0BDEC45
:10AE9000028BBDE8F08FB2F90C108D0518EE103A58
:10AEA0008AB23FF55DAE18EE105A986DFEF768FB5A
:10AEB000B5F90C108AB253E6002BD6D08DF8843049
:10AEC0004FF001084FF000038DF83330CDF80080CB
:10AED00021AC4FF0000B15F00203049318BF08F1EA
:10AEE000020815F08403059305D1019BA3EB080626
:10AEF000002E00F37F82DDE90F21501C9DF83360A6
:10AF00008EB10DF133020131C9F8002007284FF04E
:10AF10000102CDE90F01C9F8042000F34C8202467A
:10AF200009F108090130049BEBB10DAB0231C9F8FE
:10AF3000003007284FF00203CDE90F01C9F80430B3
:10AF400040F35382002900F01F8318EE101A18EE08
:10AF5000900A0EAAFFF7AEFD00288CD1DDE90F2183
:10AF60000DF14409501C059B802B00F05A81009B79
:10AF7000ABEB0306002E00F3BD81009BC9F8004037
:10AF800019440728CDE90F01C9F8043040F3468180
:10AF9000002900F0858218EE101A18EE900A0EAA09
:10AFA000FFF788FD00287FF466AF10990DF1440982
:10AFB000680705D5019BA3EB0804002C00F37A82F7
:10AFC000DDE901234245ACBF9B18434402930029AD
:10AFD00040F0E08100230F930DF14409E6E59389E9
:10AFE0009A053FF54FAF18EE104AA06DFEF7CAFA6A
:10AFF000A38947E715F0100340F03A8315F04002AB
:10B0000000F0F983039A52F8046B03929846B6B2A3
:10B01000E8E656F8043B0396E80600F10483690667
:10B0200040F1FE8243F3C0381EB2434678E6039EE9
:10B0300056F8044B4FF000038DF83330002C00F02D
:10B04000C183BBF1FF3F00F045835A4600212046F3
:10B05000F5F7C6FD002800F02084031B009303963B
:10B060004FF0000B76E6039E4FF000038DF833306F
:10B070004FF0010856F8043B8DF884300396CDF864
:10B08000008021AC25E700F0D7FD60E5039B53F875
:10B09000042B0192002A80F2B682019A0393524255
:10B0A00001923B7845F004059FE53B786C2B03BF8C
:10B0B0007B7845F02005013745F0100595E53B7894
:10B0C000682B03BF7B7845F40075013745F04005D8
:10B0D0008BE545F0100A1AF0200800F06A82039E02
:10B0E000073626F007063346D6F8048053F8086B77
:10B0F0000393012379E63B788DF8334075E5039B94
:10B1000053F8046B039330238DF8343078238DF893
:10B110003530C14B069345F0020A4FF00008022378
:10B1200063E6AE0600F19A82EC0600F143836806FE
:10B1300000F1A083A90540F13D83039E029A56F8D1
:10B14000043B03961A7031E53B7845F001054CE568
:10B150009DF83330002B7FF4CEAD20238DF83330B3
:10B160003B7842E53B7845F080053EE5394611F8ED
:10B17000013B2A2B00F0C083A3F13002092A0F46BD
:10B180004FF0000B3FF632AD17F8013B0BEB8B0B8A
:10B1900002EB4B0BA3F13002092AF5D926E5AA46AA
:10B1A000012B3FF4CAAD022B3AAC12D1069A06F03D
:10B1B0000F033609D35C04F8013D46EA08764FEAEE
:10B1C000181856EA0803F2D13AAB1B1B55460093F8
:10B1D000C0E506F00703F60846EA48764FEAD808C5
:10B1E000303356EA0801224604F8013DF1D11AF045
:10B1F000010FE9D0302BE7D03023023A04F8013CAC
:10B200003AAB9B1A554600931446A3E50099119456
:10B210000123129110910F930DF1440909F10809CE
:10B22000C6E6019BA3EB0806002E7FF7A0AE102E0A
:10B2300040F35E83DFF8E4A15346CDE90445BA4606
:10B2400018EE904A18EE105A084696461F4607E038
:10B250000EF1020C09F108099646103E102E1FDD72
:10B260000EF1010210301023072ACDE90F20C9F892
:10B270000070C9F80430EBDD0EAA002800F09580BC
:10B28000294620460DF14409FFF714FC00287FF4FD
:10B29000F2ADDDE90FE0103E102E0EF1010CDFDC07
:10B2A000DDE904453B46014657469A463144BCF128
:10B2B000070FCDE90FC1C9F800A0C9F8046040F339
:10B2C000A981002900F0C68218EE101A18EE900A23
:10B2D0000EAAFFF7EFFB00287FF4CDAD009BDDE960
:10B2E0000F21ABEB0306002E02F101000DF1440922
:10B2F0007FF743AE102EDFF824A137DD5346CDE9AA
:10B300000445BA4618EE904A18EE105A4FF0100B4A
:10B31000084694461F4607E00CF1020E09F10809A1
:10B320009446103E102E1ADD0CF101021030072A4F
:10B33000C9E9007BCDE90F20EEDD0EAA20B3294636
:10B3400020460DF14409FFF7B5FB00287FF493ADCB
:10B35000DDE90FC0103E102E0CF1010EE4DCDDE93A
:10B3600004453B460146574670469A4631440728F5
:10B37000CDE90F01C9F800A0C9F8046000F3EE8020
:10B3800009F108090130F8E54FF0010E84460DF18E
:10B390004409C6E718EE101A18EE900A0EAAFFF735
:10B3A00089FB00283FF416AE65E54FF0010C864698
:10B3B0000DF1440951E7002900F0E38018EE101A5E
:10B3C00018EE900A0EAAFFF775FB00287FF453AD24
:10B3D000DDE90F210DF14409501CA4E502210DAB5C
:10B3E0001291119301200DF14409024609F1080957
:10B3F000501CB8E5102E40F35682DDE90FC1DFF88E
:10B4000020A0CDE90A451023544618EE105A18EE34
:10B4100090AA08460EE000BF60C7000834CA0008C2
:10B4200024CA00080CF1020E09F108099446103EE6
:10B43000102E1CDD0CF101021030072AC9E900436F
:10B44000CDE90F20EEDD0EAA20B3294650460DF1BE
:10B450004409FFF72FFB00287FF40DADDDE90FC095
:10B46000103E102E0CF1010E4FF01003E2DCA2464C
:10B470000B9D0A9C014672463144072ACDE90F21F3
:10B48000C9F800A0C9F8046000F3AB8009F108090D
:10B49000501C33E584464FF0010E0DF14409C6E718
:10B4A0006C070F9152D5019BA3EB0804002C4DDDD6
:10B4B0000DF14409102C40F30882DFF85CA40F9AC8
:10B4C0000B46BB464946574618EE109A18EE90AA0E
:10B4D000102505E0901C08313246103C102C18DD78
:10B4E000561C1033072EC1E90075CDE90F63F1DD5D
:10B4F0000EAA3BB349465046FFF7DCFA00287FF41A
:10B50000BAACDDE90F23103C102C02F1010011A9A7
:10B51000E6DC8946BA4619465F4621440728C9E950
:10B5200000A4CDE90F017FF74BAD79B118EE101AE9
:10B5300018EE900A0EAAFFF7BDFA00287FF49BAC24
:10B5400010993DE501201A4611A9C6E7DDE901235E
:10B550004245ACBF9B18434402933BE500293FF4AE
:10B5600055AE18EE101A18EE900A0EAAFFF7A2FABE
:10B5700000287FF480AC0F98109901300DF1440938
:10B58000FBE4049B002B79D101200A460DF144090C
:10B59000E9E40F920DF1440955E4BBF1000F7FF48B
:10B5A000D1AB55464FF0000BCDF800B03AACFFF7E9
:10B5B000D1BB1AF010033CD11AF0400200F00C810C
:10B5C000039A52F8046B03929846B6B201230CE436
:10B5D0002D2376428DF8333068EB4808AA460123C4
:10B5E00007E400297FD018EE101A18EE900A0EAA70
:10B5F000FFF760FA00287FF43EACDDE90F210DF182
:10B600004409501C7AE403933B78FFF7EEBA3AAC56
:10B61000FFF7A0BB09F108090CF101006246A6E49E
:10B62000AA0500F12F814FEAE3781E464346FFF753
:10B6300077BB039B53F8046B03930123FFF7D5BB40
:10B64000079B002B3FF457AB079B1B78002B3FF465
:10B6500052AB3B7845F48065FFF7C7BADDE90216C7
:10B6600056F8042B0396CB17C2E90013FFF79EBAD6
:10B67000039B53F8046B0393FFF7B4BB02210DAB9C
:10B68000129111930DF14409B0E6A04A069215F00B
:10B69000200836D0039E073626F007063246D6F835
:10B6A000048052F8086B0392EA0709D556EA0802AB
:10B6B00006D08DF83530302345F002058DF8343052
:10B6C00025F4806A0223FFF790BBAA4603E5904A5F
:10B6D0000692DCE720460396F5F712FA4FF0000BCE
:10B6E0000090FFF737BB9DF83320002A00F0B880A8
:10B6F00001200DF13302129011920DF1440901461F
:10B700000DE415F0100242D0039A52F8046B039234
:10B71000CAE70AF48063CDF800A0CDF81090BA46CD
:10B72000DDF81C9000253AAC1F4609E03046414642
:10B73000F5F76CFB0A2E78F100031BD3064688460A
:10B74000304641460A220023F5F760FB11463031AE
:10B7500004F8011C0A220023013C0135002FE5D02A
:10B7600099F80010A942E1D1FF2DDFD00A2E78F11F
:10B7700000035BD257463AABDDF800A0CDF81C9031
:10B780001B1BDDF8109000935546FFF7E3BA15F048
:10B7900040013ED0039951F8046B03919046B6B234
:10B7A00082E7AA46FFF7C9BA012BAA467FF4FBAC91
:10B7B000FFF7C8BA039E029A56F8043B1A60039634
:10B7C000FFF7F4B95B46062B28BF0623514C0093C4
:10B7D00003969846FFF77DBB039B1AF4007814BFCD
:10B7E00053F8046B53F8046B03931CBF9046F6B2F6
:10B7F0000123FFF7FABA039B15F4007814BF53F83E
:10B80000046B53F8046B03931CBF9046F6B2FFF72A
:10B81000E9BA039A15F4007814BF52F8046B52F891
:10B82000046B03921CBF8846F6B23DE7099B08995A
:10B83000E41A1A462046FEF761FD99F801300BB173
:10B8400009F10109304641460A2200230025F5F797
:10B85000DDFA73E701200A460DF14409FFF787BBC3
:10B86000049B002B7FF4BAAD0A4601200DF1440978
:10B87000FFF77DBB039E029A56F8043B03961A809D
:10B88000FFF794B943F3C0185EB24346FFF748BAD6
:10B89000886DFDF777FEFFF788BACDF800B0039604
:10B8A0008346FFF757BA0F9A1099DFF86CA0013260
:10B8B000E2E518EE101A18EE900A0EAAFFF7FAF851
:10B8C00000283FF4D6AAFFF7D6BA0F98DFF848A0B1
:10B8D000013022E66B6EDB0705D4AB899F0502D4ED
:10B8E000A86DFDF74FFE4FF0FF330293FFF7CDBA7F
:10B8F000DFF828A08446D9E4039A7B780F4652F8F3
:10B90000041B039241EAE17BFFF76FB974C700089B
:10B9100060C7000888C7000824CA000834CA0008A5
:10B9200070B50C468989ADF58E6D21F00201ADF838
:10B930001410616E1B91E189ADF81610E16909914F
:10B94000616A0B911CA9029106914FF48061064631
:10B950000491079118A80021CDE900320891FDF764
:10B960000BFEDDE9003202A93046FFF7DFF8051EC5
:10B9700007DB02A9304600F02BF9002818BF4FF072
:10B98000FF35BDF814305B0603D5A38943F04003AF
:10B99000A3811898FDF7F2FD28460DF58E6D70BD58
:10B9A00049B1FF2A02D80A70012070478A23036038
:10B9B0004FF0FF3070470846704700BF38B5334B33
:10B9C0001B6805460C460BB19A6B12B3B4F90C30E8
:10B9D00018079AB225D5216900292DD012F001004F
:10B9E00007D00020A06060694042A06139B100200A
:10B9F00038BD950758BF6069A0600029F7D11206CD
:10BA000058BF0846F4D543F04003A3814FF0FF3000
:10BA100038BD184600F010F9B4F90C3018079AB286
:10BA2000D9D4D1062AD5520714D4216943F008038A
:10BA3000A3819AB20029D1D102F42070B0F5007F21
:10BA4000CCD02146284600F0ADFBB4F90C3021697A
:10BA50009AB2C3E7216B51B104F14002914204D084
:10BA60002846FDF77FFCB4F90C30002222632169DF
:10BA70000022C4E9001223F02403D7E7092243F08F
:10BA800040032A604FF0FF30A38138BD0C00002036
:10BA900008B5062000F0F6FB0120F5F792FD00BF87
:10BAA000B1F90C202DE9F0410C461107804647D42E
:10BAB000636842F40062002BA2815EDDA56A002D5E
:10BAC00058D00023D8F80060C8F8003093B212F4C0
:10BAD000805256D10123E1694046A847431C67D0F4
:10BAE000A389A56A5F0705D56368C01A236B0BB1EC
:10BAF000E36BC01AE169024600234046A847411C97
:10BB000041D1D8F80030002B3DD01D2B01D0162B91
:10BB100056D1A3892269226023F400630021616069
:10BB2000A381216BC8F8006021B304F1400399425E
:10BB300002D04046FDF716FC00202063BDE8F081EE
:10BB40002669BEB193B2256826609A070CBF636967
:10BB50000023AD1BA3600BE02B463246E169676A08
:10BB60004046B847B0F1000CA5EB0C05664417DD64
:10BB7000002DF1DC0020BDE8F081E36B002B9DDCA3
:10BB8000F8E7206DAEE7B4F90C302269226023F4A7
:10BB90000063A3810022DB046260C2D52065C0E798
:10BBA000A38943F040034FF0FF30A381BDE8F0814B
:10BBB000D8F80030002B93D01D2B06D0162B04D0C4
:10BBC000A38943F04003A381D5E7C8F80060D1E71B
:10BBD00038B50C46054608B1836BA3B1B4F90C0027
:10BBE000B8B1636EDB0701D4810515D5284621461F
:10BBF000FFF756FF636EDA07054602D4A3899B055B
:10BC00000ED5284638BD00F017F8B4F90C0000280E
:10BC1000E7D10546284638BDA06DFDF7B1FCE5E744
:10BC2000A06DFDF7AFFC284638BD00BF014900F00C
:10BC300095BA00BFD9C400082DE9F04782463948BB
:10BC4000FDF79EFCDAF83840002C66D1DAF8045093
:10BC5000354ACAF83C200323CAE9B843DFF8DC9030
:10BC6000DFF8DC80314F324E04230AF53B72CAF80C
:10BC7000E8222146C5E90243C5E90044C5E9044478
:10BC80006C660822AC6105F15C00FAF7E1FCC5E9DD
:10BC90000759C5E90987EE6205F15800FDF76CFC0C
:10BCA000DAF80850234BEB602146C5E90044C5E9AA
:10BCB00004446C66AC60AC61082205F15C00FAF7E4
:10BCC000C7FCC5E90759C5E90987EE6205F15800C7
:10BCD000FDF752FCDAF80C50174BEB602146C5E932
:10BCE0000044C5E904446C66AC60AC61082205F10F
:10BCF0005C00FAF7ADFC05F15800C5E90759C5E944
:10BD00000A76C5F82480FDF737FC0123CAF83830DD
:10BD10000448BDE8F047FDF735BCBDE8F0470148F1
:10BD2000FDF730BC243901202DBC000875C3000884
:10BD300095C30008090001001200020011C30008A9
:10BD400035C300080148FDF71BBC00BF20390120A6
:10BD50000148FDF717BC00BF203901202DE9F0474D
:10BD600082B0824688461446FEF720FC012803D1A3
:10BD700008F1FF33FE2B36D9424604F15C0301A9DA
:10BD8000504600F063FB421C064632D030B39DF8AB
:10BD900004C00DF10509002509E023685A1C226042
:10BDA00083F800C00135B54218D219F801CBA36859
:10BDB000013B002BA360F0DAA769BB426146224633
:10BDC000504602DBBCF10A0FE7D100F0E7FA431C52
:10BDD000E8D10646304602B0BDE8F0874646304618
:10BDE00002B0BDE8F0875FFA88FC8DF804C0064613
:10BDF000CFE7A389304643F04003A38102B0BDE8FA
:10BE0000F08700BF30B5536E13F0010FB2F90C305C
:10BE1000144683B005469AB201D198051CD590040A
:10BE200006D4626E43F4005342F40052A38162666A
:10BE300022462846FFF792FF636EDA07054602D4D2
:10BE4000A3899B0502D5284603B030BDA06DFDF740
:10BE500099FB284603B030BDA06D0191FDF790FB22
:10BE6000B4F90C3001999AB2D9E700BF9368002B5E
:10BE700000F085802DE9F04FB1F90C300C46190720
:10BE8000804683B0174698B225D523691BB310F0BE
:10BE900002033D682DD04FF0000ADFF8BCB25646D1
:10BEA000B9465E453346524628BF5B464046002EA3
:10BEB00052D0E169676AB847002856DDD9F80830E2
:10BEC0001B1A8244361AC9F80830002BE9D1002029
:10BED00003B0BDE8F08F21464046FFF76FFD002814
:10BEE00040F03681B4F90C303D6898B210F002038E
:10BEF000D1D110F0010944D14E46009746B38205D6
:10BF0000D4F808B040F18380B3455A4600F2B280BD
:10BF100010F4906F40F0BF80206801924946FEF710
:10BF200061FBA368019AA3EB0B012368A160134492
:10BF3000B24623600026009B9868A0EB0A00D1441B
:10BF400098600028C3D0B4F90C0080B2002ED6D17E
:10BF5000D5E900960835D1E7D5E900A60835A0E770
:10BF600021464046FFF734FE80B3B4F90C3043F06D
:10BF700040034FF0FF30A38103B0BDE8F08F0020F5
:10BF800070471E46AA46994618461D46009756B366
:10BF900088B34A46D4E904132068B24228BF324627
:10BFA000884205D9A16803EB010B5A4500F3A6802E
:10BFB000934263DCE169676A2A464046B847B0F1BC
:10BFC000000BD2DDB9EB0B09CAD00120009A9368AF
:10BFD000A3EB0B035D44A6EB0B069360002B3FF431
:10BFE00076AF002ED4D10AF1080353E902569A46DF
:10BFF0000833002EF9D032460A212846F4F7F0FD26
:10C00000002800F09C800130A0EB0509C1E7206802
:10C010002369984216D86369B34213D86FF000427F
:10C02000B24228BF3246E16992FBF3F2676A02FB33
:10C0300003F340464A46B847B0F1000A95DDA6EB47
:10C040000A0678E7B345DA4628BFB2465246494663
:10C05000FEF7C8FAA3682268A3EB0A035244A36060
:10C060002260002BEBD121464046FFF7B1FD0028AE
:10C07000E5D07AE72068B34632464EE7294601927A
:10C08000FEF7B0FA019AA3689B1AA36023681344D1
:10C090002360934696E723682169A3EB010B63694C
:10C0A00003EB430A0AEBDA7A0BF101034FEA6A0A5F
:10C0B00033445345524684BF9A46524643052CD5D5
:10C0C00011464046FDF760FA00283BD05A462169E8
:10C0D0000190F4F763FCA289019B22F4906242F084
:10C0E0008002A28103EB0B002361AAEB0B03C4F8CF
:10C0F00014A0A3602060B34632460EE729465A4694
:10C10000FEF770FA23685B44236021464046FFF740
:10C110005FFD00283FF456AF27E74046FEF7DEFA02
:10C1200003460028DED121694046FDF71BF9B4F92A
:10C130000C300C2223F08003C8F8002017E7721C93
:10C14000914627E70C22B4F90C30C8F800200EE71E
:10C150004FF0FF30BCE600BF00FCFF7F2DE9F84345
:10C160000746884600F538764FF00009D6E90154B5
:10C17000013D11D4A389012B05F1FF3508D9B4F98C
:10C180000E300133214603D03846C04749EA000942
:10C190006B1C04F16804EDD13668002EE6D14846E8
:10C1A000BDE8F8832DE9F0418B890C46990796B0DC
:10C1B00008D504F143030122C4E90432236016B018
:10C1C000BDE8F081B4F90E100029064627DB6A4667
:10C1D00000F0E8F9002821DB019D05F47045A5F584
:10C1E0000055B5FA85F54FF480686D094FF4006786
:10C1F00041463046FDF7C8F9B4F90C30F0B1204A99
:10C20000F26343F08003C4F81480A38120602061AE
:10C2100035BB3B43A38116B0BDE8F081A38913F081
:10C22000800519D04FF0400841463046FDF7ACF983
:10C230000025B4F90C302F460028E0D19A05BED471
:10C2400023F0030304F1430243F002030121C4E994
:10C250000421A3812260B2E74FF480682F46C7E72C
:10C26000B4F90E10304600F0B3F910B9B4F90C303F
:10C27000CFE7A38923F0030343F001031BB2C8E710
:10C280002DBC000838B5154B1F281D6820D8D5F8DF
:10C29000DC22044662B152F820304BB1012B15D09C
:10C2A000591C0FD0002542F820509847284638BD29
:10C2B000284600F02BF8224601462846BDE83840C3
:10C2C00000F00EB816232B60012038BD002038BDC9
:10C2D00016232B604FF0FF3038BD00BF0C0000204C
:10C2E00070B50C46084D03460026204611461C46F4
:10C2F0002E60F5F756F9431C00D070BD2B68002B5B
:10C30000FBD0236070BD00BF5C390120F5F741B957
:10C3100010B50C46B1F90E1000F082F9002803DBCD
:10C32000236D0344236510BDA38923F48053A381A7
:10C3300010BD00BF2DE9F0410C46B1F90C101F46AD
:10C34000CB05054616460BD421F48051A1813B460E
:10C35000B4F90E1032462846BDE8F04100F094B81A
:10C36000B4F90E100223002200F044F9B4F90C10C5
:10C37000EAE700BF10B50C46B1F90E1000F03AF92B
:10C38000A389421C0EBF23F4805343F480532065DD
:10C39000A38110BDB1F90E1000F08CB8F8B50D46B0
:10C3A0001446064610B1836B002B43D0B4F90C2021
:10C3B000A369A360170790B21BD52369CBB1EDB277
:10C3C00081042F4622D522686169D31A994229DD5A
:10C3D0000133A1680139A160511C216015706269A7
:10C3E0009A422AD0A389DB0701D50A2D25D03846E9
:10C3F000F8BD21463046FFF7E1FA20BBB4F90C2026
:10C40000236990B2EDB281042F46DCD442F400528D
:10C41000A281626E616922F4005262662268D31AB8
:10C420009942D5DC21463046FFF7D2FB58B9226845
:10C430000123CEE7FFF700FCB8E721463046FFF7BF
:10C44000C7FB0028D3D04FF0FF37D0E770B50546C3
:10C4500084B01C4639B10B4ED6F8E060B047431C9F
:10C4600009D004B070BD0A460649D1F8E06001A9C0
:10C47000B047431CF5D100228A2322602B6004B010
:10C4800070BD00BF4C08002038B50C46084D8446EE
:10C49000114620461A4600232B606446F5F7B8F88B
:10C4A000431C00D038BD2B68002BFBD0236038BD67
:10C4B0005C39012038B5074D0022044608462A6041
:10C4C000F5F7C2F8431C00D038BD2B68002BFBD019
:10C4D000236038BD5C39012070B500294BD0064679
:10C4E0000C4610B1836B002B48D0636ED80734D54F
:10C4F000B4F90C30002B3ED021463046FFF7D0FA7D
:10C50000E36A054633B1E169304698470028B8BF71
:10C510004FF0FF35A3891A063BD4216B41B104F1DA
:10C520004003994202D03046FCF71CFF00232363EE
:10C53000616C21B13046FCF715FF00236364FFF7FF
:10C5400001FC636E0022DB07A28127D5A06DFDF7F9
:10C5500015F8FFF7FDFB284670BDA3899905CBD4DC
:10C56000A06DFDF70DF8B4F90C30002BC4D1656E49
:10C5700015F0010508D00025284670BDFFF75CFBCB
:10C58000636ED807B4D4E8E7A06DFCF7FBFF28463C
:10C5900070BD21693046FCF7E5FEBEE7A06DFCF7F3
:10C5A000F1FFD3E770B50C46084D03460026204640
:10C5B00011461C462E60F5F753F8431C00D070BDA1
:10C5C0002B68002BFBD0236070BD00BF5C390120BD
:10C5D00038B5074D0022044608462A60F5F750F8A2
:10C5E000431C00D038BD2B68002BFBD0236038BD26
:10C5F0005C39012038B50C46084D8446114620466A
:10C600001A4600232B606446F5F745F8431C00D01A
:10C6100038BD2B68002BFBD0236038BD5C3901206E
:10C6200038B50C46084D8446114620461A4600236C
:10C630002B606446F4F7CFFF431C00D038BD2B6855
:10C64000002BFBD0236038BD5C390120F8B500BF5A
:10C65000F8BC08BC9E467047F8B500BFF8BC08BCE3
:04C660009E4670473B
:10C6680073756363657373006661696C6564000064
:10C6780073656E642064617461312025730D0A004E
:10C6880073656E642064617461322025730D0A003D
:10C698007265636569766520646174613A20256412
:10C6A8000D0A0000726563656976652064617461CE
:10C6B800206661696C6564206265636175736520D5
:10C6C80025640D0A000000006C65645F7461736B7B
:10C6D800000000006372656174652025732025736E
:10C6E8000D0A000073656E645F7461736B0000006F
:10C6F800726563656976655F7461736B000000003D
:10C7080071756575650000007175657565310000A6
:10C7180073746172745F7461736B000049444C45B3
:10C7280000000000546D722053766300546D7251FE
:10C7380000000000000000000102030401020304DD
:10C748000607080910000020494E4600696E660079
:10C758004E414E006E616E0030313233343536371B
:10C768003839616263646566000000003031323335
:10C7780034353637383941424344454600000000D5
:10C78800286E756C6C2900003000000020202020E5
:10C798002020202020202020202020203030303051
:10C7A8003030303030303030303030304E614E0044
:10C7B800496E66696E6974790000000042616C6CAC
:10C7C8006F632073756363656564656400000000CA
:10C7D8002F6D6E742F776F726B73706163652F772F
:10C7E8006F726B73706163652F4743432D31302D32
:10C7F800706970656C696E652F6A656E6B696E73BA
:10C808002D4743432D31302D706970656C696E6515
:10C818002D34385F32303230313132345F31363096
:10C82800363138303634312F7372632F6E65776C3A
:10C8380069622F6E65776C69622F6C6962632F730A
:10C8480074646C69622F64746F612E630000000069
:10C858002F6D6E742F776F726B73706163652F77AE
:10C868006F726B73706163652F4743432D31302DB1
:10C87800706970656C696E652F6A656E6B696E7339
:10C888002D4743432D31302D706970656C696E6595
:10C898002D34385F32303230313132345F31363016
:10C8A800363138303634312F7372632F6E65776CBA
:10C8B80069622F6E65776C69622F6C6962632F738A
:10C8C80074646C69622F6D707265632E630000007A
:10C8D8000080E03779C34143176E05B5B5B8934674
:10C8E800F5F93FE9034F384D321D30F94877825A40
:10C8F8003CBF737FDD4F1575000000000000F03F5E
:10C908000000000000002440000000000000594022
:10C918000000000000408F40000000000088C34075
:10C9280000000000006AF8400000000080842E41EA
:10C9380000000000D01263410000000084D7974136
:10C948000000000065CDCD41000000205FA002423C
:10C95800000000E876483742000000A2941A6D42B1
:10C96800000040E59C30A2420000901EC4BCD642A4
:10C9780000003426F56B0C430080E03779C341434F
:10C9880000A0D8855734764300C84E676DC1AB43C5
:10C99800003D9160E458E143408CB5781DAF1544E3
:10C9A80050EFE2D6E41A4B4492D54D06CFF08044BE
:10C9B800F64AE1C7022DB544B49DD9794378EA44D3
:10C9C80005000000190000007D0000002C2066759D
:10C9D8006E6374696F6E3A200000000061737365BE
:10C9E8007274696F6E2022257322206661696C65F6
:10C9F800643A2066696C6520222573222C206C69B4
:10CA08006E65202564257325730A00004300000025
:10CA1800504F5349580000002E00000020202020CD
:10CA280020202020202020202020202030303030BE
:10CA3800303030303030303030303030002020204E
:10CA480020202020202028282828282020202020B6
:10CA58002020202020202020202020202088101086
:10CA680010101010101010101010101010040404E2
:10CA780004040404040404101010101010104141A0
:10CA8800414141410101010101010101010101018E
:10CA980001010101010101011010101010104242A2
:10CAA800424242420202020202020202020202025E
:10CAB80002020202020202021010101020000000FE
:10CAC800000000000000000000000000000000005E
:10CAD800000000000000000000000000000000004E
:10CAE800000000000000000000000000000000003E
:10CAF800000000000000000000000000000000002E
:10CB0800000000000000000000000000000000001D
:10CB1800000000000000000000000000000000000D
:10CB280000000000000000000000000000000000FD
:10CB380000000000000000000000000000000000ED
:08CB4800F442FF7F0100000030
:08CB50000D820008E501000858
:04CB5800C10100080F
:10CB5C000024F400AAAAAAAA0400000010000020D5
:10CB6C0000000000FC02002064030020CC03002025
:10CB7C0000000000000000000000000000000000A9
:10CB8C000000000000000000000000000000000099
:10CB9C000000000000000000000000000000000089
:10CBAC000000000000000000000000000000000079
:10CBBC000000000000000000000000000000000069
:10CBCC000000000000000000000000000000000059
:10CBDC000000000000000000000000000000000049
:10CBEC000000000000000000000000000000000039
:10CBFC000000000000000000000000000000000029
:10CC0C000000000000000000010000000000000017
:10CC1C000E33CDAB34126DE6ECDE05000B000000DC
:10CC2C0000000000000000000000000000000000F8
:10CC3C0000000000000000000000000000000000E8
:10CC4C0000000000000000000000000000000000D8
:10CC5C0000000000000000000000000000000000C8
:10CC6C0000000000000000000000000000000000B8
:10CC7C0000000000000000000000000000000000A8
:10CC8C000000000000000000000000000000000098
:10CC9C000000000000000000000000000000000088
:10CCAC000000000000000000000000000000000078
:10CCBC000000000000000000000000000000000068
:10CCCC000000000000000000000000000000000058
:10CCDC000000000000000000000000000000000048
:10CCEC000000000000000000000000000000000038
:10CCFC000000000000000000000000000000000028
:10CD0C000000000000000000000000000000000017
:10CD1C000000000000000000000000000000000007
:10CD2C0000000000000000000000000000000000F7
:10CD3C0000000000000000000000000000000000E7
:10CD4C0000000000000000000000000000000000D7
:10CD5C0000000000000000000000000000000000C7
:10CD6C0000000000000000000000000000000000B7
:10CD7C0000000000000000000000000000000000A7
:10CD8C000000000000000000000000000000000097
:10CD9C000000000000000000000000000000000087
:10CDAC000000000000000000000000000000000077
:10CDBC000000000000000000000000000000000067
:10CDCC000000000000000000000000000000000057
:10CDDC000000000000000000000000000000000047
:10CDEC000000000000000000000000000000000037
:10CDFC000000000000000000000000000000000027
:10CE0C000000000000000000000000000000000016
:10CE1C000000000000000000000000000000000006
:10CE2C0000000000000000000000000000000000F6
:10CE3C0000000000000000000000000000000000E6
:10CE4C0000000000000000000000000000000000D6
:10CE5C0000000000000000000000000000000000C6
:10CE6C0000000000000000000000000000000000B6
:10CE7C0000000000000000000000000000000000A6
:10CE8C000000000000000000000000000000000096
:10CE9C000000000000000000000000000000000086
:10CEAC000000000000000000000000000000000076
:10CEBC000000000000000000000000000000000066
:10CECC000000000000000000000000000000000056
:10CEDC000000000000000000000000000000000046
:10CEEC000000000000000000000000000000000036
:10CEFC000000000000000000000000000000000026
:10CF0C000000000000000000000000000000000015
:10CF1C000000000000000000000000000000000005
:10CF2C0000000000000000000000000000000000F5
:10CF3C0000000000000000000000000000000000E5
:10CF4C0000000000000000000000000000000000D5
:10CF5C0000000000000000000000000000000000C5
:10CF6C0000000000000000000000000000000000B5
:10CF7C0000000000000000000000000000000000A5
:10CF8C000000000000000000183901200000000023
:10CF9C00000000003C0400203C040020440400205D
:10CFAC00440400204C0400204C04002054040020B5
:10CFBC00540400205C0400205C0400206404002065
:10CFCC00640400206C0400206C0400207404002015
:10CFDC00740400207C0400207C04002084040020C5
:10CFEC00840400208C0400208C0400209404002075
:10CFFC00940400209C0400209C040020A404002025
:10D00C00A4040020AC040020AC040020B4040020D4
:10D01C00B4040020BC040020BC040020C404002084
:10D02C00C4040020CC040020CC040020D404002034
:10D03C00D4040020DC040020DC040020E4040020E4
:10D04C00E4040020EC040020EC040020F404002094
:10D05C00F4040020FC040020FC0400200405002043
:10D06C00040500200C0500200C05002014050020F0
:10D07C00140500201C0500201C05002024050020A0
:10D08C00240500202C0500202C0500203405002050
:10D09C00340500203C0500203C0500204405002000
:10D0AC00440500204C0500204C05002054050020B0
:10D0BC00540500205C0500205C0500206405002060
:10D0CC00640500206C0500206C0500207405002010
:10D0DC00740500207C0500207C05002084050020C0
:10D0EC00840500208C0500208C0500209405002070
:10D0FC00940500209C0500209C050020A405002020
:10D10C00A4050020AC050020AC050020B4050020CF
:10D11C00B4050020BC050020BC050020C40500207F
:10D12C00C4050020CC050020CC050020D40500202F
:10D13C00D4050020DC050020DC050020E4050020DF
:10D14C00E4050020EC050020EC050020F40500208F
:10D15C00F4050020FC050020FC050020040600203E
:10D16C00040600200C0600200C06002014060020EB
:10D17C00140600201C0600201C060020240600209B
:10D18C00240600202C0600202C060020340600204B
:10D19C00340600203C0600203C06002044060020FB
:10D1AC00440600204C0600204C06002054060020AB
:10D1BC00540600205C0600205C060020640600205B
:10D1CC00640600206C0600206C060020740600200B
:10D1DC00740600207C0600207C06002084060020BB
:10D1EC00840600208C0600208C060020940600206B
:10D1FC00940600209C0600209C060020A40600201B
:10D20C00A4060020AC060020AC060020B4060020CA
:10D21C00B4060020BC060020BC060020C40600207A
:10D22C00C4060020CC060020CC060020D40600202A
:10D23C00D4060020DC060020DC060020E4060020DA
:10D24C00E4060020EC060020EC060020F40600208A
:10D25C00F4060020FC060020FC0600200407002039
:10D26C00040700200C0700200C07002014070020E6
:10D27C00140700201C0700201C0700202407002096
:10D28C00240700202C0700202C0700203407002046
:10D29C00340700203C0700203C07002044070020F6
:10D2AC00440700204C0700204C07002054070020A6
:10D2BC00540700205C0700205C0700206407002056
:10D2CC00640700206C0700206C0700207407002006
:10D2DC00740700207C0700207C07002084070020B6
:10D2EC00840700208C0700208C0700209407002066
:10D2FC00940700209C0700209C070020A407002016
:10D30C00A4070020AC070020AC070020B4070020C5
:10D31C00B4070020BC070020BC070020C407002075
:10D32C00C4070020CC070020CC070020D407002025
:10D33C00D4070020DC070020DC070020E4070020D5
:10D34C00E4070020EC070020EC070020F407002085
:10D35C00F4070020FC070020FC0700200408002034
:10D36C00040800200C0800200C08002014080020E1
:10D37C00140800201C0800201C0800202408002091
:10D38C00240800202C0800202C0800203408002041
:10D39C0034080020FFFFFFFF0000020043000000E4
:10D3AC000000000000000000000000000000000071
:10D3BC00000000000000000000000000430000001E
:10D3CC000000000000000000000000000000000051
:10D3DC0000000000000000000000000043000000FE
:10D3EC000000000000000000000000000000000031
:10D3FC0000000000000000000000000043000000DE
:10D40C000000000000000000000000000000000010
:10D41C0000000000000000000000000043000000BD
:10D42C0000000000000000000000000000000000F0
:10D43C00000000000000000000000000430000009D
:10D44C0000000000000000000000000000000000D0
:10D45C00000000000000000000000000430000007D
:10D46C0000000000000000000000000000000000B0
:10D47C00000000000000000000000000A1B900083E
:10D48C00B9A500080000000044CA000820CA000822
:10D49C00E0C90008E0C90008E0C90008E0C90008BC
:10D4AC00E0C90008E0C90008E0C90008E0C90008AC
:10D4BC00E0C90008FFFFFFFFFFFFFFFFFFFFFFFFBB
:10D4CC00FFFF0000010041534349490000000000E8
:10D4DC000000000000000000000000000000000040
:10D4EC0000000000000041534349490000000000C7
:10D4FC000000000000000000000000000000000020
:08D50C00000000000000000017
:04000005080017894F
:00000001FF
