:020000040800F2
:1000000000000320C91500088D1300089313000891
:10001000991300089F130008A513000800000000B2
:100020000000000000000000000000000135000892
:10003000AB1300080000000051370008B913000896
:1000400019160008191600081916000819160008D4
:1000500019160008191600081916000819160008C4
:1000600019160008191600081916000819160008B4
:1000700019160008191600081916000819160008A4
:100080001916000819160008191600081916000894
:100090001916000819160008191600081916000884
:1000A0001916000819160008191600081916000874
:1000B00019160008315B0008191600081916000807
:1000C0001916000819160008191600081916000854
:1000D00019160008455C00081916000819160008D2
:1000E0001916000819160008191600081916000834
:1000F0001916000819160008191600081916000824
:100100001916000819160008191600081916000813
:100110001916000819160008191600081916000803
:1001200019160008191600081916000819160008F3
:1001300019160008191600081916000819160008E3
:1001400019160008191600081916000819160008D3
:1001500019160008191600081916000819160008C3
:1001600019160008191600081916000819160008B3
:1001700019160008191600081916000800000000DA
:100180001916000819160008191600081916000893
:100190001916000819160008191600081916000883
:0C01A000191600081916000819160008AE
:1001C00010B5054C237833B9044B13B10448AFF391
:1001D00000800123237010BDB8090020000000003A
:1001E0008CBD000808B5034B1BB103490348AFF3AE
:1001F000008008BD00000000BC0900208CBD000884
:1002000081F0004102E000BF83F0004330B54FEAC7
:1002100041044FEA430594EA050F08BF90EA020F34
:100220001FBF54EA000C55EA020C7FEA645C7FEAC7
:10023000655C00F0E2804FEA5454D4EB5555B8BFEA
:100240006D420CDD2C4480EA020281EA030382EA5B
:10025000000083EA010180EA020281EA0303362DED
:1002600088BF30BD11F0004F4FEA01314FF4801CC0
:100270004CEA113102D0404261EB410113F0004FD2
:100280004FEA03334CEA133302D0524263EB430389
:1002900094EA050F00F0A780A4F10104D5F1200E27
:1002A0000DDB02FA0EFC22FA05F2801841F1000182
:1002B00003FA0EF2801843FA05F359410EE0A5F156
:1002C00020050EF1200E012A03FA0EFC28BF4CF087
:1002D000020C43FA05F3C01851EBE37101F000453D
:1002E00007D54FF0000EDCF1000C7EEB00006EEB4A
:1002F0000101B1F5801F1BD3B1F5001F0CD34908D4
:100300005FEA30004FEA3C0C04F101044FEA44522A
:1003100012F5800F80F09A80BCF1004F08BF5FEAB1
:10032000500C50F1000041EB045141EA050130BD91
:100330005FEA4C0C404141EB0101013C28BFB1F5A3
:10034000801FE9D291F0000F04BF01460020B1FAEE
:1003500081F308BF2033A3F10B03B3F120020CDAC1
:100360000C3208DD02F1140CC2F10C0201FA0CF09F
:1003700021FA02F10CE002F11402D8BFC2F1200C04
:1003800001FA02F120FA0CFCDCBF41EA0C019040BA
:10039000E41AA2BF01EB0451294330BD6FEA040403
:1003A0001F3C1CDA0C340EDC04F11404C4F12002EE
:1003B00020FA04F001FA02F340EA030021FA04F300
:1003C00045EA030130BDC4F10C04C4F1200220FA57
:1003D00002F001FA04F340EA0300294630BD21FA95
:1003E00004F0294630BD94F0000F83F4801306BF5B
:1003F00081F480110134013D4EE77FEA645C18BF4F
:100400007FEA655C29D094EA050F08BF90EA020FE5
:1004100005D054EA000C04BF1946104630BD91EADD
:10042000030F1EBF0021002030BD5FEA545C05D1E0
:100430004000494128BF41F0004130BD14F580041F
:100440003CBF01F5801130BD01F0004545F0FE4193
:1004500041F470014FF0000030BD7FEA645C1ABFC8
:10046000194610467FEA655C1CBF0B46024650EAFF
:10047000013406BF52EA033591EA030F41F400212B
:1004800030BD00BF90F0000F04BF0021704730B5B1
:100490004FF4806404F132044FF000054FF0000186
:1004A00050E700BF90F0000F04BF0021704730B547
:1004B0004FF4806404F1320410F0004548BF40421C
:1004C0004FF000013EE700BF42004FEAE2014FEA71
:1004D00031014FEA02701FBF12F07F4393F07F4F4C
:1004E00081F06051704732F07F4208BF704793F04F
:1004F0007F4F04BF41F40021704730B54FF4607462
:1005000001F0004521F000411CE700BF50EA010264
:1005100008BF704730B54FF000050AE050EA01020D
:1005200008BF704730B511F0004502D5404261EB7D
:1005300041014FF4806404F132045FEA915C3FF4BE
:10054000D8AE4FF003025FEADC0C18BF03325FEA5B
:10055000DC0C18BF033202EBDC02C2F1200300FA0C
:1005600003FC20FA02F001FA03FE40EA0E0021FA31
:1005700002F11444BDE600BF70B54FF0FF0C4CF41F
:10058000E06C1CEA11541DBF1CEA135594EA0C0FD1
:1005900095EA0C0F00F0DEF82C4481EA030621EA0C
:1005A0004C5123EA4C5350EA013518BF52EA033547
:1005B00041F4801143F4801338D0A0FB02CE4FF0F9
:1005C0000005E1FB02E506F00042E0FB03E54FF029
:1005D0000006E1FB03569CF0000F18BF4EF0010E21
:1005E000A4F1FF04B6F5007F64F5407404D25FEA1D
:1005F0004E0E6D4146EB060642EAC62141EA5551D0
:100600004FEAC52040EA5E504FEACE2EB4F1FD0C11
:1006100088BFBCF5E06F1ED8BEF1004F08BF5FEA8F
:10062000500E50F1000041EB045170BD06F0004641
:1006300046EA010140EA020081EA0301B4EB5C04EE
:10064000C2BFD4EB0C0541EA045170BD41F48011E6
:100650004FF0000E013C00F3AB8014F1360FDEBF0B
:10066000002001F0004170BDC4F10004203C35DAE7
:100670000C341BDC04F11404C4F1200500FA05F36A
:1006800020FA04F001FA05F240EA020001F000420B
:1006900021F0004110EBD37021FA04F642EB060181
:1006A0005EEA430E08BF20EAD37070BDC4F10C04AB
:1006B000C4F1200500FA04F320FA05F001FA04F26F
:1006C00040EA020001F0004110EBD37041F100015B
:1006D0005EEA430E08BF20EAD37070BDC4F1200566
:1006E00000FA05F24EEA020E20FA04F301FA05F2CE
:1006F00043EA020321FA04F001F0004121FA04F276
:1007000020EA020000EBD3705EEA430E08BF20EA45
:10071000D37070BD94F0000F0FD101F0004640007F
:1007200041EB010111F4801F08BF013CF7D041EA01
:10073000060195F0000F18BF704703F00046520005
:1007400043EB030313F4801F08BF013DF7D043EAD6
:100750000603704794EA0C0F0CEA135518BF95EA8C
:100760000C0F0CD050EA410618BF52EA4306D1D113
:1007700081EA030101F000414FF0000070BD50EA32
:10078000410606BF1046194652EA430619D094EABC
:100790000C0F02D150EA013613D195EA0C0F05D1A6
:1007A00052EA03361CBF104619460AD181EA0301FA
:1007B00001F0004141F0FE4141F470014FF00000B2
:1007C00070BD41F0FE4141F4780170BD70B54FF04D
:1007D000FF0C4CF4E06C1CEA11541DBF1CEA1355CD
:1007E00094EA0C0F95EA0C0F00F0A7F8A4EB0504AF
:1007F00081EA030E52EA03354FEA013100F08880A6
:100800004FEA03334FF0805545EA131343EA12636E
:100810004FEA022245EA111545EA10654FEA002623
:100820000EF000419D4208BF964244F1FD0404F5DC
:10083000407402D25B084FEA3202B61A65EB030538
:100840005B084FEA32024FF480104FF4002CB6EBF5
:10085000020E75EB030E22BFB61A754640EA0C0075
:100860005B084FEA3202B6EB020E75EB030E22BFB5
:10087000B61A754640EA5C005B084FEA3202B6EBF6
:10088000020E75EB030E22BFB61A754640EA9C00B5
:100890005B084FEA3202B6EB020E75EB030E22BF85
:1008A000B61A754640EADC0055EA060E18D04FEA43
:1008B000051545EA16754FEA06164FEAC30343EAE3
:1008C00052734FEAC2025FEA1C1CC0D111F4801FB0
:1008D0000BD141EA00014FF000004FF0004CB6E7A9
:1008E00011F4801F04BF01430020B4F1FD0C88BF48
:1008F000BCF5E06F3FF6AFAEB5EB030C04BFB6EB53
:10090000020C5FEA500C50F1000041EB045170BD45
:100910000EF0004E4EEA113114EB5C04C2BFD4EB72
:100920000C0541EA045170BD41F480114FF0000EF6
:10093000013C90E645EA060E8DE60CEA135594EA72
:100940000C0F08BF95EA0C0F3FF43BAF94EA0C0F75
:100950000AD150EA01347FF434AF95EA0C0F7FF4EA
:1009600025AF104619462CE795EA0C0F06D152EA3E
:1009700003353FF4FDAE1046194622E750EA410622
:1009800018BF52EA43067FF4C5AE50EA41047FF433
:100990000DAF52EA43057FF4EBAE12E7844641EA1D
:1009A000000313F003036DD1403A41D351F8043BE7
:1009B00040F8043B51F8043B40F8043B51F8043B39
:1009C00040F8043B51F8043B40F8043B51F8043B29
:1009D00040F8043B51F8043B40F8043B51F8043B19
:1009E00040F8043B51F8043B40F8043B51F8043B09
:1009F00040F8043B51F8043B40F8043B51F8043BF9
:100A000040F8043B51F8043B40F8043B51F8043BE8
:100A100040F8043B51F8043B40F8043B51F8043BD8
:100A200040F8043B51F8043B40F8043B403ABDD247
:100A3000303211D351F8043B40F8043B51F8043BE9
:100A400040F8043B51F8043B40F8043B51F8043BA8
:100A500040F8043B103AEDD20C3205D351F8043B78
:100A600040F8043B043AF9D2043208D0D2071CBF44
:100A700011F8013B00F8013B01D30B88038060466D
:100A8000704700BF082A13D38B078DD010F00303E3
:100A90008AD0C3F10403D21ADB071CBF11F8013B53
:100AA00000F8013B80D331F8023B20F8023B7BE7A2
:100AB000043AD9D3013A11F8013B00F8013BF9D2CD
:100AC0000B7803704B7843708B7883706046704767
:100AD0000000000000000000000000000000000016
:100AE0000000000000000000000000000000000006
:100AF00000000000000000000000000000000000F6
:100B000090F800F06DE9024520F007016FF0000C4D
:100B100010F0070491F820F040F049804FF00004F5
:100B20006FF00700D1E9002391F840F000F10800D0
:100B300082FA4CF2A4FA8CF283FA4CF3A2FA8CF308
:100B40004BBBD1E9022382FA4CF200F10800A4FA6F
:100B50008CF283FA4CF3A2FA8CF3E3B9D1E90423C3
:100B600082FA4CF200F10800A4FA8CF283FA4CF3FA
:100B7000A2FA8CF37BB9D1E9062301F1200182FAB4
:100B80004CF200F10800A4FA8CF283FA4CF3A2FABA
:100B90008CF3002BC6D0002A04BF04301A4612BAC8
:100BA000B2FA82F2FDE8024500EBD2007047D1E9CB
:100BB000002304F00305C4F100004FEAC50514F05A
:100BC000040F91F840F00CFA05F562EA05021CBF2B
:100BD00063EA050362464FF00004A9E70000000045
:100BE00001F0FF01102A2BDB10F0070F08D010F8DE
:100BF000013B013A8B422DD010F0070F42B3F6D1E2
:100C0000F0B441EA012141EA014122F007047FF0FA
:100C100000070023F0E80256083C85EA010586EA51
:100C2000010685FA47F5A3FA87F586FA47F6A5FA8D
:100C300087F68EB9EED1F0BC01F0FF0102F0070299
:100C400032B110F8013B013A83EA010313B1F8D144
:100C50000020704701387047002D06BF3546033825
:100C6000073815F0010F07D1013015F4807F02BF5E
:100C7000013015F4C03F0130F0BC0138704700BFAF
:100C80004FF0FF3C06E000BF4FF0010C02E000BF58
:100C90004FF0010C4DF804CD4FEA410C7FEA6C5C3B
:100CA0004FEA430C18BF7FEA6C5C1BD001B050EADE
:100CB000410C0CBF52EA430C91EA030F02BF90EAC9
:100CC000020F0020704710F1000F91EA030F58BF88
:100CD000994208BF90422CBFD8176FEAE37040F0EA
:100CE000010070474FEA410C7FEA6C5C02D150EA88
:100CF000013C07D14FEA430C7FEA6C5CD6D152EA43
:100D0000033CD3D05DF8040B704700BF8446104607
:100D100062468C461946634600E000BF01B5FFF706
:100D2000B7FF002848BF10F1000F01BD4DF808EDD6
:100D3000FFF7F4FF0CBF012000205DF808FB00BFA7
:100D40004DF808EDFFF7EAFF34BF012000205DF801
:100D500008FB00BF4DF808EDFFF7E0FF94BF01204E
:100D600000205DF808FB00BF4DF808EDFFF7CEFF4F
:100D700094BF012000205DF808FB00BF4DF808ED8E
:100D8000FFF7C4FF34BF012000205DF808FB00BF5F
:100D90004FEA410C7FEA6C5C02D150EA013C0AD177
:100DA0004FEA430C7FEA6C5C02D152EA033C02D169
:100DB0004FF0000070474FF0010070474FEA4102CA
:100DC00012F5001215D211D56FF47873B3EB62529D
:100DD00012D94FEAC12343F0004343EA505311F0C4
:100DE000004F23FA02F018BF404270474FF0000056
:100DF000704750EA013005D111F0004008BF6FF094
:100E0000004070474FF00000704700BF53B94AB927
:100E1000002908BF00281CBF4FF0FF314FF0FF3002
:100E200000F074B9ADF1080C6DE904CE00F006F8DD
:100E3000DDF804E0DDE9022304B070472DE9F04756
:100E4000089D04468E46002B4DD18A42944669D9AE
:100E5000B2FA82F252B101FA02F3C2F1200120FA91
:100E600001F10CFA02FC41EA030E94404FEA1C48DF
:100E7000210CBEFBF8F61FFA8CF708FB16E341EADB
:100E8000034306FB07F199420AD91CEB030306F161
:100E9000FF3080F01F81994240F21C81023E634482
:100EA0005B1AA4B2B3FBF8F008FB103344EA034426
:100EB00000FB07F7A7420AD91CEB040400F1FF333B
:100EC00080F00A81A74240F207816444023840EA78
:100ED0000640E41B00261DB1D4400023C5E90043B1
:100EE0003146BDE8F0878B4209D9002D00F0EF8034
:100EF0000026C5E9000130463146BDE8F087B3FA67
:100F000083F6002E4AD18B4202D3824200F2F9804E
:100F1000841A61EB030301209E46002DE0D0C5E951
:100F2000004EDDE702B9FFDEB2FA82F2002A40F09D
:100F30009280A1EB0C014FEA1C471FFA8CFE0126A0
:100F4000200CB1FBF7F307FB131140EA01410EFB44
:100F500003F0884208D91CEB010103F1FF3802D2EB
:100F6000884200F2CB804346091AA4B2B1FBF7F0E5
:100F700007FB101144EA01440EFB00FEA64508D908
:100F80001CEB040400F1FF3102D2A64500F2BB8045
:100F90000846A4EB0E0440EA03409CE7C6F1200794
:100FA000B34022FA07FC4CEA030C20FA07F401FADA
:100FB00006F31C43F9404FEA1C4900FA06F3B1FB63
:100FC000F9F8200C1FFA8CFE09FB181140EA0141C8
:100FD00008FB0EF0884202FA06F20BD91CEB010165
:100FE00008F1FF3A80F08880884240F28580A8F1BD
:100FF00002086144091AA4B2B1FBF9F009FB10110F
:1010000044EA014100FB0EFE8E4508D91CEB0101AC
:1010100000F1FF346CD28E456AD90238614440EA4F
:101020000840A0FB0294A1EB0E01A142C846A646CF
:1010300056D353D05DB1B3EB080261EB0E0101FA58
:1010400007F722FA06F3F1401F43C5E900710026B5
:101050003146BDE8F087C2F12003D8400CFA02FC0B
:1010600021FA03F3914001434FEA1C471FFA8CFE1B
:10107000B3FBF7F007FB10360B0C43EA064300FB0B
:101080000EF69E4204FA02F408D91CEB030300F1A9
:10109000FF382FD29E422DD9023863449B1B89B260
:1010A000B3FBF7F607FB163341EA034106FB0EF3E9
:1010B0008B4208D91CEB010106F1FF3816D28B4296
:1010C00014D9023E6144C91A46EA004638E72E4662
:1010D000284605E70646E3E61846F8E64B45A9D25A
:1010E000B9EB020864EB0C0E0138A3E74646EAE7C9
:1010F000204694E74046D1E7D0467BE7023B614477
:1011000032E7304609E76444023842E7704700BFDF
:1011100080B400AF084B1B6B074A43F08003136396
:10112000054B1B6B044A43F00103136300BFBD462C
:101130005DF8047B704700BF0038024080B582B084
:1011400000AF786004F0BCFC04F0D2FC04F0DCFCDE
:1011500004F0E4FC4FF4FA7003F03CFAF6E7000008
:1011600080B582B000AF786008210D4800F060FDC6
:101170000346002B04D10B4B1B68184603F05EFAA4
:101180000421074800F054FD0346002B04D1054B11
:101190001B68184603F024FB012003F01BFAE3E769
:1011A000001C0240D809002080B586B002AF7860EC
:1011B0000123FB6002F070FA1B4B019302230093A2
:1011C00000234FF480721949194803F005F8F860BC
:1011D000FB68012B01D1174B00E0174B134A17494D
:1011E000174804F083FD174B01930323009300235A
:1011F0004FF480721449154802F0EEFFF860FB6866
:10120000012B01D10B4B00E00B4B0F4A0B490C4853
:1012100004F06CFD002003F049F902F06DFA00BF04
:101220001037BD4680BD00BFD8090020A8BD00080A
:101230003D110008B4BD0008BCBD0008C4BD0008D5
:10124000C8370120DC090020D4BD00086111000866
:1012500080B582B002AF00F0E1F900F01DF8FFF7B1
:1012600057FF04F003FC04F0BBFB4FF4E13004F043
:1012700073FC064B01930123009300238022044951
:10128000044802F0A9FF03F031FBFEE7D409002077
:10129000E0BD0008A911000880B592B000AF07F1C9
:1012A000180330220021184604F074FD3B1D002273
:1012B0001A605A609A60DA601A61244B1B6C234AE8
:1012C00043F080531364224B1B68214A43F440438C
:1012D00013600123BB610123FB6102233B634FF4D5
:1012E00080037B630F23BB63D823FB6302233B6430
:1012F00004237B6407F11803184600F049FD0346F8
:10130000002B01D000F026F800F0D6FC0346002B9D
:1013100001D000F01FF80F237B600223BB60002385
:10132000FB604FF4A0533B614FF480537B613B1D46
:101330000521184600F07EFF0346002B01D000F087
:1013400009F800BF4837BD4680BD00BF00380240E5
:101350000070004080B400AF72B600BFFEE700002E
:1013600080B400AF084B5B6C074A43F4804353647E
:10137000054B1B6C044A43F08053136400BFBD4609
:101380005DF8047B704700BF0038024080B400AFB6
:10139000FEE780B400AFFEE780B400AFFEE780B4A4
:1013A00000AFFEE780B400AFFEE780B400AF00BF3F
:1013B000BD465DF8047B704780B500AF03F0EEFFDB
:1013C0000346012B01D002F0F7F900F065F900BFE8
:1013D00080BD80B400AF01231846BD465DF8047B94
:1013E000704780B582B000AF7860396004F0A8FC27
:1013F000034616221A604FF0FF3318460837BD46E1
:1014000080BD80B582B000AF78604FF0FF31786862
:10141000FFF7E7FFFEE780B586B000AFF860B96080
:101420007A6000237B610AE0AFF300800146BB686D
:101430005A1CBA60CAB21A707B6901337B617A693F
:101440007B689A42F0DB7B6818461837BD4680BD42
:1014500080B586B000AFF860B9607A6000237B6128
:1014600009E0BB685A1CBA601B781846AFF30080CD
:101470007B6901337B617A697B689A42F1DB7B6827
:1014800018461837BD4680BD80B483B000AF786081
:101490004FF0FF3318460C37BD465DF8047B7047AC
:1014A00080B483B000AF786039603B684FF400527D
:1014B0005A60002318460C37BD465DF8047B704720
:1014C00080B483B000AF7860012318460C37BD4666
:1014D0005DF8047B704780B485B000AFF860B960F8
:1014E0007A60002318461437BD465DF8047B7047C8
:1014F00080B586B000AF7860144A154BD31A7B6173
:101500007B693B61134B1B68002B02D1114B124AC4
:101510001A60104B1A687B6813443A699A4207D2E2
:1015200004F00EFC03460C221A604FF0FF3309E072
:10153000084B1B68FB60074B1A687B681344054A1D
:101540001360FB6818461837BD4680BD00000320B5
:1015500000040000E00900205839012080B400AFE9
:10156000164BD3F88830154A43F47003C2F888301C
:10157000134B1B68124A43F001031360104B002207
:101580009A600F4B1B680E4A23F0847323F4803358
:1015900013600B4B0B4A5A60094B1B68084A23F433
:1015A00080231360064B0022DA60044B4FF0006288
:1015B0009A6000BFBD465DF8047B704700ED00E017
:1015C0000038024010300024DFF834D0002103E05E
:1015D0000C4B5B58435004310B480C4B42189A4259
:1015E000F6D30B4A02E0002342F8043B094B9A422F
:1015F000F9D3FFF7B3FF04F0A9FBFFF729FE70470B
:101600000000032024C2000800000020B8090020C8
:10161000B809002054390120FEE7000080B500AF72
:101620000E4B1B680D4A43F4007313600B4B1B6891
:101630000A4A43F480631360084B1B68074A43F46B
:1016400080731360032000F00DF90F2000F008F8FC
:10165000FFF786FE0023184680BD00BF003C024015
:1016600080B582B000AF786000F0CEFF0346094A33
:10167000A2FB03239B09184600F029F90022796890
:101680004FF0FF3000F0F9F8002318460837BD4648
:1016900080BD00BFD34D621080B400AF044B1B6807
:1016A0000133034A136000BFBD465DF8047B7047F9
:1016B000E409002080B400AF034B1B681846BD4608
:1016C0005DF8047B704700BFE409002080B485B05A
:1016D00000AF78607B6803F00703FB600C4BDB68AE
:1016E000BB60BA684FF6FF031340BB60FB681A0289
:1016F000BB68134343F0BF6343F40033BB60044A49
:10170000BB68D36000BF1437BD465DF8047B7047EB
:1017100000ED00E080B400AF044BDB681B0A03F06F
:1017200007031846BD465DF8047B704700ED00E0F6
:1017300080B483B000AF0346FB71FB7903F01F0355
:10174000012202FA03F1064A97F907305B0942F8D1
:10175000231000BF0C37BD465DF8047B704700BF07
:1017600000E100E080B483B000AF03463960FB7154
:1017700097F90730002B0BDA3B68DAB20C49FB799A
:1017800003F00F03043B1201D2B20B441A7609E0B6
:101790003B68DAB2074997F907301201D2B20B441D
:1017A00083F8002300BF0C37BD465DF8047B70470B
:1017B00000ED00E000E100E080B489B000AFF86027
:1017C000B9607A60FB6803F00703FB61FB69C3F152
:1017D0000703042B28BF0423BB61FB690433062BDA
:1017E00002D9FB69033B00E000237B610122BB6956
:1017F00002FA03F3013B1A46BB681A407B699A4020
:1018000001217B6901FA03F3013B19467B680B4018
:10181000134318462437BD465DF8047B704700002B
:1018200080B582B000AF78607B68013BB3F1807F08
:1018300001D301230FE00A4A7B68013B53600F216B
:101840004FF0FF30FFF78EFF054B00229A60044BEC
:1018500007221A60002318460837BD4680BD00BF26
:1018600010E000E080B582B000AF78607868FFF7E4
:101870002DFF00BF0837BD4680BD80B586B000AFE4
:101880000346B9607A60FB7300237B61FFF742FF78
:1018900078617A68B9687869FFF78EFF024697F930
:1018A0000F3011461846FFF75DFF00BF1837BD46E1
:1018B00080BD80B582B000AF0346FB7197F9073059
:1018C0001846FFF735FF00BF0837BD4680BD80B51D
:1018D00082B000AF78607868FFF7A2FF0346184631
:1018E0000837BD4680BD000080B487B000AF786087
:1018F00039600023FB600023BB6000233B610023B1
:101900007B616FE101227B6902FA03F3FB603B68B4
:101910001B68FA681340BB60BA68FB689A4240F0E3
:101920005E813B685B68022B03D03B685B68122BCF
:1019300023D17B69DA087B68083253F822303B6197
:101940007B6903F007039B000F2202FA03F3DB43DA
:101950003A6913403B613B681A697B6903F00703EE
:101960009B0002FA03F33A6913433B617B69DA088F
:101970007B680832396943F822107B681B683B6139
:101980007B695B00032202FA03F3DB433A691340ED
:101990003B613B685B6803F003027B695B0002FA12
:1019A00003F33A6913433B617B683A691A603B6809
:1019B0005B68012B0BD03B685B68022B07D03B6850
:1019C0005B68112B03D03B685B68122B30D17B68BE
:1019D0009B683B617B695B00032202FA03F3DB43F4
:1019E0003A6913403B613B68DA687B695B0002FA45
:1019F00003F33A6913433B617B683A699A607B68F9
:101A00005B683B6101227B6902FA03F3DB433A69BD
:101A100013403B613B685B681B0903F001027B6973
:101A200002FA03F33A6913433B617B683A695A60EF
:101A30007B68DB683B617B695B00032202FA03F38E
:101A4000DB433A6913403B613B689A687B695B0002
:101A500002FA03F33A6913433B617B683A69DA603F
:101A60003B685B6803F08053002B00F0B880634B49
:101A70005B6C624A43F480435364614A7B699B0810
:101A8000023352F823303B617B6903F003039B0070
:101A90000F2202FA03F3DB433A6913403B617B6890
:101AA000584A934237D07B68574A934231D07B687B
:101AB000564A93422BD07B68554A934225D07B6887
:101AC000544A93421FD07B68534A934219D07B6893
:101AD000524A934213D07B68514A93420DD07B689F
:101AE000504A934207D07B684F4A934201D1092361
:101AF00012E00A2310E008230EE007230CE006237F
:101B00000AE0052308E0042306E0032304E002239F
:101B100002E0012300E000237A6902F00302920050
:101B200093403A6913433B6135497B699B08023313
:101B30003A6941F823203D4B1B683B61BB68DB439E
:101B40003A6913403B613B685B6803F48033002BC8
:101B500003D03A69BB6813433B61344A3B69136065
:101B6000324B5B683B61BB68DB433A6913403B61C6
:101B70003B685B6803F40033002B03D03A69BB6811
:101B800013433B61294A3B695360284B9B683B6187
:101B9000BB68DB433A6913403B613B685B6803F415
:101BA0008013002B03D03A69BB6813433B611F4A83
:101BB0003B6993601D4BDB683B61BB68DB433A6963
:101BC00013403B613B685B6803F40013002B03D0B8
:101BD0003A69BB6813433B61144A3B69D3607B6934
:101BE00001337B617B690F2B7FF68CAE00BF00BF9A
:101BF0001C37BD465DF8047B704700BF00380240CB
:101C00000038014000000240000402400008024089
:101C1000000C024000100240001402400018024074
:101C2000001C02400020024000240240003C014011
:101C300080B485B000AF78600B467B807B681A6902
:101C40007B881340002B02D00123FB7301E00023AB
:101C5000FB73FB7B18461437BD465DF8047B704769
:101C600080B483B000AF78600B467B8013467B70F6
:101C70007B78002B03D07A887B689A6103E07B88AD
:101C80001A047B689A6100BF0C37BD465DF8047B7F
:101C9000704780B483B000AF78600B467B807B6870
:101CA0005A697B885A407B685A6100BF0C37BD4631
:101CB0005DF8047B7047000080B58AB000AF002358
:101CC0007B62314B1B6C304A43F0805313644FF4FA
:101CD0008033BB61BB6993FAA3F37B617B693B6291
:101CE0003B6AB3FA83F3FB61FB69DBB29B0003F150
:101CF000844303F560231A4601231360FFF7DAFCDF
:101D0000786209E0FFF7D6FC02467B6AD31AB3F586
:101D10007A7F01D9032333E01C4B5B6803F48033E3
:101D2000B3F5803FEED14FF40033BB60BB6893FA4C
:101D3000A3F37B607B683B613B69B3FA83F3FB6091
:101D4000FB68DBB29B0003F1844303F560231A4672
:101D500001231360FFF7AEFC786209E0FFF7AAFCED
:101D600002467B6AD31AB3F57A7F01D9032307E0D1
:101D7000064B5B6803F40033B3F5003FEED100235C
:101D800018462837BD4680BD00380240007000402C
:101D900080B598B000AF78600023FB657B681B6856
:101DA00003F00103002B66D09C4B9B6803F00C03EF
:101DB000042B0CD0994B9B6803F00C03082B12D119
:101DC000964B5B6803F48003B3F5800F0BD1934B04
:101DD0001B6803F40033002B4CD07B685B68002B3E
:101DE00048D101231AE28E4B00221A70FFF762FCE1
:101DF000F86508E0FFF75EFC0246FB6DD31A642B22
:101E000001D903230AE2854B1B6803F40033002B3E
:101E1000F0D17B685A68824BD2B21A707B685B68DB
:101E2000002B13D0FFF746FCF86508E0FFF742FCF3
:101E30000246FB6DD31A642B01D90323EEE1774BE5
:101E40001B6803F40033002BF0D014E0FFF732FCE2
:101E5000F86508E0FFF72EFC0246FB6DD31A642BF1
:101E600001D90323DAE16D4B1B6803F40033002B27
:101E7000F0D100E000BF7B681B6803F00203002B79
:101E80007FD0664B9B6803F00C03002B0BD0634B99
:101E90009B6803F00C03082B2AD1604B5B6803F4AA
:101EA0008003002B24D15D4B1B6803F00203002B41
:101EB00005D07B68DB68012B01D00123AEE1574BD5
:101EC0001B6823F0F8027B681B69F8213965396DBE
:101ED00091FAA1F1F964F96CB965B96DB1FA81F1C2
:101EE0007965796DC9B28B404C4913430B6048E06A
:101EF0007B68DB68002B2ED04A4B01221A60FFF76B
:101F0000D9FBF86508E0FFF7D5FB0246FB6DD31A55
:101F1000642B01D9032381E1404B1B6803F00203CA
:101F2000002BF0D03D4B1B6823F0F8027B681B6947
:101F3000F8213964396C91FAA1F1F963F96BB9644C
:101F4000B96CB1FA81F17964796CC9B28B403349CB
:101F500013430B6015E0334B00221A60FFF7AAFB16
:101F6000F86508E0FFF7A6FB0246FB6DD31A642B69
:101F700001D9032352E1294B1B6803F00203002B14
:101F8000F0D17B681B6803F00803002B30D07B681E
:101F90005B69002B16D0244B01221A60FFF78AFBE5
:101FA000F86508E0FFF786FB0246FB6DD31A642B49
:101FB00001D9032332E1194B5B6F03F00203002BBD
:101FC000F0D015E0184B00221A60FFF773FBF8659C
:101FD00008E0FFF76FFB0246FB6DD31A642B01D9B3
:101FE00003231BE10D4B5B6F03F00203002BF0D1C9
:101FF0007B681B6803F00403002B74D0074B1B6C39
:10200000064A43F080531364084B1B68074A43F4A5
:1020100080731360FFF74EFBF86512E00038024052
:102020000238024000004742800E474200700040E4
:10203000FFF740FB0246FB6DD31A642B01D9032343
:10204000ECE0784B1B6803F48073002BF0D0764BE8
:1020500000221A70FFF72EFBF8650AE0FFF72AFB53
:102060000246FB6DD31A41F28832934201D9032311
:10207000D4E06E4B1B6F03F00203002BEED17B68A4
:102080009A68694BD2B21A707B689B68012B15D194
:10209000FFF710FBF8650AE0FFF70CFB0246FB6D4B
:1020A000D31A41F28832934201D90323B6E05F4B41
:1020B0001B6F03F00203002BEED014E0FFF7FAFAD7
:1020C000F8650AE0FFF7F6FA0246FB6DD31A41F213
:1020D0008832934201D90323A0E0544B1B6F03F0D5
:1020E0000203002BEED17B689B69002B00F09580EA
:1020F0004E4B9B6803F00C03082B00F08C807B6830
:102100009B69022B70D14A4B00221A60FFF7D2FA6A
:10211000F86508E0FFF7CEFA0246FB6DD31A642B90
:1021200001D903237AE0414B1B6803F00073002BB5
:10213000F0D17B681A6A7B685B6A47F6C0713961C7
:10214000396991FAA1F1F960F968B961B969B1FA2F
:1021500081F179617969C9B28B401A437B689B6AC6
:102160005B08013B4FF440313962396A91FAA1F1C1
:10217000F961F969B962B96AB1FA81F17962796A8A
:10218000C9B28B401A437B68DB691A437B68DB6A00
:102190004FF070613963396B91FAA1F1F962F96A14
:1021A000B963B96BB1FA81F17963796BC9B28B40CC
:1021B00013431E4A43F0005353601D4B01221A6023
:1021C000FFF778FAF86508E0FFF774FA0246FB6D4E
:1021D000D31A642B01D9032320E0144B1B6803F0AE
:1021E0000073002BF0D018E0114B00221A60FFF7AB
:1021F00061FAF86508E0FFF75DFA0246FB6DD31A55
:10220000642B01D9032309E0084B1B6803F000731A
:10221000002BF0D101E0012300E0002318466037D5
:10222000BD4680BD0070004070380240003802405A
:102230006000474280B584B000AF78603960002309
:10224000FB60924B1B6803F00F033A689A4240F21E
:102250008F808E4B3A68D2B21A708C4B1B6803F099
:102260000F033A689A4201D0012336E17B681B686C
:1022700003F00203002B08D0854B9B6823F0F0028B
:102280007B689B68824913438B607B681B6803F003
:102290000103002B00F0FE807B685B68012B07D1F7
:1022A0007B4B1B6803F40033002B15D1012314E191
:1022B0007B685B68022B07D1754B1B6803F00073CA
:1022C000002B09D1012308E1714B1B6803F00203C5
:1022D000002B01D1012300E16D4B9B6823F0030229
:1022E0007B685B686A4913438B60FFF7E3F9F8602A
:1022F0007B685B68012B12D10AE0FFF7DBF902462D
:10230000FB68D31A41F28832934201D90323E4E0F7
:102310005F4B9B6803F00C03042BEED1BAE07B68A3
:102320005B68022B1DD10AE0FFF7C4F90246FB6887
:10233000D31A41F28832934201D90323CDE0544BA2
:102340009B6803F00C03082BEED1A3E0FFF7B2F972
:102350000246FB68D31A41F28832934201D9032323
:10236000BBE04B4B9B6803F00C03002BEED191E0DC
:102370007B681B6803F00203002B08D0444B9B686A
:1023800023F0F0027B689B68414913438B607B68B4
:102390001B6803F00103002B6AD07B685B68012B8C
:1023A00007D13B4B1B6803F40033002B15D10123ED
:1023B00093E07B685B68022B07D1354B1B6803F009
:1023C0000073002B09D1012387E0314B1B6803F018
:1023D0000203002B01D101237FE02D4B9B6823F0EA
:1023E00003027B685B682A4913438B60FFF762F93D
:1023F000F8607B685B68012B12D10AE0FFF75AF99D
:102400000246FB68D31A41F28832934201D9032372
:1024100063E01F4B9B6803F00C03042BEED127E015
:102420007B685B68022B1DD10AE0FFF743F9024687
:10243000FB68D31A41F28832934201D903234CE05E
:10244000134B9B6803F00C03082BEED110E0FFF751
:1024500031F90246FB68D31A41F28832934201D91E
:1024600003233AE00A4B9B6803F00C03002BEED1E8
:10247000064B3A68D2B21A70044B1B6803F00F0384
:102480003A689A4206D0012327E000BF003C024090
:10249000003802407B681B6803F00403002B08D05F
:1024A000104B9B6823F4E0527B68DB680D491343B3
:1024B0008B607B681B6803F00803002B09D0094B75
:1024C0009B6823F460427B681B69DB00054913436A
:1024D0008B600F20FFF7C4F8002318461037BD4665
:1024E00080BD00BF0038024080B491B000AF00232F
:1024F0007B630023FB6300233B630023BB633F4BF1
:102500009B6803F00C03082B0CD0082B6BD8002B16
:1025100002D0042B03D066E0394BBB6366E0394B35
:10252000BB6363E0354B5B6803F03F037B63334B76
:102530005B6803F48003002B1CD0324A7B6BB2FB38
:10254000F3F22E4B596847F6C0730B4047F6C07143
:102550007962796A91FAA1F13962396AF962F96AA4
:10256000B1FA81F1B962B96AC9B2CB4002FB03F397
:10257000FB631BE0224A7B6BB2FBF3F21F4B5968F3
:1025800047F6C0730B4047F6C0717961796991FADB
:10259000A1F139613969F961F969B1FA81F1B9617A
:1025A000B969C9B2CB4002FB03F3FB63134B5B6811
:1025B00003F440334FF440327A607A6892FAA2F220
:1025C0003A603A68FA60FA68B2FA82F2BA60BA68B7
:1025D000D2B2D34001335B003B63FA6B3B6BB2FB7F
:1025E000F3F3BB6302E0064BBB6300BFBB6B184653
:1025F0004437BD465DF8047B704700BF0038024099
:102600000024F40040787D0180B584B000AFFFF76E
:102610006BFF01460F4B9B6803F0F003F0227A60DA
:102620007A6892FAA2F23A603A68FA60FA68B2FA04
:1026300082F2BA60BA68D2B2D340074AD35C21FAB8
:1026400003F3064A1360054B1B6818461037BD4656
:1026500080BD00BF0038024004BE0008000000201A
:1026600080B584B000AFFFF7CFFF01460D4B9B68EC
:1026700003F4E0534FF4E0527A607A6892FAA2F2DF
:102680003A603A68FA60FA68B2FA82F2BA60BA68F6
:10269000D2B2D340044AD35C21FA03F31846103770
:1026A000BD4680BD0038024004BE000880B584B03D
:1026B00000AFFFF7A9FF01460D4B9B6803F4604391
:1026C0004FF460427A607A6892FAA2F23A603A680D
:1026D000FA60FA68B2FA82F2BA60BA68D2B2D3404B
:1026E000044AD35C21FA03F318461037BD4680BD77
:1026F0000038024004BE000880B582B000AF7860A8
:102700007B68002B01D1012337E07B6893F83930D7
:10271000DBB2002B02D1786803F042FA7B68022218
:1027200083F839207B681B68DA687B681B6822F4B1
:102730000052DA60786800F05DFC7B681B681A69FB
:102740007B681B6822F490421A617B681B685A6997
:102750007B681B6822F02A025A617B681B68DA6872
:102760007B681B6842F40052DA607B680022DA63FF
:102770007B68012283F83920002318460837BD46BC
:1027800080BD80B586B000AFF860B9603B6013468D
:10279000FB8000237B61FB6893F83930DBB27B61FF
:1027A0007B69012B03D07B69222B40F08E80BB68B4
:1027B000002B02D0FB88002B01D1012386E0FB68AF
:1027C00093F83830012B01D102237FE0FB6801220E
:1027D00083F83820FB680022DA63FB6893F839300D
:1027E000DBB2222B04D1FB68322283F8392003E0CC
:1027F000FB68122283F83920FB68FA889A84FB6808
:10280000FA88DA843DE0FB68DB8C013B9AB2FB6816
:10281000DA84FB689B68B3F5805F20D13B680022B7
:102820008021F86800F029FA0346002B01D0032329
:102830004CE0BB683B613B691B881A46FB681B6820
:10284000C2F308025A60FB681B69002B03D1BB6806
:102850000233BB6015E0BB680133BB6011E03B682D
:1028600000228021F86800F008FA0346002B01D00E
:1028700003232BE0BB685A1CBA601A78FB681B68FC
:102880005A60FB68DB8C002BBDD13B6800224021E5
:10289000F86800F0F2F90346002B01D0032315E09D
:1028A000FB6893F83930DBB2322B04D1FB6822226B
:1028B00083F8392003E0FB68012283F83920FB68A4
:1028C000002283F83820002300E00223184618373E
:1028D000BD4680BD80B586B000AFF860B9603B6092
:1028E0001346FB8000237B61FB6893F83930DBB231
:1028F0007B617B69012B03D07B69122B40F09D80AB
:10290000BB68002B02D0FB88002B01D1012395E08E
:10291000FB6893F83830012B01D102238EE0FB686D
:10292000012283F83820FB680022DA63FB6893F801
:102930003930DBB2122B04D1FB68322283F8392004
:1029400003E0FB68222283F83920FB68FA889A8525
:10295000FB68FA88DA8557E0FB68DB8D013B9AB2A9
:10296000FB68DA85FB689B68B3F5805F29D13B681B
:1029700000222021F86800F080F90346002B01D0E6
:1029800003235BE0BB683B61FB681B69002B0CD138
:10299000FB681B685B689BB2C3F308039AB23B6990
:1029A0001A80BB680233BB602EE0FB681B685B6863
:1029B0009BB2DBB29AB23B691A80BB680133BB6041
:1029C00022E03B6800222021F86800F056F9034617
:1029D000002B01D0032331E0FB681B69002B08D1D9
:1029E000FB681B685968BB685A1CBA60CAB21A7087
:1029F0000AE0FB681B685B68DAB2BB68591CB96007
:102A000002F07F02D2B21A70FB68DB8D002BA3D1DB
:102A1000FB6893F83930DBB2322B04D1FB68122209
:102A200083F8392003E0FB68012283F83920FB6832
:102A3000002283F83820002300E0022318461837CC
:102A4000BD4680BD80B588B000AF78600023FB61D3
:102A50000023BB617B681B681B6803F00103012B2B
:102A60000CBF01230023DBB2FB617B681B68DB68C2
:102A700003F48073BB61FB69002B11D0BB69002B91
:102A80000ED07B681B681B687B617B681B685B687A
:102A90007B617B697B68DB6B43F001027B68DA63F7
:102AA0007B681B681B6803F00203022B0CBF012329
:102AB0000023DBB2FB617B681B685B6903F00103E9
:102AC000BB61FB69002B11D0BB69002B0ED07B686A
:102AD0001B681B683B617B681B685B683B613B69EB
:102AE0007B68DB6B43F004027B68DA637B681B68FE
:102AF0001B6803F00403042B0CBF01230023DBB28B
:102B0000FB617B681B685B6903F00103BB61FB69C8
:102B1000002B11D0BB69002B0ED07B681B681B6893
:102B2000FB607B681B685B68FB60FB687B68DB6B3A
:102B300043F002027B68DA637B681B681B6803F062
:102B40000803082B0CBF01230023DBB2FB617B6869
:102B50001B685B6903F00103BB61FB69002B11D0AB
:102B6000BB69002B0ED07B681B681B68BB607B6851
:102B70001B685B68BB60BB687B68DB6B43F008026B
:102B80007B68DA637B681B681B6803F02003202BDB
:102B90000CBF01230023DBB2FB617B681B68DB6891
:102BA00003F02003BB61FB69002B05D0BB69002B40
:102BB00002D0786800F08AF97B681B681B6803F014
:102BC0008003802B0CBF01230023DBB2FB617B68F9
:102BD0001B68DB6803F08003BB61FB69002B05D039
:102BE000BB69002B02D0786800F0E0F87B681B68B6
:102BF0001B6803F04003402B0CBF01230023DBB212
:102C0000FB617B681B68DB6803F04003BB61FB6909
:102C1000002B05D0BB69002B02D0786800F023F9A7
:102C20007B68DB6B002B06D07B68012283F83920A0
:102C3000786800F018F800BF2037BD4680BD80B42A
:102C400083B000AF786000BF0C37BD465DF8047BF1
:102C5000704780B483B000AF786000BF0C37BD46CA
:102C60005DF8047B704780B483B000AF786000BF2C
:102C70000C37BD465DF8047B704780B586B000AF69
:102C8000F860B9603B601346FB7100237B61FEF77F
:102C900011FD7861FB79002B7BD138E03B68B3F103
:102CA000FF3F34D03B68002B07D0FEF703FD024600
:102CB0007B69D31A3A689A4229D2FB681B68DA68A2
:102CC000FB681B6822F08002DA60FB681B68DA6828
:102CD000FB681B6822F02002DA60FB681B68DA6878
:102CE000FB681B6822F48072DA60FB681B685A6913
:102CF000FB681B6822F001025A61FB68012283F81D
:102D00003920FB68002283F8382003234AE0FB685F
:102D10001B681A68BB681340BA689A42BED140E08B
:102D20003B68B3F1FF3F34D03B68002B07D0FEF780
:102D3000C1FC02467B69D31A3A689A4229D2FB68E1
:102D40001B68DA68FB681B6822F08002DA60FB68A7
:102D50001B68DA68FB681B6822F02002DA60FB68F7
:102D60001B68DA68FB681B6822F48072DA60FB6813
:102D70001B685A69FB681B6822F001025A61FB68F4
:102D8000012283F83920FB68002283F838200323CE
:102D900008E0FB681B681A68BB681340BA689A426F
:102DA000BED0002318461837BD4680BD80B485B01C
:102DB00000AF78600023FB607B6893F83930DBB2AA
:102DC000FB60FB68122B02D0FB68322B44D17B687E
:102DD0009B68B3F5805F1AD17B681B6ABB60BB68D8
:102DE0001B881A467B681B68C2F308025A607B681E
:102DF0001B69002B05D17B681B6A9A1C7B681A62D1
:102E00000EE07B681B6A5A1C7B681A6208E07B68CC
:102E10001B6A591C7A6811621A787B681B685A60B1
:102E20007B68DB8C013B9AB27B68DA847B68DB8C45
:102E3000002B0FD17B681B68DA687B681B6822F067
:102E40008002DA607B681B68DA687B681B6842F086
:102E50004002DA60002300E0022318461437BD4622
:102E60005DF8047B704780B582B000AF78607B6806
:102E70001B68DA687B681B6822F04002DA607B68B6
:102E800093F83930DBB2322B04D17B68222283F8ED
:102E9000392013E07B681B68DA687B681B6822F4C2
:102EA0008072DA607B681B685A697B681B6822F055
:102EB00001025A617B68012283F839207868FFF7A4
:102EC000BEFE002318460837BD4680BD80B584B0DD
:102ED00000AF78600023FB607B6893F83930DBB289
:102EE000FB60FB68222B02D0FB68322B7CD17B6815
:102EF0009B68B3F5805F23D17B689B6ABB607B686E
:102F00001B69002B0ED17B681B685B689BB2C3F307
:102F100008039AB2BB681A807B689B6A9A1C7B681C
:102F20009A6229E07B681B685B689BB2DBB29AB24D
:102F3000BB681A807B689B6A5A1C7B689A621BE09C
:102F40007B681B69002B0AD17B681B6858687B680B
:102F50009B6A591C7A689162C2B21A700CE07B6855
:102F60001B685B68DAB27B689B6A581C7968886268
:102F700002F07F02D2B21A707B68DB8D013B9AB2FD
:102F80007B68DA857B68DB8D002B2BD17B681B6827
:102F9000DA687B681B6822F02002DA607B6893F8AD
:102FA0003930DBB2322B04D17B68122283F839200E
:102FB00013E07B681B68DA687B681B6822F4807208
:102FC000DA607B681B685A697B681B6822F0010223
:102FD0005A617B68012283F839207868FFF739FE4F
:102FE000002302E0002300E0022318461037BD460C
:102FF00080BD0000B0B584B000AF78600023FB60F6
:103000007B681B681B69FB60FB6823F44053FB6013
:103010007B68DB68FA681343FB607B681B68FA68AF
:103020001A617B681B68DB68FB60FB6823F416434E
:1030300023F00C03FB607B689A687B681B691A436A
:103040007B685B691A437B68DB691343FA68134347
:10305000FB607B681B68FA68DA607B681B685B69E9
:10306000FB60FB6823F44073FB607B689B69FA6834
:103070001343FB607B681B68FA685A617B68DB69F5
:10308000B3F5004F40F08C807B681B688C4A9342FC
:1030900004D07B681B688B4A934240D1FFF706FB44
:1030A000024613469B0013449A001A447B685B68EF
:1030B0005B00B2FBF3F3844AA2FB03235B091C0110
:1030C000FFF7F4FA024613469B0013449A001A4491
:1030D0007B685B685B00B2FBF3F5FFF7E7FA02463B
:1030E00013469B0013449A001A447B685B685B009C
:1030F000B2FBF3F3744AA2FB03235B09642202FBD5
:1031000003F3EB1A1B0132336F4AA2FB03235B0963
:1031100003F00F027B681B6822439A60CCE0FFF744
:103120009FFA024613469B0013449A001A447B6898
:103130005B685B00B2FBF3F3634AA2FB03235B090A
:103140001C01FFF78DFA024613469B0013449A00B8
:103150001A447B685B685B00B2FBF3F5FFF780FA0B
:10316000024613469B0013449A001A447B685B682E
:103170005B00B2FBF3F3544AA2FB03235B09642216
:1031800002FB03F3EB1A1B0132334F4AA2FB03236A
:103190005B0903F00F027B681B6822439A608BE097
:1031A0007B681B68464A934204D07B681B68454A8B
:1031B000934240D1FFF77AFA024613469B0013442C
:1031C0009A001A447B685B689B00B2FBF3F33E4AAB
:1031D000A2FB03235B091C01FFF768FA02461346B2
:1031E0009B0013449A001A447B685B689B00B2FB07
:1031F000F3F5FFF75BFA024613469B0013449A006F
:103200001A447B685B689B00B2FBF3F32E4AA2FB77
:1032100003235B09642202FB03F3EB1A1B01323325
:10322000294AA2FB03235B0903F00F027B681B689A
:1032300022439A6040E0FFF713FA024613469B00D0
:1032400013449A001A447B685B689B00B2FBF3F35B
:103250001D4AA2FB03235B091C01FFF701FA02468A
:1032600013469B0013449A001A447B685B689B00DA
:10327000B2FBF3F5FFF7F4F9024613469B00134443
:103280009A001A447B685B689B00B2FBF3F30E4A1A
:10329000A2FB03235B09642202FB03F3EB1A1B016D
:1032A0003233094AA2FB03235B0903F00F027B6858
:1032B0001B6822439A60FFE700BF1037BD46B0BDD0
:1032C00000100140001401401F85EB5180B483B011
:1032D00000AF78607B6803F108027B685A607B6806
:1032E0004FF0FF329A607B6803F108027B68DA6076
:1032F0007B6803F108027B681A617B6800221A6010
:1033000000BF0C37BD465DF8047B704780B483B0C6
:1033100000AF78607B6800221A6100BF0C37BD46A1
:103320005DF8047B704780B485B000AF7860396089
:103330007B685B68FB603B68FA685A60FB689A6868
:103340003B689A60FB689B683A685A60FB683A6819
:103350009A603B687A681A617B681B685A1C7B68B4
:103360001A6000BF1437BD465DF8047B704780B417
:1033700085B000AF786039603B681B68BB60BB6894
:10338000B3F1FF3F03D17B681B69FB600CE07B68F6
:103390000833FB6002E0FB685B68FB60FB685B680E
:1033A0001B68BA689A42F6D2FB685A683B685A6052
:1033B0003B685B683A689A603B68FA689A60FB68A9
:1033C0003A685A603B687A681A617B681B685A1CC5
:1033D0007B681A6000BF1437BD465DF8047B7047F8
:1033E00080B485B000AF78607B681B69FB607B6848
:1033F0005B687A6892689A607B689B687A685268B2
:103400005A60FB685B687A689A4203D17B689A6865
:10341000FB685A607B6800221A61FB681B685A1EB1
:10342000FB681A60FB681B6818461437BD465DF8D8
:10343000047B704780B485B000AFF860B9607A60F3
:10344000FB68043BFB60FB684FF080721A60FB680E
:10345000043BFB60BB6823F00102FB681A60FB6859
:10346000043BFB600C4AFB681A60FB68143BFB6082
:103470007A68FB681A60FB68043BFB60FB686FF0CE
:1034800002021A60FB68203BFB60FB681846143799
:10349000BD465DF8047B70479D34000880B485B05C
:1034A00000AF00237B60124B1B68B3F1FF3F0AD0D3
:1034B0004FF0500383F31188BFF36F8FBFF34F8F2B
:1034C000FB6000BFFEE74FF0500383F31188BFF3AA
:1034D0006F8FBFF34F8FBB6000BF00BF7B68002BB7
:1034E000FCD000BF00BF1437BD465DF8047B7047B9
:1034F00004000020000000000000000000000000A8
:10350000074B19680868B0E8F04F80F30988BFF3EB
:103510006F8F4FF0000080F311887047AFF3008089
:103520004C36012000BF00BF08480068006880F3E7
:1035300008884FF0000080F3148862B661B6BFF3CC
:103540004F8FBFF36F8F00DF00BF000008ED00E07A
:1035500000BF00BF80B586B000AF464B1B68464A2F
:1035600093420AD14FF0500383F31188BFF36F8F5A
:10357000BFF34F8F3B6100BFFEE73E4B1B683F4AE6
:1035800093420AD14FF0500383F31188BFF36F8F3A
:10359000BFF34F8FFB6000BFFEE7394B7B617B6958
:1035A0001B78DBB27B607B69FF221A707B691B781A
:1035B000DBB2FB70FB78DBB203F05003DAB2314BC5
:1035C0001A70314B07221A6009E02F4B1B68013B30
:1035D0002D4A1360FB78DBB25B00DBB2FB70FB783B
:1035E000DBB203F08003802BEFD0274B1B68C3F1C5
:1035F0000703042B0AD04FF0500383F31188BFF365
:103600006F8FBFF34F8FBB6000BFFEE71E4B1B6881
:103610001B021D4A13601C4B1B6803F4E0631A4A2B
:1036200013607B68DAB27B691A70184B1B68174A03
:1036300043F470031360154B1B68144A43F0704346
:10364000136000F0DBF8124B00221A6000F0FAF869
:10365000104B1B680F4A43F040431360FFF764FFB1
:1036600001F0C6FBFFF71AFF002318461837BD46C6
:1036700080BD00BF00ED00E071C20F4170C20F417C
:1036800000E400E0E8090020EC09002020ED00E063
:103690000400002034EF00E080B483B000AF4FF0AE
:1036A000500383F31188BFF36F8FBFF34F8F7B609D
:1036B00000BF0F4B1B6801330D4A13600C4B1B6896
:1036C000012B0FD10B4B1B68DBB2002B0AD04FF044
:1036D000500383F31188BFF36F8FBFF34F8F3B60AD
:1036E00000BFFEE700BF0C37BD465DF8047B7047A6
:1036F0000400002004ED00E080B483B000AF124B62
:103700001B68002B0AD14FF0500383F31188BFF3DD
:103710006F8FBFF34F8F7B6000BFFEE70A4B1B68C4
:10372000013B094A1360084B1B68002B05D100239D
:103730003B603B6883F3118800BF00BF0C37BD4678
:103740005DF8047B704700BF04000020000000000B
:10375000EFF30980BFF36F8F154B1A681EF0100F3F
:1037600008BF20ED108A20E9F04F10602DE9090014
:103770004FF0500080F31188BFF34F8FBFF36F8F6E
:1037800001F036FB4FF0000080F3118809BC196886
:103790000868B0E8F04F1EF0100F08BFB0EC108AB8
:1037A00080F30988BFF36F8F704700BFAFF30080CD
:1037B0004C36012000BF00BF80B582B000AF4FF093
:1037C000500383F31188BFF36F8FBFF34F8F7B607C
:1037D00000BF01F0F7F90346002B03D0064B4FF072
:1037E00080521A6000233B603B6883F3118800BF5E
:1037F00000BF0837BD4680BD04ED00E080B400AFD7
:103800000B4B00221A600B4B00221A600A4B1B68FC
:103810000A4AA2FB03239B09094A013B1360044B9C
:1038200007221A6000BFBD465DF8047B704700BFE9
:1038300010E000E018E000E000000020D34D62102E
:1038400014E000E0DFF80C00016841F47001016051
:103850007047000088ED00E000BF00BF80B58AB06F
:1038600000AF78600023FB6101F092F8534B1B68B6
:10387000002B01D100F008F97B68002B12D0082240
:103880007B6803F00703D31A0833BB61BB69DB43D2
:103890007A689A4204D87A68BB6913447B6001E075
:1038A00000237B607B68002B70DB7B68002B6DD076
:1038B000434B1B687A689A4268D8424B3B62414B43
:1038C0001B687B6204E07B6A3B627B6A1B687B62ED
:1038D0007B6A5B687A689A4203D97B6A1B68002B13
:1038E000F1D1364B1B687A6A9A424FD03B6A1B680B
:1038F00008221344FB617B6A1A683B6A1A607B6A80
:103900005A687B68D21A08235B009A421FD97A6AE8
:103910007B6813447B617B6903F00703002B0AD0AB
:103920004FF0500383F31188BFF36F8FBFF34F8FB6
:103930003B6100BFFEE77B6A5A687B68D21A7B69ED
:103940005A607B6A7A685A60786900F0F9F81C4B13
:103950001A687B6A5B68D31A194A1360184B1A6895
:10396000194B1B689A4203D2154B1B68164A136009
:103970007B6A5B6843F000427B6A5A607B6A002284
:103980001A60124B1B680133104A136001F00EF8E5
:10399000FB6903F00703002B0AD04FF0500383F3B9
:1039A0001188BFF36F8FBFF34F8FFB6000BFFEE73F
:1039B000FB6918462837BD4680BD00BFF835012099
:1039C000FC350120F03501200036012004360120AD
:1039D00080B586B000AF78607B687B617B68002B28
:1039E00049D008235B427A6913447B617B693B6160
:1039F0003B695B68002B0ADB4FF0500383F31188AF
:103A0000BFF36F8FBFF34F8FFB6000BFFEE73B69D3
:103A10001B68002B0AD04FF0500383F31188BFF3CB
:103A20006F8FBFF34F8FBB6000BFFEE73B695B68E2
:103A3000DB0F03F00103DBB2002B1CD03B691B68DA
:103A4000002B18D13B695B6823F000423B695A6048
:103A500000F09EFF3B695A68094B1B681344084AF3
:103A60001360386900F06CF8064B1B680133054A97
:103A7000136000F09BFF00BF1837BD4680BD00BF3C
:103A8000FC3501200836012080B485B000AF4FF42A
:103A90009633BB60254BFB60FB6803F00703002BEC
:103AA0000CD0FB680733FB60FB6823F00703FB6067
:103AB000BA68FB68D31A1D4A1344BB60FB687B607D
:103AC0001B4A7B6813601A4B00225A607B68BA68F5
:103AD0001344FB600822FB689B1AFB60FB6823F021
:103AE0000703FB60FB68134A1360124B1B6800223C
:103AF0005A60104B1B6800221A607B683B603B6871
:103B0000FA68D21A3B685A600A4B1A683B681A6016
:103B10003B685B68084A13603B685B68074A136050
:103B200000BF1437BD465DF8047B7047F0090020E4
:103B3000F0350120F835012000360120FC35012048
:103B400080B485B000AF7860284BFB6002E0FB6872
:103B50001B68FB60FB681B687A689A42F7D8FB68B1
:103B6000BB60FB685B68BA6813447A689A4208D104
:103B7000FB685A687B685B681A44FB685A60FB689C
:103B80007B607B68BB607B685B68BA681A44FB68D3
:103B90001B689A4218D1FB681A68154B1B689A4239
:103BA0000DD07B685A68FB681B685B681A447B68A9
:103BB0005A60FB681B681A687B681A6008E00C4B47
:103BC0001A687B681A6003E0FB681A687B681A60F1
:103BD000FA687B689A4202D0FB687A681A6000BF74
:103BE0001437BD465DF8047B704700BFF0350120F7
:103BF000F835012080B586B000AF786039600123C8
:103C00007B617B683B613B69002B0AD14FF050031D
:103C100083F31188BFF36F8FBFF34F8FFB6000BF3B
:103C2000FEE73B69002B5DD03B69DB6B002B59D075
:103C30003B691A6C3B69DB6B0021A3FB0223002B61
:103C400000D001210B46002B4CD1FFF725FD3B692D
:103C50001A683B69DB6B3969096C01FB03F31A4491
:103C60003B699A603B6900229A633B691A683B6929
:103C70005A603B691A683B69DB6B013B3969096C27
:103C800001FB03F31A443B69DA603B69FF2283F8C6
:103C900044203B69FF2283F845203B68002B14D168
:103CA0003B691B69002B1AD03B691033184601F0A1
:103CB00065F90346002B12D0154B4FF080521A6065
:103CC000BFF34F8FBFF36F8F09E03B691033184686
:103CD000FFF7FCFA3B6924331846FFF7F7FAFFF7C2
:103CE0000BFD01E000237B617B69002B0AD14FF0C3
:103CF000500383F31188BFF36F8FBFF34F8FBB6007
:103D000000BFFEE77B6918461837BD4680BD00BF7F
:103D100004ED00E080B58AB002AFF860B9601346E8
:103D2000FB710023FB61FB68002B2ED00021BA68D9
:103D3000FB68A3FB0223002B00D001210B46002BC4
:103D400023D1FB68BA6802FB03F313F1510F1CD8AF
:103D5000FB68BA6802FB03F3BB61BB6950331846CA
:103D6000FFF77CFDF861FB69002B1CD0FB697B61D0
:103D70007B6950337B61FA79FB69009313467A695A
:103D8000B968F86800F014F80DE0FB69002B0AD15F
:103D90004FF0500383F31188BFF36F8FBFF34F8F42
:103DA0003B6100BFFEE7FB6918462037BD4680BD7A
:103DB00080B584B000AFF860B9607A60FB70BB6812
:103DC000002B03D1BB69BA691A6002E0BB697A684B
:103DD0001A60BB69FA68DA63BB69BA681A640121C0
:103DE000B869FFF707FFBB69FA7883F84C2000BF7A
:103DF0001037BD4680BD000080B58CB000AFF860C4
:103E0000B9607A600023FB62FB68BB62BB6A002B6F
:103E10000AD14FF0500383F31188BFF36F8FBFF3C4
:103E20004F8F3B6200BFFEE7BB68002B03D1BB6A2C
:103E30001B6C002B01D1012300E00023002B0AD1D1
:103E40004FF0500383F31188BFF36F8FBFF34F8F91
:103E5000FB6100BFFEE701F0A1FA0346002B02D18F
:103E60007B68002B01D1012300E00023002B0AD145
:103E70004FF0500383F31188BFF36F8FBFF34F8F61
:103E8000BB6100BFFEE7FFF707FCBB6A9B6B7B6271
:103E90007B6A002B1FD0B968B86A00F08DF87B6A86
:103EA0005A1EBB6A9A63BB6A1B69002B0FD0BB6AA0
:103EB0001033184601F062F80346002B07D03D4B43
:103EC0004FF080521A60BFF34F8FBFF36F8FFFF731
:103ED00013FC012369E07B68002B03D1FFF70CFC86
:103EE000002362E0FB6A002B06D107F1100318469D
:103EF00001F01AF90123FB62FFF7FEFB00F048FD19
:103F0000FFF7CAFBBB6A93F844305BB2B3F1FF3FE3
:103F100003D1BB6A002283F84420BB6A93F8453082
:103F20005BB2B3F1FF3F03D1BB6A002283F84520A7
:103F3000FFF7E2FB3A1D07F110031146184601F0A6
:103F400009F90346002B23D1B86A00F0ADF8034607
:103F5000002B17D0BB6A24337A681146184600F04C
:103F6000A3FFB86A00F04EF800F020FD0346002BD6
:103F700089D1104B4FF080521A60BFF34F8FBFF3BF
:103F80006F8F80E7B86A00F03DF800F00FFD7AE728
:103F9000B86A00F037F800F009FDB86A00F084F85C
:103FA0000346002B3FF46FAF002318463037BD4661
:103FB00080BD00BF04ED00E080B582B000AF786046
:103FC00039607B681B6C002B18D07B68DA687B68D3
:103FD0001B6C1A447B68DA607B68DA687B689B68D4
:103FE0009A4203D37B681A687B68DA607B68D96879
:103FF0007B681B6C1A463868FCF7D0FC00BF08379A
:10400000BD4680BD80B584B000AF7860FFF744FB4B
:104010007B6893F84530FB7311E07B685B6A002B8B
:1040200012D07B682433184600F0A8FF0346002B0B
:1040300001D001F0F5F8FB7B013BDBB2FB7397F994
:104040000F30002BE9DC00E000BF7B68FF2283F823
:104050004520FFF751FBFFF71FFB7B6893F84430C7
:10406000BB7311E07B681B69002B12D07B68103397
:10407000184600F083FF0346002B01D001F0D0F872
:10408000BB7B013BDBB2BB7397F90E30002BE9DC45
:1040900000E000BF7B68FF2283F84420FFF72CFB81
:1040A00000BF1037BD4680BD80B584B000AF7860DA
:1040B000FFF7F2FA7B689B6B002B02D10123FB60B8
:1040C00001E00023FB60FFF717FBFB681846103781
:1040D000BD4680BD80B487B000AF786039600023F2
:1040E0003B617B68002B0AD14FF0500383F31188AA
:1040F000BFF36F8FBFF34F8FFB6000BFFEE73B68DE
:10410000002B24D000237B611EE0184A7B69DB0072
:1041100013445B687A689A4205D17B69DB00134AD5
:1041200013443B6113E03B69002B0AD10F4A7B69C2
:1041300052F83330002B04D17B69DB000B4A134467
:104140003B617B6901337B617B69072BDDD93B696F
:10415000002B05D03B693A681A603B697A685A605F
:1041600000BF1C37BD465DF8047B70470C3601204C
:1041700080B586B000AFF860B9607A60FB687B619B
:10418000FFF78AFA7B6993F844305BB2B3F1FF3FE3
:1041900003D17B69002283F844207B6993F8453082
:1041A0005BB2B3F1FF3F03D17B69002283F8452066
:1041B000FFF7A2FA7B699B6B002B06D17B69243346
:1041C0007A68B968184600F093FE7869FFF71AFF1D
:1041D00000BF1837BD4680BD80B58CB004AFF86015
:1041E000B9603B601346FB80FB889B001846FFF7D5
:1041F00035FB78617B69002B13D05820FFF72EFB2D
:10420000F861FB69002B08D058220021F86901F001
:10421000C1FDFB697A691A6305E07869FFF7D8FB8D
:1042200001E00023FB61FB69002B13D0FA88002317
:104230000393FB690293FB6A0193BB6A00933B689B
:10424000B968F86800F00EF8F86900F099F80123F1
:10425000BB6102E04FF0FF33BB61BB6918462037FA
:10426000BD4680BD80B588B000AFF860B9607A60A7
:104270003B603B6B186B7B689B001A46A52101F0E5
:1042800089FD3B6B1A6B7B6803F18043013B9B000C
:104290001344BB61BB6923F00703BB61BB6903F037
:1042A0000703002B0AD04FF0500383F31188BFF3AC
:1042B0006F8FBFF34F8F7B6100BFFEE7BB68002BA2
:1042C0001ED00023FB6112E0BA68FB691344197821
:1042D0003A6BFB69134434330A461A70BA68FB69B7
:1042E00013441B78002B06D0FB690133FB61FB698B
:1042F000092BE9D900E000BF3B6B002283F83D2089
:10430000BB6A042B0AD94FF0500383F31188BFF323
:104310006F8FBFF34F8F3B6100BFFEE7BB6A042B7B
:1043200001D90423BB623B6BBA6ADA623B6BBA6A9F
:104330009A643B6B04331846FEF7E8FF3B6B183377
:104340001846FEF7E3FF3B6B3A6B1A61BB6AC3F199
:1043500005023B6B9A613B6B3A6B5A623A68F968AB
:10436000B869FFF767F802463B6B1A60FB6A002BDF
:1043700002D0FB6A3A6B1A6000BF2037BD4680BD91
:1043800080B584B000AF7860FFF786F9404B1B68BA
:1043900001333F4A13603F4B1B68002B09D13D4A54
:1043A0007B6813603A4B1B68012B10D100F05CFF57
:1043B0000DE0394B1B68002B09D1364B1B68DA6ABC
:1043C0007B68DB6A9A4202D8324A7B681360334BBF
:1043D0001B680133314A1360304B1A687B681A64DA
:1043E0007B68DB6A01229A402D4B1B6813432C4AE1
:1043F00013607B68DA6A2B4913469B0013449B00C9
:104400000B4404331B68FB607B68FA689A60FB68A6
:104410009A687B68DA60FB689B687A6804325A6045
:104420007B681A1DFB689A607B68DA6A13469B00FA
:1044300013449B001B4A1A447B685A617B68DA6A02
:10444000184913469B0013449B000B441B68591CDE
:10445000144813469B0013449B0003441960FFF764
:104460004BF90D4B1B68002B0ED00A4B1B68DA6A08
:104470007B68DB6A9A4207D20B4B4FF080521A607E
:10448000BFF34F8FBFF36F8F00BF1037BD4680BDA6
:10449000243701204C3601203037012040370120DD
:1044A0002C3701205036012004ED00E080B584B0A7
:1044B00000AF7860FFF7F0F87B68002B02D13B4B30
:1044C0001B6800E07B68FB60FB6804331846FEF75E
:1044D00087FF0346002B15D1FB68DA6A344913467F
:1044E0009B0013449B000B441B68002B0AD1FB6804
:1044F000DB6A012202FA03F3DA432E4B1B681340F6
:104500002C4A1360FB689B6A002B04D0FB681833AD
:104510001846FEF765FF284B1B680133264A1360D7
:10452000224B1B68FA689A420BD1FB680433194688
:104530002248FEF7F8FE224B1B680133204A136025
:1045400006E0204B1B68013B1E4A136000F00AFF87
:10455000FFF7D2F8154B1B68FA689A4202D0F86848
:1045600000F0F0FE184B1B68002B1BD00F4B1B6894
:10457000FA689A4216D1154B1B68002B0AD04FF0EF
:10458000500383F31188BFF36F8FBFF34F8FBB606E
:1045900000BFFEE70E4B4FF080521A60BFF34F8F03
:1045A000BFF36F8F00BF1037BD4680BD4C36012072
:1045B000503601202C37012040370120F8360120E9
:1045C0000C37012024370120303701204C370120DF
:1045D00004ED00E080B584B000AF78600023FB609C
:1045E0007B68002B17D0134B1B68002B0AD04FF0B1
:1045F000500383F31188BFF36F8FBFF34F8FBB60FE
:1046000000BFFEE700F0C4F90021786800F0E4FE86
:1046100000F0CCF9F860FB68002B07D1064B4FF097
:1046200080521A60BFF34F8FBFF36F8F00BF1037F8
:10463000BD4680BD4C37012004ED00E080B586B05A
:1046400000AF7860FFF728F87B68002B02D1434B5E
:104650001B6800E07B683B613B6904331846FEF74A
:10466000BFFE0346002B15D13B69DA6A3C4913466D
:104670009B0013449B000B441B68002B0AD13B6931
:10468000DB6A012202FA03F3DA43364B1B6813405C
:10469000344A13603B699B6A002B04D03B69183392
:1046A0001846FEF79DFE3B69043319462E48FEF777
:1046B0003AFE00237B6110E03A697B69134454336E
:1046C0001B78DBB2012B05D13A697B691344543363
:1046D00000221A707B6901337B617B69002BEBDD63
:1046E000FFF70AF8214B1B68002B05D0FEF7D4FF1B
:1046F00000F038FEFFF700F8184B1B683A699A4241
:1047000027D11A4B1B68002B17D0194B1B68002BA5
:104710000AD04FF0500383F31188BFF36F8FBFF3BC
:104720004F8FFB6000BFFEE7124B4FF080521A60C4
:10473000BFF34F8FBFF36F8F0BE00B4B1A680E4B1D
:104740001B689A4203D1054B00221A6001E000F079
:104750004FFB00BF1837BD4680BD00BF4C3601205F
:10476000503601202C37012010370120303701202E
:104770004C37012004ED00E02437012080B487B0DD
:1047800000AF786000237B617B683B617B68002B16
:104790000AD14FF0500383F31188BFF36F8FBFF33B
:1047A0004F8FFB6000BFFEE73B695B690A4A93429B
:1047B0000AD13B699B6A094A934205D03B699B6ACF
:1047C000002B01D101237B617B6918461C37BD4654
:1047D0005DF8047B704700BF10370120E4360120EC
:1047E00080B586B000AF78607B687B617B68002B0A
:1047F0000AD14FF0500383F31188BFF36F8FBFF3DB
:104800004F8FFB6000BFFEE7344B1B687A699A420A
:104810005FD07B69002B5CD0FEF73EFF7869FFF725
:10482000ADFF0346002B52D07B6904331846FEF7D8
:10483000D7FD7B69DB6A01229A40294B1B68134331
:10484000274A13607B69DA6A264913469B001344A2
:104850009B000B4404331B683B617B693A699A6097
:104860003B699A687B69DA603B699B687A690432C4
:104870005A607B691A1D3B699A607B69DA6A134644
:104880009B0013449B00174A1A447B695A617B6959
:10489000DA6A144913469B0013449B000B441B68BF
:1048A000591C104813469B0013449B000344196095
:1048B0007B69DA6A094B1B68DB6A9A4207D30A4BA9
:1048C0004FF080521A60BFF34F8FBFF36F8FFEF728
:1048D00013FF00BF1837BD4680BD00BF4C36012016
:1048E0002C3701205036012004ED00E080B586B061
:1048F00002AF204B019300230093002382221E4924
:104900001E48FFF769FCF860FB68012B02D100F03C
:10491000E3FDF860FB68012B16D14FF0500383F3E1
:104920001188BFF36F8FBFF34F8FBB6000BF144B75
:104930004FF0FF321A60134B01221A60124B002213
:104940001A60FEF707FE0EE0FB68B3F1FF3F0AD1E5
:104950004FF0500383F31188BFF36F8FBFF34F8F76
:104960007B6000BFFEE7094B1B6800BF1037BD46E8
:1049700080BD00BF48370120ECBD00083952000857
:10498000443701203037012028370120080000205B
:1049900080B400AF044B1B680133034A136000BFAF
:1049A000BD465DF8047B70474C37012080B588B068
:1049B00000AF0023FB610023BB61714B1B68002B20
:1049C0000AD14FF0500383F31188BFF36F8FBFF309
:1049D0004F8F7B6000BFFEE7FEF75EFE684B1B68F3
:1049E000013B674A1360664B1B68002B40F0C08098
:1049F000644B1B68002B00F0BB808AE0624BDB68D5
:104A0000DB68FB61FB699B6A3B61FB69DB69FA69F7
:104A1000126A9A60FB691B6AFA69D2695A603B693B
:104A20005A68FB6918339A4203D1FB691A6A3B69D9
:104A30005A60FB6900229A623B691B685A1E3B69F7
:104A40001A60FB695B69FB60FB699B68FA69D26865
:104A50009A60FB69DB68FA6992685A60FB685A6879
:104A6000FB6904339A4203D1FB69DA68FB685A6038
:104A7000FB6900225A61FB681B685A1EFB681A60BA
:104A8000FB69DB6A01229A40404B1B6813433F4A93
:104A90001360FB69DA6A3E4913469B0013449B008E
:104AA0000B4404331B68BB60FB69BA689A60BB683F
:104AB0009A68FB69DA60BB689B68FA6904325A60DD
:104AC000FB691A1DBB689A60FB69DA6A13469B0092
:104AD00013449B002E4A1A44FB695A61FB69DA6A47
:104AE0002B4913469B0013449B000B441B68591C25
:104AF000274813469B0013449B0003441960FB693D
:104B0000DA6A244B1B68DB6A9A4202D3224B0122E9
:104B10001A601D4B1B68002B7FF470AFFB69002BE4
:104B200001D000F01FFC1D4B1B687B617B69002BD3
:104B300010D000F047F80346002B02D0164B01229C
:104B40001A607B69013B7B617B69002BF1D1134BC0
:104B500000221A60104B1B68002B09D00123BB6197
:104B60000F4B4FF080521A60BFF34F8FBFF36F8F20
:104B7000FEF7C2FDBB6918462037BD4680BD00BFA9
:104B80004C37012024370120E43601202C37012046
:104B9000503601204C3601203837012034370120AF
:104BA00004ED00E080B483B000AF054B1B687B6070
:104BB0007B6818460C37BD465DF8047B704700BF24
:104BC0002837012080B58AB000AF00237B627D4B7F
:104BD0001B68002B40F0EC807B4B1B6801333B6271
:104BE000794A3B6A13603B6A002B20D1774B1B68E4
:104BF0001B68002B0AD04FF0500383F31188BFF3DA
:104C00006F8FBFF34F8F7B6000BFFEE76F4B1B685A
:104C1000FB616F4B1B686D4A13606D4AFB69136043
:104C20006C4B1B6801336B4A136000F09BFB6A4BB3
:104C30001B683A6A9A42C0F0A680644B1B681B68E6
:104C4000002B04D1644B4FF0FF321A609BE05F4BA6
:104C50001B68DB68DB68BB61BB695B687B613A6AC8
:104C60007B699A4203D25C4A7B6913608BE0BB6923
:104C70005B693B61BB699B68BA69D2689A60BB6932
:104C8000DB68BA6992685A603B695A68BB69043349
:104C90009A4203D1BB69DA683B695A60BB6900225A
:104CA0005A613B691B685A1E3B691A60BB699B6A63
:104CB000002B1ED0BB699B6AFB60BB69DB69BA69CC
:104CC000126A9A60BB691B6ABA69D2695A60FB684A
:104CD0005A68BB6918339A4203D1BB691A6AFB68E8
:104CE0005A60BB6900229A62FB681B685A1EFB6807
:104CF0001A60BB69DB6A01229A40384B1B68134378
:104D0000364A1360BB69DA6A354913469B0013447F
:104D10009B000B4404331B68BB60BB69BA689A6094
:104D2000BB689A68BB69DA60BB689B68BA69043281
:104D30005A60BB691A1DBB689A60BB69DA6A134680
:104D40009B0013449B00264A1A44BB695A61BB6905
:104D5000DA6A234913469B0013449B000B441B68EB
:104D6000591C1F4813469B0013449B0003441960C1
:104D7000BB69DA6A1B4B1B68DB6A9A427FF65DAF40
:104D800001237B6259E7174B1B68DA6A1449134603
:104D90009B0013449B000B441B68012B01D901238A
:104DA0007B62114B1B68002B07D001237B6204E060
:104DB0000E4B1B6801330D4A13607B6A1846283777
:104DC000BD4680BD4C37012028370120DC3601204C
:104DD000E03601203C370120443701202C370120E8
:104DE000503601204C36012038370120343701205D
:104DF00080B487B000AF274B1B68002B03D0264B35
:104E000001221A603FE0244B00221A60234B1B68EA
:104E1000FB60FB68B3FA83F3FB72FB7AC3F11F03F9
:104E20007B611F497A6913469B0013449B000B4426
:104E30001B68002B0AD14FF0500383F31188BFF396
:104E40006F8FBFF34F8F7B6000BFFEE77A69134619
:104E50009B0013449B00124A13443B613B695B680F
:104E60005A683B695A603B695A683B6908339A4201
:104E700004D13B695B685A683B695A603B695B686F
:104E8000DB68084A136000BF1C37BD465DF8047B31
:104E9000704700BF4C370120383701202C370120E4
:104EA000503601204C36012080B584B000AF7860C8
:104EB00039607B68002B0AD14FF0500383F31188CF
:104EC000BFF36F8FBFF34F8FFB6000BFFEE7074B51
:104ED0001B68183319467868FEF749FA01213868CB
:104EE00000F07AFA00BF1037BD4680BD4C36012075
:104EF00080B586B000AFF860B9607A60FB68002BBF
:104F00000AD14FF0500383F31188BFF36F8FBFF3C3
:104F10004F8F3B6100BFFEE7FB685B687B61164B10
:104F20001B687A69DA61144B1B687A6992681A62A5
:104F3000114B1A687B699B6818325A600E4B1B68CC
:104F400003F118027B699A600B4B1B68FA689A623E
:104F5000FB681B685A1CFB681A607B68002B02D038
:104F60004FF0FF33BB607968B86800F035FA00BFD6
:104F70001837BD4680BD00BF4C36012080B48BB0D1
:104F800000AF78607B68DB68DB683B623B6A002BC4
:104F90000AD14FF0500383F31188BFF36F8FBFF333
:104FA0004F8FFB6000BFFEE73B6A9B6AFB613B6A79
:104FB000DB693A6A126A9A603B6A1B6A3A6AD2698A
:104FC0005A60FB695A683B6A18339A4203D13B6ABC
:104FD0001A6AFB695A603B6A00229A62FB691B6885
:104FE0005A1EFB691A604A4B1B68002B5ED13B6A54
:104FF0005B697B613B6A9B683A6AD2689A603B6AEC
:10500000DB683A6A92685A607B695A683B6A043383
:105010009A4203D13B6ADA687B695A603B6A002294
:105020005A617B691B685A1E7B691A603B6ADB6A9E
:1050300001229A40374B1B681343364A13603B6A80
:10504000DA6A354913469B0013449B000B44043332
:105050001B683B613B6A3A699A603B699A683B6AA4
:10506000DA603B699B683A6A04325A603B6A1A1DEF
:105070003B699A603B6ADA6A13469B0013449B00C3
:10508000254A1A443B6A5A613B6ADA6A2249134646
:105090009B0013449B000B441B68591C1E4813467D
:1050A0009B0013449B00034419601BE01B4B5B688F
:1050B000BB613B6ABA69DA61BB699A683B6A1A628A
:1050C000BB699B683A6A18325A603B6A03F118025E
:1050D000BB699A603B6A114A9A62104B1B680133A4
:1050E0000E4A13603B6ADA6A0D4B1B68DB6A9A4210
:1050F00005D901237B620B4B01221A6001E00023DA
:105100007B627B6A18462C37BD465DF8047B70478E
:105110004C3701202C37012050360120E436012085
:105120004C3601203837012080B483B000AF78605E
:10513000064B1A687B681A60054B1A687B685A60D0
:1051400000BF0C37BD465DF8047B70473C3701203B
:105150002837012080B588B000AF786039607B685F
:10516000002B0AD14FF0500383F31188BFF36F8FE8
:10517000BFF34F8F3B6100BFFEE73B68002B0AD1B6
:105180004FF0500383F31188BFF36F8FBFF34F8F3E
:10519000FB6000BFFEE7FEF77FFA1F4B1B68BB6199
:1051A0007B685B68BA69D31A7B613B681B68B3F1A3
:1051B000FF3F02D10023FB6126E07B681A68174B92
:1051C0001B689A420AD07B685B68BA699A4205D329
:1051D0000123FB613B6800221A6015E03B681B68F5
:1051E0007A699A420BD23B681A687B69D21A3B688B
:1051F0001A607868FFF798FF0023FB6104E03B68C2
:1052000000221A600123FB61FEF776FAFB6918465B
:105210002037BD4680BD00BF283701203C37012024
:1052200080B400AF034B01221A6000BFBD465DF899
:10523000047B70473837012080B582B000AF7860BA
:1052400000F052F8064B1B68012BF9D9054B4FF0C3
:1052500080521A60BFF34F8FBFF36F8FF0E700BF2C
:105260005036012004ED00E080B582B000AF00238D
:105270007B600CE07A6813469B0013449B00124A43
:1052800013441846FEF722F87B6801337B607B6885
:10529000042BEFD90D48FEF719F80D48FEF716F864
:1052A0000C48FEF713F80C48FEF710F80B48FEF711
:1052B0000DF80B4B054A1A600A4B054A1A6000BFED
:1052C0000837BD4680BD00BF50360120B4360120EE
:1052D000C8360120E4360120F836012010370120BD
:1052E000DC360120E036012080B582B000AF19E045
:1052F000FEF7D2F9104BDB68DB687B607B68043318
:105300001846FEF76DF80D4B1B68013B0B4A136006
:105310000B4B1B68013B0A4A1360FEF7EDF97868F6
:1053200000F010F8064B1B68002BE1D100BF00BF56
:105330000837BD4680BD00BFF83601202437012064
:105340000C37012080B582B000AF78607B681B6BA2
:105350001846FEF73DFB7868FEF73AFB00BF0837BA
:10536000BD4680BD80B400AF0A4B1B681B68002B94
:1053700004D1094B4FF0FF321A6005E0054B1B6862
:10538000DB681B68044A136000BFBD465DF8047B00
:10539000704700BFDC3601204437012080B483B061
:1053A00000AF0B4B1B68002B02D101237B6008E090
:1053B000084B1B68002B02D102237B6001E0002315
:1053C0007B607B6818460C37BD465DF8047B7047F0
:1053D000303701204C37012080B586B000AF7860AF
:1053E0003960364B1B687B61354B1B6804331846AC
:1053F000FDF7F6FF0346002B0BD1314B1B68DB6A30
:10540000012202FA03F3DA432E4B1B6813402D4AA4
:1054100013607B68B3F1FF3F24D13B68002B21D0A0
:10542000294B5B683B61264B1B683A699A60244BA9
:105430001B683A699268DA60214B1A683B699B687D
:1054400004325A601E4B1B681A1D3B699A601C4B44
:105450001B681D4A5A611C4B1B6801331A4A1360B2
:1054600000BF26E07A697B681344FB60144B1B681D
:10547000FA685A60FA687B699A4209D2134B1A6833
:105480000F4B1B68043319461046FDF770FF10E000
:105490000F4B1A680A4B1B68043319461046FDF778
:1054A00066FF0C4B1B68FA689A4202D2094AFB68F5
:1054B000136000BF1837BD4680BD00BF28370120EC
:1054C0004C3601202C37012010370120E036012016
:1054D000DC3601204437012080B584B002AF0023C0
:1054E0007B6000F047FA114B1B68002B0BD0104B70
:1054F00001930223009300234FF482720D490E485A
:10550000FEF76AFE78607B68002B0AD14FF05003EB
:1055100083F31188BFF36F8FBFF34F8F3B6000BFE2
:10552000FEE77B6818460837BD4680BD80370120FE
:1055300084370120F4BD0008E155000880B584B02F
:1055400000AFF860B9607A6008E0FB689B69BA68F0
:105550001344BB60FB681B6AF8689847FB689A694C
:10556000BB68D118BB687A68F86800F0DDF80346BC
:10557000002BEAD100BF00BF1037BD4680BD000040
:1055800080B584B000AF78603960144B1B68DB686D
:10559000DB68FB60FB6804331846FDF721FFFB68FE
:1055A00093F8283003F00403002B05D03A6879689B
:1055B000F868FFF7C3FF08E0FB6893F8283023F092
:1055C0000103DAB2FB6883F82820FB681B6AF868DD
:1055D000984700BF1037BD4680BD00BF7837012017
:1055E00080B584B000AF786007F10803184600F07A
:1055F00057F8F860BB681946F86800F003F800F047
:10560000D5F8F1E780B584B000AF78603960FFF776
:10561000BFF907F10803184600F066F8F860BB68A8
:10562000002B30D13B68002B0AD17A68FB689A4284
:1056300006D8FFF7BBF9F9687868FFF7A1FF24E007
:105640003B68002B08D0134B1B681B68002B01D153
:10565000012300E000233B600F4B18687A68FB6869
:10566000D31A3A681946FEF783FDFFF79FF9034600
:10567000002B0AD1094B4FF080521A60BFF34F8FB5
:10568000BFF36F8F01E0FFF791F900BF1037BD4600
:1056900080BD00BF7C3701208037012004ED00E091
:1056A00080B485B000AF78600E4B1B681B68002B80
:1056B00001D1012200E000227B681A607B681B6830
:1056C000002B05D1074B1B68DB681B68FB6001E002
:1056D0000023FB60FB6818461437BD465DF8047B69
:1056E000704700BF7837012080B584B000AF786084
:1056F000FFF758FAF8600B4B1B68FA689A4205D21C
:1057000000F012F97B6801221A6002E07B68002237
:105710001A60044AFB681360FB6818461037BD46E0
:1057200080BD00BF8837012080B586B000AFF8602B
:10573000B9607A603B6000237B61FB68BA685A609D
:10574000FB68FA681A61BA687B689A4212D87A686C
:105750003B68D21AFB689B699A4202D301237B61A2
:105760001BE0104B1A68FB68043319461046FDF71E
:10577000FEFD12E07A683B689A4206D2BA683B683E
:105780009A4202D301237B6107E0074B1A68FB684A
:10579000043319461046FDF7EAFD7B6918461837B1
:1057A000BD4680BD7C3701207837012080B588B0A8
:1057B00000AFA6E0BB68002BC0F2A2803B69FB6192
:1057C000FB695B69002B04D0FB6904331846FDF7C5
:1057D00007FE3B1D1846FFF787FFB861BB68013B1A
:1057E000082B00F28E8001A252F823F01158000815
:1057F00011580008795800088D580008D75800083B
:105800001158000811580008795800088D580008F0
:10581000FB6993F8283043F00103DAB2FB6983F89F
:105820002820FA68FB699B69D118FB68BA69F86996
:10583000FFF77AFF0346002B63D0FB6993F828300B
:1058400003F00403002B09D0FA68FB699B69134439
:10585000BA691946F869FFF771FE08E0FB6993F829
:10586000283023F00103DAB2FB6983F82820FB69B2
:105870001B6AF869984744E0FB6993F8283023F0E5
:105880000103DAB2FB6983F828203AE0FB6993F858
:10589000283043F00103DAB2FB6983F82820FA6864
:1058A000FB699A61FB699B69002B0AD14FF0500399
:1058B00083F31188BFF36F8FBFF34F8F7B6100BFFE
:1058C000FEE7FB699A69BB69D118BB69BA69F869D7
:1058D000FFF72AFF15E0FB6993F8283003F0020375
:1058E000002B03D1F869FEF773F80AE0FB6993F81F
:1058F000283023F00103DAB2FB6983F8282000E0A6
:1059000000BF084B1B6807F1080100221846FEF78C
:1059100073FA0346002B7FF44DAF00BF00BF203762
:10592000BD4680BD8037012080B582B000AF09E060
:105930000E4B1B68DB681B683B604FF0FF3138681B
:10594000FFF71EFE094B1B681B68002BF0D1074BAD
:105950001B687B60064B1B68044A1360044A7B6823
:10596000136000BF0837BD4680BD00BF78370120F7
:105970007C37012080B500AFFDF78EFE124B1B680F
:10598000002B1DD11148FDF7A1FC1148FDF79EFC2D
:10599000104B0E4A1A60104B0D4A1A6000220C215F
:1059A0000A20FEF7B7F90346074A1360064B1B6847
:1059B000002B05D0044B1B6808491846FEF78AFBEC
:1059C000FDF79AFE00BF80BD8037012050370120CF
:1059D00064370120783701207C370120FCBD0008A6
:1059E00080B586B000AF1D4B1B6B1C4A43F0010312
:1059F00013631A4B1B6B194A43F004031363174BD1
:105A00001B6B164A43F0800313630023BB60012322
:105A10007B600223FB6003233B613B1D194610485A
:105A2000FBF762FF08237B600123FB603B1D1946E7
:105A30000C48FBF759FF04237B603B1D19460948BE
:105A4000FBF752FF4FF400537B603B1D194606489D
:105A5000FBF74AFF00BF1837BD4680BD0038024043
:105A600000000240001C02400008024080B586B0E1
:105A700000AF114B1B6B104A43F002031363012369
:105A8000BB6001237B600123FB6003233B613B1D63
:105A900019460A48FBF728FF02237B603B1D194685
:105AA0000648FBF721FF00F017F800F021F800BFCF
:105AB0001837BD4680BD00BF0038024000040240D8
:105AC00080B500AF002201210248FCF7C9F800BFF1
:105AD00080BD00BF0004024080B500AF012201215B
:105AE0000248FCF7BDF800BF80BD00BF00040240C3
:105AF00080B500AF012202210248FCF7B1F800BFD7
:105B000080BD00BF0004024080B500AF0121024803
:105B1000FCF7BFF800BF80BD0004024080B500AFB5
:105B200002210248FCF7B5F800BF80BD0004024026
:105B300080B500AF074B1B681B6903F00103012B05
:105B400006D1FFF7E1FF034B1B686FF001021A61FA
:105B500000BF80BD8C37012080B582B000AF786077
:105B60000D4B0E4A1A600C4B0C225A610A4A7B6894
:105B70005360094B00229A61074B00221A61064BC1
:105B80000022DA60044B00229A600348FCF7B4FD5F
:105B900000BF0837BD4680BDC83701200010014056
:105BA00080B588B000AF78607B681B68214A93425B
:105BB0003BD1214B1B6B204A43F0010313631E4B67
:105BC0005B6C1D4A43F01003536402233B610323C3
:105BD000BB614FF40073FB600723FB6107F10C030B
:105BE00019461648FBF780FE4FF48063FB6007F10F
:105BF0000C0319461148FBF777FE114B1B68DA6856
:105C00000F4B1B6842F02002DA600D4B1B68DA680C
:105C10000B4B1B6842F01002DA602520FBF749FEAF
:105C2000022202212520FBF728FE00BF2037BD46B7
:105C300080BD00BF0010014000380240000002405B
:105C4000C837012080B582B000AF2648FCF7FAFEC5
:105C5000244B1B681B6803F02003202B23D1F91D64
:105C60004FF47A7301221F48FCF734FE1E4BB3F841
:105C700000311A46F9791C4B99541B4BB3F800318B
:105C800001339AB2184BA3F80021174BB3F8003137
:105C9000FF2B03D9144B0022A3F80021114B1B68E2
:105CA0006FF020021A600F4B1B681B6803F0100393
:105CB000102B13D10C4BB3F800311A460A4B0021BC
:105CC0009954094B012283F80221064B1B681B687B
:105CD0003B60044B1B685B683B603B6800BF083758
:105CE000BD4680BDC8370120083801200EB480B5FC
:105CF000B7B000AF786007F1E803C7F8D03007F11C
:105D00000803D7F8D020D7F8E410184601F002FEB7
:105D100007F108031846FAF7F3FE0346A7F8D63052
:105D2000B7F8D62007F108014FF47A737868FCF7CA
:105D300028FD00BFDC37BD46BDE8804003B070479A
:105D4000014B1868704700BF0C00002070B50D4E65
:105D50000D4D761BB61006D0002455F8043B0134D7
:105D60009847A642F9D1094E094D761B06F00EF868
:105D7000B61006D0002455F8043B01349847A642DB
:105D8000F9D170BD18C2000818C2000820C200086E
:105D900018C20008830730B548D0541E002A3FD0EF
:105DA000CAB2034601E0013C3AD303F8012B9D0738
:105DB000F9D1032C2DD9CDB245EA05250F2C45EAA2
:105DC000054536D9A4F1100222F00F0C03F1200E84
:105DD000E6444FEA121C03F1100242E9045542E97D
:105DE000025510327245F8D10CF1010214F00C0F7B
:105DF00003EB021204F00F0C13D0ACF1040323F0F8
:105E000003030433134442F8045B9342FBD10CF0C8
:105E100003042CB1CAB21C4403F8012B9C42FBD1F1
:105E200030BD64461346002CF4D1F9E7034614460E
:105E3000BFE71A46A446E0E72DE9F04F2DED0A8BA7
:105E4000CFB00C4691460AEE101A09930AEE900A5A
:105E500002F02EFF036813931846FAF751FEA38948
:105E600012901A0603D52369002B00F0A8874D462F
:105E70009FEDA77B2B78002425AACDE92344CDE90B
:105E80001544CDE917448DED107B1AEE909A0E94CF
:105E90002292904614940594002B00F0F081AB46BA
:105EA00004E01BF8013F002B00F01B81252BF8D1EB
:105EB000BBEB050640F019819BF80030002B00F089
:105EC000DE8100234FF0FF329BF801708DF86B30BC
:105ED00006930BF1010B04929A462B2420210BF11F
:105EE000010BA7F120035A2B00F24081DFE813F0E9
:105EF000D9023E013E01D4023E013E013E016A004C
:105F00003E013E01690202033E017402E8023E01C5
:105F1000E3025B005B005B005B005B005B005B001F
:105F20005B005B003E013E013E013E013E013E0141
:105F30003E01D6013E013A028500D601D601D601C6
:105F40003E013E013E013E01CF023E013E01C60040
:105F50003E013E013E0144023E0179023E013E0106
:105F600057073E013E013E013E013E013E013E011A
:105F70003E01D6013E013A028700D601D601D60184
:105F8000C202870080003E01B5023E019D02C800AA
:105F90008B0280003E0144027D0032073E013E013B
:105FA00036073E017D00A7F1300300221BF8017B7C
:105FB00002EB820203EB4202A7F13003092BF5D971
:105FC00006928EE7484602F073FE43681793184620
:105FD000FAF796FD18900646484602F069FE836877
:105FE00015932021002E40F0CA859BF8007076E7BB
:105FF0009BF800704AF0200A71E74AF0100A1AF084
:10600000200F099B00F09E81073323F007031A46F7
:106010005B6852F8084B09921E46002BC0F273854C
:10602000049B013301F042802AF08003039354EA79
:10603000060300F0EF840A2C76F1000380F09887C5
:1060400030340123DDF80CA08DF8374107930DF2B1
:106050003715049907989DF86B3081424FF0000284
:10606000B8BF0146089203910C920F920D92002B3B
:1060700000F08D80039A0132039288E04AF0100A02
:106080001AF0200600F04F81099B073323F0070325
:106090005E6853F8084B09932AF480630393002346
:1060A00000228DF86B20049A1146013100F02982FC
:1060B000039921F0800A54EA060140F02082002A68
:1060C00041F03080002B40F0AB84039B13F00103C0
:1060D000079300F0498530238DF837310DF23715DD
:1060E000B7E7BBEB050600F0CA80249B334424933A
:1060F000239B0133072BC8E9005623930CDC08F1DE
:106100000808059B33440593D6E600BFAFF3008033
:1061100000000000000000001AEE101A22AA4846F3
:1061200003F0BEFC90B90DF19408EAE71AEE101ADC
:1061300022AA484603F0B4FC002800F09180089B96
:1061400023B108991AEE900A02F0ACFC1AEE103A4C
:106150009B8913F0400F059B18BF4FF0FF33059349
:1061600005984FB0BDEC0A8BBDE8F08F002F00F012
:10617000868000238DF8D4708DF86B300122CDE934
:106180000723039204930C930F930D9335AD1AF0EC
:1061900002020A9202D0039A023203921AF0840297
:1061A0000B9205D1069A0399561A002E00F30F831D
:1061B000249C8BB1239B0DF16B0201330134C8F891
:1061C0000020072B4FF0010224942393C8F80420E9
:1061D00000F3358308F108080A9B83B1239B1BAAAF
:1061E00001330234C8F80020072B4FF00202249438
:1061F0002393C8F8042000F32F8308F108080B9BB1
:10620000802B00F01182049B079A9E1A002E00F347
:1062100052821AF4807F40F0AD81079BC8F80430A9
:106220001C44239BC8F800500133072B249423936C
:1062300000F3C08208F108081AF0040F05D0069B8D
:10624000039A9D1A002D00F31483DDE905320399AA
:106250008A42ACBF9B185B180593002C7FF466AF95
:1062600000232393089B1BB10899484602F01AFCAF
:106270000DF194085D462B78002B7FF410AE249B23
:10628000002B3FF463AF1AEE104A1AEE101A1AEE02
:10629000900A22AA03F004FCA3895AE7099B07335A
:1062A00023F00703B3EC027B8DED107BDDE91012C8
:1062B000099322F000430BEE101A0BEE903A4FF0C8
:1062C000FF32B0EE4B9AF0EE6B9AA64B51EC190BE5
:1062D000FAF75EFD002840F06B84A24B51EC190BDD
:1062E0004FF0FF32FAF736FD002840F06184DDE917
:1062F000100100220023FAF723FD002840F0A887B0
:106300009DF86B30984D994A2AF0800A0321472F57
:10631000C8BF1546002208920391079104920C927F
:106320000F920D92A3E61AF0100340F03B841AF08E
:10633000400200F05E87099A52F8044B09921E460B
:10634000A4B2A9E653F8044B09931AF0100F40F0D9
:1063500012841AF0400F00F00A8444F3C03633462A
:1063600024B25AE6099A002352F8041B8DF86B30C8
:106370008DF8D410099201E7099C049A54F8045B43
:1063800000268DF86B60002D00F0DC86134601338B
:1063900000F0498531462846FAF722FC089000288B
:1063A00001F07D80089B0496591B079121EAE17159
:1063B0009DF86B300994039108960C960F960D96F4
:1063C00055E6099B53F8042B0692002A80F2C783F6
:1063D000069A0993524206929BF800704AF0040A0A
:1063E0007DE54AF010030393039B13F0200600F0B1
:1063F0007783099B073323F007035E6853F8084B44
:10640000099301234CE6099B53F8044B099330236D
:106410004AF0020278278DF86C30554B14930392A2
:106420008DF86D70002602233AE61AF0200F40F036
:1064300086841AF0100F40F07C861AF0400F40F06E
:106440004F871AF4007F00F07486099B059953F872
:10645000042B099311705D460DE79BF800706C2FBB
:1064600003BF9BF801704AF0200A0BF1010B4AF0C0
:10647000100A34E59BF80070682F03BF9BF8017089
:106480004AF4007A0BF1010B4AF0400A27E59BF829
:1064900000704AF0080A22E59BF800704AF0010AF1
:1064A0001DE59DF86B30002B7FF49FAD9BF80070CD
:1064B0008DF86B1013E59BF800704AF0800A0EE52A
:1064C0005A4612F8017B2A2F01F0F781A7F1300319
:1064D000092B934698BF002200F2F7871BF8017B37
:1064E00002EB820203EB4202A7F13003092BF5D93C
:1064F0000492F6E49BF800708DF86B40EFE4CDF861
:106500000CA0012B3FF497AD022B4EAD12D1149A83
:1065100004F00F032409D35C05F8013D44EA067436
:10652000360954EA0603F3D14EAB5B1BDDF80CA031
:1065300007938EE504F00703E40844EA4674F6087E
:10654000303354EA06012A4605F8013DF2D1039999
:106550000846C00700F14F824EAB5B1B8A4607938B
:1065600077E500BFFFFFEF7F18BE00081CBE0008E4
:1065700028BE0008652F40F3D780DDE91001002216
:106580000023FAF7D3FB002800F0B481239BBC4A18
:10659000C8F80020013301340122072B24942393EF
:1065A000C8F8042000F3868508F108081C9B0E9AA1
:1065B000934280F2CF82129B139A1C44C8E90023B5
:1065C000239B24940133072B239300F3EB8308F1DF
:1065D00008080E9B5D1E002D7FF72EAE102D239B0D
:1065E00041F34981A74F0A97224610261AEE104A16
:1065F00005E008F10808103D102D40F369850133CE
:106600001032072BC8E90076CDE92332F1DD22AA4A
:106610002146484603F044FA00287FF490ADDDE9B6
:1066200023320DF19408E6E7069B039A9E1A002E8A
:106630007FF7E9AD102E239B41F3508091490B95D4
:1066400022461AEE105A0A910C4604E0103E102E13
:1066500008F1080819DD013310321021072BCDE9AC
:106660002332C8F80040C8F80410EFDD22AA2946FA
:1066700048460DF1940803F013FA00287FF45FAD4B
:10668000103E102EDDE92332E5DC0B9D144601336C
:106690000A9AC8F800203444072BCDE92334C8F8FF
:1066A000046000F33185049B079A9E1A002E08F1BE
:1066B00008087FF7AEAD102E239B40F3C5857148C7
:1066C0000A90424621461AEE108A044604E0103E23
:1066D000102E02F1080216DD013310311020072BB5
:1066E000CDE9233114605060F1DD22AA41464846CD
:1066F00003F0D6F900287FF422AD103E102EDDE91C
:10670000233125AAE8DC90460C4601330A9AC8F8E2
:1067100000203444072BCDE92334C8F8046000F38B
:10672000D18108F1080874E50E9B012B40F37E81AE
:10673000239EC8F80050013601340123072E24940B
:106740002396C8F8043000F3E98108F10808129B89
:10675000139A01361C44072EC8E90023CDE92364AF
:1067600000F3EA8108F10808DDE9100100220023A6
:10677000FAF7DCFA002840F078810E9B0136013BE5
:1067800001351C44072EC8F800502396C8F8043081
:10679000249400F35C8108F10808169BC8F80430C3
:1067A00001361C44072E1EABCDE92364C8F8003027
:1067B0007FF740AD1AEE101A22AA484603F070F98E
:1067C00000287FF4BCAC249C0DF1940834E5102E15
:1067D000DDE9233222DD199510241AEE105A04E067
:1067E000103E102E08F1080817DD0133264910323B
:1067F000072BC8E90014CDE92332F1DD22AA29468E
:1068000048460DF1940803F04BF900287FF497AC4B
:10681000103E102EDDE92332E7DC199DC8F8046034
:106820000133B418072B184AC8F80020CDE92334E7
:1068300000F3E3839DF86B3008F10808B9E41AEE21
:10684000101A22AA484603F02BF900287FF477ACEF
:10685000249C0DF19408BFE41AEE101A22AA4846AF
:1068600003F01EF900287FF46AAC249C0DF1940813
:10687000C5E4102D239B26DD1AEE107A10260AE0BF
:1068800058BE00086CBE00085CBE0008103D102D0C
:1068900008F1080817DD0133C04A1034072BC8E996
:1068A0000026CDE92334F1DD22AA394648460DF110
:1068B000940803F0F5F800287FF441AC103D102D4A
:1068C000DDE92334E7DC0133B44AC8F804502C4432
:1068D000072BCDE92334C8F800207FF7B6AC1AEEB9
:1068E000101A22AA484603F0DBF800287FF427ACF0
:1068F000249CAAE41C9A002A40F39883DDE90D3217
:106900009342A8BF1346002B1F460BDD1C44C8E969
:106910000053239B24940133072B239300F35C85BE
:1069200008F108080D9B002FA8BFDB1B002B1E469B
:1069300000F353820D9B1AF4806F2B44079340F0B1
:1069400083821C9B0E9A934203DB1AF0010F00F026
:10695000B784129A13991444C8E90012239A249414
:106960000132072A239200F3758508F108080E9A70
:106970000799AE18761AD51AAE42A8BF2E46002E39
:106980000DDD239BC8F8001001333444072BC8F8F1
:1069900004602494239300F39C8508F10808002EDA
:1069A000A8BFAD1B002D7FF747AC102D239B40F3F4
:1069B00062877B4F0A97224610261AEE104A05E09E
:1069C00008F10808103D102D40F382830133103286
:1069D000072BC8E90076CDE92332F1DD22AA214652
:1069E000484603F05DF800287FF4A9ABDDE92332C7
:1069F0000DF19408E6E7302B3FF496AD3023023AD0
:106A000005F8013C4EAB9B1ADDF80CA00793154628
:106A1000FFF71FBB049B002B7FF412ABDDF80CA02B
:106A20000023049307934EADFFF713BB1AF0010F39
:106A30007FF47EAE239EC8F8005001360134012356
:106A4000072E24942396C8F804307FF7A4AE1AEEDC
:106A5000101A22AA484603F023F800287FF46FABEF
:106A6000DDE923640DF1940897E60E9B5D1E002D71
:106A70007FF793AE102D40F31587494ACDF810A04B
:106A800023461AEE10AA0A921027144605E008F1D0
:106A90000808103D102D40F39C8301361033072E5B
:106AA000C8E90047CDE92363F1DD22AA51464846F3
:106AB00002F0F6FF00287FF442ABDDE923630DF11D
:106AC0009408E6E71AEE101A22AA484602F0E8FFF8
:106AD00000287FF434AB249C0DF19408FFF799BB98
:106AE000039B13F0100340F02381039A12F040023D
:106AF00000F09A83099A52F8044B09921E46A4B2F8
:106B00000123FFF7CDBA2D2364428DF86B3066EB7D
:106B10004606CDF80CA00123FFF7C5BA1AEE101AED
:106B200022AA484602F0BCFF00287FF408ABDDE94A
:106B300023640DF194080AE61AEE101A22AA4846B8
:106B400002F0AEFF00287FF4FAAADDE923640DF11C
:106B5000940809E61AF0010F3FF46EAB2BE59BF8A1
:106B600000700993FFF7BBB94EADFFF772BA1AF484
:106B7000007F40F0AF83E6173346FFF74EBA159B10
:106B8000002B3FF432AA159B1B78002B3FF42DAA53
:106B90009BF800704AF4806AFFF7A1B95CBE000858
:106BA0006CBE0008099B53F8044B0993FFF774BAB5
:106BB000DDE9100102460B46FAF7EAF8002840F03A
:106BC000C285612F00F08585412F00F09384049BDE
:106BD000013327F02003039300F0A883472B00F034
:106BE0008185DDE910014AF48072002907924FF097
:106BF0000003C0F2238541EC180B0A930893039B12
:106C0000462B00F0F783452B00F04D85B0EE480A87
:106C1000F0EE680A20AB01931DAB0093049A1CAB05
:106C20000221484600F038FF039B472B054640F001
:106C300069861AF0010F5646DDF81CA040F00A855F
:106C4000209B5B1B0E93039B472B00F08A83039BC7
:106C5000462B00F00E841C9B0D930D9B039A013B69
:106C6000412A1C9300F0D685FAB20021002BB8BF50
:106C70000D9B8DF87820BABFC3F101032D222B2282
:106C8000092B8DF8792040F3B6850DF18704DFF8E4
:106C900098C3224610468CFB0321DA17C2EBA102EF
:106CA00002EB8201A3EB4101303100F8011C1946CF
:106CB0006329134600F1FF32ECDC3033D9B2831E76
:106CC0009C4202F8011C40F2048613460DF17A0240
:106CD00001E013F8011B02F8011B9C42F9D10DF1F0
:106CE00089030DF17A021B1A13441EAA9B1A1693EC
:106CF0000E9B169A012B1A44079240F3B785079B07
:106D0000129A13440793079A002326F4806622EA16
:106D1000E27246F4807A0C9303920F930D930A9BD0
:106D2000002B40F0448304939DF86B30FFF79FB92C
:106D3000099B53F8044B09930123FFF7B1B9099B51
:106D4000059853F8041B0993C217C1E900025D4678
:106D5000FFF791BACDF80CA0FFF746BBAF4B1493E9
:106D60001AF0200600F0EF80099B073323F0070399
:106D70005E6853F8084B09931AF0010F09D054EAE2
:106D8000060306D030238DF86D704AF0020A8DF8A4
:106D90006C302AF4806303930223FFF781B9A04B80
:106DA0001493DDE71AEE101A22AA484602F078FE84
:106DB00000287FF4C4A9249C0DF1940809E41AEE7C
:106DC000900A402101F080FF20602061002800F03F
:106DD000848540236361FFF74AB8102E239B40F35C
:106DE000698590480A90424621461AEE108A10277B
:106DF000044604E00832103E102E40F32E82013388
:106E00001031072BC2E90047CDE92331F2DD22AA78
:106E10004146484602F044FE00287FF490A9DDE98F
:106E2000233125AAE7E7284604960994F9F768FE76
:106E300020EAE0719DF86B300790039108960C965C
:106E40000F960D96FFF713B90E9BCDF828B0DDF81D
:106E50003CB0079E159FCDF81CA0EB18049342464A
:106E6000DDF860A00C9B0B951AEE108AA446BBF1CE
:106E7000000F30D093BB013F0BF1FF3B179BC2E9E2
:106E8000003A239B0133D444072BCDF890C02393C1
:106E900062DC0832049B38789B1B8342A8BF034600
:106EA000002B1C460CDD239801309C440728C2E9C6
:106EB0000063CDF890C0239000F319813878083230
:106EC000002CACBF051B0546002D0BDC06440C9BBB
:106ED000BBF1000FCED1002B00F032820C9B013BA6
:106EE0000C93CBE7102D23981FDD1024634604E09C
:106EF000103D102D02F1080216DD01304949103312
:106F00000728C2E90014CDE92303F1DD22AA414696
:106F1000484602F0C5FD00287FF411A9103D102D50
:106F2000DDE9230325AAE8DC9C4601303D4B556092
:106F3000AC440728CDE9230C136000F33F82387876
:106F400008320644C3E71AF0100300F0A480099B3E
:106F500053F8044B09930FE722AA4146484602F032
:106F60009FFD00287FF4EBA8DDF890C025AA91E7EB
:106F7000039B079703F48063002209EE109ACDF873
:106F80002080DDF854900DF59C7A174698460CE069
:106F90000023204631460A22F9F738FF0A2C76F101
:106FA00000031CD304460E46AA4620460A220023AC
:106FB0003146F9F72BFF30320AF1FF3501370AF875
:106FC000012CB8F1000FE3D099F800309F42DFD1D7
:106FD000FF2FDDD00A2C76F1000380F04F814EABFD
:106FE0005B1BCDF854900E9719EE109ADDE90778E7
:106FF000DDF80CA00793FFF72CB81AEE101A22AA9E
:10700000484602F04DFD00287FF499A89DF86B30AA
:10701000249C0DF19408FFF7CCB800BF28BE0008EF
:107020003CBE00086CBE000867666666239BC149CB
:10703000C8F80010013301340121072B2494239355
:10704000C8F8041000F32E8108F10808002A40F067
:1070500089800E9A0AF0010313433FF4EDA8129BB6
:10706000139A1C44C8E90023239B24940133072B63
:10707000239300F33E8108F108080E9AC8F80050E7
:1070800001331444072BCDE92334C8F804207FF7DB
:10709000D1A8FFF78FBB1AF0400200F0B880099A20
:1070A00052F8044B09921E46A4B265E6CDF80CA036
:1070B000FEF7C1BF1AEE101A22AA484602F0F0FCF1
:1070C00000287FF43CA8249C0DF19408FFF76EBAC9
:1070D000144601330A9AC8F800202C44072BC8F83C
:1070E0000450CDE923347FF7A5A8FFF763BB22AA9C
:1070F0004146484602F0D4FC00287FF420A83878A6
:10710000DDF890C025AADBE61AEE101A22AA48463E
:1071100002F0C6FC00287FF412A8249C0DF194080C
:10712000FFF771B8012BCDF80CA07FF4EDA9FEF7A5
:1071300087BF099B059953F8042B5D46116009939D
:10714000FFF799B8062A294628BF06220495089514
:107150002B460392784D099407920C910F910D9153
:10716000FEF785BF129B13991C44C8E90013239BAB
:1071700024940133072B239300F3BB8008F1080804
:10718000002ABFF67AAF5642103280F2AF836B48C6
:107190000A902146424610271AEE108A044604E05F
:1071A0000832103E102E40F3AF8201331031072B0E
:1071B000C2E90047CDE92331F2DD22AA4146484623
:1071C00002F06EFC00287EF4BAAFDDE9233125AA77
:1071D000E7E7DDF810A01C4601360A9BC8F800302E
:1071E0002C44072ECDE92364C8F804507FF7D3AAB6
:1071F0002DE4099B1AF4007614BF53F8044B53F89E
:10720000044B09931CBF1646E4B2FEF745BF099B29
:107210001AF4007614BF53F8044B53F8044B099347
:107220001CBF1646E4B2A7E5039B13F40076099B46
:1072300014BF53F8044B53F8044B09931CBF164674
:10724000E4B20123FEF72CBF3C4A0A92FFF75DBA75
:107250002D238DF86B30FFF755B890460C4601335F
:107260000A9AC8F800203444072BCDE92334C8F823
:1072700004604DDC08F10808FFF75CBB189B179908
:10728000ED1A1A46284602F0D9FB99F801300BB1E5
:1072900009F10109204631460A2200230027F9F7A7
:1072A000B5FD7FE61AEE101A22AA484602F0F8FB56
:1072B00000287EF444AF1C9A249C0DF19408C5E686
:1072C0000E9A0799AE18761AD51AAE42A8BF2E4666
:1072D000FFF765BB44F3C016334664B2FEF79DBEAC
:1072E000099B059953F8042B099311805D46FEF71D
:1072F000C2BF1AEE101A22AA484602F0D1FB00289B
:107300007EF41DAFDDE923341C9A0DF1940837E7B4
:107310001AEE101A22AA484602F0C2FB00287EF498
:107320000EAF249C0DF19408FFF704BB06230493D1
:1073300057E400BF58BE000850BE00086CBE0008ED
:107340000B9D0E9BDDF81CA0DDF828B01597EB18FF
:107350009E429046324628BF1A4664460792FFF77F
:10736000F0BA1C9B0D93DA1C02DB049A934204DDF5
:10737000023F27F0200303936FE4DDE90D318B42D8
:10738000C0F29980F70740F1DB81129A134407930A
:10739000740503D50D9B002B00F3FF81079B23EAA7
:1073A000E3730393672700230C930F93B7E42D2314
:1073B00000228DF86B300492FEF75CBE22AA414693
:1073C000484602F06DFB00287EF4B9AE3878DDF84F
:1073D00090C025AA06447AE51AEE101A22AA484659
:1073E00002F05EFB00287EF4AAAE249C0DF1940806
:1073F000FFF798BA20AB01931DAB0093049AB0EE4F
:10740000480AF0EE680A1CAB0321484600F044FB32
:107410000378302B054600F003821C9B049A5646E5
:107420001344DDF81CA0EC1851EC180B00220023CB
:10743000F9F77CFC08B1234603E4209BA342BFF488
:1074400000AC30215A1C20921970209B9C42F9D824
:10745000FFF7F7BB1AEE101A22AA484602F020FBEB
:1074600000287EF46CAE1C9B249C0DF19408FFF761
:107470007EBA1C9A0D92002A40F30082049906F00D
:1074800001030B4340F0B1810D9B07936627730501
:1074900000F18481079B23EAE373039383E7049B52
:1074A0000393079309949DF86B3004900C900F9010
:1074B0000D90FEF7DCBD0E9B129A9A180D9B079259
:1074C000002B40F3BB816727E1E700230493FEF71D
:1074D00008BD1AEE101A22AA484602F0E1FA002866
:1074E0007EF42DAE1C9D0E9B249C5D1B0DF194081B
:1074F000FFF755BA30238DF86C3058238DF86D3076
:10750000049B632B4AF0020400F3A7800023089336
:1075100035ADDDE910124AF481730793002A27F094
:107520002003A2460393C0F28A80002342EC181B7A
:107530000A93612F00F01581412F7FF460ABB0EE0C
:10754000480AF0EE680A1CA802F030FA00224FF058
:107550007F5351EC100BF9F70FF802460B4643EC42
:10756000192B00220023F9F7E1FB08B101231C933A
:10757000B74B0B93049B1995CDE90CB7CDE90EA839
:107580000CEE109ADDF82CB059EC198B5E1E2C46CF
:1075900005E000220023013EF9F7C8FBE0B9AD4B3E
:1075A000002240464946F8F7E7FF89468046F9F74A
:1075B00005FC0546F8F776FF0B460246494640466D
:1075C000F8F722FE1BF80530A24604F8013B731CB5
:1075D000374680468946DCD149EC198B9E4BDDF855
:1075E00030B0DDF83C80CDF830A051EC190B002212
:1075F0003E46DDF838A00D9F0D951CEE109A199DA2
:10760000F9F7BCFB98BB51EC190B934B0022F9F72F
:107610008DFB10B10D9BD90729D4002E334606DB14
:1076200001332344302204F8012BA342FBD1631B16
:1076300056460E93DDF81CA0FFF705BB0893DDE965
:10764000103408EE103A04F1004308EE903A2D236E
:107650000A936EE7049BEC18E6E6591C484601F0D5
:1076600033FB0546002800F04481089051E70C9B4D
:1076700020930B9B14F8012CD97B8A42234609D115
:10768000302003F8010C209B5A1E209213F8012C85
:107690009142F6D0392A0BBF0B9A0132927AD2B2BC
:1076A00003F8012CC3E7049BB0EE480AF0EE680A29
:1076B0005C1C20AB01931DAB009322461CAB022146
:1076C000484600F0E9F9054656462C44DDF81CA072
:1076D000AAE630238DF86C3078230FE75F4A0A92D0
:1076E000FEF7D5BF049B002B08BF01230493119B19
:1076F0004AF48072002B0792C0F2DA809DED108B65
:1077000008900A90FFF782BA0C46904601330A9A15
:10771000C8F800203444072BCDE92334C8F80460AE
:107720007FF7A9AC1AEE101A22AA484602F0B8F95F
:1077300000287EF404ADDDE923340DF194089CE4C7
:107740000D9B079324E6119B454D464A002BB6BF7F
:107750002D239DF86B308DF86B302AF0800AFEF7F0
:10776000D5BD1CA8B0EE480AF0EE680A02F01EF97A
:1077700000224FF07F5351EC100BF8F7FDFE02464C
:107780000B4643EC192B00220023F9F7CFFA08B17E
:1077900001231C93344B0B93ECE6672715990B7868
:1077A000FF2B00F0B18000240D9A204603E0013049
:1077B0000131FF2B08D0934206DAD21A4B78002B06
:1077C000F5D10B780134F4E715910D920F900C94DC
:1077D0000C9A0F9B18991344079A01FB03230793F4
:1077E00023EAE3730393FFF79ABA129BD318194461
:1077F000079166274BE6002957D130228DF87A2071
:107800000DF17B02303302F8013B1EABD31A169305
:10781000FFF76EBA07F10F02D2B20121FFF726BAC5
:1078200051EC180B00220023F9F780FA00287FF4AE
:10783000F4AD049BC3F101031C93EFE5C3F1010315
:107840001A4422EAE273079203936727ABE500BF6D
:107850003CBE0008000030400000E03F6CBE000865
:1078600020BE000824BE000828BE0008F3077FF5EC
:107870004AAAFFF744BA264A0A922AE4049A06F072
:1078800001061346334304D101230393662707936C
:1078900089E5129B01331A4422EAE27307920393AB
:1078A000662780E51A4B0A9396E40DF17A02A9E760
:1078B0000890C4E6164A0A92D1E4099B9BF801702D
:1078C000934653F8042B099342EAE2720492FEF7BE
:1078D00006BB02231693FFF70BBA1AEE902A0C236D
:1078E00013604FF0FF330593FEF73ABC084A0A9243
:1078F0000CE71AEE101A8B8943F0400213468A8176
:10790000FEF727BC049CDFE600230C930F935FE790
:107910006CBE000870B50B4E9AB004466FF000457F
:10792000CDE90445134600940A463068064C02959A
:1079300069460394FEF780FA009B00221A701AB081
:1079400070BD00BF0C0000200802FFFF024B13B106
:10795000024800F005B8704700000000D98900080F
:10796000002301461A46184602F016B92DE9F04FD9
:1079700003690C69A34283B0C0F28780013C01F126
:107980001405A30000F11408009355F8243058F8AA
:107990002420013381469A4208EB840005EB8407DA
:1079A0000190B2FBF3F63BD30023AE4640469B4624
:1079B0005EF804AB02681FFA8AFC06FB0C334FEA40
:1079C000134C4FEA1A4A06FB0ACA1FFA83FCABEBB8
:1079D0000C0C1FFA8AF31CFA82FCC3EB124202EB76
:1079E0002C421FFA8CFC4CEA0243774540F8043BDA
:1079F0004FEA224B4FEA1A43DAD2009B58F8033081
:107A000073B9019B043B984504D307E0984504F102
:107A1000FF3403D253F80429002AF7D0C9F81040E4
:107A2000484601F093FE00282BDB01364046002338
:107A300055F8041BD0F800C08AB29A1A0B0C12FA3F
:107A40008CF2C3EB1C4303EB224392B242EA0342A3
:107A5000AF4240F8042B4FEA2343E9D258F82420E0
:107A600008EB84036AB9043B984504D307E09845C2
:107A700004F1FF3403D253F80429002AF7D0C9F8DF
:107A80001040304603B0BDE8F08F002003B0BDE8E1
:107A9000F08F00BF000000002DE9F04F2DED068BA8
:107AA00095B08DED020B0191016C249D099259EC6A
:107AB000108B0446069341B1426C4A600123934007
:107AC0008B6001F0E3FB00232364B9F1000AB4BF2B
:107AD000012300232B607C4BBCBF2AF0004ACDF869
:107AE0000CA033EA0A0300F0B2809DED027B002275
:107AF00051EC170BB0EE479AF0EE679A0023F9F7B6
:107B000015F9074680B1069A01231360259B002BC7
:107B100000F0DC826D481860431E0093009815B099
:107B2000BDEC068BBDE8F08F12AA13A92046B0EE7B
:107B3000490AF0EE690A01F0D1FEB0EE498AF0EE92
:107B4000698A5FEA1A56054640F09980DDE91276A7
:107B50003E4406F23240202840F3AD83C0F140009D
:107B60000AFA00FA06F2124028FA00F04AEA000087
:107B7000F8F788FC0123013E0D93A1F1F871544BF5
:107B80000022F8F741FB4AA3D3E90023F8F7F4FCFD
:107B900049A3D3E90023F8F739FB804630468946EC
:107BA000F8F780FC46A3D3E90023F8F7E5FC02468A
:107BB0000B4640464946F8F729FB80468946F9F7C7
:107BC000FDF800228346002340464946F9F7B8F8FD
:107BD000002840F06E82BBF1160F00F25D823D4B33
:107BE00003EBCB03D3E9002351EC190BF9F7A8F809
:107BF000002875D00023BE1B0C93731E0BF1FF3BB6
:107C0000049300F1508200230893BBF1000F6EDA59
:107C1000089BCDF814B0A3EB0B030893CBF1000342
:107C20000B93019B092B4FF0000B69D8052B40F3F8
:107C30004083043B01930026019B023B032B00F28F
:107C40009B86DFE813F050044D0445042804069A8F
:107C500042F20F73CAF3130A13605AEA08031DD1E4
:107C6000259B002B00F07F861B4B00930833259A41
:107C70000098136015B0BDEC068BBDE8F08F18EED0
:107C8000903AC3F3130351EC190B43F07F510D9756
:107C9000A6F2FF36129F41F4401170E7259B002B9E
:107CA00040F0DD830D4B009338E700BFAFF3008059
:107CB00061436F63A787D23FB3C8608B288AC63FF2
:107CC000FB799F501344D33F0000F07F59BE00085A
:107CD0000000F83FC8BF000880BE00087CBE000856
:107CE000BE1B731E049300F19C840C900890049BAF
:107CF0005B44CDE9043B00230B93019B092B95D9F1
:107D0000002301264FF0FF3201930A960792099350
:107D1000079B0F9300216164204601F091FA0090C7
:107D2000002800F03186009B2364079B0E2B00F295
:107D3000F980002E00F0F6800599002940F3738445
:107D4000BD4B01F00F0203EBC2034FEA2118C90536
:107D5000D3E9006740F10584B84B51EC190BD3E926
:107D60000823F8F733FD41EC180B08F00F084FF02B
:107D7000030AB8F1000F13D0DFF8C09218F0010F1A
:107D800009D030463946D9E90023F8F7F5FB0AF166
:107D9000010A06460F465FEA680809F10809EDD1B5
:107DA00051EC180B32463B46F8F710FD41EC1A0B2C
:107DB0000C9B5BB157EC1A6BA14B1AEE100A002218
:107DC0003946F8F7BDFF002840F054855046F8F7D3
:107DD00069FB53EC1A2BF8F7CFFB9A4B0022F8F70C
:107DE00015FA079B8046A1F15079002B00F0F5832E
:107DF000059B1093079B0E930A9B002B00F0C284F7
:107E00000E9A8D4B9049DDF800A003EBC20353E9B5
:107E100002230020F8F7DAFC42464B46F8F7F4F963
:107E200059EC1A8B41EC180B49461AEE100AF8F778
:107E3000C5FF0746F8F736FB02460B461AEE100A56
:107E40004946F8F7E1F930370AF8017B53EC182B73
:107E500006460F46F8F774FF002840F057854FF0AC
:107E600000080AEE105ACDF844B055465BEC18AB4A
:107E700008EE104A44462AE00E9B01349C424BDA3D
:107E8000724B504659460022F8F776FB6F4B0022A2
:107E900082468B4630463946F8F76EFB8946804667
:107EA000F8F78CFF0746F8F7FDFA02460B46404606
:107EB0004946F8F7A9F9303705F8017B52465B4689
:107EC00006460F46F8F73CFF002840F01A85324678
:107ED0003B465B490020F8F797F952465B46F8F7B6
:107EE0002FFF0028C8D0109B009A0593AA4618EED1
:107EF000104A1AEE105A02E0924500F0EC84D14686
:107F00001AF8013D392BF7D00133DBB28AF8003083
:107F1000059B01330593ACE1DDF844B01AEE105A2D
:107F200018EE104A139B002BC0F29480059A0E2A7B
:107F300000F39080404B03EBC203D3E90089099B17
:107F4000002B1BDA079B002B18DC40F05F83404BB3
:107F5000002240464946F8F70FFB02460B4651EC1B
:107F6000190BF8F7F7FEDDF81CA05646002800F0C4
:107F7000D282099BDDF80080DF43D4E242464B46C3
:107F800051EC190BF8F722FCF8F718FF0646834668
:107F9000F8F788FA42464B46F8F7EEFA0B460246E7
:107FA00051EC190BF8F730F9DDF800A03346303307
:107FB0000AF8013B079B012B00F090834FF0010B67
:107FC00008EE105A08EE904A1D465446DA461DE067
:107FD00042464B4630463946F8F7F8FBF8F7EEFED6
:107FE0008346F8F75FFA42464B46F8F7C5FA0AF1BE
:107FF000010A0B46024639463046F8F705F90BF1FF
:108000003003AA4504F8013B00F063830F4B0022C4
:10801000F8F7B2FA0022002306460F46F8F786FE6C
:108020000028D5D0A24618EE105A18EE904A059BAB
:1080300001330593D1461CE1C8BF0008A0BF00086A
:108040000000F03F00001C400000E03F0000244022
:10805000000014400A9A002A40D0019A012A40F3F5
:108060009E82079B03F1FF380B9B4345C0F2708251
:10807000A3EB0808079B002BC0F26883049A114603
:10808000089A194417461A4404910892012120467F
:1080900001F0AAF9064625E00123BE1B0C93731ECE
:1080A00004937FF5B0ADC6F1010308930023049358
:1080B000ABE55846F8F7F6F942464B46F8F736FE78
:1080C00000287FF488AD0BF1FF3B84E5874B0093DC
:1080D000009815B0BDEC068BBDE8F08FDDF82C8064
:1080E000089F0A9E002F0CDD049A002A09DD0899DA
:1080F000BA421346A8BF3B46C91AFF1AD31A0891C1
:1081000004930B9BDBB10A9B002B00F08382B8F138
:10811000000F0FDD31464246204601F03FFA2A4665
:1081200001460646204601F08DF9294605462046BF
:1081300001F0ACF80B9BB3EB080240F00183012186
:10814000204601F051F9BBF1000F824600F3B880E0
:10815000019B012B40F387814FF000080120BBF108
:10816000000F40F0B980049A104410F01F0000F096
:108170009780C0F12003042B40F3F983089BC0F1E2
:108180001C0003440244089307440492089B002BFC
:1081900005DD29461A46204601F060FA0546049B93
:1081A000002B05DD51461A46204601F057FA82465B
:1081B0000C9B002B40F03881079B002B40F31F8164
:1081C0000A9B002B40F0A280059B01330593DDF84C
:1081D0000080DDF81C90012707E0294600230A22D1
:1081E000204601F05DF80137054651462846FFF765
:1081F000BDFB4F4500F1300008F8010BEDDB079A9D
:10820000002AC8BF9346009AD8BF4FF0010B03461F
:1082100093440027294601222046019301F01EFACB
:108220005146054601F092FA002840F3A6811BF85A
:10823000013C009A0BF1FF3B04E05A4500F0A88195
:108240001BF8013D392B0BF10109F6D001338BF8F6
:1082500000305146204601F019F856B12FB1B7420F
:1082600003D03946204601F011F83146204601F08E
:108270000DF82946204601F009F8002389F800305E
:10828000069B1A46059B1360259B002B3FF446ACCA
:108290000098C3F8009015B0BDEC068BBDE8F08FD8
:1082A0001C20089B03440893049B03440744049345
:1082B0006CE70126C0E4C0F1200008FA00F057E4A2
:1082C00001465A46204601F069F9019B012B82467E
:1082D00040F3D5814FF00008DAF810300AEB830341
:1082E000186901F031F8C0F120003CE758BE0008E1
:1082F000314600230A22204600F0D2FF0F9B002BBC
:10830000064640F32383CDF814900793002F00F323
:108310001881B8F1000F40F0FC81B046029B009F2D
:10832000079903F001027B1E1944019B0A92134333
:108330000891099351462846FFF718FB31468346BA
:10834000284601F003FA424651468146204601F094
:108350001FFAC26801460BF13003002A42D1049093
:108360002846079301F0F2F904990290204600F0A4
:108370008DFF029A079B1AB90999002900F0D6824D
:10838000B9F1000FC0F28781019949EA01090A9900
:1083900051EA090100F07F81002A00F3E781089A81
:1083A0003B7007F101099742CB4600F0E581294671
:1083B00000230A22204600F073FF46450546314659
:1083C0004FF000034FF00A02204612D000F068FF81
:1083D0004146064600230A22204600F061FF4F4630
:1083E0008046A7E72046029300F050FF029B01223F
:1083F000C6E700F055FF4F46064680469AE7019BC8
:10840000022B77DC0A9B002B80D1059B5146013360
:1084100028460593FFF7AAFADDF800B000F1300313
:108420000BF8013B0027F5E65146284601F08EF98E
:108430000028BFF6C1AE294600230A22204600F0DC
:108440002FFF059B03F1FF390A9B0546002B7FF4A4
:108450004FAF0F9B002B40F370820793B7E6BD4BE5
:108460000093033303E4DDE9021200297FF474AEC4
:10847000C2F31303002B7FF46FAEB74B1340002BF6
:1084800000F03D82089B01330893049B0133049361
:108490004FF0010862E601230A93099B059A1344F1
:1084A0000F930133012B1F460793B8BF012700210B
:1084B000172F61647FF730AC012204235B0003F1C6
:1084C0001400B842114602F10102F7D9616423E4B5
:1084D00001230A93099F002F4ADD0F970797E6E7CC
:1084E00000230A93D9E700230A93F3E70F9BCDF803
:1084F00014900793079B002B7FF43BAD5146052258
:10850000204600F0CDFE01468246284601F01EF9C5
:1085100000287FF72EAD0098059F3123804600F894
:10852000013B013700905146204600F0AFFE7B1C16
:10853000DDF800900593CDF80080002E7FF495AE15
:1085400097E631463A46204601F088F80646E0E6CE
:108550000B9BCDF82C80A8EB03039B444FF0000845
:1085600088E54FF0020AB0EE498AF0EE698A00E42D
:10857000012309930793FFF7CBBB03D1019BDB07D3
:108580003FF555AED9461BF8013D302BFAD060E6D9
:10859000059B009A013305933123137059E60D9A18
:1085A000002A00F0638103F23343049ADDF82C8043
:1085B0001A440492089A17461A44089266E55046EF
:1085C000F7F770FF53EC1A2BF7F7D6FF634B002237
:1085D000F7F71CFE8046A1F15079614B002251EC67
:1085E0001A0BF7F711FE42464B4606460F46F8F7C0
:1085F000C5FB002840F07F8130463946424609F1EC
:108600000043F8F79DFB00283FF48CAC4FF0000AC4
:108610005646AEE429460B9A204600F0BFFF0546B9
:108620008DE50C903FE500F04E81059A4D4B56428A
:1086300006F00F0203EBC203D3E9002351EC190B40
:10864000F7F79AFF361141EC1A0B00F08881464F7C
:1086500000234FF0020AF20706D5D7E90023F7F707
:108660008BFF0AF1010A0123761007F10807F2D106
:10867000002B3FF49DAB41EC1A0BFFF799BB029B1B
:10868000002B7FF427AEDDE90212C2F31303002BA7
:108690003FF4F3AE1EE6002A12DD294601222046F1
:1086A000019300F0DBFF5146054601F04FF800282A
:1086B000019B40F33581392B00F013810BF131031D
:1086C000B94609F8013B059B0133374605934646F9
:1086D000BFE5A24618EE105A18EE904A02460B4625
:1086E000F7F794FD42464B4606460F46F8F746FB21
:1086F00060B942464B4630463946F8F717FB00282A
:108700003FF495AC5FEACB717FF591AC009AFFF72F
:10871000F6BB7168204600F093FD0746002800F084
:108720003A81336902339A0006F10C010C30F8F7F4
:1087300035F939460122204600F090FF8046EDE5EC
:108740002946204600F02AFF0546F8E4DDE9072324
:108750009F1A9BE47CBE00080000F07F00001C40D4
:1087600000001440C8BF0008A0BF0008392B00F06B
:10877000B880B9460133A4E7059A0132374605921D
:10878000464647E50E988D4901EBC00142464B46EF
:1087900051E90201F7F7F0FE5AEC1A9B41EC180B75
:1087A00051461AEE100AF8F709FB0746F7F77AFE6A
:1087B00002460B461AEE100A5146F7F725FD06460B
:1087C0000E98DDF800803037012808F8017B0F464D
:1087D00000F0BA800E9B009ACDF838B013449B4647
:1087E000C246774B002230463946F7F7C5FE894628
:1087F0008046F8F7E3FA0746F7F754FE30370246AB
:108800000B4640464946F7F7FFFC0AF8017BDA457C
:1088100006460F46E5D1DA46DDF838B0694B59EC2B
:10882000188B002218EE100A4946F7F7EFFC324683
:108830003B46F8F785FA00286DD118EE102A4B4612
:1088400060490020F7F7E0FC32463B46F8F796FA1D
:1088500000283FF467ABD1460AF1FF3A19F8013C12
:10886000302BF8D0109B0133059302E5129BC3F126
:1088700036039AE6079B002B3FF4A1AE0F9B002B1B
:108880007FF750AB059A0E93013A4D4B10921AEEBA
:10889000100A39460022F7F76FFE024616460F46C9
:1088A0000AF10100F7F7FEFD32463B46F7F764FE9A
:1088B000454B0022F7F7AAFC47EC1A6B8046A1F162
:1088C0005079FFF799BA4FF0020AB0EE49AAF0EEDC
:1088D00069AAFFF76DBA059B013305933123FFF7B2
:1088E00015BB059BBB4601330593392337460BF86F
:1088F000013B46469DE44FF0000A56460BE698467B
:108900002CE4AA4618EE104A1AEE105A109B0133B6
:108910000593D146ADE4109B009A0593FFF7EFBA9B
:108920007FF4CEAEDA077FF5CBAEC4E6392BD8D0D4
:10893000B9F1000F3FF7C2AEC2E6019B022B3FF731
:10894000D5ADCDF8149060E5C24667E7019B022BD8
:108950003FF7CCAD0F9BCDF814900793D6E44FF0C2
:10896000020AFFF725BA194B0093FFF7D7B83FF477
:108970000DACC0F13C0094E400266664314620460C
:1089800000F05EFC009068B9114B124800224FF4D1
:10899000D57101F047F90E4B0E483A4640F2EA21F4
:1089A00001F040F9009B236401224FF0FF33099648
:1089B0000F930A920793FFF7B5BA00BFC8BF00082C
:1089C000000024400000E03F00001C4080BE000882
:1089D0008CBE0008A0BE000838B5084B084D5B1BD4
:1089E0009C1007D0043B1D44013C55F804399847BE
:1089F000002CF9D1BDE8384003F0CEB924C20008FC
:108A000020C20008F8B5244F0C46064600F00CFCC6
:108A1000BA685568C4F57E630F3325F003052B440F
:108A200023F47F6323F00F03A3F58054B4F5805F34
:108A300007DB0021304600F0EFFFBB682B44984273
:108A400004D0304600F0F6FB0020F8BD614230460D
:108A500000F0E2FF01300DD0104ABB682D1B45F03D
:108A600001055D60136830461B1B136000F0E2FBDC
:108A70000120F8BD0021304600F0CEFFBA68831A0D
:108A80000F2BDEDD43F001035360054B03491B68E8
:108A9000C01A0860D5E700BF3C0400201C39012043
:108AA00044080020002961D0F8B50C46064600F0C5
:108AB000BBFB54F8042C7B4FA4F1080522F0010104
:108AC00005EB010CB868DCF80430604523F00303C3
:108AD00000F08B80D207CCF8043032D454F8082C44
:108AE000AD1A1144AA6807F1080082426AD00CEB63
:108AF0000304D4F804E0EC68D4601EF0010FA26017
:108B000000F0978041F001036B60CCF80010B1F5E4
:108B1000007F35D27A68CB084809012101338140B2
:108B20001143796007EBC30257F83310083AC5E9DF
:108B3000021247F83350CD603046BDE8F84000F0EF
:108B400079BB0CEB03025268D00710D4194407F12B
:108B50000800DCF80830834273D0DCF80C20DA60BF
:108B6000936041F001036B606950D0E7704741F0BA
:108B70000103B1F5007F44F8043CCCF80010C9D3E0
:108B8000B1F5206F4FEA512348D28B0903F1390028
:108B900003F13802C300F818FB580838984259D03E
:108BA0005A6822F003028A4202D99B689842F7D1A0
:108BB000D868C5E902308560DD603046BDE8F84020
:108BC00000F038BB0CEB03025268D20763D40B44AD
:108BD000DCE90212CA60916043F001026A6030462B
:108BE000EB50BDE8F84000F025BB0B44D10707D49B
:108BF00054F8082CAD1A1344D5E90212CA609160EA
:108C000043F001026A60284ABD6012689A4293D814
:108C1000264B30461968FFF7F5FE8DE7142B0AD96D
:108C2000542B1FD80B0B03F16F0003F16E02C3002E
:108C3000B1E719448DE703F15C0003F15B02C30067
:108C4000A9E741F00103C7E90455C5E902006B60DB
:108C5000695071E779689210012404FA02F20A431C
:108C60007A60A6E7B3F5AA7F06D8CB0B03F17800AC
:108C700003F17702C3008EE740F25452934206D8C4
:108C80008B0C03F17D0003F17C02C30083E74FF4FA
:108C90007E737E227FE741F001036B60CCF8001009
:108CA0004AE700BF3C040020480800204C3901205E
:108CB000004870473C090020704700BF704700BF64
:108CC000704700BF704700BF2DE9F04F01F10B0660
:108CD000162E83B0044624D8102900F2BA8000F082
:108CE000A3FA102618220220B54F3A44A2F1080137
:108CF00053688B4200F0BA805A68D96822F00302A8
:108D00001A449D68E9608D60516841F00101204678
:108D1000516003F1080500F08DFA284603B0BDE864
:108D2000F08F36F0070600F19480B14200F2918096
:108D300000F07AFAB6F5FC7FC0F09A81730A00F071
:108D40008F80042B00F26F81B30903F1390003F126
:108D5000380CC3009A4F3B44A3F108055B689D4261
:108D600006D10CE0002980F22781DB689D4206D005
:108D70005A6822F00302911B0F29F3DD60463D691A
:108D8000DFF850C265457CD06A6822F00302931B6D
:108D90000F2B00F37B81002BC7E904CC80F26C81A0
:108DA000B2F5007F80F01A81D308796801334FEA69
:108DB000521E012202FA0EF20A4357F833E0C5F8B8
:108DC00008E007EBC3010839E9607A6047F83350DF
:108DD000CEF80C50831001219940914257D811428E
:108DE00006D120F003004900114200F10400FAD03E
:108DF00007EBC0094D468646D5F80C80454508D19D
:108E00001DE1002B80F22481D8F80C80454500F04C
:108E10001681D8F8042022F00302931B0F2BF0DDFB
:108E20002046D8E9025408EB060146F00106C8F8CE
:108E30000460EC60A56043F00104C7E90411C1E9D6
:108E400002CC4C6048F8023000F0F4F908F1080553
:108E500002E00C2323600025284603B0BDE8F08F14
:108E60004FF4007340204FF03F0C73E7D3689A42F1
:108E700008BF02307FF440AF3D69DFF858C1654557
:108E800082D17A688310012199409142A7D9BD68A7
:108E90006B6823F003094E4503D8A9EB06030F2B9B
:108EA0007ADCDFF834B1474BDBF800201B68013275
:108EB000334405EB090A00F0338103F580530F3387
:108EC00023F47F6828F00F084146204600F0A4FDF7
:108ED000411C024600F0F380824500F2EE803A4BDE
:108EE000196841441960084600F04E81DBF8001013
:108EF000019301311BBFA2EB0A0A5044CBF80020BA
:108F0000186012F0070B00F01781CBF108010A443A
:108F1000CBF5805190440831A1EB0801C1F30B0A55
:108F200051462046009200F077FD421CDDE9002307
:108F300000F04F81801A00EB0A081968BA6048F007
:108F400001005144BD425060196000F02981B9F11F
:108F50000F0F40F227816868A9F10C0C2CF0070C68
:108F600000F0010040EA0C0068604FF0050E05EBD0
:108F70000C00BCF10F0FC0E901EE00F23281506825
:108F80001546124B1A688A4238BF1960104B1A688E
:108F90008A4238BF196094E0AA1943F0010346F0F1
:108FA00001066E602046BA60536000F043F9083550
:108FB000284603B0BDE8F08FD9681A44A1E600BF87
:108FC0003C0400204C3901201C3901204439012087
:108FD000483901204404002044080020B2F5206FE5
:108FE0004FEA522363D3142B00F2B78003F15C01E4
:108FF000C9005B3307EB010E7958AEF1080E8E45C0
:1090000000F091804B6823F00303934202D98968F2
:109010008E45F7D1D1F80CE07A68C5E9021ECEF88A
:109020000850CD60D6E6142B59D9542B00F29D8000
:10903000330B03F16F0003F16E0CC3008AE60EF1EF
:10904000010E1EF0030F05F108057FF4D5AE51E0C7
:10905000424445465368D8F80C1043F0010353606E
:1090600055F8083F2046D9608B6000F0E3F8F3E63E
:10907000F00806F1080237E62A442046536843F018
:1090800001035360083500F0D5F8E5E6A91920463C
:1090900046F0010643F001046E60C7E90411C1E91E
:1090A00002CC4C60AB5000F0C5F80835D4E693090B
:1090B00003F13901C90038339CE7BD425FD0BD6878
:1090C000686820F003084645A8EB060302D80F2B7A
:1090D0003FF762AF204600F0ADF80025BCE603F193
:1090E0005C0003F15B0CC30034E659F808394B45CA
:1090F00040F0968010F0030F00F1FF30F5D17B684F
:1091000023EA01037B60490099423FF6C0AE19B9DA
:10911000BDE649000EF1040E1942FAD0704667E62A
:1091200003F11008D0E69A104FF001087B6808FAA6
:1091300002F21A437A6070E702EB08014942C1F378
:109140000B0A51462046009200F066FC431CDDE904
:1091500000237FF4EFAEDA46EFE6542B25D8130B4D
:1091600003F16F01C9006E3344E7B3F5AA7F25D838
:10917000F30B03F1780003F1770CC300EAE5294B08
:10918000186840441860B1E6CAF30B0CBCF1000F3C
:109190007FF4ACAEBD68C84448F001006860F0E6FA
:1091A0001546EEE60123536094E7B3F5AA7F23D872
:1091B000D30B03F17801C90077331BE740F2545217
:1091C000934223D8B30C03F17D0003F17C0CC30060
:1091D000C0E5ABF1080BD844A8EB02084FF0000A39
:1091E000ABE605F1080120460093FFF75BFCBD6884
:1091F000009B68681968C4E640F254518B420BD852
:10920000930C03F17D01C9007C33F3E64FF47E73C8
:109210007F204FF07E0C9DE54FF47E717E23E9E6C2
:109220007B6870E71C3901200148FFF749BD00BF8A
:10923000103901200148FFF745BD00BF103901205A
:10924000C36C70B505460C464BB153F8240080B191
:10925000026843F824200023C0E9033370BD2122B3
:10926000042100F0FFFC0346E8640028EDD1002053
:1092700070BD012101FA04F6721D9200284600F02B
:10928000F1FC0028F3D0C0E90146E4E731B1C36C3A
:109290004A6853F82200086043F82210704700BF64
:1092A000F0B50C69064683B00D4601F1140E00209E
:1092B000DEF800101FFA81FC02FB0C334FEA134C5E
:1092C000090C02FB01CC01309BB203EB0C4384423E
:1092D0004EF8043B4FEA1C43EADC3BB1AA68A242C9
:1092E00007DD05EB8402013453612C61284603B08D
:1092F000F0BD6968019301313046FFF7A1FF019B82
:109300000746B8B12A690193023205F10C019200B7
:109310000C30F7F743FBF26C6968019B52F82100AF
:10932000286042F821503D4605EB84020134536128
:109330002C61DBE7024B03483A46B52100F072FC92
:109340008CBE000820BF0008030C1B04D3B9000426
:10935000102310F07F4F04BF0002083310F0704F4D
:1093600004BF0001043310F0404F04BF80000233FB
:10937000002805DB10F0804F03F1010308BF202314
:10938000184670470023E4E7036813F0070201461C
:1093900007D0DA071FD4980721D55B080B6001209E
:1093A000704798B2A0B11046DAB20AB908301B0A69
:1093B0001A0704BF1B0904309A0704BF9B08023038
:1093C000DA0703D45B0800F1010006D00B60704798
:1093D0001B0C1020E8E700207047202070479B08F6
:1093E0000B600220704700BF38B5C36C04460D46C1
:1093F0004BB15868B0B102685A6000220123C0E93D
:109400000435C26038BD2122042100F02BFC034644
:10941000E0640028EDD1094B094800224FF4A07107
:1094200000F000FC1C220121204600F01BFC00285B
:10943000F1D001220223C0E90123DEE78CBE00083F
:1094400020BF00082DE9F04F0E691569AE4285B0C6
:109450008846144605DB2A46234635460C46164602
:109460009846A3686168AF19BB42B8BF0131FFF7E6
:10947000E7FE0190002800F08680019B03F11409AB
:1094800009EB870AD14505D24B46002243F8042B4D
:109490009A45FBD808F1140808EB860B04F1140375
:1094A000D8451A4603EB85055FD22B1B153B23F0ED
:1094B000030304331534A54238BF0423CDE902A7C2
:1094C000AC461F46924605E0000C29D1C34509F180
:1094D000040948D958F8040B85B2002DF4D056463B
:1094E0004C46002356F8040B216882B21FFA81FE15
:1094F00005FB02EE000C0A0C734405FB002202EB94
:1095000013429BB243EA0243B44544F8043B4FEA9A
:109510001243E7D849F8073058F8040C000CD5D0AE
:10952000D9F80030544619464D4600222688090CC9
:1095300000FB06110A449BB243EA024345F8043B90
:1095400054F8046B2968360C8BB200FB063303EB2E
:109550001243A4454FEA1342E8D8C34549F80730FF
:1095600009F10409B6D8DDE902A7002F02DC05E005
:10957000013F03D05AF8043D002BF9D00198076150
:1095800005B0BDE8F08F034B0348019A40F25D112E
:1095900000F048FB8CBE000820BF000812F0030357
:1095A0002DE9F0411446064632D10D46A41020D0D4
:1095B000D6F84880B8F1000F33D0E3074FF000072A
:1095C00007D4641015D0D8F80000A8B18046E3078E
:1095D000F7D5424629463046FFF734FFB5B16968F2
:1095E000F36C641053F821202A6043F8215005469B
:1095F000E9D12846BDE8F081424641463046FFF7B2
:1096000021FFC8F8000007608046E0E70546D8E77C
:10961000013B0F4A52F823200023FFF741FE054685
:10962000C4E701213046FFF70BFE804640B101231D
:1096300040F27122C0E904320023B0640360BCE749
:10964000044B054842464FF4A07100F0EBFA00BF0E
:1096500090C000088CBE000820BF00082DE9F0472C
:109660000C4690462669A368496806EB6216751C8D
:109670009D4207464FEA621904DD5B009D4201F1FD
:109680000101FADC3846FFF7DBFD8446002851D0A3
:10969000B9F1000F00F114000EDD09F105024FEAE7
:1096A000820E03460CEB8202002143F8041B934216
:1096B000FBD1AEF114031844216904F1140318F02E
:1096C0001F0803EB81012DD0C8F1200986464FF019
:1096D000000A1A6802FA08F242EA0A024EF8042B5B
:1096E00053F8042B994222FA09FAF2D80B1B153BC6
:1096F00023F00303043304F11502914238BF04231D
:10970000BAF1000F18BF2E4640F803A0FB6C626848
:10971000CCF8106053F822102160604643F82240D4
:10972000BDE8F087043853F8042B40F8042F994221
:10973000F9D8EBE7034B0448624640F2D91100F038
:1097400071FA00BF8CBE000820BF00080B69844678
:109750000069C01A16D10CF1140C14310CEB830201
:1097600010B401EB830301E0944508D252F8044D94
:1097700053F8041D8C42F7D005D24FF0FF305DF84E
:10978000044B7047704701205DF8044B704700BFE1
:109790002DE9F84F0F691369FF1A002F0E46904606
:1097A0007AD101F11405143202EB830205EB830335
:1097B00001E09D4273D253F8041D52F8044DA142BA
:1097C000F7D064D37168FFF73BFD8146002872D063
:1097D0003569D8F81020C76008F1140E06F114009E
:1097E00009F1140A06F1100C0EEB820200EB85075A
:1097F000564600215EF8044B5CF804BFA3B211FA90
:109800008BF1CB1A210CC1EB1B4101EB23419BB225
:1098100043EA0143724546F8043B4FEA2141E9D847
:10982000A2EB0804153C08F11508424524F0030694
:1098300006F1040638BF0426304424F0030238BF82
:10984000002287425244B24416D95646044654F880
:10985000043B11FA83F10A1402EB134289B241EA84
:109860000243A74246F8043B4FEA2241EFD87A1E52
:10987000101A20F00302524423B952F8043D013D6E
:10988000002BFAD0C9F810504846BDE8F88F33468F
:1098900001274646984695E7F9DB002792E7002125
:1098A000FFF7CEFC814668B101220023C9E90423F9
:1098B0004846BDE8F88F074B07484A464FF41071F9
:1098C00000F0B0F9034B04484A4640F2322100F060
:1098D000A9F900BF8CBE000820BF00082DE9F043A5
:1098E000884683B0012157EC106B1546FFF7A8FCA2
:1098F000044600284FD0C7F30A59C7F31303B9F140
:10990000000F01D043F48013002E019324D0684649
:109910000096FFF739FD002839D0DDE90013C0F1CA
:10992000200203FA02F20A43C34062610193002B52
:1099300014BF02220122A3612261B9F1000F16D0E7
:10994000A9F233430344C0F13500C8F80030286061
:10995000204603B0BDE8F08301A8FFF715FD019B89
:109960006361012220302261B9F1000FE8D104EBDC
:109970008203A0F23240C8F800001869FFF7E4FC47
:10998000C0EB42102860204603B0BDE8F083009B86
:109990006361019BCBE7034B0348224640F20A3147
:1099A00000F040F98CBE000820BF000853EC102BDB
:1099B00070B5164E23F000410025B1420446056003
:1099C00021DC10EE106A0E431DD0114E1E401846C9
:1099D00066B91946002210EE100A0E4BF6F7CCFDC0
:1099E0006FF035050246084621F0004120F0FF40A7
:1099F000091520F4E000A1F2FE3140F07F53294424
:109A000043F40013216043EC102B70BDFFFFEF7F88
:109A10000000F07F0000504338B5074D0022044697
:109A200008462A60F7F764FD431C00D038BD2B6858
:109A3000002BFBD0236038BD5039012030B540EAFF
:109A40000104A30701D1032A0FD8844601F1FF3E88
:109A500007E01EF8011F03F8011B541EC1B19C460C
:109A600022466346002AF4D130BD0B46844619468F
:109A700053F8045BA5F1013424EA050414F0803F97
:109A8000E4D1043A032A4CF8045B1946EFD8DDE729
:109A90006244002CE8D003F8011B9342FBD130BD97
:109AA0002DE9F04F936883B09146002B6ED0176874
:109AB0008D6880460C460868083744E0A38913F493
:109AC000906F2ED0D4E90415A0EB010A05EB4505F3
:109AD00005EBD5750AEB06006D100130A8422A4649
:109AE00084BF05462A465B0537D511464046FFF739
:109AF000EBF800283BD0524621690190F6F74EFF63
:109B0000A289019B22F4906242F08002A281A5EB1F
:109B10000A0203EB0A006561A260236120603546FA
:109B2000B2465946524600F0FDF8A068D9F8081030
:109B30002368451B8E1B03EB0A00A5602060C9F853
:109B400008601EB3083757E902B6002EFAD0B542B6
:109B5000AA46B3D93546B246E3E7404600F05EF97F
:109B600003460028D3D121694046FEF79BFF0C2312
:109B7000C8F80030A389002243F040034FF0FF30C3
:109B8000A381C9E9012203B0BDE8F08F0020C9F824
:109B9000040003B0BDE8F08F2DE9F047DFF880A0A6
:109BA0000646DAF8000098460F469146FFF788F817
:109BB0001A4B1B68D3F8484124B365681F2D26DC77
:109BC0005EB96B1C0235DAF80000636044F825705A
:109BD000FFF778F80020BDE8F08704EB850101234A
:109BE000C1F88890D4F88821AB401A43022EC4F8FB
:109BF0008821C1F80881E4D1D4F88C211343C4F83A
:109C00008C31DEE703F5A674C3F84841D5E7DAF8EE
:109C10000000FFF757F84FF0FF30DCE714BE0008F4
:109C20003804002000B50B4C25681446EE681A462F
:109C300085B003460D464CB107490095CDE90114A6
:109C40003046064900F03EF801F0C2FA04490C46DD
:109C5000F3E700BF0C0000209CC00008ACC0000867
:109C6000A8C0000810B502FB01F1FFF72DF804466B
:109C700068B150F8042C22F00302043A242A18D8C0
:109C8000132A06D802460023C2E900339360204617
:109C900010BD00231B2AC0E900330FD9242AC0E9D4
:109CA000023311BF00F11002036100F11802436199
:109CB000E9E70021FCF76EF8204610BD00F108022C
:109CC000E1E700BF0EB410B583B005AB064C53F806
:109CD000042B01930146206800F0C8FA03B0BDE8E8
:109CE000104003B0704700BF0C000020014B93F8F8
:109CF000280170474C08002082B049B15AB16BB1BD
:109D000013780B601278101E18BF012002B0704744
:109D100001A9002AF3D1104602B070476FF001008C
:109D2000F4E700BF88420DD98B1883420AD900EBB3
:109D3000020CBAB1624613F801CD02F801CD994286
:109D4000F9D170470F2A0ED8034602F1FF3C4AB101
:109D50000CF1010C013B8C4411F8012B03F8012F8D
:109D60006145F9D1704740EA01039B0750D1A2F148
:109D7000100370B501F1200C23F00F0501F1100E56
:109D800000F11004AC441B095EF8105C44F8105C50
:109D90005EF80C5C44F80C5C5EF8085C44F8085C07
:109DA0005EF8045C44F8045C0EF1100EE64504F124
:109DB0001004E9D1013312F00C0F01EB031102F092
:109DC0000F0400EB031327D0043C24F003064FEAF2
:109DD000940C1E441C1F8E465EF8045B44F8045F1E
:109DE000B442F9D10CF1010402F0030203EB840345
:109DF00001EB840102F1FF3C4AB10CF1010C013B83
:109E00008C4411F8012B03F8012F6145F9D170BD85
:109E100002F1FF3C03469BE72246EBE72DE9F84FB2
:109E20001746002900F0988007F10B0580460C4684
:109E3000FFF7FAF9162D5DD810252A46AF425ED8F5
:109E400054F8041C21F003069642A4F1080962DAD2
:109E5000BC4BD3F808C009EB0600844500F097809E
:109E6000D0F804C02CF0010303445B68DB0768D41E
:109E70002CF0030C06EB0C03934247DACB0710D40B
:109E800054F8083CA9EB030ADAF8043023F0030184
:109E90008C44B444944580F211817318934280F24B
:109EA000E88039464046FEF70FFF0746E0B154F818
:109EB000043C23F001034B44A0F10802934200F05C
:109EC000D280321F242A00F2F580132A00F2AC80DF
:109ED00003462246116819605168596092689A6079
:109EE00021464046FEF7DEFD4046FFF7A3F938461F
:109EF000BDE8F88F25F00705002D2A469EDA0C23D1
:109F0000C8F8003000273846BDE8F88F1E46D0E973
:109F10000223D3609A60731B0F2B22D8D9F8043028
:109F200003F0010333434E44C9F80430736843F02F
:109F30000103736040462746FFF77CF93846BDE8C9
:109F4000F88FC907ADD454F8083CA9EB030ADAF836
:109F5000041021F00301A0E7BDE8F84F1146FEF719
:109F6000B3BED9F8041001F001012943C9F8041067
:109F700009EB05014E4443F001034B60736843F065
:109F80000103083173604046FEF78CFDD2E7DCF830
:109F9000040020F0030B06EB0B0C05F110008445C8
:109FA0004DDAC9073FF57DAF54F8081CA9EB010A4B
:109FB000DAF8041021F003018B44B34458453FF70D
:109FC0006CAF5746DAF80C1057F8080F321F242AE6
:109FD000C160886000F2DB80132A40F2D6802168DD
:109FE000CAF808106168CAF80C101B2A00F2DF805A
:109FF00008340AF110022168116061685160A1689B
:10A0000091600AEB0501ABEB050242F00102996099
:10A010004A60DAF8043003F001031D434046CAF8F1
:10A020000450FFF707F96EE7236803606368436035
:10A030001B2A68D804F1080200F108034AE709EB7B
:10A0400005029A60ACEB050343F00103536054F83A
:10A05000043C03F001031D43404644F8045CFFF751
:10A06000E9F827464FE750F8043C23F003031E4469
:10A0700051E75746DAF80C1057F8080F321F242A18
:10A08000C16088604CD8132A48D92168CAF80810E2
:10A090006168CAF80C101B2A56D808340AF110025D
:10A0A0001E462368136063685360A3689360D146BB
:10A0B0003C4630E72146FFF735FE11E7D0E90213B1
:10A0C0005746CB60996057F8081FDAF80C30CB6020
:10A0D000321F242A99602DD8132A29D92368CAF857
:10A0E00008306368CAF80C301B2A42D808340AF1D9
:10A0F000100322681A6062685A60A2689A60664615
:10A10000D1463C4607E7A3688360E368C360242A1E
:10A1100026D004F1100200F11003DBE63A46BFE757
:10A12000214638461E46D146FFF7FCFD3C46F2E686
:10A130003B46DEE7214638466646D146FFF7F2FD4C
:10A140003C46E8E63C040020A168CAF81010E1682B
:10A15000CAF81410242A20D010340AF118029FE7FC
:10A16000236903616169416104F1180200F1180378
:10A17000B0E6A368CAF81030E368CAF81430242A9D
:10A1800021D010340AF11803B3E73A4633E72146E9
:10A190003846FFF7C7FD164B33E72269CAF8182087
:10A1A0006269CAF81C2018340AF1200278E7A16815
:10A1B000CAF81010E168CAF81410242A0DD010341F
:10A1C0000AF1180217E72369CAF818306369CAF858
:10A1D0001C3018340AF120038BE72269CAF81820D2
:10A1E0006269CAF81C2018340AF1200203E700BF94
:10A1F0003C0400202DE9F84F4B6E9C0490462DD571
:10A200009368126843B38B46064602F1080959E980
:10A21000025A5FEA9A0715D0043D002401E0A742E4
:10A220000ED055F8041F5A46304601F08BF9431CF6
:10A2300004F10104F3D10023C8E90133BDE8F88F2C
:10A24000D8F808302AF0030AA3EB0A03C8F808304C
:10A2500009F10809002BDAD10020ECE701F0A6F99A
:10A260000023C8E90133BDE8F88F00BF2DE9F04FA6
:10A270002DED028BBBB008EE101A08EE900A1C46BA
:10A280001746039318B1836B002B00F09C8218EEE5
:10A29000102A536EDE0740F19E81B2F90C108AB28B
:10A2A000900409D441F4005218EE101A4B6E8A81C2
:10A2B00023F4005392B24B66110740F1F88018EE78
:10A2C000103A1B69002B00F0F28002F01A030A2BEF
:10A2D00000F0FE8011AB0E930023CDE90F33CDE9E2
:10A2E000083306930DF14409079302933B78002B42
:10A2F00000F05B813C4604E014F8013F002B00F0C5
:10A300003481252BF8D1E51B40F031812378002BD7
:10A3100000F04B814FF0000300258DF83330671CAF
:10A32000637801954FF0FF3B2B240137A3F1200206
:10A330005A2A00F26181DFE812F0AB025F015F018F
:10A34000A7025F015F015F016A005F015F014902CF
:10A350007E025F015402B9025F01B5025B005B003F
:10A360005B005B005B005B005B005B005B005F0110
:10A370005F015F015F015F015F015F015F015F01DD
:10A38000360284005F015F015F015F015F015F01D1
:10A390005F015F015F015F01E5005F015F015F0138
:10A3A0001A025F016C025F015F0148055F015F01F6
:10A3B0005F015F015F015F015F015F015F015F019D
:10A3C000360286005F015F015F0162028600800045
:10A3D0005F0158025F019402E700820280005F0182
:10A3E0001A027E0068055F015F016A055F017E0059
:10A3F000A3F13002002117F8013B01EB810102EBD0
:10A400004101A3F13002092AF5D901918EE718EE36
:10A41000900AFEF74DFC436808931846F6F770FB68
:10A420000990064618EE900AFEF742FC83680793EF
:10A43000002E40F0A5843B7877E73B7845F0200577
:10A4400073E745F01005AC06039E40F182810736A4
:10A4500026F007063246736852F8086B0392984656
:10A46000002BC0F25584BBF1FF3F00F03A8556EA5D
:10A47000080325F0800A00F030840A2E78F10003EA
:10A4800080F0E784303601238DF8E760554600936D
:10A490000DF1E704009A9DF833305A45B8BF5A468B
:10A4A0009046002B00F0B78002F10108B3E018EEEF
:10A4B000101A18EE900A18EE105A00F01FFE00282D
:10A4C00040F0A885AA8902F01A030A2B7FF402AF94
:10A4D00018EE101AB1F90E30002BFFF6FBAE4B6EE2
:10A4E000DE0702D4950540F1738518EE101A18EEB8
:10A4F000900A23463A463BB0BDEC028BBDE8F04FD4
:10A5000000F0AEBD45F0100515F0200800F01281F6
:10A51000039E073626F007063346D6F8048053F824
:10A52000086B039325F4806A00234FF000028DF836
:10A530003320BBF1FF3F00F0D38156EA08022AF036
:10A54000800540F0CC81BBF1000F40F0CD84002BA2
:10A5500040F0C8831AF00103009300F0F883302321
:10A560008DF8E7300DF1E70494E7E51B1DD00F9B54
:10A57000109A01332A44072BC9E9007510920F93F2
:10A5800005DC09F10809029B2B440293BEE6002A70
:10A5900000F09F8318EE101A18EE900A0EAAFFF72B
:10A5A00029FE40B90DF14409EDE7109B002B40F066
:10A5B000208500230F9318EE102A536ED90740F11F
:10A5C000AE8093895B0600F12E8502983BB0BDEC0E
:10A5D000028BBDE8F08FB2F90C108D0518EE103A21
:10A5E0008AB23FF55DAE18EE105A986DFEF768FB23
:10A5F000B5F90C108AB253E6002BD6D08DF8843012
:10A600004FF001084FF000038DF83330CDF8008093
:10A6100021AC4FF0000B15F00203049318BF08F1B2
:10A62000020815F08403059305D1019BA3EB0806EE
:10A63000002E00F37F82DDE90F21501C9DF833606E
:10A640008EB10DF133020131C9F8002007284FF017
:10A650000102CDE90F01C9F8042000F34C82024643
:10A6600009F108090130049BEBB10DAB0231C9F8C7
:10A67000003007284FF00203CDE90F01C9F804307C
:10A6800040F35382002900F01F8318EE101A18EED1
:10A69000900A0EAAFFF7AEFD00288CD1DDE90F214C
:10A6A0000DF14409501C059B802B00F05A81009B42
:10A6B000ABEB0306002E00F3BD81009BC9F8004000
:10A6C00019440728CDE90F01C9F8043040F3468149
:10A6D000002900F0858218EE101A18EE900A0EAAD2
:10A6E000FFF788FD00287FF466AF10990DF144094B
:10A6F000680705D5019BA3EB0804002C00F37A82C0
:10A70000DDE901234245ACBF9B1843440293002975
:10A7100040F0E08100230F930DF14409E6E59389B1
:10A720009A053FF54FAF18EE104AA06DFEF7CAFA32
:10A73000A38947E715F0100340F03A8315F0400273
:10A7400000F0F983039A52F8046B03929846B6B26C
:10A75000E8E656F8043B0396E80600F10483690630
:10A7600040F1FE8243F3C0381EB2434678E6039EB2
:10A7700056F8044B4FF000038DF83330002C00F0F6
:10A78000C183BBF1FF3F00F045835A4600212046BC
:10A79000F6F726FA002800F02084031B00930396A6
:10A7A0004FF0000B76E6039E4FF000038DF8333038
:10A7B0004FF0010856F8043B8DF884300396CDF82D
:10A7C000008021AC25E700F0D7FD60E5039B53F83E
:10A7D000042B0192002A80F2B682019A039352421E
:10A7E00001923B7845F004059FE53B786C2B03BF55
:10A7F0007B7845F02005013745F0100595E53B785D
:10A80000682B03BF7B7845F40075013745F04005A0
:10A810008BE545F0100A1AF0200800F06A82039ECA
:10A82000073626F007063346D6F8048053F8086B3F
:10A830000393012379E63B788DF8334075E5039B5C
:10A8400053F8046B039330238DF8343078238DF85C
:10A850003530C14B069345F0020A4FF00008022341
:10A8600063E6AE0600F19A82EC0600F143836806C7
:10A8700000F1A083A90540F13D83039E029A56F89A
:10A88000043B03961A7031E53B7845F001054CE531
:10A890009DF83330002B7FF4CEAD20238DF833307C
:10A8A0003B7842E53B7845F080053EE5394611F8B6
:10A8B000013B2A2B00F0C083A3F13002092A0F4686
:10A8C0004FF0000B3FF632AD17F8013B0BEB8B0B53
:10A8D00002EB4B0BA3F13002092AF5D926E5AA4673
:10A8E000012B3FF4CAAD022B3AAC12D1069A06F006
:10A8F0000F033609D35C04F8013D46EA08764FEAB7
:10A90000181856EA0803F2D13AAB1B1B55460093C0
:10A91000C0E506F00703F60846EA48764FEAD8088D
:10A92000303356EA0801224604F8013DF1D11AF00D
:10A93000010FE9D0302BE7D03023023A04F8013C74
:10A940003AAB9B1A554600931446A3E5009911941F
:10A950000123129110910F930DF1440909F1080997
:10A96000C6E6019BA3EB0806002E7FF7A0AE102ED3
:10A9700040F35E83DFF8E4A15346CDE90445BA46CF
:10A9800018EE904A18EE105A084696461F4607E001
:10A990000EF1020C09F108099646103E102E1FDD3B
:10A9A0000EF1010210301023072ACDE90F20C9F85B
:10A9B0000070C9F80430EBDD0EAA002800F0958085
:10A9C000294620460DF14409FFF714FC00287FF4C6
:10A9D000F2ADDDE90FE0103E102E0EF1010CDFDCD0
:10A9E000DDE904453B46014657469A463144BCF1F1
:10A9F000070FCDE90FC1C9F800A0C9F8046040F302
:10AA0000A981002900F0C68218EE101A18EE900AEB
:10AA10000EAAFFF7EFFB00287FF4CDAD009BDDE928
:10AA20000F21ABEB0306002E02F101000DF14409EA
:10AA30007FF743AE102EDFF824A137DD5346CDE972
:10AA40000445BA4618EE904A18EE105A4FF0100B13
:10AA5000084694461F4607E00CF1020E09F108096A
:10AA60009446103E102E1ADD0CF101021030072A18
:10AA7000C9E9007BCDE90F20EEDD0EAA20B32946FF
:10AA800020460DF14409FFF7B5FB00287FF493AD94
:10AA9000DDE90FC0103E102E0CF1010EE4DCDDE903
:10AAA00004453B460146574670469A4631440728BE
:10AAB000CDE90F01C9F800A0C9F8046000F3EE80E9
:10AAC00009F108090130F8E54FF0010E84460DF157
:10AAD0004409C6E718EE101A18EE900A0EAAFFF7FE
:10AAE00089FB00283FF416AE65E54FF0010C864661
:10AAF0000DF1440951E7002900F0E38018EE101A27
:10AB000018EE900A0EAAFFF775FB00287FF453ADEC
:10AB1000DDE90F210DF14409501CA4E502210DAB24
:10AB20001291119301200DF14409024609F108091F
:10AB3000501CB8E5102E40F35682DDE90FC1DFF856
:10AB400020A0CDE90A451023544618EE105A18EEFD
:10AB500090AA08460EE000BF28BE0008FCC000080E
:10AB6000ECC000080CF1020E09F108099446103EF1
:10AB7000102E1CDD0CF101021030072AC9E9004338
:10AB8000CDE90F20EEDD0EAA20B3294650460DF187
:10AB90004409FFF72FFB00287FF40DADDDE90FC05E
:10ABA000103E102E0CF1010E4FF01003E2DCA24615
:10ABB0000B9D0A9C014672463144072ACDE90F21BC
:10ABC000C9F800A0C9F8046000F3AB8009F10809D6
:10ABD000501C33E584464FF0010E0DF14409C6E7E1
:10ABE0006C070F9152D5019BA3EB0804002C4DDD9F
:10ABF0000DF14409102C40F30882DFF85CA40F9A91
:10AC00000B46BB464946574618EE109A18EE90AAD6
:10AC1000102505E0901C08313246103C102C18DD40
:10AC2000561C1033072EC1E90075CDE90F63F1DD25
:10AC30000EAA3BB349465046FFF7DCFA00287FF4E2
:10AC4000BAACDDE90F23103C102C02F1010011A970
:10AC5000E6DC8946BA4619465F4621440728C9E919
:10AC600000A4CDE90F017FF74BAD79B118EE101AB2
:10AC700018EE900A0EAAFFF7BDFA00287FF49BACED
:10AC800010993DE501201A4611A9C6E7DDE9012327
:10AC90004245ACBF9B18434402933BE500293FF477
:10ACA00055AE18EE101A18EE900A0EAAFFF7A2FA87
:10ACB00000287FF480AC0F98109901300DF1440901
:10ACC000FBE4049B002B79D101200A460DF14409D5
:10ACD000E9E40F920DF1440955E4BBF1000F7FF454
:10ACE000D1AB55464FF0000BCDF800B03AACFFF7B2
:10ACF000D1BB1AF010033CD11AF0400200F00C81D5
:10AD0000039A52F8046B03929846B6B201230CE4FE
:10AD10002D2376428DF8333068EB4808AA4601238C
:10AD200007E400297FD018EE101A18EE900A0EAA38
:10AD3000FFF760FA00287FF43EACDDE90F210DF14A
:10AD40004409501C7AE403933B78FFF7EEBA3AAC1F
:10AD5000FFF7A0BB09F108090CF101006246A6E467
:10AD6000AA0500F12F814FEAE3781E464346FFF71C
:10AD700077BB039B53F8046B03930123FFF7D5BB09
:10AD8000079B002B3FF457AB079B1B78002B3FF42E
:10AD900052AB3B7845F48065FFF7C7BADDE9021690
:10ADA00056F8042B0396CB17C2E90013FFF79EBA9F
:10ADB000039B53F8046B0393FFF7B4BB02210DAB65
:10ADC000129111930DF14409B0E6A04A069215F0D4
:10ADD000200836D0039E073626F007063246D6F8FE
:10ADE000048052F8086B0392EA0709D556EA080274
:10ADF00006D08DF83530302345F002058DF834301B
:10AE000025F4806A0223FFF790BBAA4603E5904A27
:10AE10000692DCE720460396F5F772FE4FF0000B32
:10AE20000090FFF737BB9DF83320002A00F0B88070
:10AE300001200DF13302129011920DF144090146E7
:10AE40000DE415F0100242D0039A52F8046B0392FD
:10AE5000CAE70AF48063CDF800A0CDF81090BA4696
:10AE6000DDF81C9000253AAC1F4609E0304641460B
:10AE7000F5F7CCFF0A2E78F100031BD3064688466F
:10AE8000304641460A220023F5F7C0FF1146303113
:10AE900004F8011C0A220023013C0135002FE5D0F3
:10AEA00099F80010A942E1D1FF2DDFD00A2E78F1E8
:10AEB00000035BD257463AABDDF800A0CDF81C90FA
:10AEC0001B1BDDF8109000935546FFF7E3BA15F011
:10AED00040013ED0039951F8046B03919046B6B2FD
:10AEE00082E7AA46FFF7C9BA012BAA467FF4FBAC5A
:10AEF000FFF7C8BA039E029A56F8043B1A600396FD
:10AF0000FFF7F4B95B46062B28BF0623514C00938C
:10AF100003969846FFF77DBB039B1AF4007814BF95
:10AF200053F8046B53F8046B03931CBF9046F6B2BE
:10AF30000123FFF7FABA039B15F4007814BF53F806
:10AF4000046B53F8046B03931CBF9046F6B2FFF7F3
:10AF5000E9BA039A15F4007814BF52F8046B52F85A
:10AF6000046B03921CBF8846F6B23DE7099B089923
:10AF7000E41A1A462046FEF761FD99F801300BB13C
:10AF800009F10109304641460A2200230025F5F760
:10AF90003DFF73E701200A460DF14409FFF787BB27
:10AFA000049B002B7FF4BAAD0A4601200DF1440941
:10AFB000FFF77DBB039E029A56F8043B03961A8066
:10AFC000FFF794B943F3C0185EB24346FFF748BA9F
:10AFD000886DFDF777FEFFF788BACDF800B00396CD
:10AFE0008346FFF757BA0F9A1099DFF86CA0013229
:10AFF000E2E518EE101A18EE900A0EAAFFF7FAF81A
:10B0000000283FF4D6AAFFF7D6BA0F98DFF848A079
:10B01000013022E66B6EDB0705D4AB899F0502D4B5
:10B02000A86DFDF74FFE4FF0FF330293FFF7CDBA47
:10B03000DFF828A08446D9E4039A7B780F4652F8BB
:10B04000041B039241EAE17BFFF76FB93CBE0008A5
:10B0500028BE000850BE0008ECC00008FCC0000874
:10B0600070B50C468989ADF58E6D21F00201ADF801
:10B070001410616E1B91E189ADF81610E169099118
:10B08000616A0B911CA9029106914FF480610646FA
:10B090000491079118A80021CDE900320891FDF72D
:10B0A0000BFEDDE9003202A93046FFF7DFF8051E8E
:10B0B00007DB02A9304600F02BF9002818BF4FF03B
:10B0C000FF35BDF814305B0603D5A38943F0400378
:10B0D000A3811898FDF7F2FD28460DF58E6D70BD21
:10B0E00049B1FF2A02D80A70012070478A23036001
:10B0F0004FF0FF3070470846704700BF38B5334BFC
:10B100001B6805460C460BB19A6B12B3B4F90C30B0
:10B1100018079AB225D5216900292DD012F0010017
:10B1200007D00020A06060694042A06139B10020D2
:10B1300038BD950758BF6069A0600029F7D1120695
:10B1400058BF0846F4D543F04003A3814FF0FF30C9
:10B1500038BD184600F010F9B4F90C3018079AB24F
:10B16000D9D4D1062AD5520714D4216943F0080353
:10B17000A3819AB20029D1D102F42070B0F5007FEA
:10B18000CCD02146284600F0ADFBB4F90C30216943
:10B190009AB2C3E7216B51B104F14002914204D04D
:10B1A0002846FDF77FFCB4F90C30002222632169A8
:10B1B0000022C4E9001223F02403D7E7092243F058
:10B1C00040032A604FF0FF30A38138BD0C000020FF
:10B1D00008B5062000F0F6FB0120F6F712F900BFD3
:10B1E000B1F90C202DE9F0410C461107804647D4F7
:10B1F000636842F40062002BA2815EDDA56A002D27
:10B2000058D00023D8F80060C8F8003093B212F488
:10B21000805256D10123E1694046A847431C67D0BC
:10B22000A389A56A5F0705D56368C01A236B0BB1B4
:10B23000E36BC01AE169024600234046A847411C5F
:10B2400041D1D8F80030002B3DD01D2B01D0162B5A
:10B2500056D1A3892269226023F400630021616032
:10B26000A381216BC8F8006021B304F14003994227
:10B2700002D04046FDF716FC00202063BDE8F081B7
:10B280002669BEB193B2256826609A070CBF636930
:10B290000023AD1BA3600BE02B463246E169676AD1
:10B2A0004046B847B0F1000CA5EB0C05664417DD2D
:10B2B000002DF1DC0020BDE8F081E36B002B9DDC6C
:10B2C000F8E7206DAEE7B4F90C302269226023F470
:10B2D0000063A3810022DB046260C2D52065C0E761
:10B2E000A38943F040034FF0FF30A381BDE8F08114
:10B2F000D8F80030002B93D01D2B06D0162B04D08D
:10B30000A38943F04003A381D5E7C8F80060D1E7E3
:10B3100038B50C46054608B1836BA3B1B4F90C00EF
:10B32000B8B1636EDB0701D4810515D528462146E7
:10B33000FFF756FF636EDA07054602D4A3899B0523
:10B340000ED5284638BD00F017F8B4F90C000028D7
:10B35000E7D10546284638BDA06DFDF7B1FCE5E70D
:10B36000A06DFDF7AFFC284638BD00BF014900F0D5
:10B3700095BA00BF19BC00082DE9F047824639484C
:10B38000FDF79EFCDAF83840002C66D1DAF804505C
:10B39000354ACAF83C200323CAE9B843DFF8DC90F9
:10B3A000DFF8DC80314F324E04230AF53B72CAF8D5
:10B3B000E8222146C5E90243C5E90044C5E9044441
:10B3C0006C660822AC6105F15C00FAF7E3FCC5E9A4
:10B3D0000759C5E90987EE6205F15800FDF76CFCD5
:10B3E000DAF80850234BEB602146C5E90044C5E973
:10B3F00004446C66AC60AC61082205F15C00FAF7AD
:10B40000C9FCC5E90759C5E90987EE6205F158008D
:10B41000FDF752FCDAF80C50174BEB602146C5E9FA
:10B420000044C5E904446C66AC60AC61082205F1D7
:10B430005C00FAF7AFFC05F15800C5E90759C5E90A
:10B440000A76C5F82480FDF737FC0123CAF83830A6
:10B450000448BDE8F047FDF735BCBDE8F0470148BA
:10B46000FDF730BC183901206DB30008B5BA0008EB
:10B47000D5BA0008090001001200020051BA000804
:10B4800075BA00080148FDF71BBC00BF1439012044
:10B490000148FDF717BC00BF143901202DE9F04722
:10B4A00082B0824688461446FEF720FC012803D16C
:10B4B00008F1FF33FE2B36D9424604F15C0301A9A3
:10B4C000504600F063FB421C064632D030B39DF874
:10B4D00004C00DF10509002509E023685A1C22600B
:10B4E00083F800C00135B54218D219F801CBA36822
:10B4F000013B002BA360F0DAA769BB4261462246FC
:10B50000504602DBBCF10A0FE7D100F0E7FA431C1A
:10B51000E8D10646304602B0BDE8F08746463046E0
:10B5200002B0BDE8F0875FFA88FC8DF804C00646DB
:10B53000CFE7A389304643F04003A38102B0BDE8C2
:10B54000F08700BF30B5536E13F0010FB2F90C3025
:10B55000144683B005469AB201D198051CD59004D3
:10B5600006D4626E43F4005342F40052A381626633
:10B5700022462846FFF792FF636EDA07054602D49B
:10B58000A3899B0502D5284603B030BDA06DFDF709
:10B5900099FB284603B030BDA06D0191FDF790FBEB
:10B5A000B4F90C3001999AB2D9E700BF9368002B27
:10B5B00000F085802DE9F04FB1F90C300C461907E9
:10B5C000804683B0174698B225D523691BB310F087
:10B5D00002033D682DD04FF0000ADFF8BCB256469A
:10B5E000B9465E453346524628BF5B464046002E6C
:10B5F00052D0E169676AB847002856DDD9F80830AB
:10B600001B1A8244361AC9F80830002BE9D10020F1
:10B6100003B0BDE8F08F21464046FFF76FFD0028DC
:10B6200040F03681B4F90C303D6898B210F0020356
:10B63000D1D110F0010944D14E46009746B382059E
:10B64000D4F808B040F18380B3455A4600F2B28086
:10B6500010F4906F40F0BF80206801924946FEF7D9
:10B6600061FBA368019AA3EB0B012368A16013445B
:10B67000B24623600026009B9868A0EB0A00D144E4
:10B6800098600028C3D0B4F90C0080B2002ED6D147
:10B69000D5E900960835D1E7D5E900A60835A0E739
:10B6A00021464046FFF734FE80B3B4F90C3043F036
:10B6B00040034FF0FF30A38103B0BDE8F08F0020BE
:10B6C00070471E46AA46994618461D46009756B32F
:10B6D00088B34A46D4E904132068B24228BF3246F0
:10B6E000884205D9A16803EB010B5A4500F3A680F7
:10B6F000934263DCE169676A2A464046B847B0F185
:10B70000000BD2DDB9EB0B09CAD00120009A936877
:10B71000A3EB0B035D44A6EB0B069360002B3FF4F9
:10B7200076AF002ED4D10AF1080353E902569A46A7
:10B730000833002EF9D032460A212846F5F750FA90
:10B74000002800F09C800130A0EB0509C1E72068CB
:10B750002369984216D86369B34213D86FF0004248
:10B76000B24228BF3246E16992FBF3F2676A02FBFC
:10B7700003F340464A46B847B0F1000A95DDA6EB10
:10B780000A0678E7B345DA4628BFB246524649462C
:10B79000FEF7C8FAA3682268A3EB0A035244A36029
:10B7A0002260002BEBD121464046FFF7B1FD002877
:10B7B000E5D07AE72068B34632464EE72946019243
:10B7C000FEF7B0FA019AA3689B1AA360236813449A
:10B7D0002360934696E723682169A3EB010B636915
:10B7E00003EB430A0AEBDA7A0BF101034FEA6A0A28
:10B7F00033445345524684BF9A46524643052CD59E
:10B8000011464046FDF760FA00283BD05A462169B0
:10B810000190F5F7C3F8A289019B22F4906242F0EF
:10B820008002A28103EB0B002361AAEB0B03C4F897
:10B8300014A0A3602060B34632460EE729465A465C
:10B84000FEF770FA23685B44236021464046FFF709
:10B850005FFD00283FF456AF27E74046FEF7DEFACB
:10B8600003460028DED121694046FDF71BF9B4F9F3
:10B870000C300C2223F08003C8F8002017E7721C5C
:10B88000914627E70C22B4F90C30C8F800200EE7E7
:10B890004FF0FF30BCE600BF00FCFF7F2DE9F8430E
:10B8A0000746884600F538764FF00009D6E901547E
:10B8B000013D11D4A389012B05F1FF3508D9B4F955
:10B8C0000E300133214603D03846C04749EA00090B
:10B8D0006B1C04F16804EDD13668002EE6D14846B1
:10B8E000BDE8F8832DE9F0418B890C46990796B0A5
:10B8F00008D504F143030122C4E90432236016B0E1
:10B90000BDE8F081B4F90E100029064627DB6A462F
:10B9100000F0E8F9002821DB019D05F47045A5F54C
:10B920000055B5FA85F54FF480686D094FF400674E
:10B9300041463046FDF7C8F9B4F90C30F0B1204A61
:10B94000F26343F08003C4F81480A3812060206177
:10B9500035BB3B43A38116B0BDE8F081A38913F04A
:10B96000800519D04FF0400841463046FDF7ACF94C
:10B970000025B4F90C302F460028E0D19A05BED43A
:10B9800023F0030304F1430243F002030121C4E95D
:10B990000421A3812260B2E74FF480682F46C7E7F5
:10B9A000B4F90E10304600F0B3F910B9B4F90C3008
:10B9B000CFE7A38923F0030343F001031BB2C8E7D9
:10B9C0006DB3000838B5154B1F281D6820D8D5F871
:10B9D000DC22044662B152F820304BB1012B15D065
:10B9E000591C0FD0002542F820509847284638BDF2
:10B9F000284600F02BF8224601462846BDE838408C
:10BA000000F00EB816232B60012038BD002038BD91
:10BA100016232B604FF0FF3038BD00BF0C00002014
:10BA200070B50C46084D03460026204611461C46BC
:10BA30002E60F5F7D6FC431C00D070BD2B68002BA0
:10BA4000FBD0236070BD00BF50390120F5F7C1BCA9
:10BA500010B50C46B1F90E1000F082F9002803DB96
:10BA6000236D0344236510BDA38923F48053A38170
:10BA700010BD00BF2DE9F0410C46B1F90C101F4676
:10BA8000CB05054616460BD421F48051A1813B46D7
:10BA9000B4F90E1032462846BDE8F04100F094B8E3
:10BAA000B4F90E100223002200F044F9B4F90C108E
:10BAB000EAE700BF10B50C46B1F90E1000F03AF9F4
:10BAC000A389421C0EBF23F4805343F480532065A6
:10BAD000A38110BDB1F90E1000F08CB8F8B50D4679
:10BAE0001446064610B1836B002B43D0B4F90C20EA
:10BAF000A369A360170790B21BD52369CBB1EDB240
:10BB000081042F4622D522686169D31A994229DD22
:10BB10000133A1680139A160511C2160157062696F
:10BB20009A422AD0A389DB0701D50A2D25D03846B1
:10BB3000F8BD21463046FFF7E1FA20BBB4F90C20EE
:10BB4000236990B2EDB281042F46DCD442F4005256
:10BB5000A281626E616922F4005262662268D31A81
:10BB60009942D5DC21463046FFF7D2FB58B922680E
:10BB70000123CEE7FFF700FCB8E721463046FFF788
:10BB8000C7FB0028D3D04FF0FF37D0E770B505468C
:10BB900084B01C4639B10B4ED6F8E060B047431C68
:10BBA00009D004B070BD0A460649D1F8E06001A989
:10BBB000B047431CF5D100228A2322602B6004B0D9
:10BBC00070BD00BF4C08002038B50C46084D8446B7
:10BBD000114620461A4600232B606446F5F738FCD0
:10BBE000431C00D038BD2B68002BFBD0236038BD30
:10BBF0005039012038B5074D0022044608462A6016
:10BC0000F5F742FC431C00D038BD2B68002BFBD05D
:10BC1000236038BD5039012070B500294BD006464D
:10BC20000C4610B1836B002B48D0636ED80734D517
:10BC3000B4F90C30002B3ED021463046FFF7D0FA45
:10BC4000E36A054633B1E169304698470028B8BF3A
:10BC50004FF0FF35A3891A063BD4216B41B104F1A3
:10BC60004003994202D03046FCF71CFF00232363B7
:10BC7000616C21B13046FCF715FF00236364FFF7C8
:10BC800001FC636E0022DB07A28127D5A06DFDF7C2
:10BC900015F8FFF7FDFB284670BDA3899905CBD4A5
:10BCA000A06DFDF70DF8B4F90C30002BC4D1656E12
:10BCB00015F0010508D00025284670BDFFF75CFB94
:10BCC000636ED807B4D4E8E7A06DFCF7FBFF284605
:10BCD00070BD21693046FCF7E5FEBEE7A06DFCF7BC
:10BCE000F1FFD3E770B50C46084D03460026204609
:10BCF00011461C462E60F5F7D3FB431C00D070BDE7
:10BD00002B68002BFBD0236070BD00BF5039012091
:10BD100038B5074D0022044608462A60F5F7D0FBE7
:10BD2000431C00D038BD2B68002BFBD0236038BDEE
:10BD30005039012038B50C46084D8446114620463E
:10BD40001A4600232B606446F5F7C5FB431C00D060
:10BD500038BD2B68002BFBD0236038BD5039012043
:10BD600038B50C46084D8446114620461A46002335
:10BD70002B606446F5F74FFB431C00D038BD2B68A1
:10BD8000002BFBD0236038BD50390120F8B500BF2F
:10BD9000F8BC08BC9E467047F8B500BFF8BC08BCAC
:04BDA0009E46704704
:10BDA8006C65645F7461736B000000007375636396
:10BDB800657373006661696C656400006372656130
:10BDC80074652025732025730D0A00006B65795F63
:10BDD8007461736B0000000073746172745F746146
:10BDE800736B000049444C4500000000546D7220FC
:10BDF80053766300546D725100000000000000008B
:10BE080001020304010203040607080910000020C8
:10BE1800494E4600696E66004E414E006E616E00E6
:10BE280030313233343536373839616263646566A8
:10BE3800000000003031323334353637383941426A
:10BE48004344454600000000286E756C6C290000CC
:10BE5800300000002020202020202020202020202A
:10BE6800202020203030303030303030303030300A
:10BE7800303030304E614E00496E66696E697479B3
:10BE88000000000042616C6C6F632073756363652A
:10BE980065646564000000002F6D6E742F776F7203
:10BEA8006B73706163652F776F726B737061636515
:10BEB8002F4743432D31302D706970656C696E656D
:10BEC8002F6A656E6B696E732D4743432D31302D94
:10BED800706970656C696E652D34385F3230323048
:10BEE800313132345F313630363138303634312FF3
:10BEF8007372632F6E65776C69622F6E65776C69F4
:10BF0800622F6C6962632F7374646C69622F647446
:10BF18006F612E63000000002F6D6E742F776F72B3
:10BF28006B73706163652F776F726B737061636594
:10BF38002F4743432D31302D706970656C696E65EC
:10BF48002F6A656E6B696E732D4743432D31302D13
:10BF5800706970656C696E652D34385F32303230C7
:10BF6800313132345F313630363138303634312F72
:10BF78007372632F6E65776C69622F6E65776C6973
:10BF8800622F6C6962632F7374646C69622F6D70C1
:10BF98007265632E630000000080E03779C3414377
:10BFA800176E05B5B5B89346F5F93FE9034F384D17
:10BFB800321D30F94877825A3CBF737FDD4F1575C3
:10BFC800000000000000F03F0000000000002440D6
:10BFD80000000000000059400000000000408F40B1
:10BFE800000000000088C34000000000006AF8401C
:10BFF8000000000080842E4100000000D012634140
:10C008000000000084D797410000000065CDCD41B5
:10C01800000000205FA00242000000E87648374296
:10C02800000000A2941A6D42000040E59C30A24234
:10C038000000901EC4BCD64200003426F56B0C43A9
:10C048000080E03779C3414300A0D8855734764350
:10C0580000C84E676DC1AB43003D9160E458E143B1
:10C06800408CB5781DAF154450EFE2D6E41A4B4426
:10C0780092D54D06CFF08044F64AE1C7022DB5446B
:10C08800B49DD9794378EA440500000019000000FE
:10C098007D0000002C2066756E6374696F6E3A200F
:10C0A80000000000617373657274696F6E20222549
:10C0B8007322206661696C65643A2066696C652044
:10C0C800222573222C206C696E6520256425732532
:10C0D800730A000043000000504F53495800000005
:10C0E8002E0000002020202020202020202020209A
:10C0F8002020202030303030303030303030303078
:10C1080030303030002020202020202020202828F7
:10C1180028282820202020202020202020202020FF
:10C12800202020202088101010101010101010103F
:10C13800101010101004040404040404040404106F
:10C1480010101010101041414141414101010101FD
:10C1580001010101010101010101010101010101C7
:10C1680010101010101042424242424202020202D3
:10C178000202020202020202020202020202020297
:10C188001010101020000000000000000000000047
:10C198000000000000000000000000000000000097
:10C1A8000000000000000000000000000000000087
:10C1B8000000000000000000000000000000000077
:10C1C8000000000000000000000000000000000067
:10C1D8000000000000000000000000000000000057
:10C1E8000000000000000000000000000000000047
:10C1F8000000000000000000000000000000000037
:08C2080000000000000000002E
:08C210002C4CFF7F010000002F
:08C218004D790008E501000862
:04C22000C101000850
:10C224000024F400AAAAAAAA040000001000002016
:10C2340000000000FC02002064030020CC03002066
:10C2440000000000000000000000000000000000EA
:10C2540000000000000000000000000000000000DA
:10C2640000000000000000000000000000000000CA
:10C2740000000000000000000000000000000000BA
:10C2840000000000000000000000000000000000AA
:10C29400000000000000000000000000000000009A
:10C2A400000000000000000000000000000000008A
:10C2B400000000000000000000000000000000007A
:10C2C400000000000000000000000000000000006A
:10C2D4000000000000000000010000000000000059
:10C2E4000E33CDAB34126DE6ECDE05000B0000001E
:10C2F400000000000000000000000000000000003A
:10C304000000000000000000000000000000000029
:10C314000000000000000000000000000000000019
:10C324000000000000000000000000000000000009
:10C3340000000000000000000000000000000000F9
:10C3440000000000000000000000000000000000E9
:10C3540000000000000000000000000000000000D9
:10C3640000000000000000000000000000000000C9
:10C3740000000000000000000000000000000000B9
:10C3840000000000000000000000000000000000A9
:10C394000000000000000000000000000000000099
:10C3A4000000000000000000000000000000000089
:10C3B4000000000000000000000000000000000079
:10C3C4000000000000000000000000000000000069
:10C3D4000000000000000000000000000000000059
:10C3E4000000000000000000000000000000000049
:10C3F4000000000000000000000000000000000039
:10C404000000000000000000000000000000000028
:10C414000000000000000000000000000000000018
:10C424000000000000000000000000000000000008
:10C4340000000000000000000000000000000000F8
:10C4440000000000000000000000000000000000E8
:10C4540000000000000000000000000000000000D8
:10C4640000000000000000000000000000000000C8
:10C4740000000000000000000000000000000000B8
:10C4840000000000000000000000000000000000A8
:10C494000000000000000000000000000000000098
:10C4A4000000000000000000000000000000000088
:10C4B4000000000000000000000000000000000078
:10C4C4000000000000000000000000000000000068
:10C4D4000000000000000000000000000000000058
:10C4E4000000000000000000000000000000000048
:10C4F4000000000000000000000000000000000038
:10C504000000000000000000000000000000000027
:10C514000000000000000000000000000000000017
:10C524000000000000000000000000000000000007
:10C5340000000000000000000000000000000000F7
:10C5440000000000000000000000000000000000E7
:10C5540000000000000000000000000000000000D7
:10C5640000000000000000000000000000000000C7
:10C5740000000000000000000000000000000000B7
:10C5840000000000000000000000000000000000A7
:10C594000000000000000000000000000000000097
:10C5A4000000000000000000000000000000000087
:10C5B4000000000000000000000000000000000077
:10C5C4000000000000000000000000000000000067
:10C5D4000000000000000000000000000000000057
:10C5E4000000000000000000000000000000000047
:10C5F4000000000000000000000000000000000037
:10C604000000000000000000000000000000000026
:10C614000000000000000000000000000000000016
:10C624000000000000000000000000000000000006
:10C6340000000000000000000000000000000000F6
:10C6440000000000000000000000000000000000E6
:10C6540000000000000000000C3901200000000070
:10C66400000000003C0400203C040020440400209E
:10C67400440400204C0400204C04002054040020F6
:10C68400540400205C0400205C04002064040020A6
:10C69400640400206C0400206C0400207404002056
:10C6A400740400207C0400207C0400208404002006
:10C6B400840400208C0400208C04002094040020B6
:10C6C400940400209C0400209C040020A404002066
:10C6D400A4040020AC040020AC040020B404002016
:10C6E400B4040020BC040020BC040020C4040020C6
:10C6F400C4040020CC040020CC040020D404002076
:10C70400D4040020DC040020DC040020E404002025
:10C71400E4040020EC040020EC040020F4040020D5
:10C72400F4040020FC040020FC0400200405002084
:10C73400040500200C0500200C0500201405002031
:10C74400140500201C0500201C05002024050020E1
:10C75400240500202C0500202C0500203405002091
:10C76400340500203C0500203C0500204405002041
:10C77400440500204C0500204C05002054050020F1
:10C78400540500205C0500205C05002064050020A1
:10C79400640500206C0500206C0500207405002051
:10C7A400740500207C0500207C0500208405002001
:10C7B400840500208C0500208C05002094050020B1
:10C7C400940500209C0500209C050020A405002061
:10C7D400A4050020AC050020AC050020B405002011
:10C7E400B4050020BC050020BC050020C4050020C1
:10C7F400C4050020CC050020CC050020D405002071
:10C80400D4050020DC050020DC050020E405002020
:10C81400E4050020EC050020EC050020F4050020D0
:10C82400F4050020FC050020FC050020040600207F
:10C83400040600200C0600200C060020140600202C
:10C84400140600201C0600201C06002024060020DC
:10C85400240600202C0600202C060020340600208C
:10C86400340600203C0600203C060020440600203C
:10C87400440600204C0600204C06002054060020EC
:10C88400540600205C0600205C060020640600209C
:10C89400640600206C0600206C060020740600204C
:10C8A400740600207C0600207C06002084060020FC
:10C8B400840600208C0600208C06002094060020AC
:10C8C400940600209C0600209C060020A40600205C
:10C8D400A4060020AC060020AC060020B40600200C
:10C8E400B4060020BC060020BC060020C4060020BC
:10C8F400C4060020CC060020CC060020D40600206C
:10C90400D4060020DC060020DC060020E40600201B
:10C91400E4060020EC060020EC060020F4060020CB
:10C92400F4060020FC060020FC060020040700207A
:10C93400040700200C0700200C0700201407002027
:10C94400140700201C0700201C07002024070020D7
:10C95400240700202C0700202C0700203407002087
:10C96400340700203C0700203C0700204407002037
:10C97400440700204C0700204C07002054070020E7
:10C98400540700205C0700205C0700206407002097
:10C99400640700206C0700206C0700207407002047
:10C9A400740700207C0700207C07002084070020F7
:10C9B400840700208C0700208C07002094070020A7
:10C9C400940700209C0700209C070020A407002057
:10C9D400A4070020AC070020AC070020B407002007
:10C9E400B4070020BC070020BC070020C4070020B7
:10C9F400C4070020CC070020CC070020D407002067
:10CA0400D4070020DC070020DC070020E407002016
:10CA1400E4070020EC070020EC070020F4070020C6
:10CA2400F4070020FC070020FC0700200408002075
:10CA3400040800200C0800200C0800201408002022
:10CA4400140800201C0800201C08002024080020D2
:10CA5400240800202C0800202C0800203408002082
:10CA640034080020FFFFFFFF000002004300000025
:10CA740000000000000000000000000000000000B2
:10CA8400000000000000000000000000430000005F
:10CA94000000000000000000000000000000000092
:10CAA400000000000000000000000000430000003F
:10CAB4000000000000000000000000000000000072
:10CAC400000000000000000000000000430000001F
:10CAD4000000000000000000000000000000000052
:10CAE40000000000000000000000000043000000FF
:10CAF4000000000000000000000000000000000032
:10CB040000000000000000000000000043000000DE
:10CB14000000000000000000000000000000000011
:10CB240000000000000000000000000043000000BE
:10CB340000000000000000000000000000000000F1
:10CB4400000000000000000000000000E1B0000848
:10CB5400F99C0008000000000CC10008E8C00008AF
:10CB6400A8C00008A8C00008A8C00008A8C0000801
:10CB7400A8C00008A8C00008A8C00008A8C00008F1
:10CB8400A8C00008FFFFFFFFFFFFFFFFFFFFFFFF3D
:10CB9400FFFF000001004153434949000000000029
:10CBA4000000000000000000000000000000000081
:10CBB4000000000000004153434949000000000008
:10CBC4000000000000000000000000000000000061
:08CBD400000000000000000059
:04000005080015C911
:00000001FF
