:020000040800F2
:100000000000032071160008451400084B14000876
:1000100051140008571400085D1400080000000087
:100020000000000000000000000000006314000851
:100030006F140008000000007B14000887140008FB
:10004000C1160008C1160008C1160008C116000834
:10005000C1160008C1160008C1160008C116000824
:10006000C1160008C1160008C1160008C116000814
:10007000C1160008C1160008C1160008C116000804
:10008000C1160008C1160008C1160008C1160008F4
:10009000C1160008C1160008C1160008C1160008E4
:1000A000C1160008C1160008C1160008C1160008D4
:1000B000C116000879440008C1160008C1160008DE
:1000C000C1160008C1160008C1160008C1160008B4
:1000D000C11600088D450008C1160008C1160008A9
:1000E000C1160008C1160008C1160008C116000894
:1000F000C1160008C1160008C1160008C116000884
:10010000C1160008C1160008C1160008C116000873
:10011000C1160008C1160008C1160008C116000863
:10012000C1160008C1160008C1160008C116000853
:10013000C1160008C1160008C1160008C116000843
:10014000C1160008C1160008C1160008C116000833
:10015000C1160008C1160008C1160008C116000823
:10016000C1160008C1160008C1160008C116000813
:10017000C1160008C1160008C116000800000000E2
:10018000C1160008C1160008C1160008C1160008F3
:10019000C1160008C1160008C1160008C1160008E3
:0C01A000C1160008C1160008C1160008B6
:1001C00010B5054C237833B9044B13B10448AFF391
:1001D00000800123237010BDE8090020000000000A
:1001E0002CAA000808B5034B1BB103490348AFF321
:1001F000008008BD00000000EC0900202CAA0008C7
:1002000081F0004102E000BF83F0004330B54FEAC7
:1002100041044FEA430594EA050F08BF90EA020F34
:100220001FBF54EA000C55EA020C7FEA645C7FEAC7
:10023000655C00F0E2804FEA5454D4EB5555B8BFEA
:100240006D420CDD2C4480EA020281EA030382EA5B
:10025000000083EA010180EA020281EA0303362DED
:1002600088BF30BD11F0004F4FEA01314FF4801CC0
:100270004CEA113102D0404261EB410113F0004FD2
:100280004FEA03334CEA133302D0524263EB430389
:1002900094EA050F00F0A780A4F10104D5F1200E27
:1002A0000DDB02FA0EFC22FA05F2801841F1000182
:1002B00003FA0EF2801843FA05F359410EE0A5F156
:1002C00020050EF1200E012A03FA0EFC28BF4CF087
:1002D000020C43FA05F3C01851EBE37101F000453D
:1002E00007D54FF0000EDCF1000C7EEB00006EEB4A
:1002F0000101B1F5801F1BD3B1F5001F0CD34908D4
:100300005FEA30004FEA3C0C04F101044FEA44522A
:1003100012F5800F80F09A80BCF1004F08BF5FEAB1
:10032000500C50F1000041EB045141EA050130BD91
:100330005FEA4C0C404141EB0101013C28BFB1F5A3
:10034000801FE9D291F0000F04BF01460020B1FAEE
:1003500081F308BF2033A3F10B03B3F120020CDAC1
:100360000C3208DD02F1140CC2F10C0201FA0CF09F
:1003700021FA02F10CE002F11402D8BFC2F1200C04
:1003800001FA02F120FA0CFCDCBF41EA0C019040BA
:10039000E41AA2BF01EB0451294330BD6FEA040403
:1003A0001F3C1CDA0C340EDC04F11404C4F12002EE
:1003B00020FA04F001FA02F340EA030021FA04F300
:1003C00045EA030130BDC4F10C04C4F1200220FA57
:1003D00002F001FA04F340EA0300294630BD21FA95
:1003E00004F0294630BD94F0000F83F4801306BF5B
:1003F00081F480110134013D4EE77FEA645C18BF4F
:100400007FEA655C29D094EA050F08BF90EA020FE5
:1004100005D054EA000C04BF1946104630BD91EADD
:10042000030F1EBF0021002030BD5FEA545C05D1E0
:100430004000494128BF41F0004130BD14F580041F
:100440003CBF01F5801130BD01F0004545F0FE4193
:1004500041F470014FF0000030BD7FEA645C1ABFC8
:10046000194610467FEA655C1CBF0B46024650EAFF
:10047000013406BF52EA033591EA030F41F400212B
:1004800030BD00BF90F0000F04BF0021704730B5B1
:100490004FF4806404F132044FF000054FF0000186
:1004A00050E700BF90F0000F04BF0021704730B547
:1004B0004FF4806404F1320410F0004548BF40421C
:1004C0004FF000013EE700BF42004FEAE2014FEA71
:1004D00031014FEA02701FBF12F07F4393F07F4F4C
:1004E00081F06051704732F07F4208BF704793F04F
:1004F0007F4F04BF41F40021704730B54FF4607462
:1005000001F0004521F000411CE700BF50EA010264
:1005100008BF704730B54FF000050AE050EA01020D
:1005200008BF704730B511F0004502D5404261EB7D
:1005300041014FF4806404F132045FEA915C3FF4BE
:10054000D8AE4FF003025FEADC0C18BF03325FEA5B
:10055000DC0C18BF033202EBDC02C2F1200300FA0C
:1005600003FC20FA02F001FA03FE40EA0E0021FA31
:1005700002F11444BDE600BF70B54FF0FF0C4CF41F
:10058000E06C1CEA11541DBF1CEA135594EA0C0FD1
:1005900095EA0C0F00F0DEF82C4481EA030621EA0C
:1005A0004C5123EA4C5350EA013518BF52EA033547
:1005B00041F4801143F4801338D0A0FB02CE4FF0F9
:1005C0000005E1FB02E506F00042E0FB03E54FF029
:1005D0000006E1FB03569CF0000F18BF4EF0010E21
:1005E000A4F1FF04B6F5007F64F5407404D25FEA1D
:1005F0004E0E6D4146EB060642EAC62141EA5551D0
:100600004FEAC52040EA5E504FEACE2EB4F1FD0C11
:1006100088BFBCF5E06F1ED8BEF1004F08BF5FEA8F
:10062000500E50F1000041EB045170BD06F0004641
:1006300046EA010140EA020081EA0301B4EB5C04EE
:10064000C2BFD4EB0C0541EA045170BD41F48011E6
:100650004FF0000E013C00F3AB8014F1360FDEBF0B
:10066000002001F0004170BDC4F10004203C35DAE7
:100670000C341BDC04F11404C4F1200500FA05F36A
:1006800020FA04F001FA05F240EA020001F000420B
:1006900021F0004110EBD37021FA04F642EB060181
:1006A0005EEA430E08BF20EAD37070BDC4F10C04AB
:1006B000C4F1200500FA04F320FA05F001FA04F26F
:1006C00040EA020001F0004110EBD37041F100015B
:1006D0005EEA430E08BF20EAD37070BDC4F1200566
:1006E00000FA05F24EEA020E20FA04F301FA05F2CE
:1006F00043EA020321FA04F001F0004121FA04F276
:1007000020EA020000EBD3705EEA430E08BF20EA45
:10071000D37070BD94F0000F0FD101F0004640007F
:1007200041EB010111F4801F08BF013CF7D041EA01
:10073000060195F0000F18BF704703F00046520005
:1007400043EB030313F4801F08BF013DF7D043EAD6
:100750000603704794EA0C0F0CEA135518BF95EA8C
:100760000C0F0CD050EA410618BF52EA4306D1D113
:1007700081EA030101F000414FF0000070BD50EA32
:10078000410606BF1046194652EA430619D094EABC
:100790000C0F02D150EA013613D195EA0C0F05D1A6
:1007A00052EA03361CBF104619460AD181EA0301FA
:1007B00001F0004141F0FE4141F470014FF00000B2
:1007C00070BD41F0FE4141F4780170BD70B54FF04D
:1007D000FF0C4CF4E06C1CEA11541DBF1CEA1355CD
:1007E00094EA0C0F95EA0C0F00F0A7F8A4EB0504AF
:1007F00081EA030E52EA03354FEA013100F08880A6
:100800004FEA03334FF0805545EA131343EA12636E
:100810004FEA022245EA111545EA10654FEA002623
:100820000EF000419D4208BF964244F1FD0404F5DC
:10083000407402D25B084FEA3202B61A65EB030538
:100840005B084FEA32024FF480104FF4002CB6EBF5
:10085000020E75EB030E22BFB61A754640EA0C0075
:100860005B084FEA3202B6EB020E75EB030E22BFB5
:10087000B61A754640EA5C005B084FEA3202B6EBF6
:10088000020E75EB030E22BFB61A754640EA9C00B5
:100890005B084FEA3202B6EB020E75EB030E22BF85
:1008A000B61A754640EADC0055EA060E18D04FEA43
:1008B000051545EA16754FEA06164FEAC30343EAE3
:1008C00052734FEAC2025FEA1C1CC0D111F4801FB0
:1008D0000BD141EA00014FF000004FF0004CB6E7A9
:1008E00011F4801F04BF01430020B4F1FD0C88BF48
:1008F000BCF5E06F3FF6AFAEB5EB030C04BFB6EB53
:10090000020C5FEA500C50F1000041EB045170BD45
:100910000EF0004E4EEA113114EB5C04C2BFD4EB72
:100920000C0541EA045170BD41F480114FF0000EF6
:10093000013C90E645EA060E8DE60CEA135594EA72
:100940000C0F08BF95EA0C0F3FF43BAF94EA0C0F75
:100950000AD150EA01347FF434AF95EA0C0F7FF4EA
:1009600025AF104619462CE795EA0C0F06D152EA3E
:1009700003353FF4FDAE1046194622E750EA410622
:1009800018BF52EA43067FF4C5AE50EA41047FF433
:100990000DAF52EA43057FF4EBAE12E70000000012
:1009A0000000000000000000000000000000000047
:1009B0000000000000000000000000000000000037
:1009C00090F800F06DE9024520F007016FF0000C8F
:1009D00010F0070491F820F040F049804FF0000437
:1009E0006FF00700D1E9002391F840F000F1080012
:1009F00082FA4CF2A4FA8CF283FA4CF3A2FA8CF34A
:100A00004BBBD1E9022382FA4CF200F10800A4FAB0
:100A10008CF283FA4CF3A2FA8CF3E3B9D1E9042304
:100A200082FA4CF200F10800A4FA8CF283FA4CF33B
:100A3000A2FA8CF37BB9D1E9062301F1200182FAF5
:100A40004CF200F10800A4FA8CF283FA4CF3A2FAFB
:100A50008CF3002BC6D0002A04BF04301A4612BA09
:100A6000B2FA82F2FDE8024500EBD2007047D1E90C
:100A7000002304F00305C4F100004FEAC50514F09B
:100A8000040F91F840F00CFA05F562EA05021CBF6C
:100A900063EA050362464FF00004A9E70000000086
:100AA00001F0FF01102A2BDB10F0070F08D010F81F
:100AB000013B013A8B422DD010F0070F42B3F6D123
:100AC000F0B441EA012141EA014122F007047FF03C
:100AD00000070023F0E80256083C85EA010586EA93
:100AE000010685FA47F5A3FA87F586FA47F6A5FACF
:100AF00087F68EB9EED1F0BC01F0FF0102F00702DB
:100B000032B110F8013B013A83EA010313B1F8D185
:100B10000020704701387047002D06BF3546033866
:100B2000073815F0010F07D1013015F4807F02BF9F
:100B3000013015F4C03F0130F0BC0138704700BFF0
:100B4000844641EA000313F003036DD1403A41D3D8
:100B500051F8043B40F8043B51F8043B40F8043B97
:100B600051F8043B40F8043B51F8043B40F8043B87
:100B700051F8043B40F8043B51F8043B40F8043B77
:100B800051F8043B40F8043B51F8043B40F8043B67
:100B900051F8043B40F8043B51F8043B40F8043B57
:100BA00051F8043B40F8043B51F8043B40F8043B47
:100BB00051F8043B40F8043B51F8043B40F8043B37
:100BC00051F8043B40F8043B51F8043B40F8043B27
:100BD000403ABDD2303211D351F8043B40F8043BC7
:100BE00051F8043B40F8043B51F8043B40F8043B07
:100BF00051F8043B40F8043B103AEDD20C3205D3D7
:100C000051F8043B40F8043B043AF9D2043208D0CE
:100C1000D2071CBF11F8013B00F8013B01D30B8840
:100C200003806046704700BF082A13D38B078DD01E
:100C300010F003038AD0C3F10403D21ADB071CBFF0
:100C400011F8013B00F8013B80D331F8023B20F85A
:100C5000023B7BE7043AD9D3013A11F8013B00F893
:100C6000013BF9D20B7803704B7843708B7883701B
:100C7000604670474FF0FF3C06E000BF4FF0010CAC
:100C800002E000BF4FF0010C4DF804CD4FEA410CDB
:100C90007FEA6C5C4FEA430C18BF7FEA6C5C1BD0A8
:100CA00001B050EA410C0CBF52EA430C91EA030F29
:100CB00002BF90EA020F0020704710F1000F91EA86
:100CC000030F58BF994208BF90422CBFD8176FEA54
:100CD000E37040F0010070474FEA410C7FEA6C5C22
:100CE00002D150EA013C07D14FEA430C7FEA6C5C29
:100CF000D6D152EA033CD3D05DF8040B704700BF55
:100D00008446104662468C461946634600E000BFA2
:100D100001B5FFF7B7FF002848BF10F1000F01BD74
:100D20004DF808EDFFF7F4FF0CBF012000205DF83F
:100D300008FB00BF4DF808EDFFF7EAFF34BF0120C4
:100D400000205DF808FB00BF4DF808EDFFF7E0FF5D
:100D500094BF012000205DF808FB00BF4DF808EDAE
:100D6000FFF7CEFF94BF012000205DF808FB00BF15
:100D70004DF808EDFFF7C4FF34BF012000205DF8F7
:100D800008FB00BF4FEA410C7FEA6C5C02D150EADD
:100D9000013C0AD14FEA430C7FEA6C5C02D152EA73
:100DA000033C02D14FF0000070474FF00100704744
:100DB0004FEA410212F5001215D211D56FF4787383
:100DC000B3EB625212D94FEAC12343F0004343EA26
:100DD000505311F0004F23FA02F018BF4042704701
:100DE0004FF00000704750EA013005D111F000408B
:100DF00008BF6FF0004070474FF00000704700BF21
:100E000053B94AB9002908BF00281CBF4FF0FF3171
:100E10004FF0FF3000F074B9ADF1080C6DE904CE6D
:100E200000F006F8DDF804E0DDE9022304B07047C5
:100E30002DE9F047089E0D4604468846002B4DD10B
:100E40008A42944668D9B2FA82F252B101FA02F3A8
:100E5000C2F1200120FA01F10CFA02FC41EA030878
:100E600094404FEA1C45210CB8FBF5FE1FFA8CF7A5
:100E700005FB1E8341EA03430EFB07F199420BD9A0
:100E80001CEB03030EF1FF3080F01E81994240F20B
:100E90001B81AEF1020E63445B1AA4B2B3FBF5F002
:100EA00005FB103344EA034400FB07F7A7420AD9C5
:100EB0001CEB040400F1FF3380F00881A74240F2EC
:100EC000058164440238E41B40EA0E4000211EB153
:100ED000D4400023C6E90043BDE8F0878B4208D91F
:100EE000002E00F0EE800021C6E900050846BDE8AE
:100EF000F087B3FA83F100294AD1AB4202D3824290
:100F000000F2F980841A65EB030301209846002E55
:100F1000E2D0C6E90048DFE702B9FFDEB2FA82F2AA
:100F2000002A40F09180A1EB0C054FEA1C471FFA04
:100F30008CFE0121B5FBF7F307FB1350250C45EAA6
:100F400000450EFB03F0A84208D91CEB050503F190
:100F5000FF3802D2A84200F2CB8043462D1AA4B239
:100F6000B5FBF7F007FB105544EA05440EFB00FE05
:100F7000A64508D91CEB040400F1FF3502D2A645B2
:100F800000F2BB802846A4EB0E0440EA03409EE733
:100F9000C1F120078B4022FA07FC4CEA030C20FA2F
:100FA00007F405FA01F31C43FD404FEA1C4900FA1F
:100FB00001F3B5FBF9F8200C1FFA8CFE09FB18555C
:100FC00040EA054508FB0EF0A84202FA01F20BD9EF
:100FD0001CEB050508F1FF3A80F08880A84240F23A
:100FE0008580A8F1020865442D1AA4B2B5FBF9F07A
:100FF00009FB105544EA054500FB0EFEAE4508D935
:101000001CEB050500F1FF346CD2AE456AD90238FD
:10101000654440EA0840A0FB0294A5EB0E05A542FA
:10102000C846A64656D353D05EB1B3EB080265EB73
:101030000E0505FA07F722FA01F3CD401F43C6E972
:1010400000750021BDE8F087C2F1200320FA03F10A
:101050000CFA02FC25FA03F395400D434FEA1C47B6
:101060001FFA8CFEB3FBF7F107FB11302B0C43EAA0
:10107000004301FB0EF0984204FA02F408D91CEB7D
:10108000030301F1FF382FD298422DD9023963446E
:101090001B1AADB2B3FBF7F007FB103345EA03456B
:1010A00000FB0EF3AB4208D91CEB050500F1FF383D
:1010B00016D2AB4214D902386544ED1A40EA014118
:1010C00038E73146304607E78646E5E61846FAE651
:1010D0004B45A9D2B9EB020864EB0C0E0138A3E72B
:1010E0004046EAE7204694E74146D1E7D0467BE711
:1010F000023B654432E7084609E76444023842E7A8
:10110000704700BF80B400AF074B1B6B064A43F02B
:1011100080031363044B1B6B034A43F00103136307
:1011200000BFBD4680BC70470038024080B582B029
:1011300000AF0023BB710023FB714FF000733B60D5
:1011400000F0C0FA00F006F9FFF7DCFF02F0D0FF74
:101150004FF4E13003F0A4F902F084FF03F01EF82D
:101160000346002B04D16949694803F063FA03E0A0
:101170006849674803F05EFA02F05DFD0346002B04
:1011800004D16549624803F055FA03E063496048B9
:1011900003F050FA03F078FA0BE003F0C5FA0346C7
:1011A0001A465F495A4803F045FA4FF4FA7000F0C6
:1011B000DFFA03F0B9FA03461A464EF618739A425C
:1011C000EBD15849524803F035FA0821564800F04F
:1011D00033FE0346002B1DD1312000F0C9FA08214F
:1011E000514800F029FE0346002B0BD118224F492D
:1011F000002002F05FFD3B68643B182219464C4812
:1012000003F0ECFB00BF0821474800F015FE034641
:10121000002BF8D00421444800F00EFE0346002BBA
:1012200031D1312000F0A4FA04213F4800F004FE3F
:101230000346002B1FD118223E49002002F01BFD5F
:101240003C4A3D49324803F0F5F93B68643B1822BB
:1012500019463A4803F074FB384A39492C4803F0E0
:10126000E9F918223021334803F0BAFC1822302162
:10127000324803F0B5FC00BF04212B4800F0DCFD30
:101280000346002BF8D04FF400512E4800F0D4FD57
:101290000346002B1FD1312000F06AFA4FF40051B1
:1012A000284800F0C9FD0346002B0BD1FB79002B29
:1012B0000CBF01230023DBB2FB71FB791946002030
:1012C00002F0D1FF00BF4FF400511E4800F0B4FD02
:1012D0000346002BF7D04FF480511B4800F0ACFDC3
:1012E0000346002B7FF471AF1849094803F0A2F9B7
:1012F000042002F0E6FF0346002B7FF466AF02F005
:1013000043FF1349024803F095F95EE748AA000835
:10131000D00A00205CAA000874AA000888AA000865
:10132000A0AA0008BCAA0008001C0240000000207F
:1013300018000020040A0020D0AA00081C0A00207F
:10134000E8AA0008000802400004024000AB0008C0
:101350000CAB000880B592B000AF07F11803302243
:101360000021184603F03CFC3B1D00221A605A6025
:101370009A60DA601A61244B1B6C234A43F0805355
:101380001364224B1B68214A43F44043136001233A
:10139000BB610123FB6102233B634FF480037B634A
:1013A0000F23BB63D823FB6302233B6404237B64CA
:1013B00007F11803184600F0EBFD0346002B01D09F
:1013C00000F026F800F078FD0346002B01D000F075
:1013D0001FF80F237B600223BB600023FB604FF4E8
:1013E000A0533B614FF480537B613B1D05211846A0
:1013F00001F020F80346002B01D000F009F800BFEF
:101400004837BD4680BD00BF003802400070004034
:1014100080B400AF72B600BFFEE7000080B400AF3A
:10142000074B5B6C064A43F480435364044B1B6CCC
:10143000034A43F08053136400BFBD4680BC70472D
:101440000038024080B400AFFEE780B400AFFEE792
:1014500080B400AFFEE780B400AFFEE780B400AF19
:10146000FEE780B400AF00BFBD4680BC704780B4CB
:1014700000AF00BFBD4680BC704780B400AF00BF66
:10148000BD4680BC704780B500AF00F059F900BF81
:1014900080BD80B400AF01231846BD4680BC7047B4
:1014A00080B582B000AF7860396003F06FFB03460F
:1014B00016221A604FF0FF3318460837BD4680BD2C
:1014C00080B582B000AF78604FF0FF317868FFF7E9
:1014D000E7FFFEE780B586B000AFF860B9607A60DC
:1014E00000237B610AE0AFF300800146BB685A1C11
:1014F000BA60CAB21A707B6901337B617A697B6812
:101500009A42F0DB7B6818461837BD4680BD80B52F
:1015100086B000AFF860B9607A6000237B6109E0B3
:10152000BB685A1CBA601B781846AFF300807B6911
:1015300001337B617A697B689A42F1DB7B681846EC
:101540001837BD4680BD80B483B000AF78604FF0DF
:10155000FF3318460C37BD4680BC704780B483B05B
:1015600000AF786039603B684FF400525A60002346
:1015700018460C37BD4680BC704780B483B000AFBE
:101580007860012318460C37BD4680BC704780B494
:1015900085B000AFF860B9607A6000231846143750
:1015A000BD4680BC7047000080B586B000AF786053
:1015B000144A154BD31A7B617B693B61134B1B6843
:1015C000002B02D1114B124A1A60104B1A687B682B
:1015D00013443A699A4207D203F0D8FA03460C2220
:1015E0001A604FF0FF3309E0084B1B68FB60074BA4
:1015F0001A687B681344054A1360FB68184618375D
:10160000BD4680BD0000032000040000340A002015
:10161000601C002080B400AF124B1B68114A43F0DD
:10162000010313600F4B00229A600E4B1B680D4A9A
:1016300023F0847323F4803313600A4B0A4A5A6000
:10164000084B1B68074A23F480231360054B0022D4
:10165000DA60064B4FF000629A6000BFBD4680BC66
:10166000704700BF003802401030002400ED00E059
:10167000DFF834D0002103E00C4B5B5843500431B9
:101680000B480C4B42189A42F6D30B4A02E0002357
:1016900042F8043B094B9A42F9D3FFF7BBFF03F032
:1016A0007BFAFFF743FD7047000003203CAF0008C2
:1016B00000000020E8090020E80900205C1C002050
:1016C000FEE7000080B500AF0E4B1B680D4A43F4E7
:1016D000007313600B4B1B680A4A43F4806313606A
:1016E000084B1B68074A43F480731360032000F023
:1016F0001FF90F2000F008F8FFF790FE00231846AE
:1017000080BD00BF003C024080B582B000AF786071
:1017100001F078F80346094AA2FB03239B09184607
:1017200000F03BF9002279684FF0FF3000F00BF930
:10173000002318460837BD4680BD00BFD34D621058
:1017400080B400AF044B1B680133034A136000BF31
:10175000BD4680BC704700BF380A002080B400AF8F
:10176000024B1B681846BD4680BC7047380A0020F3
:1017700080B584B000AF78600023FB60FFF7EEFF18
:10178000F86000BFFFF7EAFF0246FB68D21A7B68E9
:101790009A42F7D300BF00BF1037BD4680BD00009E
:1017A00080B485B000AF78607B6803F00703FB600E
:1017B0000C4BDB68BB60BA684FF6FF031340BB609D
:1017C000FB681A02BB68134343F0BF6343F4003362
:1017D000BB60044ABB68D36000BF1437BD4680BC01
:1017E000704700BF00ED00E080B400AF044BDB6841
:1017F0001B0A03F007031846BD4680BC704700BFB4
:1018000000ED00E080B483B000AF0346FB71FB79CC
:1018100003F01F03012202FA03F1054A97F907308A
:101820005B0942F8231000BF0C37BD4680BC7047EF
:1018300000E100E080B483B000AF03463960FB7183
:1018400097F90730002B0BDA3B68DAB20C49FB79C9
:1018500003F00F03043B1201D2B20B441A7609E0E5
:101860003B68DAB2074997F907301201D2B20B444C
:1018700083F8002300BF0C37BD4680BC704700BF13
:1018800000ED00E000E100E080B489B000AFF86056
:10189000B9607A60FB6803F00703FB61FB69C3F181
:1018A0000703042B28BF0423BB61FB690433062B09
:1018B00002D9FB69033B00E000237B610122BB6985
:1018C00002FA03F3013B1A46BB681A407B699A404F
:1018D00001217B6901FA03F3013B19467B680B4048
:1018E000134318462437BD4680BC704780B582B08C
:1018F00000AF78607B68013BB3F1807F01D30123A7
:101900000FE00A4A7B68013B53600F214FF0FF3024
:10191000FFF790FF054B00229A60044B07221A60E4
:10192000002318460837BD4680BD00BF10E000E028
:1019300080B582B000AF78607868FFF731FF00BFF4
:101940000837BD4680BD80B586B000AF0346B9609C
:101950007A60FB7300237B61FFF746FF78617A684A
:10196000B9687869FFF790FF024697F90F30114682
:101970001846FFF75FFF00BF1837BD4680BD80B532
:1019800082B000AF0346FB7197F907301846FFF7A6
:1019900039FF00BF0837BD4680BD80B582B000AFBB
:1019A00078607868FFF7A2FF034618460837BD46FF
:1019B00080BD000080B487B000AF7860396000233C
:1019C000FB600023BB6000233B6100237B616FE170
:1019D00001227B6902FA03F3FB603B681B68FA682B
:1019E0001340BB60BA68FB689A4240F05E813B6876
:1019F0005B68022B03D03B685B68122B23D17B69A9
:101A0000DA087B68083253F822303B617B6903F0C7
:101A100007039B000F2202FA03F3DB433A691340EA
:101A20003B613B681A697B6903F007039B0002FA7C
:101A300003F33A6913433B617B69DA087B68083238
:101A4000396943F822107B681B683B617B695B0046
:101A5000032202FA03F3DB433A6913403B613B681C
:101A60005B6803F003027B695B0002FA03F33A69E7
:101A700013433B617B683A691A603B685B68012BE2
:101A80000BD03B685B68022B07D03B685B68112B6F
:101A900003D03B685B68122B30D17B689B683B614D
:101AA0007B695B00032202FA03F3DB433A691340CC
:101AB0003B613B68DA687B695B0002FA03F33A69D1
:101AC00013433B617B683A699A607B685B683B6162
:101AD00001227B6902FA03F3DB433A6913403B615D
:101AE0003B685B681B0903F001027B6902FA03F3A0
:101AF0003A6913433B617B683A695A607B68DB68EB
:101B00003B617B695B00032202FA03F3DB433A6922
:101B100013403B613B689A687B695B0002FA03F300
:101B20003A6913433B617B683A69DA603B685B68FA
:101B300003F08053002B00F0B880624B5B6C614A6D
:101B400043F480435364604A7B699B08023352F834
:101B500023303B617B6903F003039B000F2202FAF1
:101B600003F3DB433A6913403B617B68574A934276
:101B700037D07B68564A934231D07B68554A9342AE
:101B80002BD07B68544A934225D07B68534A9342BA
:101B90001FD07B68524A934219D07B68514A9342C6
:101BA00013D07B68504A93420DD07B684F4A9342D2
:101BB00007D07B684E4A934201D1092312E00A23E1
:101BC00010E008230EE007230CE006230AE00523BB
:101BD00008E0042306E0032304E0022302E00123DB
:101BE00000E000237A6902F00302920093403A6910
:101BF00013433B6134497B699B0802333A6941F8DE
:101C000023203C4B1B683B61BB68DB433A691340B4
:101C10003B613B685B6803F48033002B03D03A6977
:101C2000BB6813433B61334A3B691360314B5B68CC
:101C30003B61BB68DB433A6913403B613B685B68CF
:101C400003F40033002B03D03A69BB6813433B61B4
:101C5000284A3B695360274B9B683B61BB68DB4369
:101C60003A6913403B613B685B6803F48013002BC7
:101C700003D03A69BB6813433B611E4A3B699360DA
:101C80001C4BDB683B61BB68DB433A6913403B613B
:101C90003B685B6803F40013002B03D03A69BB6810
:101CA00013433B61134A3B69D3607B6901337B611A
:101CB0007B690F2B7FF68CAE00BF00BF1C37BD4683
:101CC00080BC7047003802400038014000000240EC
:101CD0000004024000080240000C024000100240D4
:101CE0000014024000180240001C02400020024084
:101CF00000240240003C014080B487B000AF78600F
:101D0000396000233B610023FB600023BB6000239C
:101D10007B6182E001227B6902FA03F33B613A684E
:101D20003B691340FB60FA683B699A4272D17B6859
:101D30001A687B695B00032101FA03F3DB431A4055
:101D40007B681A607B69DA087B68083253F82210D6
:101D50007B6903F007039B000F2202FA03F3DB43C6
:101D60007A69D20819407B68083243F822107B68F0
:101D70009A687B695B00032101FA03F3DB431A4095
:101D80007B689A607B685A6801217B6901FA03F3DA
:101D9000DB431A407B685A607B68DA687B695B00CA
:101DA000032101FA03F3DB431A407B68DA607B69A5
:101DB00003F003039B000F2202FA03F3BB601C4AEB
:101DC0007B699B08023352F82310BB68DA4318483A
:101DD0007B699B080A40023340F82320154B1A68A0
:101DE000FB68DB43134913400B60124B5A68FB68D6
:101DF000DB43104913404B600E4B9A68FB68DB4392
:101E00000C4913408B600B4BDA68FB68DB430949D4
:101E10001340CB607B6901337B617B690F2B7FF6BD
:101E200079AF00BF00BF1C37BD4680BC704700BF04
:101E300000380140003C014080B485B000AF7860BC
:101E40000B467B807B681A697B881340002B02D08D
:101E50000123FB7301E00023FB73FB7B184614375F
:101E6000BD4680BC704780B483B000AF78600B463D
:101E70007B8013467B707B78002B03D07A887B684D
:101E80009A6103E07B881A047B689A6100BF0C3773
:101E9000BD4680BC704780B483B000AF78600B460D
:101EA0007B807B685A697B885A407B685A6100BF97
:101EB0000C37BD4680BC704780B58AB000AF0023A8
:101EC0007B62314B1B6C304A43F0805313644FF4F8
:101ED0008033BB61BB6993FAA3F37B617B693B628F
:101EE0003B6AB3FA83F3FB61FB69DBB29B0003F14E
:101EF000844303F560231A4601231360FFF72EFC89
:101F0000786209E0FFF72AFC02467B6AD31AB3F530
:101F10007A7F01D9032333E01C4B5B6803F48033E1
:101F2000B3F5803FEED14FF40033BB60BB6893FA4A
:101F3000A3F37B607B683B613B69B3FA83F3FB608F
:101F4000FB68DBB29B0003F1844303F560231A4670
:101F500001231360FFF702FC786209E0FFF7FEFB44
:101F600002467B6AD31AB3F57A7F01D9032307E0CF
:101F7000064B5B6803F40033B3F5003FEED100235A
:101F800018462837BD4680BD00380240007000402A
:101F900080B598B000AF78600023FB657B681B6854
:101FA00003F00103002B66D09C4B9B6803F00C03ED
:101FB000042B0CD0994B9B6803F00C03082B12D117
:101FC000964B5B6803F48003B3F5800F0BD1934B02
:101FD0001B6803F40033002B4CD07B685B68002B3C
:101FE00048D101231AE28E4B00221A70FFF7B6FB8C
:101FF000F86508E0FFF7B2FB0246FB6DD31A642BCD
:1020000001D903230AE2854B1B6803F40033002B3C
:10201000F0D17B685A68824BD2B21A707B685B68D9
:10202000002B13D0FFF79AFBF86508E0FFF796FB4B
:102030000246FB6DD31A642B01D90323EEE1774BE3
:102040001B6803F40033002BF0D014E0FFF786FB8D
:10205000F86508E0FFF782FB0246FB6DD31A642B9C
:1020600001D90323DAE16D4B1B6803F40033002B25
:10207000F0D100E000BF7B681B6803F00203002B77
:102080007FD0664B9B6803F00C03002B0BD0634B97
:102090009B6803F00C03082B2AD1604B5B6803F4A8
:1020A0008003002B24D15D4B1B6803F00203002B3F
:1020B00005D07B68DB68012B01D00123AEE1574BD3
:1020C0001B6823F0F8027B681B69F8213965396DBC
:1020D00091FAA1F1F964F96CB965B96DB1FA81F1C0
:1020E0007965796DC9B28B404C4913430B6048E068
:1020F0007B68DB68002B2ED04A4B01221A60FFF769
:102100002DFBF86508E0FFF729FB0246FB6DD31AAB
:10211000642B01D9032381E1404B1B6803F00203C8
:10212000002BF0D03D4B1B6823F0F8027B681B6945
:10213000F8213964396C91FAA1F1F963F96BB9644A
:10214000B96CB1FA81F17964796CC9B28B403349C9
:1021500013430B6015E0334B00221A60FFF7FEFAC1
:10216000F86508E0FFF7FAFA0246FB6DD31A642B14
:1021700001D9032352E1294B1B6803F00203002B12
:10218000F0D17B681B6803F00803002B30D07B681C
:102190005B69002B16D0244B01221A60FFF7DEFA90
:1021A000F86508E0FFF7DAFA0246FB6DD31A642BF4
:1021B00001D9032332E1194B5B6F03F00203002BBB
:1021C000F0D015E0184B00221A60FFF7C7FAF86547
:1021D00008E0FFF7C3FA0246FB6DD31A642B01D95E
:1021E00003231BE10D4B5B6F03F00203002BF0D1C7
:1021F0007B681B6803F00403002B74D0074B1B6C37
:10220000064A43F080531364084B1B68074A43F4A3
:1022100080731360FFF7A2FAF86512E000380240FD
:102220000238024000004742800E474200700040E2
:10223000FFF794FA0246FB6DD31A642B01D90323EE
:10224000ECE0784B1B6803F48073002BF0D0764BE6
:1022500000221A70FFF782FAF8650AE0FFF77EFAAB
:102260000246FB6DD31A41F28832934201D903230F
:10227000D4E06E4B1B6F03F00203002BEED17B68A2
:102280009A68694BD2B21A707B689B68012B15D192
:10229000FFF764FAF8650AE0FFF760FA0246FB6DA3
:1022A000D31A41F28832934201D90323B6E05F4B3F
:1022B0001B6F03F00203002BEED014E0FFF74EFA81
:1022C000F8650AE0FFF74AFA0246FB6DD31A41F2BD
:1022D0008832934201D90323A0E0544B1B6F03F0D3
:1022E0000203002BEED17B689B69002B00F09580E8
:1022F0004E4B9B6803F00C03082B00F08C807B682E
:102300009B69022B70D14A4B00221A60FFF726FA14
:10231000F86508E0FFF722FA0246FB6DD31A642B3A
:1023200001D903237AE0414B1B6803F00073002BB3
:10233000F0D17B681A6A7B685B6A47F6C0713961C5
:10234000396991FAA1F1F960F968B961B969B1FA2D
:1023500081F179617969C9B28B401A437B689B6AC4
:102360005B08013B4FF440313962396A91FAA1F1BF
:10237000F961F969B962B96AB1FA81F17962796A88
:10238000C9B28B401A437B68DB691A437B68DB6AFE
:102390004FF070613963396B91FAA1F1F962F96A12
:1023A000B963B96BB1FA81F17963796BC9B28B40CA
:1023B00013431E4A43F0005353601D4B01221A6021
:1023C000FFF7CCF9F86508E0FFF7C8F90246FB6DA6
:1023D000D31A642B01D9032320E0144B1B6803F0AC
:1023E0000073002BF0D018E0114B00221A60FFF7A9
:1023F000B5F9F86508E0FFF7B1F90246FB6DD31AAD
:10240000642B01D9032309E0084B1B6803F0007318
:10241000002BF0D101E0012300E0002318466037D3
:10242000BD4680BD00700040703802400038024058
:102430006000474280B584B000AF78603960002307
:10244000FB60924B1B6803F00F033A689A4240F21C
:102450008F808E4B3A68D2B21A708C4B1B6803F097
:102460000F033A689A4201D0012336E17B681B686A
:1024700003F00203002B08D0854B9B6823F0F00289
:102480007B689B68824913438B607B681B6803F001
:102490000103002B00F0FE807B685B68012B07D1F5
:1024A0007B4B1B6803F40033002B15D1012314E18F
:1024B0007B685B68022B07D1754B1B6803F00073C8
:1024C000002B09D1012308E1714B1B6803F00203C3
:1024D000002B01D1012300E16D4B9B6823F0030227
:1024E0007B685B686A4913438B60FFF737F9F860D4
:1024F0007B685B68012B12D10AE0FFF72FF90246D7
:10250000FB68D31A41F28832934201D90323E4E0F5
:102510005F4B9B6803F00C03042BEED1BAE07B68A1
:102520005B68022B1DD10AE0FFF718F90246FB6831
:10253000D31A41F28832934201D90323CDE0544BA0
:102540009B6803F00C03082BEED1A3E0FFF706F91C
:102550000246FB68D31A41F28832934201D9032321
:10256000BBE04B4B9B6803F00C03002BEED191E0DA
:102570007B681B6803F00203002B08D0444B9B6868
:1025800023F0F0027B689B68414913438B607B68B2
:102590001B6803F00103002B6AD07B685B68012B8A
:1025A00007D13B4B1B6803F40033002B15D10123EB
:1025B00093E07B685B68022B07D1354B1B6803F007
:1025C0000073002B09D1012387E0314B1B6803F016
:1025D0000203002B01D101237FE02D4B9B6823F0E8
:1025E00003027B685B682A4913438B60FFF7B6F8E8
:1025F000F8607B685B68012B12D10AE0FFF7AEF848
:102600000246FB68D31A41F28832934201D9032370
:1026100063E01F4B9B6803F00C03042BEED127E013
:102620007B685B68022B1DD10AE0FFF797F8024632
:10263000FB68D31A41F28832934201D903234CE05C
:10264000134B9B6803F00C03082BEED110E0FFF74F
:1026500085F80246FB68D31A41F28832934201D9C9
:1026600003233AE00A4B9B6803F00C03002BEED1E6
:10267000064B3A68D2B21A70044B1B6803F00F0382
:102680003A689A4206D0012327E000BF003C02408E
:10269000003802407B681B6803F00403002B08D05D
:1026A000104B9B6823F4E0527B68DB680D491343B1
:1026B0008B607B681B6803F00803002B09D0094B73
:1026C0009B6823F460427B681B69DB000549134368
:1026D0008B600F20FFF718F8002318461037BD460F
:1026E00080BD00BF0038024080B491B000AF00232D
:1026F0007B630023FB6300233B630023BB633E4BF0
:102700009B6803F00C03082B0CD0082B6BD8002B14
:1027100002D0042B03D066E0384BBB6366E0384B35
:10272000BB6363E0344B5B6803F03F037B63324B76
:102730005B6803F48003002B1CD0314A7B6BB2FB37
:10274000F3F22D4B596847F6C0730B4047F6C07142
:102750007962796A91FAA1F13962396AF962F96AA2
:10276000B1FA81F1B962B96AC9B2CB4002FB03F395
:10277000FB631BE0214A7B6BB2FBF3F21E4B5968F3
:1027800047F6C0730B4047F6C0717961796991FAD9
:10279000A1F139613969F961F969B1FA81F1B96178
:1027A000B969C9B2CB4002FB03F3FB63124B5B6810
:1027B00003F440334FF440327A607A6892FAA2F21E
:1027C0003A603A68FA60FA68B2FA82F2BA60BA68B5
:1027D000D2B2D34001335B003B63FA6B3B6BB2FB7D
:1027E000F3F3BB6302E0054BBB6300BFBB6B184652
:1027F0004437BD4680BC7047003802400024F400D6
:1028000040787D0180B584B000AFFFF76DFF0146D1
:102810000F4B9B6803F0F003F0227A607A6892FA1B
:10282000A2F23A603A68FA60FA68B2FA82F2BA60E2
:10283000BA68D2B2D340074AD35C21FA03F3064AFE
:102840001360054B1B6818461037BD4680BD00BF9E
:10285000003802401CAB00083000002080B584B076
:1028600000AFFFF7CFFF01460D4B9B6803F4E05329
:102870004FF4E0527A607A6892FAA2F23A603A68CB
:10288000FA60FA68B2FA82F2BA60BA68D2B2D34099
:10289000044AD35C21FA03F318461037BD4680BDC5
:1028A000003802401CAB000880B584B000AFFFF7D1
:1028B000A9FF01460D4B9B6803F460434FF460424F
:1028C0007A607A6892FAA2F23A603A68FA60FA6834
:1028D000B2FA82F2BA60BA68D2B2D340044AD35C88
:1028E00021FA03F318461037BD4680BD0038024078
:1028F0001CAB000880B582B000AF78607B68002B0D
:1029000001D1012354E07B6893F85130DBB2002BF6
:1029100002D1786801F02AFD7B68022283F85120F9
:102920007B681B681A687B681B6822F040021A608B
:102930007B685A687B689B681A437B68DB681A432C
:102940007B681B691A437B685B691A437B689B69D8
:1029500003F400731A437B68DB691A437B681B6AC4
:1029600042EA03017B689A6A7B681B680A431A6023
:102970007B689B691B0C03F004017B685A6A7B68C7
:102980001B680A435A607B681B687A68D26A1A61BE
:102990007B681B68DA697B681B6822F40062DA6175
:1029A0007B6800225A657B68012283F8512000234E
:1029B00018460837BD4680BD80B588B000AFF860C6
:1029C000B9607A607B800023FB610023BB61FB68F8
:1029D00093F85130DBB2FB61FB69012B03D0FB693B
:1029E000222B40F03D82BB68002B05D07B68002B7A
:1029F00002D07B88002B01D1012332E2FB6893F8DF
:102A00005030012B01D102232BE2FB68012283F815
:102A10005020FB6893F85130DBB2012B03D1FB68E7
:102A2000322283F85120FB6800225A65FB687A68DD
:102A30009A63FB687A889A87FB687A88DA87FB68EA
:102A4000BA681A63FB687A889A86FB687A88DA869D
:102A5000FB6800229A64FB680022DA64FB689B6AC8
:102A6000B3F5005F0FD1FB681B681A68FB681B6831
:102A700022F400521A60FB681B681A68FB681B6826
:102A800042F400521A60FB681B681B6803F04003A5
:102A9000402B07D0FB681B681A68FB681B6842F074
:102AA00040021A60FB68DB68B3F5006F40F0BE803F
:102AB000FB685B68002B08D0FB685B68B3F5827F1E
:102AC00014D1FB68DB8E012B10D1FB681B6B1A88BD
:102AD000FB681B68DA60FB681B6B9A1CFB681A6357
:102AE000FB68DB8E013B9AB2FB68DA86FB68DB8E03
:102AF000002B74D1FB689B6AB3F5005F07D1FB68BC
:102B00001B681A68FB681B6842F480521A60BB6A33
:102B100000220121F86800F0A8F90346002B01D03B
:102B200003239EE1FB681B68DA68FB689B6B92B22B
:102B30001A80FB689B6B9A1CFB689A63FB68DB8FAF
:102B4000013B9AB2FB68DA871FE1BB6A00220221CF
:102B5000F86800F08AF90346002B01D0032380E1D6
:102B6000FB681B6B1A88FB681B68DA60FB681B6BD1
:102B70009A1CFB681A63FB68DB8E013B9AB2FB6808
:102B8000DA86FB68DB8E002B0CD1FB689B6AB3F501
:102B9000005F07D1FB681B681A68FB681B6842F47A
:102BA00080521A60BB6A00220121F86800F05DF9CA
:102BB0000346002B01D0032353E1FB681B68DA684E
:102BC000FB689B6B92B21A80FB689B6B9A1CFB683C
:102BD0009A63FB68DB8F013B9AB2FB68DA87FB687C
:102BE000DB8E002BB1D1FB685B68002B40F0CD8001
:102BF000BB6A00220121F86800F037F90346002B78
:102C000001D003232DE1FB681B68DA68FB689B6B2E
:102C100092B21A80FB689B6B9A1CFB689A63FB68F4
:102C2000DB8F013B9AB2FB68DA87AEE0FB685B683A
:102C3000002B08D0FB685B68B3F5827F12D1FB687C
:102C4000DB8E012B0ED1FB681B6B591CFA681163DC
:102C50001A78FB681B68DA60FB68DB8E013B9AB26E
:102C6000FB68DA86FB68DB8E002B6BD1FB689B6A06
:102C7000B3F5005F07D1FB681B681A68FB681B6827
:102C800042F480521A60BB6A00220121F86800F009
:102C9000ECF80346002B01D00323E2E0FB681B683D
:102CA000DA68FB689B6BD2B21A70FB68DB8F013B62
:102CB0009AB2FB68DA8768E0BB6A00220221F868F2
:102CC00000F0D3F80346002B01D00323C9E0FB68D2
:102CD0001B6B591CFA6811631A78FB681B68DA6071
:102CE000FB68DB8E013B9AB2FB68DA86FB68DB8E01
:102CF000002B0CD1FB689B6AB3F5005F07D1FB6822
:102D00001B681A68FB681B6842F480521A60BB6A31
:102D100000220121F86800F0A8F80346002B01D03A
:102D200003239EE0FB681B68D868FB689B6B591CFB
:102D3000FA689163C2B21A70FB68DB8F013B9AB2EA
:102D4000FB68DA87FB68DB8E002BB5D1FB685B681C
:102D5000002B1AD1BB6A00220121F86800F085F827
:102D60000346002B01D003237BE0FB681B68D86877
:102D7000FB689B6B591CFA689163C2B21A70FB68BE
:102D8000DB8F013B9AB2FB68DA87FB689B6AB3F57D
:102D9000005F16D1BB6A00220121F86800F065F8D7
:102DA0000346002B07D0FB685B6D43F00202FB6813
:102DB0005A65032355E0FB681B68DB689BB2FB8206
:102DC000FB8ABB6A01228021F86800F04EF80346B6
:102DD000002B07D0FB685B6D43F01002FB685A655F
:102DE00003233EE0FB68012283F85120FB681B6847
:102DF0009B6803F01003102B0CBF01230023DBB2F0
:102E0000BB61FB689B6AB3F5005F23D1BB69002BF4
:102E100020D0FB685B6D43F00202FB685A65FB68DB
:102E20009B6AB3F5005F0FD1FB681B681A68FB68EB
:102E30001B6822F400521A60FB681B681A68FB6862
:102E40001B6842F400521A60FB68002283F850208D
:102E5000012306E0FB68002283F85020002300E0F5
:102E6000022318462037BD4680BD80B586B000AF2E
:102E7000F860B9603B601346FB7100237B61FEF78D
:102E80006DFC7861FB79002B40F086803DE03B686B
:102E9000B3F1FF3F39D03B68002B07D0FEF75EFC53
:102EA00002467B69D31A3A689A422ED2FB681B68A5
:102EB0005A68FB681B6822F0E0025A60FB681B68D6
:102EC0001A68FB681B6822F040021A60FB689B6A64
:102ED000B3F5005F0FD1FB681B681A68FB681B68BD
:102EE00022F400521A60FB681B681A68FB681B68B2
:102EF00042F400521A60FB68012283F85120FB68FB
:102F0000002283F8502003234FE0FB681B689A6877
:102F1000BB681340BA689A42B9D145E03B68B3F147
:102F2000FF3F39D03B68002B07D0FEF717FC024665
:102F30007B69D31A3A689A422ED2FB681B685A689A
:102F4000FB681B6822F0E0025A60FB681B681A6885
:102F5000FB681B6822F040021A60FB689B6AB3F5AD
:102F6000005F0FD1FB681B681A68FB681B6822F4BE
:102F700000521A60FB681B681A68FB681B6842F401
:102F800000521A60FB68012283F85120FB6800227E
:102F900083F85020032308E0FB681B689A68BB682D
:102FA0001340BA689A42B9D0002318461837BD4674
:102FB00080BD80B582B000AF78607B68002B01D106
:102FC000012337E07B6893F83930DBB2002B02D164
:102FD000786801F089FA7B68022283F839207B68DF
:102FE0001B68DA687B681B6822F40052DA60786834
:102FF00000F058FC7B681B681A697B681B6822F428
:1030000090421A617B681B685A697B681B6822F0D2
:103010002A025A617B681B68DA687B681B6842F485
:103020000052DA607B680022DA637B68012283F851
:103030003920002318460837BD4680BD80B586B0CC
:1030400000AFF860B9603B601346FB8000237B61F2
:10305000FB6893F83930DBB27B617B69012B03D0CD
:103060007B69222B40F08E80BB68002B02D0FB884E
:10307000002B01D1012386E0FB6893F83830012B47
:1030800001D102237FE0FB68012283F83820FB682E
:103090000022DA63FB6893F83930DBB2222B04D1CB
:1030A000FB68322283F8392003E0FB68122283F8A0
:1030B0003920FB68FA889A84FB68FA88DA843DE054
:1030C000FB68DB8C013B9AB2FB68DA84FB689B6887
:1030D000B3F5805F20D13B6800228021F86800F0C2
:1030E00026FA0346002B01D003234CE0BB683B616A
:1030F0003B691B881A46FB681B68C2F308025A60CA
:10310000FB681B69002B03D1BB680233BB6015E071
:10311000BB680133BB6011E03B6800228021F86886
:1031200000F005FA0346002B01D003232BE0BB6817
:103130005A1CBA601A78FB681B685A60FB68DB8C03
:10314000002BBDD13B6800224021F86800F0EFF968
:103150000346002B01D0032315E0FB6893F83930B8
:10316000DBB2322B04D1FB68222283F8392003E042
:10317000FB68012283F83920FB68002283F838209D
:10318000002300E0022318461837BD4680BD80B5F5
:1031900086B000AFF860B9603B601346FB80002347
:1031A0007B61FB6893F83930DBB27B617B69012B73
:1031B00003D07B69122B40F09D80BB68002B02D0AE
:1031C000FB88002B01D1012395E0FB6893F8383090
:1031D000012B01D102238EE0FB68012283F8382005
:1031E000FB680022DA63FB6893F83930DBB2122BFC
:1031F00004D1FB68322283F8392003E0FB682222E5
:1032000083F83920FB68FA889A85FB68FA88DA85A2
:1032100057E0FB68DB8D013B9AB2FB68DA85FB68FF
:103220009B68B3F5805F29D13B6800222021F868B4
:1032300000F07DF90346002B01D003235BE0BB685F
:103240003B61FB681B69002B0CD1FB681B685B684A
:103250009BB2C3F308039AB23B691A80BB6802337E
:10326000BB602EE0FB681B685B689BB2DBB29AB266
:103270003B691A80BB680133BB6022E03B680022D7
:103280002021F86800F053F90346002B01D00323F6
:1032900031E0FB681B69002B08D1FB681B6859688B
:1032A000BB685A1CBA60CAB21A700AE0FB681B6895
:1032B0005B68DAB2BB68591CB96002F07F02D2B217
:1032C0001A70FB68DB8D002BA3D1FB6893F83930B3
:1032D000DBB2322B04D1FB68122283F8392003E0E1
:1032E000FB68012283F83920FB68002283F838202C
:1032F000002300E0022318461837BD4680BD80B584
:1033000088B000AF78600023FB610023BB617B685D
:103310001B681B6803F00103012B0CBF0123002372
:10332000DBB2FB617B681B68DB6803F48073BB6105
:10333000FB69002B11D0BB69002B0ED07B681B688A
:103340001B687B617B681B685B687B617B697B6852
:10335000DB6B43F001027B68DA637B681B681B68E8
:1033600003F00203022B0CBF01230023DBB2FB613D
:103370007B681B685B6903F00103BB61FB69002B81
:1033800011D0BB69002B0ED07B681B681B683B61AA
:103390007B681B685B683B613B697B68DB6B43F068
:1033A00004027B68DA637B681B681B6803F0040314
:1033B000042B0CBF01230023DBB2FB617B681B687D
:1033C0005B6903F00103BB61FB69002B11D0BB6992
:1033D000002B0ED07B681B681B68FB607B681B683A
:1033E0005B68FB60FB687B68DB6B43F002027B6819
:1033F000DA637B681B681B6803F00803082B0CBFAB
:1034000001230023DBB2FB617B681B685B6903F06F
:103410000103BB61FB69002B11D0BB69002B0ED0EF
:103420007B681B681B68BB607B681B685B68BB6054
:10343000BB687B68DB6B43F008027B68DA637B6800
:103440001B681B6803F02003202B0CBF0123002303
:10345000DBB2FB617B681B68DB6803F02003BB61A8
:10346000FB69002B05D0BB69002B02D0786800F007
:1034700086F97B681B681B6803F08003802B0CBFF8
:1034800001230023DBB2FB617B681B68DB6803F070
:103490008003BB61FB69002B05D0BB69002B02D008
:1034A000786800F0DDF87B681B681B6803F0400358
:1034B000402B0CBF01230023DBB2FB617B681B6840
:1034C000DB6803F04003BB61FB69002B05D0BB69DF
:1034D000002B02D0786800F01FF97B68DB6B002BB3
:1034E00006D07B68012283F83920786800F016F84E
:1034F00000BF2037BD4680BD80B483B000AF786088
:1035000000BF0C37BD4680BC704780B483B000AFAD
:10351000786000BF0C37BD4680BC704780B483B074
:1035200000AF786000BF0C37BD4680BC704780B5E7
:1035300086B000AFF860B9603B601346FB710023B2
:103540007B61FEF70BF97861FB79002B7BD138E0CA
:103550003B68B3F1FF3F34D03B68002B07D0FEF748
:10356000FDF802467B69D31A3A689A4229D2FB6871
:103570001B68DA68FB681B6822F08002DA60FB686F
:103580001B68DA68FB681B6822F02002DA60FB68BF
:103590001B68DA68FB681B6822F48072DA60FB68DB
:1035A0001B685A69FB681B6822F001025A61FB68BC
:1035B000012283F83920FB68002283F83820032396
:1035C0004AE0FB681B681A68BB681340BA689A42F5
:1035D000BED140E03B68B3F1FF3F34D03B68002BE5
:1035E00007D0FEF7BBF802467B69D31A3A689A42C5
:1035F00029D2FB681B68DA68FB681B6822F080022E
:10360000DA60FB681B68DA68FB681B6822F020023E
:10361000DA60FB681B68DA68FB681B6822F480725A
:10362000DA60FB681B685A69FB681B6822F00102BC
:103630005A61FB68012283F83920FB68002283F875
:103640003820032308E0FB681B681A68BB68134036
:10365000BA689A42BED0002318461837BD4680BDCE
:1036600080B485B000AF78600023FB607B6893F87E
:103670003930DBB2FB60FB68122B02D0FB68322BC7
:1036800044D17B689B68B3F5805F1AD17B681B6A65
:10369000BB60BB681B881A467B681B68C2F30802C4
:1036A0005A607B681B69002B05D17B681B6A9A1CDA
:1036B0007B681A620EE07B681B6A5A1C7B681A6280
:1036C00008E07B681B6A591C7A6811621A787B686B
:1036D0001B685A607B68DB8C013B9AB27B68DA849A
:1036E0007B68DB8C002B0FD17B681B68DA687B68FA
:1036F0001B6822F08002DA607B681B68DA687B68EE
:103700001B6842F04002DA60002300E00223184602
:103710001437BD4680BC704780B582B000AF78607A
:103720007B681B68DA687B681B6822F04002DA60FD
:103730007B6893F83930DBB2322B04D17B682222CC
:1037400083F8392013E07B681B68DA687B681B68A4
:1037500022F48072DA607B681B685A697B681B6898
:1037600022F001025A617B68012283F839207868CF
:10377000FFF7C2FE002318460837BD4680BD80B55E
:1037800084B000AF78600023FB607B6893F8393029
:10379000DBB2FB60FB68222B02D0FB68322B7CD1B2
:1037A0007B689B68B3F5805F23D17B689B6ABB60B5
:1037B0007B681B69002B0ED17B681B685B689BB222
:1037C000C3F308039AB2BB681A807B689B6A9A1C91
:1037D0007B689A6229E07B681B685B689BB2DBB2FE
:1037E0009AB2BB681A807B689B6A5A1C7B689A6293
:1037F0001BE07B681B69002B0AD17B681B6858683B
:103800007B689B6A591C7A689162C2B21A700CE09C
:103810007B681B685B68DAB27B689B6A581C7968B6
:10382000886202F07F02D2B21A707B68DB8D013BA6
:103830009AB27B68DA857B68DB8D002B2BD17B68A5
:103840001B68DA687B681B6822F02002DA607B68FC
:1038500093F83930DBB2322B04D17B68122283F823
:10386000392013E07B681B68DA687B681B6822F4E8
:103870008072DA607B681B685A697B681B6822F07B
:1038800001025A617B68012283F839207868FFF7CA
:103890003CFE002302E0002300E00223184610371C
:1038A000BD4680BDB0B584B000AF78600023FB603A
:1038B0007B681B681B69FB60FB6823F44053FB605B
:1038C0007B68DB68FA681343FB607B681B68FA68F7
:1038D0001A617B681B68DB68FB60FB6823F4164396
:1038E00023F00C03FB607B689A687B681B691A43B2
:1038F0007B685B691A437B68DB691343FA6813438F
:10390000FB607B681B68FA68DA607B681B685B6930
:10391000FB60FB6823F44073FB607B689B69FA687B
:103920001343FB607B681B68FA685A617B68DB693C
:10393000B3F5004F40F08C807B681B688C4A934243
:1039400004D07B681B688B4A934240D1FEF7ACFFE2
:10395000024613469B0013449A001A447B685B6836
:103960005B00B2FBF3F3844AA2FB03235B091C0157
:10397000FEF79AFF024613469B0013449A001A442E
:103980007B685B685B00B2FBF3F5FEF78DFF0246D8
:1039900013469B0013449A001A447B685B685B00E3
:1039A000B2FBF3F3744AA2FB03235B09642202FB1C
:1039B00003F3EB1A1B0132336F4AA2FB03235B09AB
:1039C00003F00F027B681B6822439A60CCE0FEF78D
:1039D00045FF024613469B0013449A001A447B6835
:1039E0005B685B00B2FBF3F3634AA2FB03235B0952
:1039F0001C01FEF733FF024613469B0013449A0056
:103A00001A447B685B685B00B2FBF3F5FEF726FFA8
:103A1000024613469B0013449A001A447B685B6875
:103A20005B00B2FBF3F3544AA2FB03235B0964225D
:103A300002FB03F3EB1A1B0132334F4AA2FB0323B1
:103A40005B0903F00F027B681B6822439A608BE0DE
:103A50007B681B68464A934204D07B681B68454AD2
:103A6000934240D1FEF720FF024613469B001344C9
:103A70009A001A447B685B689B00B2FBF3F33E4AF2
:103A8000A2FB03235B091C01FEF70EFF024613464F
:103A90009B0013449A001A447B685B689B00B2FB4E
:103AA000F3F5FEF701FF024613469B0013449A000C
:103AB0001A447B685B689B00B2FBF3F32E4AA2FBBF
:103AC00003235B09642202FB03F3EB1A1B0132336D
:103AD000294AA2FB03235B0903F00F027B681B68E2
:103AE00022439A6040E0FEF7B9FE024613469B006F
:103AF00013449A001A447B685B689B00B2FBF3F3A3
:103B00001D4AA2FB03235B091C01FEF7A7FE024628
:103B100013469B0013449A001A447B685B689B0021
:103B2000B2FBF3F5FEF79AFE024613469B001344E0
:103B30009A001A447B685B689B00B2FBF3F30E4A61
:103B4000A2FB03235B09642202FB03F3EB1A1B01B4
:103B50003233094AA2FB03235B0903F00F027B689F
:103B60001B6822439A60FFE700BF1037BD46B0BD17
:103B700000100140001401401F85EB5180B584B056
:103B800000AF0346FB800023FB7300F029F9FB889C
:103B90001B0A9BB2DBB25B00DBB2603BDBB21846B8
:103BA00000F0DEF900F060F9FB88DBB2184600F0A7
:103BB000D7F900F059F900F013F9A12000F0D0F97D
:103BC00000F052F9002000F00DFA0346FB7300F0FC
:103BD00029F9FB7B18461037BD4680BD80B582B001
:103BE00000AF03460A46FB8013467B7100F0F8F8ED
:103BF000FB881B0A9BB2DBB25B00DBB2603BDBB233
:103C0000184600F0ADF900F02FF9FB88DBB218463A
:103C100000F0A6F900F028F97B79184600F0A0F929
:103C200000F022F900F0FEF80A20FDF7A1FD00BF28
:103C30000837BD4680BD80B582B000AFFF20FFF7DA
:103C40009DFF0346FB71FB79552B01D100230EE04C
:103C50005521FF20FFF7C2FFFF20FFF78FFF03462C
:103C6000FB71FB79552B01D1002300E0012318469D
:103C70000837BD4680BD90B583B000AF03463960BC
:103C8000FB801346BB800DE0FB885A1CFA803C6821
:103C9000621C3A601846FFF771FF03462370BB8829
:103CA000013BBB80BB88002BEED100BF00BF0C37AF
:103CB000BD4690BD80B582B000AF03463960FB8041
:103CC0001346BB800CE03B681A78FB881146184607
:103CD000FFF784FFFB880133FB803B6801333B60C7
:103CE000BB885A1EBA80002BEDD100BF00BF083739
:103CF000BD4680BD80B483B000AF0346FB8000BFEB
:103D0000FB885A1EFA80002BFAD100BF00BF0C3787
:103D1000BD4680BC7047000080B500AF0A4B1B6BEE
:103D2000094A43F08003136300F012F800F026F80C
:103D3000012220210548FEF796F8012210210348B0
:103D4000FEF791F800BF80BD00380240001C024021
:103D500080B586B000AF0123BB6010237B600123D8
:103D6000FB6003233B613B1D19460348FDF722FE20
:103D700000BF1837BD4680BD001C024080B586B02C
:103D800000AF20210948FDF7B7FF0123BB602023C6
:103D90007B600123FB6003233B613B1D1946034805
:103DA000FDF708FE00BF1837BD4680BD001C02406D
:103DB00080B586B000AF20210848FDF79DFF0023A5
:103DC000BB6020237B6003233B613B1D19460348F6
:103DD000FDF7F0FD00BF1837BD4680BD001C024056
:103DE00080B500AFFFF7CAFF012220210C48FEF783
:103DF0003AF8012210210A48FEF735F83220FFF781
:103E000079FF002220210648FEF72DF83220FFF727
:103E100071FF002210210248FEF725F800BF80BD87
:103E2000001C024080B500AFFFF7A8FF0022102160
:103E30000C48FEF718F8002220210A48FEF713F874
:103E40003220FFF757FF012210210648FEF70BF83A
:103E50003220FFF74FFF012220210248FEF703F82E
:103E600000BF80BD001C024080B582B000AF0023BF
:103E7000FB71FFF783FF012220211648FDF7F3FFB6
:103E80003220FFF737FFFFF793FF0122102111487F
:103E9000FDF7E9FF3220FFF72DFF09E0FB79013341
:103EA000FB71FB79FA2B03D9FFF7BCFF01230CE070
:103EB00020210848FDF7C0FF0346002BEED1002269
:103EC00010210448FDF7CFFF002318460837BD46F0
:103ED00080BD00BF001C024080B500AF0022102151
:103EE0000D48FDF7C0FFFFF749FF002220210A48D7
:103EF000FDF7B9FF3220FFF7FDFE01221021064831
:103F0000FDF7B1FF3220FFF7F5FE00221021024835
:103F1000FDF7A9FF00BF80BD001C024080B500AFC7
:103F2000002210210D48FDF79EFFFFF727FF012219
:103F300020210A48FDF797FF3220FFF7DBFE012220
:103F400010210648FDF78FFF3220FFF7D3FE002235
:103F500010210248FDF787FF00BF80BD001C024012
:103F600080B584B000AF0346FB71FFF707FF002266
:103F700010211B48FDF777FF0023FB7327E097F91B
:103F80000730002B05DA012220211548FDF76BFFD1
:103F900004E0002220211248FDF765FFFB795B0059
:103FA000FB713220FFF7A6FE012210210C48FDF71D
:103FB0005AFF3220FFF79EFE002210210848FDF72D
:103FC00052FF3220FFF796FEFB7B0133FB73FB7B36
:103FD000072BD4D900BF00BF1037BD4680BD00BF3E
:103FE000001C024080B584B000AF0346FB71002383
:103FF000FB730023BB73FFF7DBFE0023FB731FE0A3
:10400000002210211648FDF72EFF3220FFF772FE26
:10401000012210211248FDF726FFBB7B5B00BB731A
:1040200020210F48FDF708FF0346002B02D0BB7B81
:104030000133BB737D20FFF75DFEFB7B0133FB7318
:10404000FB7B072BDCD9FB79002B02D0FFF744FF69
:1040500001E0FFF763FFBB7B18461037BD4680BD0C
:10406000001C024080B586B000AF1D4B1B6B1C4A84
:1040700043F0010313631A4B1B6B194A43F004030B
:104080001363174B1B6B164A43F080031363002323
:10409000BB6001237B600223FB6003233B613B1D6C
:1040A00019461048FDF786FC08237B600123FB605E
:1040B0003B1D19460C48FDF77DFC04237B603B1D2E
:1040C00019460948FDF776FC4FF400537B603B1D11
:1040D00019460648FDF76EFC00BF1837BD4680BD87
:1040E0000038024000000240001C0240000802406C
:1040F00080B586B000AF114B1B6B104A43F0020332
:1041000013630123BB6001237B600123FB60032356
:104110003B613B1D19460A48FDF74CFC02237B60BE
:104120003B1D19460648FDF745FC00F00BF800F072
:1041300015F800BF1837BD4680BD00BF00380240EB
:104140000004024080B500AF012201210248FDF7C2
:104150008AFE00BF80BD00BF0004024080B500AFF2
:10416000012202210248FDF77EFE00BF80BD00BF94
:104170000004024080B500AF01210248FDF78BFE2C
:1041800000BF80BD0004024080B500AF022102489C
:10419000FDF781FE00BF80BD0004024080B586B0FF
:1041A00000AF0023FB75144B1B6B134A43F0020353
:1041B000136300237B604FF480533B600123BB609B
:1041C0000323FB603B4619460C48FDF7F3FBFFF762
:1041D000A3FDFFF705FE4020FFF7C2FEFFF744FEF8
:1041E0000346FB75FFF71EFEFF2000F021F8FB7D64
:1041F00018461837BD4680BD003802400004024012
:1042000080B582B000AF0023FB71FFF7E9FD4120CC
:10421000FFF7A6FEFFF728FE0020FFF7E3FE0346A8
:10422000FB71FFF7FFFDFB7918460837BD4680BDDF
:1042300080B582B000AF0346FB71FFF7D1FD40208F
:10424000FFF78EFEFFF710FEFB791846FFF788FE9A
:10425000FFF70AFEFFF7E6FD0A20FDF789FA00BF27
:104260000837BD4680BD80B584B000AF03460A461E
:10427000FB711346BB71FFF7C3FF0346FB73BB79AA
:10428000002B0CD1FB79012202FA03F35BB2DB4372
:104290005AB297F90F3013405BB2FB7309E0FB7918
:1042A000012202FA03F35AB297F90F3013435BB2BB
:1042B000FB73FB7B1846FFF7BBFF00BF1037BD4603
:1042C00080BD80B584B000AF0346FB71FFF798FF57
:1042D0000346FB73FA7BFB7942FA03F303F0010315
:1042E000002B01D0012300E0002318461037BD4603
:1042F00080BD000080B500AF1A4B1B4A1A60194BF5
:104300004FF482725A60174B00229A60154B0022BC
:10431000DA60144B02221A61124B01225A61114BCE
:104320004FF400729A610F4B3822DA610D4B002274
:104330001A620C4B00225A620A4B00229A62094B05
:104340000722DA620748FEF7D5FA064B1B681A689F
:10435000044B1B6842F040021A60FF2000F076F820
:1043600000BF80BD3C0A00200050014080B588B0ED
:1043700000AF78607B681B681A4A93422DD11A4BB4
:104380001B6B194A43F020031363174B5B6C164AEF
:1043900043F4801353640523FB6102233B618023B4
:1043A000FB6001237B610223BB6107F10C0319460B
:1043B0000E48FDF7FFFA4FF40073FB6007F10C03A2
:1043C00019460A48FDF7F6FA4FF48073FB6007F1CF
:1043D0000C0319460548FDF7EDFA00BF2037BD462E
:1043E00080BD00BF00500140003802400014024070
:1043F00080B483B000AF0346FB71134B1B681A688F
:10440000114B1B6822F040021A600F4B1B681968A1
:104410000D4B1A684FF6C7730B4013600A4B1B68AD
:104420001968FA79084B1B680A431A60064B1B6827
:104430001A68054B1B6842F040021A6000BF0C3737
:10444000BD4680BC704700BF3C0A002080B586B0E6
:1044500002AF0346FB7107F10F02F91D4FF47A73A7
:10446000009301230348FEF7A7FAFB7B1846103799
:10447000BD4680BD3C0A002080B500AF074B1B68DD
:104480001B6903F00103012B06D1FFF773FE034BF9
:104490001B686FF001021A6100BF80BD940A002002
:1044A00080B582B000AF78600D4B0E4A1A600C4B9D
:1044B0000C225A610A4A7B685360094B00229A61B8
:1044C000074B00221A61064B0022DA60044B0022DF
:1044D0009A600348FEF76DFD00BF0837BD4680BDFA
:1044E000D00A00200010014080B588B000AF78608D
:1044F0007B681B68214A93423BD1214B1B6B204AAE
:1045000043F0010313631E4B5B6C1D4A43F0100321
:10451000536402233B610323BB614FF40073FB60D0
:104520000723FB6107F10C0319461648FDF742FA11
:104530004FF48063FB6007F10C0319461148FDF747
:1045400039FA114B1B68DA680F4B1B6842F02002E6
:10455000DA600D4B1B68DA680B4B1B6842F01002E7
:10456000DA602520FDF70BFA022202212520FDF753
:10457000EAF900BF2037BD4680BD00BF00100140F2
:104580000038024000000240D00A002080B582B00E
:1045900000AF2648FEF7B3FE244B1B681B6803F0F0
:1045A0002003202B23D1F91D4FF47A7301221F48D9
:1045B000FEF7EDFD1E4BB3F800311A46F9791C4B9E
:1045C00099541B4BB3F8003101339AB2184BA3F83E
:1045D0000021174BB3F80031FF2B03D9144B0022F5
:1045E000A3F80021114B1B686FF020021A600F4BDB
:1045F0001B681B6803F01003102B13D10C4BB3F88E
:1046000000311A460A4B00219954094B012283F8C4
:104610000221064B1B681B683B60044B1B685B68F0
:104620003B603B6800BF0837BD4680BDD00A002014
:10463000100B00200EB480B5B7B000AF786007F162
:10464000E803C7F8D03007F10803D7F8D020D7F82F
:10465000E410184602F034F807F108031846FCF796
:10466000AFF90346A7F8D630B7F8D62007F108010E
:104670004FF47A737868FEF7E1FC00BFDC37BD4683
:10468000BDE8804003B0704780B586B000AF00231E
:10469000FB75224B1B6B214A43F02003136301235C
:1046A0007B6040233B600123BB600323FB603B46F0
:1046B00019461B48FDF77EF9012240211848FDF7F5
:1046C000D2FBFFF717FE0020FFF792FE00F02CF858
:1046D00003461A46134B1A80124B1B884EF618726B
:1046E000934216D1032000F055F80346FB75FB7D7D
:1046F00003F00103002B0CD1002240210848FDF7F4
:10470000B2FBB720FFF7A2FE012240210448FDF7CB
:10471000AAFB00BF1837BD4680BD00BF003802406D
:10472000001402403400002080B582B000AF0023A6
:10473000FB80002240211648FDF795FB9020FFF7F3
:1047400085FE0020FFF782FE0020FFF77FFE00209D
:10475000FFF77CFEFF20FFF779FE03461B021AB22B
:10476000B7F9063013431BB2FB80FF20FFF76EFE44
:1047700003469AB2FB881343FB8001224021044880
:10478000FDF771FBFB8818460837BD4680BD00BFAA
:104790000014024080B584B000AF0346FB710023D3
:1047A000BB730023FB73FB79032B0CD0032B0DDCB5
:1047B000012B02D0022B03D008E00523FB7308E095
:1047C0003523FB7305E01523FB7302E00523FB7320
:1047D00000BF002240210B48FDF745FBFB7B18463C
:1047E000FFF734FEFF20FFF731FE0346BB730122C3
:1047F00040210448FDF737FBBB7B18461037BD4608
:1048000080BD00BF0014024080B500AF00224021EF
:104810000648FDF728FB0620FFF718FE012240217D
:104820000248FDF720FB00BF80BD00BF001402401E
:1048300080B586B000AFF860B9601346FB80FFF723
:10484000E3FF002240211F48FDF70DFB0220FFF788
:10485000FDFD1D4B1B884EF61872934205D1BB68B7
:104860001B0EDBB21846FFF7F1FDBB681B0CDBB279
:104870001846FFF7EBFDBB681B0ADBB21846FFF7D3
:10488000E5FDBB68DBB21846FFF7E0FD0023FB82C5
:1048900009E0FB8AFA6813441B781846FFF7D6FD37
:1048A000FB8A0133FB82FA8AFB889A42F1D3012208
:1048B00040210448FDF7D7FA00F05AF900BF183735
:1048C000BD4680BD001402403400002080B586B093
:1048D00000AFF860B9601346FB80BB689BB2DBB2E7
:1048E0009BB2C3F58073FB82FA88FB8A9A4201D897
:1048F000FB88FB82FB8A1A46B968F868FFF798FFC5
:10490000FA88FB8A9A4216D0FB8AFA681344FB6045
:10491000FB8ABA681344BB60FA88FB8AD31AFB800F
:10492000FB88B3F5807F03D94FF48073FB82E1E706
:10493000FB88FB82DEE700BF00BF1837BD4680BDA5
:1049400090B587B000AFF860B9601346FB800023D4
:10495000FB82002240211F48FDF785FA0320FFF764
:1049600075FD1D4B1B884EF61872934205D1BB682E
:104970001B0EDBB21846FFF769FDBB681B0CDBB2F0
:104980001846FFF763FDBB681B0ADBB21846FFF74A
:104990005DFDBB68DBB21846FFF758FD0023FB82C4
:1049A0000AE0FB8AFA68D418FF20FFF74FFD0346A0
:1049B0002370FB8A0133FB82FA8AFB889A42F0D388
:1049C000012240210348FDF74EFA00BF1C37BD46C7
:1049D00090BD00BF001402403400002080B588B0B4
:1049E00000AFF860B9601346FB80404B3B61BB6889
:1049F0001B0BFB61BB689BB2C3F30B037B837B8BFD
:104A0000C3F580533B83FA883B8B9A4201D8FB88DD
:104A10003B83FB691B034FF4805219463869FFF74B
:104A20008FFF0023FB820BE07A8BFB8A13441A462C
:104A30003B6913441B78FF2B07D1FB8A0133FB82B0
:104A4000FA8A3B8B9A42EFD300E000BFFA8A3B8B95
:104A50009A4220D2F86900F04BF80023FB820DE067
:104A6000FB8AFA681A44F98A7B8B0B4419463B6926
:104A70000B4412781A70FB8A0133FB82FA8A3B8B53
:104A80009A42EDD3FB691B034FF4805219463869F3
:104A9000FFF71CFF05E03B8B1A46B9683869FFF742
:104AA00015FFFA883B8B9A421BD0FB690133FB61EF
:104AB00000237B833B8BFA681344FB603B8BBA6813
:104AC0001344BB60FA883B8BD31AFB80FB88B3F599
:104AD000805F03D94FF480533B839AE7FB883B8385
:104AE00097E700BF00BF2037BD4680BD140C0020F3
:104AF00080B582B000AF78607B681B037B60FFF7F6
:104B000083FE00F035F8002240211748FDF7ABF98D
:104B10002020FFF79BFC154B1B884EF61872934222
:104B200005D17B681B0EDBB21846FFF78FFC7B6854
:104B30001B0CDBB21846FFF789FC7B681B0ADBB253
:104B40001846FFF783FC7B68DBB21846FFF77EFC54
:104B5000012240210448FDF786F900F009F800BF62
:104B60000837BD4680BD00BF00140240340000205D
:104B700080B500AF00BF0120FFF70CFE034603F035
:104B80000103012BF7D000BF00BF80BD014B1868A7
:104B9000704700BF3800002070B50D4E0D4D761BDC
:104BA000B61006D0002455F8043B01349847A642BD
:104BB000F9D1094E094D761B05F038FFB61006D025
:104BC000002455F8043B01349847A642F9D170BD42
:104BD00030AF000830AF000838AF000830AF000831
:104BE000830730B548D0541E002A3FD0CAB20346CE
:104BF00001E0013C3AD303F8012B9D07F9D1032CC6
:104C00002DD9CDB245EA05250F2C45EA054536D903
:104C1000A4F1100222F00F0C03F1200EE6444FEA3B
:104C2000121C03F1100242E9045542E90255103208
:104C30007245F8D10CF1010214F00C0F03EB0212D3
:104C400004F00F0C13D0ACF1040323F0030304337E
:104C5000134442F8045B9342FBD10CF003042CB1E3
:104C6000CAB21C4403F8012B9C42FBD130BD644600
:104C70001346002CF4D1F9E703461446BFE71A4661
:104C8000A446E0E72DE9F04FD5B00C460C919146D3
:104C90000E930A9002F0A2FE036817931846FBF7E2
:104CA0008FFEA3891690190603D52369002B00F007
:104CB0008B8700242BAB4D46CDE92944CDE919441F
:104CC000CDE91B4412942893984618940023089425
:104CD0000024CDE914342B78002B00F0DD81AA46A6
:104CE00004E01AF8013F002B00F01681252BF8D1C3
:104CF000BAEB050640F014819AF80030002B00F062
:104D0000CB8100234FF0FF329AF801608DF8833099
:104D100009930AF1010A07921F462B244FF020093C
:104D20000AF1010AA6F120035A2B00F22D81DFE8D7
:104D300013F0BA022B012B01B5022B012B012B0121
:104D40006A002B012B014F02E3022B015A02C90218
:104D50002B01C4025B005B005B005B005B005B003F
:104D60005B005B005B002B012B012B012B012B0156
:104D70002B012B01BF012B011A028600BF01BF01CD
:104D8000BF012B012B012B012B01B0022B012B01A9
:104D9000C3002B012B012B0124022B015F022B01ED
:104DA0002B013C072B012B012B012B012B012B018C
:104DB0002B012B01BF012B011A028800BF01BF018B
:104DC000BF01A302880081002B0196022B01820201
:104DD000C500700281002B0124027E0039072B01DF
:104DE0002B0119072B017E00A6F1300300221AF8CF
:104DF000016B02EB820203EB4202A6F13003092BA6
:104E0000F5D909928EE7DDF828B0584602F0E6FDA4
:104E100043681B931846FBF7D3FD1C900646584683
:104E200002F0DCFD83681993002E40F07A869AF830
:104E3000006075E79AF8006047F0200770E747F0D8
:104E40001007BA060E9B40F18081073323F0070359
:104E50001A465B6852F8084B0E929946002BC0F236
:104E60005F85079B013301F01F8054EA090327F097
:104E7000800B00F0E3840A2C79F1000380F0818735
:104E8000303401238DF84F415F460B930DF24F15DF
:104E900007990B989DF8832081424FF00003B8BF1B
:104EA00001460D9306910F9313931093002A7CD023
:104EB000069B0133069378E047F0100717F02009AE
:104EC00000F034810E9B073323F00703D3F80490DE
:104ED00053F8084B0E9327F4806B002300228DF8C3
:104EE0008320079A511C00F00D8254EA09012BF02F
:104EF000800740F00682002A41F01080002B40F02D
:104F0000A2841BF001030B9300F0378530238DF84A
:104F10004F310DF24F15BBE7BAEB050600F0BC8030
:104F20002A9B33442A93299B0133072BC8E9005657
:104F3000299305DC08F10808089B33440893DBE655
:104F40000C990A9828AA03F037FC80B90DF1AC0837
:104F5000F2E70C990A9828AA03F02EFC002800F02A
:104F60008C800D9B1BB10D990A9802F031FC0C9BB3
:104F70009B8913F0400F089B18BF4FF0FF33089335
:104F8000089855B0BDE8F08F002E00F08580002213
:104F90008DF8EC608DF88320012306930D920B931E
:104FA00007920F92139210923BAD17F0020302D0BA
:104FB00006990231069117F0840B07D109990698DA
:104FC000A1EB0009B9F1000F00F315832A9C8AB107
:104FD000299A0DF1830101320134C8F80010072A23
:104FE0004FF001012A942992C8F8041000F3468377
:104FF00008F1080883B1299B21AA01330234C8F8BB
:105000000020072B4FF002022A942993C8F80420AD
:1050100000F3488308F10808BBF1800F00F00E820E
:10502000079B0B9AA3EB020BBBF1000F00F34F821F
:10503000FB0500F1A5810B9BC8F804301C44299B9B
:10504000C8F800500133072B2A94299300F3C78234
:1050500008F108087B0705D5099B069A9D1A002DC3
:1050600000F32C83DDE9083206998A42ACBF9B1815
:105070005B180893002C7FF46CAF002329930D9BE1
:105080001BB10D990A9802F0A3FB0DF1AC0855462F
:105090002B78002B7FF423AE2A9B002B3FF467AFC5
:1050A0000C9C0A9828AA214603F086FBA38960E796
:1050B0000E9B073323F00702F2E80234CDE91434E3
:1050C000DDE9143424F000440E9299461846214636
:1050D000A74B4FF0FF32FBF755FE002840F06284EB
:1050E000A34B484621464FF0FF32FBF72DFE002828
:1050F00040F05884DDE9140100220023FBF71AFE7A
:10510000002840F0AD879DF883209A4D9A4B27F0F8
:1051100080070321472EC8BF1D4600230D9306912B
:105120000B9107930F9313931093BFE617F010039F
:1051300040F02E8417F0400200F054870E9A52F887
:10514000044B0E929946A4B2C5E653F8044B0E9355
:10515000FB0600F118847D0640F1128444F3C03947
:105160004B4624B27AE60E9B002253F8041B8DF8BE
:1051700083208DF8EC100E930EE70E9C079B54F8DD
:10518000045B4FF000098DF88390002D00F0D58668
:105190005A1C00F052851A4649462846FBF780FC07
:1051A0000D90002801F057800D9BCDF81C905B1BE3
:1051B0000B930E9423EAE3739DF883200693CDF8B6
:1051C0003490CDF83C90CDF84C90CDF840906DE601
:1051D0000E9B53F8042B0992002A80F2C983099A86
:1051E0000E93524209929AF8006047F0040797E53F
:1051F00047F0100B1BF0200900F081830E9B073352
:1052000023F00703D3F8049053F8084B0E930123BF
:1052100064E60E9B53F8044B0E93302378268DF8EA
:105220008430564B189347F0020B8DF885604FF091
:105230000009022352E6BD0600F18284FC0600F15B
:105240007386780600F13C87B90540F16D860E9BA8
:10525000089953F8042B0E931170554618E79AF8E5
:1052600000606C2E03BF9AF8016047F020070AF136
:10527000010A47F0100753E59AF80060682E03BF53
:105280009AF8016047F400770AF1010A47F04007F5
:1052900046E59AF8006047F0080741E59AF8006093
:1052A00047F001073CE59DF88330002B7FF4BFAD4C
:1052B0009AF800608DF8839032E59AF8006047F024
:1052C00080072DE5524612F8016B2A2E01F0CD81A0
:1052D000A6F13003092B924698BF002201F2888084
:1052E0001AF8016B02EB820203EB4202A6F13003D3
:1052F000092BF5D9079215E59AF800608DF88340DF
:105300000EE5BB46012B3FF4B6AD022B54AD12D1D6
:10531000189A04F00F032409D35C05F8013D44EA10
:1053200009744FEA191954EA0903F2D154AB5B1B13
:105330005F460B93ACE504F00703E40844EA4974C4
:105340004FEAD909303354EA09012A4605F8013DEC
:10535000F1D11BF0010FE9D0302BE7D03023023A16
:1053600005F8013C54AB9B1A5F460B9315468FE53D
:10537000FFFFEF7F30AB000834AB000840AB000804
:10538000652E40F3E680DDE9140100220023FBF7DF
:10539000C7FC002800F0CD81299BBF4AC8F8002037
:1053A000013301340122072B2A942993C8F80420E1
:1053B00000F37D8508F10808229B129A934280F23F
:1053C000D382169B179A1C44C8E90023299B2A9470
:1053D0000133072B299300F3EB8308F10808129B94
:1053E0005D1E002D7FF736AE102D299BDFF8AC92A5
:1053F00040F36E8549462246B946DDF828B00C9C3C
:1054000010260F4605E008F10808103D102D40F366
:105410005B8501331032072BC8E90076CDE92932CC
:10542000F1DD28AA2146584603F0C6F900287FF48A
:1054300098ADDDE929320DF1AC08E6E7099B069A43
:10544000A3EB020BBBF1000F7FF7EAADBBF1100F2E
:10545000299ADFF848922CDD1D9621464E460C9C79
:10546000DDF82890102306E0ABF1100BBBF1100F14
:1054700008F108081ADD01321031072AC8E9006373
:10548000CDE92921F0DD28AA214648460DF1AC08D6
:1054900003F092F900287FF464ADABF1100BBBF17F
:1054A000100FDDE929214FF01003E4DCB1461D9E09
:1054B0000C4601325C44072ACDE92924C8F8009043
:1054C000C8F804B000F31D8508F10808A8E5BBF191
:1054D000100F299ADFF8C4912DDD41462046A846D9
:1054E0004C460C9DDDF82890102306E0ABF1100B24
:1054F000BBF1100F01F1080119DD01321030072A4C
:10550000C1E90043CDE92920F0DD28AA2946484613
:1055100003F052F900287FF424ADABF1100BBBF17E
:10552000100FDDE929202BA94FF01003E5DC4546DB
:10553000A1468846044601325C44072ACDE9292465
:10554000C8F80090C8F804B000F3CC8108F108084E
:105550006EE5129B012B40F37C81299EC8F8005018
:10556000013601340123072E2A942996C8F8043005
:1055700000F3E08108F10808169B179A01361C44D5
:10558000072EC8E90023CDE9296400F3E08108F182
:105590000808DDE9140100220023FBF7C1FB002805
:1055A00040F07481129B0136013B01351C44072EEB
:1055B000C8F800502996C8F804302A9400F359819D
:1055C00008F108081A9BC8F8043001361C44072E5D
:1055D00024ABCDE92964C8F800307FF739AD0C99C8
:1055E0000A9828AA03F0E8F800287FF4BAAC2A9CAD
:1055F0000DF1AC082EE5B9F1100FDDE929212BDD05
:10560000CDE91D3B1F96DDF828B04E461024A94673
:105610000C9D04E0103E102E08F1080817DD013241
:105620001F4B1031072AC8E90034CDE92921F1DDEB
:1056300028AA294658460DF1AC0803F0BDF8002809
:105640007FF48FAC103E102EDDE92921E7DCDDE987
:105650001D3B4D46B1461F9EC8F80490013209EB30
:105660000104072A0E49C8F80010CDE9292400F3E7
:10567000FF839DF8832008F10808A8E40C990A9894
:105680001D9328AA03F098F800287FF46AAC2A9C9E
:105690001D9B0DF1AC08ADE470AB000884AB0008B5
:1056A00074AB00080C990A9828AA03F085F8002822
:1056B0007FF457AC2A9C0DF1AC08ADE4102D299B6A
:1056C00021DD0A9FDDF83090102604E0103D102DFA
:1056D00008F1080817DD0133B04A1034072BC8E978
:1056E0000026CDE92934F1DD28AA494638460DF1D6
:1056F000AC0803F061F800287FF433AC103D102DA6
:10570000DDE92934E7DC0133A44AC8F804502C440D
:10571000072BCDE92934C8F800207FF7A3AC0C99FA
:105720000A9828AA03F048F800287FF41AAC2A9CAB
:1057300098E42299002940F36683DDF84090129B9B
:105740009945A8BF9946B9F1000F0BDD299B01339C
:105750004C44072BC8E900592A94299300F32F855C
:1057600008F10808109EB9F1000FA8BFA6EB0906C2
:10577000002E00F33882DDF840B07805AB4400F12C
:105780006682229B129A934202DBF90740F18E84D3
:10579000169A17991444C8E90012299A2A940132DA
:1057A000072A299200F3188508F10808129AAE1802
:1057B000A6EB0B06D51AAE42A8BF2E46002E0DDD75
:1057C000299BC8F800B001333444072BC8F80460A3
:1057D0002A94299300F31A8608F10808002EA8BF1E
:1057E000AD1B002D7FF736AC102D299BDFF8B09153
:1057F00040F36E8349462246B946DDF828B00C9C3A
:1058000010260F4605E008F10808103D102D40F362
:105810005B8301331032072BC8E90076CDE92932CA
:10582000F1DD28AA2146584602F0C6FF00287FF481
:1058300098ABDDE929320DF1AC08E6E7079B002BB8
:105840007FF41EAB5F46002307930B9354ADFFF725
:105850001FBBFA073FF581AE299EC8F800500136FC
:1058600001340123072E2A942996C8F804307FF7C3
:10587000A7AE0C990A9828AA02F09EFF00287FF490
:1058800070ABDDE929640DF1AC089BE6129B5D1E4F
:10589000002D7FF797AE102DDFF8049140F396832B
:1058A000224607970A9C0C9F4FF0100B05E008F169
:1058B0000808103D102D40F3878301361032072E63
:1058C000C8E9009BCDE92962F1DD28AA39462046C6
:1058D00002F072FF00287FF444ABDDE929620DF18C
:1058E000AC08E6E70C990A9828AA02F065FF0028A0
:1058F0007FF437AB2A9C0DF1AC08FFF799BB1BF086
:10590000100340F028811BF0400200F079830E9ACA
:1059100052F8044B0E929946A4B20123FFF7DEBA67
:105920002D2364428DF8833069EB4909BB4601237E
:10593000FFF7D7BA0C990A9828AA02F03DFF002871
:105940007FF40FABDDE929640DF1AC0814E60C9986
:105950000A9828AA02F030FF00287FF402ABDDE9A4
:1059600029640DF1AC0814E6FD077FF573AB28E55B
:105970009AF800600E93FFF7D3B954ADFFF788BAD9
:10598000B80500F1A6834FEAE4794B46FFF766BA03
:105990000E9B53F8044B0E93FFF79DBA74AB0008AF
:1059A00084AB0008DDE9140102460B46FBF7EAF977
:1059B000002840F00F86612E00F04585412E00F052
:1059C0006D84079B013326F02003069300F0A98322
:1059D000472B00F08885DDE9141247F480730F939C
:1059E0001346002BC0F292850B9300231D938B4628
:1059F0000D93069B462B00F0FD83452B00F044855C
:105A00000799019126A9049123A9039122A9029142
:105A100002210B9B0A9800915A4600F011FF069B49
:105A2000472B054640F0318617F0010FB9460F9F0E
:105A300040F0FC84269B5B1B1293069B472B00F0D7
:105A40008283069B462B00F01284229B1093109BAE
:105A5000069A013B412A229300F0AD85F2B2002163
:105A6000002BB8BF109B8DF89020BABFC3F1010383
:105A70002D222B22092B8DF8912040F38D850DF1DD
:105A80009F04B64F2246104687FB0321DA17C2EB6C
:105A9000A10202EB8201A3EB4101303100F8011CAD
:105AA00019466329134600F1FF32ECDC3033D9B2DA
:105AB000831E9C4202F8011C40F2F18513460DF151
:105AC000920201E013F8011B02F8011B9C42F9D17C
:105AD0000DF1A1030DF192021B1A134424AA9B1A83
:105AE0001A93129B1A9A012B1A440B9240F39E852B
:105AF0000B9B169A13440B930B9A002329F480678F
:105B000022EAE27247F480770F9306921393109380
:105B10001D9B002B40F03F839DF883200793FFF7E8
:105B2000C5B9199B002B3FF482A9199B1B78002B48
:105B30003FF47DA99AF8006047F48067FFF7F0B85A
:105B40000E9B089853F8041B0E93C217C1E900027C
:105B50005546FFF79DBA0E9B53F8044B0E93012355
:105B6000FFF7BCB97E4B189317F0200900F0EC80CA
:105B70000E9B073323F00703D3F8049053F8084B28
:105B80000E93F80709D554EA090306D030238DF89F
:105B9000856047F002078DF8843027F4806B02237C
:105BA000FFF79CB9BB46FFF725BB6E4B1893DBE7AD
:105BB0000C990A9828AA02F0FFFD00287FF4D1A9C9
:105BC0002A9C0DF1AC080AE40A98402101F012FF6A
:105BD0000C9B18601861002800F065850C9A402322
:105BE0005361FFF766B8102E299BDFF87C9140F3D4
:105BF0002982484642462146A846B9460A9C0C9D41
:105C00004FF0100B074604E00832103E102E40F310
:105C1000138201331031072BC2E9007BCDE9293112
:105C2000F2DD28AA2946204602F0C6FD00287FF4AE
:105C300098A9DDE929312BAAE7E72846CDF81C9081
:105C40000E94FAF7BDFE03460B90FFF7B3BA129B12
:105C5000CDF82CA04246DDF84C801097EB18079346
:105C60005E46199FDDF87090DDF828A0DDF830B0B1
:105C70000F9B13952146B8F1000F2FD0002B30D188
:105C8000013F08F1FF381B9BC2E90039299B013312
:105C90004944072B2A91299368DC0832079B3878FE
:105CA0009B1B8342A8BF0346002B1C460BDD299893
:105CB000013019440728C2E900632A91299000F3B2
:105CC000148138780832002CACBF051B0546002D26
:105CD0000BDC06440F9BB8F1000FCFD1002B00F076
:105CE00023820F9B013B0F93CDE7102D29981DDDDB
:105CF000102404E0103D102D02F1080216DD0130E1
:105D0000194B10310728C2E90034CDE92901F1DD32
:105D100028AA5946504602F04FFD00287FF421A9D9
:105D2000103D102DDDE929012BAAE8DC01300E4BD6
:105D3000556029440728CDE92901136000F3328218
:105D4000387808320644C5E717F0100300F0A18048
:105D50000E9B53F8044B0E9313E700BF676666660D
:105D600040AB000854AB000884AB000828AA594691
:105D7000504602F021FD00287FF4F3A82A992BAAAF
:105D80008CE70BF4806300220696CDF82CA0CDF8AA
:105D9000348054AFDDF8648016469A460CE0002348
:105DA000204649460A22FBF72BF80A2C79F100031A
:105DB0001BD3044689462F4620460A220023494623
:105DC000FBF71EF830327D1E013607F8012CBAF1C0
:105DD000000FE4D098F800309E42E0D1FF2EDED0D4
:105DE0000A2C79F1000380F0408154AB5B1BDDF895
:105DF0002CA0CDF864801296DDF83480069E0B93BB
:105E00005F46FFF745B8299BBC4AC8F8002001331C
:105E100001340122072B2A942993C8F8042000F3A7
:105E2000388108F10808002940F09780129A07F09D
:105E3000010313433FF40EA9169B17991A19C8E9D9
:105E40000013299B2A920133072B299300F34781E2
:105E500008F108081299C8F8005001338C18072B74
:105E6000CDE92934C8F804107FF7F2A8FFF7B7BBD3
:105E70000C990A981D9328AA02F09EFC00287FF432
:105E800070A89DF883202A9C1D9B0DF1AC08FFF79C
:105E90009EB817F0400200F0C2800E9A52F8044BF0
:105EA0000E929946A4B26CE6BB46FEF7E4BF0C998D
:105EB0000A9828AA02F080FC00287FF452A82A9CA5
:105EC0000DF1AC08FFF778BA14463A464F469146B2
:105ED00001332C44072BC8F80090C8F80450CDE9D2
:105EE00029347FF7B5A8FFF77ABB28AA5946504650
:105EF00002F062FC00287FF434A838782A992BAA93
:105F0000E1E60C990A9828AA02F056FC00287FF4D2
:105F100028A82A9C0DF1AC08FFF782B8012BBB46DC
:105F20007FF4F3A9FEF7ACBF0E9B089953F8042B3E
:105F3000554611600E93FFF7ABB8062B294628BFD4
:105F4000062307950D952A4606936D4D0E940B93E7
:105F50000F9113911091FEF7A9BF169B17981A196C
:105F6000C8E90003299B2A920133072B299300F3E8
:105F7000B68008F108080029BFF66CAF4E42103118
:105F8000DFF8809180F297824146DDF828B0A8467C
:105F900010240C9D04E00831103E102E40F389823D
:105FA00001331032072BC1E90094CDE92932F2DD2B
:105FB00028AA2946584602F0FFFB00287EF4D1AFFC
:105FC000DDE929322BA9E7E7079F144601362C4467
:105FD000072ECDE92964C8F80090C8F804507FF76F
:105FE000EFAA46E40E9B17F4007914BF53F8044B54
:105FF00053F8044B0E931CBF9146E4B2FEF76BBFFF
:106000000E9B1BF4007914BF53F8044B53F8044B58
:106010000E931CBF9146E4B20123FEF75FBF0E9BB7
:1060200017F4007914BF53F8044B53F8044B0E9344
:106030001CBF9146E4B2A4E5454690463A460C465C
:106040004F46914601333444072BCDE92934C8F833
:106050000090C8F8046057DC08F10808FFF78BBB14
:106060002D228DF88320FFF750B81C9B1B99ED1A49
:106070001A46284602F06EFB98F801300BB108F181
:106080000108204649460A2200230026FAF7B8FEF6
:106090008FE60C990A9828AA02F08EFB00287EF45D
:1060A00060AF22992A9C0DF1AC08BCE6129AAE189A
:1060B000A6EB0B06D51AAE42A8BF2E46FFF78EBB45
:1060C0000E9B089953F8042B0E9311805546FEF74A
:1060D000DFBF44F3C0194B4664B2FEF7BFBE0C9954
:1060E0000A9828AA02F068FB00287EF43AAFDDE99E
:1060F000293222990DF1AC083DE700BF70AB0008D2
:1061000068AB000884AB00080C990A9828AA02F032
:1061100053FB00287EF425AF2A9C0DF1AC08FFF755
:106120002ABB0623079356E4DDE91235EB189E429D
:106130001997B346DDF82CA0109F90460C4628BF57
:106140009B46FFF71EBB229B1093DA1C02DB079ACB
:10615000934204DD023E26F02003069377E4109B71
:10616000129A9342C0F2488119F0010F00F0118297
:10617000169A13440B9319F4806F03D0109B002BD5
:1061800000F3C7810B9B23EAE37306936726002382
:106190000F931393BCE42D2200238DF883200793E3
:1061A000FEF786BE28AA5946504602F005FB002895
:1061B0007EF4D7AE38782A992BAA06448AE50C9942
:1061C0000A9828AA02F0F8FA00287EF4CAAE2A9C9F
:1061D0000DF1AC08FFF7C6BA0C990A9828AA02F08C
:1061E000EBFA00287EF4BDAE229B2A9C0DF1AC0890
:1061F000FFF7DCBA0799019126A9049123A903911D
:1062000022A9029103210B9B0A9800915A4600F0A3
:1062100017FB0378302B054600F0F181229B079A8B
:10622000B94613440F9FEC180B99584600220023DF
:10623000FAF776FD10B12346FFF7FDBB269BA3427C
:10624000BFF4F9AB30215A1C26921970269B9C4250
:10625000F9D8FFF7F0BB079B9DF883200E940693B7
:106260000B9307900F9013901090FEF71FBE229A89
:106270001092002A40F3E081079909F001030B43D3
:1062800040F0B781109B0B93662619F4806F40F0A5
:1062900041810B9B23EAE373069378E730238DF863
:1062A000843058238DF88530079B632B47F0020418
:1062B00000F3BF8000230D933BADDDE9141247F4DA
:1062C00081730F931346002B2746C0F285800B93F2
:1062D00026F02003069300238B461D93612E00F0C9
:1062E0004081412E7FF485AB22AA0B99584602F0DB
:1062F000E7F900224FF07F53FAF73EF902460B46CA
:10630000CDE9102300220023FAF70AFD08B101238A
:106310002293AC4B0B93079BCDE912A6CDE91E78D7
:10632000DDF82CA0DDE9106703F1FF39AB461095CD
:1063300006E00022002309F1FF39FAF7F1FCE8B981
:10634000A14B002230463946FAF716F90F460646A9
:10635000FAF72EFD0446FAF7A5F80B460246394631
:106360003046F9F751FF1AF80430B9F1FF3FD8462B
:106370004D460BF8013B06460F46DAD1304639460A
:10638000924BDDF848A0139ECDF848800022A94624
:10639000DDF87C80109D1E9FCDE91001FAF7E8FC26
:1063A000002855D1DDE91001884B0022FAF7B8FC2E
:1063B00008B1E1074CD44B46002B06DB01335B44AC
:1063C00030220BF8012B5B45FBD1ABEB0503B94643
:1063D00012930F9FFFF731BB26F020030693DDE9F0
:1063E00014349B4604F100430B932D231D9375E752
:1063F00000230793FEF796BC129B169A9A18109BDF
:106400000B92002B40F3098167263EE70C990A980E
:1064100028AA02F0D1F900287EF4A3AD229D129B98
:106420002A9C5D1B0DF1AC08FFF7D8B9079BEC184F
:10643000FAE60A98591C01F0DDFA0546002800F03A
:1064400026810D9039E730238DF88430782329E7B1
:10645000129B26930B9B1BF8012CD97B8A425B462F
:1064600009D1302003F8010C269B5A1E269213F8FE
:10647000012C9142F6D0392A0BBF0B9A0132927A45
:10648000D2B203F8012CA0E707990B9B0A984C1C89
:1064900026A9049123A9039122A9029102215A4617
:1064A0000194009100F0CCF90546B9462C440F9FA9
:1064B000BAE64546884601333244072BCDE92932F6
:1064C000C8F80090C8F804607FF7C2AC0C990A982D
:1064D00028AA02F071F900287EF443ADDDE92932E3
:1064E0000DF1AC08B6E4079B002B08BF012307930E
:1064F00047F480730F93159B002BC0F2B180DDF839
:1065000050B00D900B931D90FFF77ABA00230D93B6
:1065100065E7672619990B78FF2B00F0B2800024FD
:10652000109A204603E001300131FF2B08D093423E
:1065300006DAD21A4B78002BF5D10B780134F4E748
:106540001991109213900F940F9A139B1C99134456
:106550000B9A01FB03230B9323EAE3730693FFF7E4
:10656000D7BA22AA0B99584602F0AAF800224FF097
:106570007F53FAF701F802460B46CDE910230022BB
:106580000023FAF7CDFB08B101232293104B0B93A4
:10659000C1E6109B0B93EEE5002963D130228DF804
:1065A00092200DF19302303302F8013B24ABD31A51
:1065B0001A93FFF796BA06F10F02D2B20121FFF744
:1065C0004FBA00BF54AB0008000030400000E03F6D
:1065D00040AB0008159B384D002BB4BF2D229DF811
:1065E0008320364BB8BF8DF8832027F08007FEF755
:1065F00090BD169BD31819440B91662645E60B995E
:10660000584600220023FAF78BFB00287FF406AEE1
:10661000079BC3F10103229301E6C3F101031A446E
:1066200022EAE2730B9206936726B0E519F0010F98
:106630003FF462AAFFF75CBA079A09F0010959EA28
:10664000020304D10123069366260B939FE5169B54
:1066500001331A4422EAE2730B920693662696E50A
:106660000D90BCE60DF192029DE70E9B9AF8016039
:10667000924653F8042B0E9342EAE2720792FEF719
:106680004FBB00230F9313935EE7079C0DE70C9914
:106690008B8943F0400213468A81FEF76ABC0223CD
:1066A0001A93FFF71EBA0A9A0C2313604FF0FF33B8
:1066B0000893FEF765BC00BF38AB00083CAB000890
:1066C00070B50B4E9AB004466FF00045CDE9044515
:1066D000134600940A463068064C029569460394B6
:1066E000FEF7D0FA009B00221A701AB070BD00BFEE
:1066F000380000200802FFFF024B13B1024800F0EF
:1067000005B8704700000000057700080023014627
:106710001A46184602F0CCB82DE9F04F03690C690F
:10672000A34283B0C0F28680013C01F11405A300AE
:1067300000F11408009355F8243058F82420013350
:106740008A469A4208EB8401814605EB8407019151
:10675000B2FBF3F638D30023AE4640469B465EF8C4
:10676000041B02681FFA81FC06FB0C33090C4FEA7C
:10677000134C06FB01CC99B2ABEB01011FFA8CF371
:1067800011FA82F1C3EB124202EB214289B241EAD3
:106790000241774540F8041B4FEA1C434FEA224B65
:1067A000DDD2009B58F8033073B9019B043B984538
:1067B00004D307E0984504F1FF3403D253F80429C9
:1067C000002AF7D0C9F810405146484601F050FE63
:1067D00000282BDB01364046002355F8041BD0F877
:1067E00000C08AB29A1A0B0C12FA8CF2C3EB1C434B
:1067F00003EB224392B242EA0342AF4240F8042B39
:106800004FEA2343E9D258F8242008EB84036AB9FD
:10681000043B984504D307E0984504F1FF3403D2C4
:1068200053F80429002AF7D0C9F81040304603B0C5
:10683000BDE8F08F002003B0BDE8F08F000000003D
:106840002DE9F04F016C99B090469946CDE9048945
:10685000259D044641B1426C4A60012393408B6000
:1068600001F0AAFB00232364B9F1000AB4BF01239D
:1068700000232B60764BBCBF2AF0004ACDF814A051
:1068800033EA0A0300F0AA80DDE904231046194622
:1068900000220023CDE90A01FAF742FA074670B157
:1068A000249A01231360269B002B00F0E4826948A0
:1068B0001860431E0393039819B0BDE8F08F16AB20
:1068C000019317AB00932046DDE90A2301F096FE01
:1068D0005FEA1A56054640F09780DDE916763E4499
:1068E00006F23240202840F3B583C0F140000AFA96
:1068F00000FA06F2124028FA00F04AEA0000F9F71E
:10690000C1FD0123013EA1F1F8710F93524B00220A
:10691000F9F77AFC48A3D3E90023F9F72DFE48A341
:10692000D3E90023F9F772FC804630468946F9F72F
:10693000B9FD45A3D3E90023F9F71EFE02460B4635
:1069400040464946F9F762FC80468946FAF730FA34
:1069500000228346002340464946FAF7EBF9002817
:1069600040F07C82BBF1160F00F26B823B4B03EBD5
:10697000CB03D3E90023DDE90A01FAF7DBF90028AC
:1069800072D00023BE1B0E93731E0BF1FF3B0693C8
:1069900000F15E8200230993BBF1000F6BDA099BC3
:1069A000CDF81CB0A3EB0B030993CBF100030D93BF
:1069B000229B092B4FF0000B66D8052B40F3488330
:1069C000043B22930026229B023B032B00F26886A5
:1069D000DFE813F05C04590450043304249A42F2B3
:1069E0000F73CAF3130A13605AEA08031AD1269BDD
:1069F000002B00F064861A4B03930833269A039801
:106A0000136019B0BDE8F08FDDE90A12C2F3130379
:106A1000084643F07F510F97A6F2FF36169F41F4C8
:106A2000401173E7269B002B40F0EA830D4B039344
:106A300041E700BFAFF3008061436F63A787D23F98
:106A4000B3C8608B288AC63FFB799F501344D33F5D
:106A50000000F07F71AB00080000F83FE0AC0008D8
:106A600098AB000894AB0008BE1B731E069300F1A0
:106A700085840E900990069B5B44CDE9063B00237C
:106A80000D93229B092B98D90023CDE922330126AF
:106A90004FF0FF330C960893089B1293002161641A
:106AA000204601F063FA0390002800F00186039B62
:106AB0002364089B0E2B00F21381002E00F010813E
:106AC0000799002940F35C84AE4B01F00F0203EB01
:106AD000C2034FEA2118C905D3E9006740F11484C5
:106AE000A94BDDE90A01D3E90823F9F76FFECDE9E7
:106AF000100108F00F084FF0030AB8F1000F13D08F
:106B0000DFF8849218F0010F09D030463946D9E9F0
:106B10000023F9F731FD0AF1010A06460F465FEA44
:106B2000680809F10809EDD1DDE9100132463B465C
:106B3000F9F74CFE804689460E9B43B1934B0022E9
:106B400040464946FAF7F6F8002840F030855046AE
:106B5000F9F7A8FC42464B46F9F70EFD8C4B002294
:106B6000F9F754FBA1F15073CDE910011193089B83
:106B7000002B00F09780079B1493089B13930C9BAA
:106B8000002B00F0A584139A7E4B8249039E03EBF1
:106B9000C20353E902230020F9F718FEDDE91023B0
:106BA000F9F732FBCDE9100149464046FAF700F902
:106BB0000746F9F777FC02460B4640464946F9F787
:106BC00023FB3037DDE9102306F8017B8046894638
:106BD000FAF7B0F8002840F02985CDF854B0002726
:106BE000DDE910AB1095139D13942AE00137AF42F5
:106BF00080F22C85684B504659460022F9F7BCFCC0
:106C0000654B002282468B4640464946F9F7B4FC64
:106C100089468046FAF7CCF80446F9F743FC024669
:106C20000B4640464946F9F7EFFA303406F8014B77
:106C300052465B4680468946FAF77CF8002840F0C9
:106C4000F38442464B4651490020F9F7DDFA52469B
:106C50005B46FAF76FF80028C8D0DDE91343109DB2
:106C6000039A079302E0964200F0C884B24616F8F1
:106C7000013D392BF7D00133DBB23370079B013371
:106C80000793C8E15046F9F70DFC42464B46F9F729
:106C900073FC3F4B0022F9F7B9FAA1F15073CDE92B
:106CA000100111933D4B404649460022F9F7ACFADA
:106CB000DDE910894B46424606460F46FAF758F87A
:106CC0008146002840F0AA84DDE91001024601F166
:106CD000004330463946FAF72DF8002840F0458346
:106CE000179B002BC0F28C80079A0E2A00F3888035
:106CF000244B03EBC203D3E900AB239B002B1BDA2D
:106D0000089B002B18DC40F02E83244B00225046B9
:106D10005946F9F731FC02460B46DDE90A01FAF75C
:106D200013F8DDF820904E46002800F0C782239B20
:106D3000DDF80C80DF43C9E2DDE90A7852465B46A4
:106D400038464146F9F742FDFAF732F88146099094
:106D5000F9F7A8FB52465B46F9F70EFC039E0B467B
:106D6000024641463846F9F74FFA09F1300306F872
:106D7000013B089B012B00F05C83069401270495DE
:106D80001C462AE0E0AC0008B8AC00080000F03F68
:106D900000001C400000E03F0000244000001440C0
:106DA00052465B4640464946F9F710FDFAF700F8AF
:106DB0000546F9F777FB52465B46F9F7DDFB0137ED
:106DC0000B46024649464046F9F71EFA05F13003E4
:106DD000A74206F8013B00F02983AC4B0022F9F7EB
:106DE000CBFB0022002380468946F9F799FF002853
:106DF000D6D0049D069C079B01330793B2460AE157
:106E00000C9A002A3DD0229A012A40F39C82089BCA
:106E100003F1FF380D9B4345C0F26D82A3EB0808D8
:106E2000089B002BC0F23C83069A1A440692099AEA
:106E300017461A4409920121204601F065F90646D9
:106E400023E00123BE1B0E93731E06937FF5A2ADB4
:106E5000C6F101030993002306939DE55846F9F70F
:106E600021FB42464B46F9F75BFF00287FF47AADE1
:106E70000BF1FF3B76E5864B0393039819B0BDE811
:106E8000F08FDDF83480099F0C9E002F0CDD0699F1
:106E900000290B4608DD099AB942A8BF3B46D21A21
:106EA000FF1ACB1A099206930D9BDBB10C9B002BAA
:106EB00000F05D82B8F1000F0FDD314642462046FA
:106EC00001F0FEF92A4601460646204601F04AF93D
:106ED00029460546204601F06FF80D9BB3EB0802EA
:106EE00040F0D8820121204601F00EF9BBF1000FDD
:106EF000814600F3B480229B012B40F386814FF042
:106F0000000A0120BBF1000F40F0B580069A104442
:106F100010F01F0000F09380C0F12003042B40F319
:106F2000D283099BC0F11C00034402440993074427
:106F30000692099B002B05DD29461A46204601F0E2
:106F40001FFA0546069B002B05DD49461A462046DA
:106F500001F016FA81460E9B002B40F03681089B0B
:106F6000002B40F31D810C9B002B40F0A080079B61
:106F700001330793DDF80C80DDF820A0012707E03E
:106F8000294600230A22204601F020F80137054651
:106F900049462846FFF7C0FB574500F1300308F883
:106FA000013BEDDB089A002AC8BF9346039AD8BF7D
:106FB0004FF0010B934400272946012220460493F9
:106FC00001F0DEF94946054601F052FA002840F387
:106FD000A8811BF8013C039A0BF1FF3B04E05A45E2
:106FE00000F0AA811BF8013D392B0BF1010AF6D004
:106FF00001338BF800304946204600F0DDFF56B1E2
:107000002FB1B74203D03946204600F0D5FF3146B4
:10701000204600F0D1FF2946204600F0CDFF002396
:107020008AF80030249B079A1A60269B002B3FF4B5
:1070300042AC0398C3F800A019B0BDE8F08F1C2043
:10704000099B03440993069B03440744069370E796
:107050000126B8E4C0F1200008FA00F04FE4014630
:107060005A46204601F02CF9229B012B814640F321
:10707000B3814FF0000AD9F8103009EB8303186987
:1070800000F0F4FFC0F1200040E700BF0000244002
:1070900070AB0008314600230A22204600F096FF1C
:1070A000129B002B064640F3E782CDE90783002FB1
:1070B00000F31A81BAF1000F40F0D581B046049B6D
:1070C000039F089903F001027B1E1944229B0C9236
:1070D000134309910A9349462846FFF71DFB3146A1
:1070E0008346284601F0C4F9424649468246204676
:1070F00001F0DEF9C26801460BF13003002A42D1EB
:1071000006902846089301F0B3F9069904902046AA
:1071100000F052FF049A089B1AB90A99002900F05E
:107120009B82BAF1000FC0F2638122994AEA010AF8
:107130000C9951EA0A0100F05B81002A00F3B48146
:10714000099A3B7007F1010A9742D34600F0B281D9
:10715000294600230A22204600F038FF464505460E
:1071600031464FF000034FF00A02204612D000F0E3
:107170002DFF4146064600230A22204600F026FF46
:1071800057468046A7E72046049300F015FF049B6E
:107190000122C6E700F01AFF5746064680469AE7E6
:1071A000229B022B79DC0C9B002B80D1079B49464C
:1071B000013328460793FFF7AFFADDF80CB000F172
:1071C00030030BF8013B0027F6E64946284601F05C
:1071D0004FF90028BFF6C3AE294600230A222046F5
:1071E00000F0F4FE079B03F1FF380C9B0546002BD3
:1071F0007FF450AF129B002B40F335820893B9E621
:10720000AF4B03930333FFF7F9BBDDE90412002909
:107210007FF475AEC2F31303002B7FF470AEA94B5D
:107220001340002B00F0FE81099B01330993069B5C
:10723000013306934FF0010A63E601230C93239B6D
:10724000079A134412930133012B1F460893B8BFCA
:1072500001270021172F61647FF722AC012204234C
:107260005B0003F11400B842114602F10102F7D9A4
:10727000616415E401230C93239B002B4CDD1293D6
:1072800008931F46E5E700230C93D8E700230C93EF
:10729000F2E7129BCDF81C800893089B002B7FF42B
:1072A00046AD49460522204600F090FE0146814643
:1072B000284601F0DDF800287FF739AD0398079FD5
:1072C0003123804600F8013B0137039049462046B0
:1072D00000F072FE7B1CDDF80CA00793CDF80C804B
:1072E000002E7FF494AE96E631463A46204601F0F1
:1072F00047F80646DEE60D9BCDF83480A8EB030385
:107300009B444FF000088BE5DDE90A234FF0020AA9
:10731000CDE91023FFF7F1BB012323930893FFF777
:10732000BBBB03D1049BDB073FF553AEDA461BF82A
:10733000013D302BFAD05EE6079B039A0133079399
:107340003123137057E60F9A002A00F0268103F2CA
:107350003343069ADDF834801A440692099A174698
:107360001A44099267E54FF000094E46DFE42946CA
:107370000D9A204600F0A4FF0546B3E50E9067E5A0
:1073800000F00F81079A504B564206F00F0203EBB4
:10739000C203D3E90023DDE90A01F9F7EDF836115C
:1073A0008046894600F07181484F00234FF0020A61
:1073B000F20706D5D7E90023F9F7DEF80AF1010A4A
:1073C0000123761007F10807F2D1002B3FF4B4AB8C
:1073D00080468946FFF7B0BB049B002B7FF449AE83
:1073E000DDE90412C2F31303002B3FF418AF40E6AB
:1073F000002A12DD294601222046049300F0C0FF36
:107400004946054601F034F80028049B40F31881F2
:10741000392B00F0F9800BF13103BA460AF8013B31
:10742000079B0133374607934646E4E50995069CDA
:10743000049D02460B46F8F7E9FE52465B4680463D
:107440008946F9F795FC60B952465B464046494685
:10745000F9F766FC00283FF4CEAC099BD9077FF50D
:10746000CAAC039A02E47168204600F07FFD07462B
:10747000002800F00E81336902339A0006F10C01F6
:107480000C30F9F75DFB39460122204600F078FF09
:10749000804614E62946204600F012FF054621E505
:1074A000DDE908239F1AC6E4392B00F0AD80BA4607
:1074B0000133B3E7079A01323746079246467BE528
:1074C00094AB00080000F07FE0AC0008B8AC000806
:1074D000DDF84CA0844901EBCA01DDE9102351E934
:1074E0000201F9F749F8CDE9100149464046F9F79C
:1074F0005FFC0646F8F7D6FF0B4602464946404673
:10750000F8F782FE039F53463036012B07F8016BD4
:107510008046894600F0AE80139E039B1E44734B49
:10752000002240464946F9F727F889468046F9F790
:107530003FFC8246F8F7B6FF0AF1300A02460B46D6
:1075400040464946F8F760FE07F801ABB74280466F
:107550008946E4D1664B0022DDE91001F8F756FEBA
:1075600042464B46F9F7E6FB002864D1DDE91023DB
:107570005F490020F8F748FE42464B46F9F7F8FB12
:1075800000283FF4ADABB246013E1AF8013C302B67
:10759000F9D0149B013307933DE5169BC3F13603E5
:1075A000D7E6DDE90A894FF0020AFFF7C5BA089B62
:1075B000002B3FF467AB129B002B7FF791AB079A30
:1075C000013ACDE913324046484B00224946F8F7CC
:1075D000D3FF804689460AF10100F8F763FF42466F
:1075E0004B46F8F7C9FF434B0022F8F70FFEA1F115
:1075F0005073CDE910011193FFF7C1BA079B013316
:1076000007933123FFF739BB079BBB460133079331
:10761000392337460BF8013B4646DCE44FF00009BE
:107620004E464BE69A466CE4109D139C149B013326
:107630000793B246EFE4149B039A0793FFF716BB38
:107640007FF4EBAEDA077FF5E8AEE1E6DDF854B0A3
:10765000109D139CFFF744BB392BD5D0BAF1000F16
:107660003FF7D9AED9E6229B022B3FF712AECDF8F9
:107670001C809BE53E466DE7229B022B3FF709AE3F
:10768000129BCDF81C80089311E54FF0020AFFF71A
:1076900053BA194B19483A4640F2EA2101F04EF923
:1076A000002666643146204600F060FC039078B9FD
:1076B000114B124800224FF4D57101F03FF9104BE5
:1076C0000393FFF7F8B83FF434ACC0F13C00B7E4E3
:1076D000039B236401224FF0FF33239612930C92F5
:1076E0000893FFF7FDBA00BFE0AC0008000024409B
:1076F0000000E03F00001C40A4AB0008B8AB00084D
:1077000098AB000838B5084B084D5B1B9C1007D0A0
:10771000043B1D44013C55F804399847002CF9D12D
:10772000BDE8384003F088B93CAF000838AF000826
:10773000F8B5244F0C46064600F00CFCBA685568B4
:10774000C4F57E630F3325F003052B4423F47F63D8
:1077500023F00F03A3F58054B4F5805F07DB00210D
:10776000304600F0E5FFBB682B44984204D0304619
:1077700000F0F6FB0020F8BD6142304600F0D8FF73
:1077800001300DD0104ABB682D1B45F001055D602E
:10779000136830461B1B136000F0E2FB0120F8BDAC
:1077A0000021304600F0C4FFBA68831A0F2BDEDDDB
:1077B00043F001035360054B03491B68C01A08607E
:1077C000D5E700BF6C040020241C002074080020B2
:1077D000002961D0F8B50C46064600F0BBFB54F812
:1077E000042C7B4FA4F1080522F0010105EB010CEC
:1077F000B868DCF80430604523F0030300F08B80A8
:10780000D207CCF8043032D454F8082CAD1A114405
:10781000AA6807F1080082426AD00CEB0304D4F88E
:1078200004E0EC68D4601EF0010FA26000F09780C5
:1078300041F001036B60CCF80010B1F5007F35D248
:107840007A68CB08480901210133814011437960EE
:1078500007EBC30257F83310083AC5E9021247F89C
:107860003350CD603046BDE8F84000F079BB0CEBFA
:1078700003025268D00710D4194407F10800DCF85D
:107880000830834273D0DCF80C20DA60936041F05A
:1078900001036B606950D0E7704741F00103B1F517
:1078A000007F44F8043CCCF80010C9D3B1F5206F38
:1078B0004FEA512348D28B0903F1390003F1380212
:1078C000C300F818FB580838984259D05A6822F07B
:1078D00003028A4202D99B689842F7D1D868C5E969
:1078E00002308560DD603046BDE8F84000F038BB0E
:1078F0000CEB03025268D20763D40B44DCE902129A
:10790000CA60916043F001026A603046EB50BDE806
:10791000F84000F025BB0B44D10707D454F8082CDD
:10792000AD1A1344D5E90212CA60916043F0010216
:107930006A60284ABD6012689A4293D8264B304646
:107940001968FFF7F5FE8DE7142B0AD9542B1FD8C1
:107950000B0B03F16F0003F16E02C300B1E7194492
:107960008DE703F15C0003F15B02C300A9E741F07E
:107970000103C7E90455C5E902006B60695071E76E
:1079800079689210012404FA02F20A437A60A6E7A9
:10799000B3F5AA7F06D8CB0B03F1780003F1770289
:1079A000C3008EE740F25452934206D88B0C03F189
:1079B0007D0003F17C02C30083E74FF47E737E22D7
:1079C0007FE741F001036B60CCF800104AE700BF8D
:1079D0006C04002078080020541C002000487047E8
:1079E0006C090020704700BF704700BF704700BFA0
:1079F000704700BF2DE9F04F01F10B06162E83B042
:107A0000044624D8102900F2BA8000F0A3FA102608
:107A100018220220B54F3A44A2F1080153688B4264
:107A200000F0BA805A68D96822F003021A449D68AF
:107A3000E9608D60516841F001012046516003F119
:107A4000080500F08DFA284603B0BDE8F08F36F047
:107A5000070600F19480B14200F2918000F07AFABA
:107A6000B6F5FC7FC0F09A81730A00F08F80042B7A
:107A700000F26F81B30903F1390003F1380CC30040
:107A80009A4F3B44A3F108055B689D4206D10CE088
:107A9000002980F22781DB689D4206D05A6822F0D7
:107AA0000302911B0F29F3DD60463D69DFF840C2F8
:107AB00065457CD06A6822F00302931B0F2B00F30C
:107AC0007B81002BC7E904CC80F26C81B2F5007F8A
:107AD00080F01A81D308796801334FEA521E0122DF
:107AE00002FA0EF20A4357F833E0C5F808E007EB54
:107AF000C3010839E9607A6047F83350CEF80C507A
:107B0000831001219940914257D8114206D120F0AB
:107B100003004900114200F10400FAD007EBC0094C
:107B20004D468646D5F80C80454508D11DE1002B11
:107B300080F22481D8F80C80454500F01681D8F8F1
:107B4000042022F00302931B0F2BF0DD2046D8E91E
:107B5000025408EB060146F00106C8F80460EC6028
:107B6000A56043F00104C7E90411C1E902CC4C60EF
:107B700048F8023000F0F4F908F1080502E00C239F
:107B800023600025284603B0BDE8F08F4FF4007352
:107B900040204FF03F0C73E7D3689A4208BF023091
:107BA0007FF440AF3D69DFF848C1654582D17A680E
:107BB0008310012199409142A7D9BD686B6823F0D9
:107BC00003094E4503D8A9EB06030F2B7ADCDFF837
:107BD00024B1494BDBF800201B680132334405EB2C
:107BE000090A00F0338103F580530F3323F47F68D3
:107BF00028F00F084146204600F09AFD411C02463D
:107C000000F0F380824500F2EE803C4B196841445D
:107C10001960084600F04E81DBF800100193013135
:107C20001BBFA2EB0A0A5044CBF80020186012F0E8
:107C3000070B00F01781CBF108010A44CBF5805106
:107C400090440831A1EB0801C1F30B0A51462046CC
:107C5000009200F06DFD421CDDE9002300F04F8131
:107C6000801A00EB0A081968BA6048F00100514414
:107C7000BD425060196000F02981B9F10F0F40F248
:107C800027816868A9F10C0C2CF0070C00F00100AA
:107C900040EA0C0068604FF0050E05EB0C00BCF1EB
:107CA0000F0FC0E901EE00F2328150681546144B07
:107CB0001A688A4238BF1960124B1A688A4238BF64
:107CC000196094E0AA1943F0010346F001066E60C2
:107CD0002046BA60536000F043F90835284603B0E7
:107CE000BDE8F08FD9681A44A1E600BF6C040020FB
:107CF0007404002074080020541C0020241C002060
:107D00004C1C0020501C0020B2F5206F4FEA52237B
:107D100063D3142B00F2B78003F15C01C9005B331D
:107D200007EB010E7958AEF1080E8E4500F09180F8
:107D30004B6823F00303934202D989688E45F7D13B
:107D4000D1F80CE07A68C5E9021ECEF80850CD6083
:107D5000D6E6142B59D9542B00F29D80330B03F136
:107D60006F0003F16E0CC3008AE60EF1010E1EF0E7
:107D7000030F05F108057FF4D5AE51E042444546B6
:107D80005368D8F80C1043F00103536055F8083FCE
:107D90002046D9608B6000F0E3F8F3E6F00806F1C6
:107DA000080237E62A442046536843F00103536033
:107DB000083500F0D5F8E5E6A919204646F0010699
:107DC00043F001046E60C7E90411C1E902CC4C60C4
:107DD000AB5000F0C5F80835D4E6930903F139013A
:107DE000C90038339CE7BD425FD0BD68686820F0A9
:107DF00003084645A8EB060302D80F2B3FF762AFF6
:107E0000204600F0ADF80025BCE603F15C0003F16C
:107E10005B0CC30034E659F808394B4540F09680B6
:107E200010F0030F00F1FF30F5D17B6823EA010366
:107E30007B60490099423FF6C0AE19B9BDE64900E2
:107E40000EF1040E1942FAD0704667E603F11008ED
:107E5000D0E69A104FF001087B6808FA02F21A4344
:107E60007A6070E702EB08014942C1F30B0A514600
:107E70002046009200F05CFC431CDDE900237FF407
:107E8000EFAEDA46EFE6542B25D8130B03F16F0162
:107E9000C9006E3344E7B3F5AA7F25D8F30B03F18D
:107EA000780003F1770CC300EAE5294B18684044D9
:107EB0001860B1E6CAF30B0CBCF1000F7FF4ACAE56
:107EC000BD68C84448F001006860F0E61546EEE67B
:107ED0000123536094E7B3F5AA7F23D8D30B03F1B2
:107EE0007801C90077331BE740F25452934223D8FC
:107EF000B30C03F17D0003F17C0CC300C0E5ABF1D2
:107F0000080BD844A8EB02084FF0000AABE605F1D5
:107F1000080120460093FFF75BFCBD68009B686882
:107F20001968C4E640F254518B420BD8930C03F10C
:107F30007D01C9007C33F3E64FF47E737F204FF060
:107F40007E0C9DE54FF47E717E23E9E67B6870E749
:107F5000241C00200148FFF749BD00BF181C002069
:107F60000148FFF745BD00BF181C0020C36C70B569
:107F700005460C464BB153F8240080B1026843F823
:107F800024200023C0E9033370BD2122042100F026
:107F9000F5FC0346E8640028EDD1002070BD012106
:107FA00001FA04F6721D9200284600F0E7FC002852
:107FB000F3D0C0E90146E4E731B1C36C4A6853F835
:107FC0002200086043F82210704700BF2DE9F041FD
:107FD0000D6907460E461C4601F1140E0020DEF81E
:107FE00000108BB202FB03434FEA134C090C02FB57
:107FF00001CC01309BB203EB0C4385424EF8043BAD
:108000004FEA1C44EBDC3CB1B368AB4207DD06EB46
:10801000850301355C6135613046BDE8F0817168EA
:1080200038460131FFF7A2FF8046A8B1326902321B
:1080300006F10C0192000C30F8F782FDFB6C7268BF
:1080400053F82210316043F82260464606EB850360
:1080500001355C613561DFE7024B03484246B521DB
:1080600000F06CFCA4AB000838AC0008020C120451
:108070000346CAB90304102013F07F4F04BF1B024C
:10808000083013F0704F04BF1B01043013F0404F51
:1080900004BF9B000230002B05DB13F0804F00F182
:1080A000010008BF202070470020E5E70368024672
:1080B00013F0070007D0D9071DD498071FD55B0818
:1080C00013600120704799B209B91B0C1020D9B276
:1080D00009B908301B0A190704BF1B0904309907A6
:1080E00004BF9B080230D90703D45B0800F10100EC
:1080F00003D01360704700207047202070479B0812
:1081000013600220704700BF38B5C36C04460D46AB
:108110004BB15868B0B102685A6000220123C0E92F
:108120000435C26038BD2122042100F027FC03463B
:10813000E0640028EDD1094B094800224FF4A071FA
:1081400000F0FCFB1C220121204600F017FC002857
:10815000F1D001220223C0E90123DEE7A4AB00082D
:1081600038AC00082DE9F04F0E691569AE4285B0B4
:108170008846144605DB2A46234635460C461646F5
:108180009846A3686168AF19BB42B8BF0131FFF7D9
:10819000EDFE0190002800F08780019B03F1140997
:1081A00009EB870AD14505D24B46002243F8042B40
:1081B0009A45FBD808F1140808EB860B04F1140368
:1081C000D8451A4603EB85055FD22B1B153B23F0E0
:1081D000030304331534A54238BF0423CDE902A7B5
:1081E000AC461F46924605E0000C29D1C34509F173
:1081F000040948D958F8040B85B2002DF4D056462E
:108200004C46002356F8040B216882B21FFA81FE07
:1082100005FB02EE000C0A0C734405FB002202EB86
:1082200013429BB243EA0243B44544F8043B4FEA8D
:108230001243E7D849F8073058F8040C000CD5D0A1
:10824000D9F80030544619464D4600222688090CBC
:1082500000FB06110A449BB243EA024345F8043B83
:1082600054F8046B2968360C8BB200FB063303EB21
:108270001243A4454FEA1342E8D8C34549F80730F2
:1082800009F10409B6D8DDE902A7002F02DC05E0F8
:10829000013F03D05AF8043D002BF9D0019B18464A
:1082A0001F6105B0BDE8F08F034B0448019A40F20E
:1082B0005D1100F043FB00BFA4AB000838AC000820
:1082C00012F003032DE9F0411446064632D10D4663
:1082D000A41020D0D6F84880B8F1000F33D0E307BF
:1082E0004FF0000707D4641015D0D8F80000A8B1EB
:1082F0008046E307F7D5424629463046FFF732FF6E
:10830000B5B16968F36C641053F821202A6043F812
:1083100021500546E9D12846BDE8F0814246414654
:108320003046FFF71FFFC8F8000007608046E0E70F
:108330000546D8E7013B0F4A52F823200023FFF7F8
:1083400045FE0546C4E701213046FFF70FFE804693
:1083500040B1012340F27122C0E904320023B0642D
:108360000360BCE7044B054842464FF4A07100F09F
:10837000E5FA00BFA8AD0008A4AB000838AC0008BF
:108380002DE9F0470C4690462669A368496806EB3C
:108390006216751C9D4207464FEA621904DD5B00B8
:1083A0009D4201F10101FADC3846FFF7DFFD84460A
:1083B000002851D0B9F1000F00F114000EDD09F1D1
:1083C00005024FEA820E03460CEB8202002143F8BD
:1083D000041B9342FBD1AEF114031844216904F14C
:1083E000140318F01F0803EB81012DD0C8F12009F8
:1083F00086464FF0000A1A6802FA08F242EA0A02B8
:108400004EF8042B53F8042B994222FA09FAF2D8B9
:108410000B1B153B23F00303043304F115029142B7
:1084200038BF0423BAF1000F18BF2E4640F803A04E
:10843000FB6C6268CCF8106053F822102160604633
:1084400043F82240BDE8F087043853F8042B40F885
:10845000042F9942F9D8EBE7034B0448624640F2F7
:10846000D91100F06BFA00BFA4AB000838AC0008CB
:108470000B6984460069C01A15D10CF1140C143133
:108480000CEB830210B401EB830301E0944508D2A6
:1084900052F8044D53F8041D8C42F7D004D24FF02B
:1084A000FF3010BC70477047012010BC704700BF00
:1084B0002DE9F84F0F691369FF1A002F0E469046F9
:1084C0007AD101F11405143202EB830205EB830328
:1084D00001E09D4273D253F8041D52F8044DA142AD
:1084E000F7D064D37168FFF741FD8146002872D050
:1084F0003569D8F81020C76008F1140E06F1140091
:1085000009F1140A06F1100C0EEB820200EB85074C
:10851000564600215EF8044B5CF804BFA3B211FA82
:108520008BF1CB1A210CC1EB1B4101EB23419BB218
:1085300043EA0143724546F8043B4FEA2141E9D83A
:10854000A2EB0804153C08F11508424524F0030687
:1085500006F1040638BF0426304424F0030238BF75
:10856000002287425244B24416D95646044654F873
:10857000043B11FA83F10A1402EB134289B241EA77
:108580000243A74246F8043B4FEA2241EFD87A1E45
:10859000101A20F00302524423B952F8043D013D61
:1085A000002BFAD0C9F810504846BDE8F88F334682
:1085B00001274646984695E7F9DB002792E7002118
:1085C000FFF7D4FC814668B101220023C9E90423E6
:1085D0004846BDE8F88F074B07484A464FF41071EC
:1085E00000F0ACF9034B04484A4640F2322100F057
:1085F000A5F900BFA4AB000838AC000870B5012194
:1086000082B016461D46FFF7B1FC044600284BD049
:108610002B46C5F30A55C3F313030DB143F480137E
:10862000002E019322D068460096FFF73FFD0028F8
:1086300036D0019B0099C0F1200203FA02F20A43EE
:10864000C34001936261002B14BF02210121A36189
:108650002161ADB1069AA5F2334303441360079B31
:10866000C0F135001860204602B070BD01A8FFF7C8
:108670001DFD019B0121C4E904132030002DE9D127
:1086800004EB8102A0F232431069069A1360FFF7EF
:10869000EDFC079BC0EB41112046196002B070BD94
:1086A000DDE900236261CEE7034B0448224640F235
:1086B0000A3100F043F900BFA4AB000838AC000851
:1086C000DFF860C0F8B521F0004300276345044699
:1086D0000D461646176022DC844653EA0C0C1ED069
:1086E000DFF844C001EA0C0C0A46BCF1000F09D1C6
:1086F0000E4B0022F7F740FF6FF0350704460A469D
:1087000021F0004322F0FF421B1522F4E002A3F205
:10871000FE3342F07F553B4445F40015336020465C
:108720002946F8BDFFFFEF7F0000F07F00005043B7
:1087300038B5074D0022044608462A60F8F734FF92
:10874000431C00D038BD2B68002BFBD0236038BD04
:10875000581C002030B540EA0104A30701D1032AC8
:108760000FD8844601F1FF3E07E01EF8011F03F811
:10877000011B541EC1B19C4622466346002AF4D117
:1087800030BD0B468446194653F8045BA5F101340D
:1087900024EA050414F0803FE4D1043A032A4CF89B
:1087A000045B1946EFD8DDE76244002CE8D003F8FB
:1087B000011B9342FBD130BD2DE9F04F936883B08C
:1087C0009146002B6DD017688D6880460C4608686E
:1087D000083743E0A38913F4906F2ED0D4E9041531
:1087E000A0EB010A05EB450505EBD5750AEB060084
:1087F0006D100130A8422A4684BF05462A465B0513
:1088000036D511464046FFF7F5F800283AD05246D3
:1088100021690190F8F794F9A289019B22F49062F2
:1088200042F08002A281A5EB0A0203EB0A00656117
:10883000A260236120603546B2465946524600F098
:10884000FDF8D9F80830A16820684D1B50449E1BE4
:10885000A5602060C9F808601EB3083757E902B662
:10886000002EFAD0B542AA46B4D93546B246E4E75E
:10887000404600F05FF903460028D4D12169404604
:10888000FEF7A6FF0C23C8F80030A389002243F0AE
:1088900040034FF0FF30A381C9E9012203B0BDE8D6
:1088A000F08F0020C9F8040003B0BDE8F08F00BFCE
:1088B0002DE9F047DFF87CA00646DAF8000098467C
:1088C0000F469146FFF792F81B4B1B68D3F84841BF
:1088D00024B365681F2D26DC5EB96B1C0235DAF8FF
:1088E0000000636044F82570FFF782F80020BDE8BF
:1088F000F08704EB85010123C1F88890D4F8882122
:10890000AB401A43022EC4F88821C1F80881E4D193
:10891000D4F88C211343C4F88C31DEE703F5A67438
:10892000C3F84841D5E7DAF80000FFF761F84FF0E7
:10893000FF30DCE7680400202CAB000800B50B4CCE
:1089400025681446EE681A4685B003460D464CB1BC
:1089500007490095CDE901143046064900F03EF87C
:1089600001F092FA04490C46F3E700BF38000020FA
:10897000B4AD0008C4AD0008C0AD000810B502FBDE
:1089800001F1FFF737F8044668B150F8042C22F0E3
:108990000302043A242A18D8132A06D802460023D0
:1089A000C2E900339360204610BD00231B2AC0E9B2
:1089B00000330FD9242AC0E9023311BF00F110029D
:1089C000036100F118024361E9E70021FCF708F9AF
:1089D000204610BD00F10802E1E700BF0EB410B55B
:1089E00083B005AB064C53F8042B01930146206875
:1089F00000F0C8FA03B0BDE8104003B0704700BFF4
:108A000038000020014B93F8280170477C080020B3
:108A100082B049B15AB16BB113780B601278101E55
:108A200018BF012002B0704701A9002AF3D11046F7
:108A300002B070476FF00100F4E700BF88420DD923
:108A40008B1883420AD900EB020CBAB1624613F8C4
:108A500001CD02F801CD9942F9D170470F2A0ED805
:108A6000034602F1FF3C4AB10CF1010C013B8C447E
:108A700011F8012B03F8012F6145F9D1704740EA45
:108A800001039B0750D1A2F1100370B501F1200C36
:108A900023F00F0501F1100E00F11004AC441B0986
:108AA0005EF8105C44F8105C5EF80C5C44F80C5CFA
:108AB0005EF8085C44F8085C5EF8045C44F8045C0A
:108AC0000EF1100EE64504F11004E9D1013312F065
:108AD0000C0F01EB031102F00F0400EB031327D07E
:108AE000043C24F003064FEA940C1E441C1F8E46DF
:108AF0005EF8045B44F8045FB442F9D10CF1010460
:108B000002F0030203EB840301EB840102F1FF3C5A
:108B10004AB10CF1010C013B8C4411F8012B03F814
:108B2000012F6145F9D170BD02F1FF3C03469BE77F
:108B30002246EBE72DE9F84F1746002900F0988010
:108B400007F10B0580460C46FFF704FA162D5DD899
:108B500010252A46AF425ED854F8041C21F00306C3
:108B60009642A4F1080962DABC4BD3F808C009EBBD
:108B70000600844500F09780D0F804C02CF0010373
:108B800003445B68DB0768D42CF0030C06EB0C0392
:108B9000934247DACB0710D454F8083CA9EB030AF8
:108BA000DAF8043023F003018C44B444944580F295
:108BB00011817318934280F2E88039464046FEF7EF
:108BC00019FF0746E0B154F8043C23F001034B447D
:108BD000A0F10802934200F0D280321F242A00F252
:108BE000F580132A00F2AC80034622461168196012
:108BF0005168596092689A6021464046FEF7E8FD48
:108C00004046FFF7ADF93846BDE8F88F25F0070577
:108C1000002D2A469EDA0C23C8F80030002738467B
:108C2000BDE8F88F1E46D0E90223D3609A60731B1B
:108C30000F2B22D8D9F8043003F0010333434E44FC
:108C4000C9F80430736843F0010373604046274657
:108C5000FFF786F93846BDE8F88FC907ADD454F858
:108C6000083CA9EB030ADAF8041021F00301A0E79D
:108C7000BDE8F84F1146FEF7BDBED9F8041001F06B
:108C800001012943C9F8041009EB05014E4443F0E2
:108C900001034B60736843F0010308317360404681
:108CA000FEF796FDD2E7DCF8040020F0030B06EB9C
:108CB0000B0C05F1100084454DDAC9073FF57DAF77
:108CC00054F8081CA9EB010ADAF8041021F003019A
:108CD0008B44B34458453FF76CAF5746DAF80C1055
:108CE00057F8080F321F242AC160886000F2DB8029
:108CF000132A40F2D6802168CAF808106168CAF8C1
:108D00000C101B2A00F2DF8008340AF110022168DF
:108D1000116061685160A16891600AEB0501ABEBDD
:108D2000050242F0010299604A60DAF8043003F06B
:108D300001031D434046CAF80450FFF711F96EE7DE
:108D400023680360636843601B2A68D804F1080243
:108D500000F108034AE709EB05029A60ACEB050352
:108D600043F00103536054F8043C03F001031D4336
:108D7000404644F8045CFFF7F3F827464FE750F805
:108D8000043C23F003031E4451E75746DAF80C1065
:108D900057F8080F321F242AC16088604CD8132A64
:108DA00048D92168CAF808106168CAF80C101B2A53
:108DB00056D808340AF110021E462368136063680F
:108DC0005360A3689360D1463C4630E72146FFF7E5
:108DD00035FE11E7D0E902135746CB60996057F88A
:108DE000081FDAF80C30CB60321F242A99602DD886
:108DF000132A29D92368CAF808306368CAF80C30E6
:108E00001B2A42D808340AF1100322681A606268EB
:108E10005A60A2689A606646D1463C4607E7A36856
:108E20008360E368C360242A26D004F1100200F1B5
:108E30001003DBE63A46BFE7214638461E46D146D8
:108E4000FFF7FCFD3C46F2E63B46DEE721463846AE
:108E50006646D146FFF7F2FD3C46E8E66C0400208A
:108E6000A168CAF81010E168CAF81410242A20D0AA
:108E700010340AF118029FE72369036161694161B7
:108E800004F1180200F11803B0E6A368CAF8103024
:108E9000E368CAF81430242A21D010340AF11803E8
:108EA000B3E73A4633E721463846FFF7C7FD164B8E
:108EB00033E72269CAF818206269CAF81C201834FE
:108EC0000AF1200278E7A168CAF81010E168CAF830
:108ED0001410242A0DD010340AF1180217E7236960
:108EE000CAF818306369CAF81C3018340AF1200334
:108EF0008BE72269CAF818206269CAF81C20183466
:108F00000AF1200203E700BF6C0400202DE9F84FAE
:108F10004B6E9C0490462DD59368126843B38B46E4
:108F2000064602F1080959E9025A5FEA9A0715D084
:108F3000043D002401E0A7420ED055F8041F5A4614
:108F4000304601F053F9431C04F10104F3D100232E
:108F5000C8E90133BDE8F88FD8F808302AF0030AD1
:108F6000A3EB0A03C8F8083009F10809002BDAD18D
:108F70000020ECE701F06EF90023C8E90133BDE8F9
:108F8000F88F00BF2DE9F04FBDB0CDE904301C468D
:108F90000191174618B1836B002B00F08682019A6D
:108FA000536EDE0740F18F81B2F90C108AB2900443
:108FB00008D441F4005201994B6E8A8123F4005386
:108FC00092B24B66110740F1F780019B1B69002BA1
:108FD00000F0F28002F01A030A2B00F0FB8013ABC2
:108FE00010930023CDE91133CDE90A3308930DF135
:108FF0004C09099303933B78002B00F051813C46C8
:1090000004E014F8013F002B00F02C81252BF8D14F
:10901000E51B40F029812378002B00F041814FF0BF
:10902000000300258DF83B30671C637802954FF0F4
:10903000FF3B2B240137A3F120025A2A00F2528170
:10904000DFE812F0980250015001940250015001E3
:1090500050016A005001500136026B02500141027A
:10906000A6025001A2025B005B005B005B005B009C
:109070005B005B005B005B00500150015001500140
:109080005001500150015001500123028400500151
:109090005001500150015001500150015001500148
:1090A0005001DD00500150015001070250015902EA
:1090B000500150011905500150015001500150015B
:1090C000500150015001500150012302860050010F
:1090D000500150014F0286008000500145025001AE
:1090E0008102DF006F028000500107027E00390517
:1090F000500150013B0550017E00A3F130020021D8
:1091000017F8013B01EB810102EB4101A3F13002B1
:10911000092AF5D902918EE7DDF814804046FEF762
:109120005DFC43680A931846F7F74AFC0B90064625
:109130004046FEF753FC83680993002E40F0768486
:109140003B7877E73B7845F0200573E745F010055D
:10915000AC06049E40F16F81073626F007063246C2
:10916000736852F8086B04929846002BC0F228846A
:10917000BBF1FF3F00F00B8556EA080325F0800A9B
:1091800000F003840A2E78F1000380F0B8843036B2
:1091900001238DF8EF60554600930DF1EF04DDF8E3
:1091A00000809DF83B30D845B8BFD846002B00F072
:1091B000A88008F10108A4E0019D0598294600F067
:1091C000F9FD002840F08285AA8902F01A030A2BD3
:1091D0007FF405AF0199B1F90E30002BFFF6FFAE19
:1091E0004B6EDE0702D4950540F150850199059834
:1091F00023463A463DB0BDE8F04F00F08DBD45F046
:10920000100515F0200800F00781049E073626F0AF
:1092100007063346D6F8048053F8086B049325F408
:10922000806A00234FF000028DF83B20BBF1FF3F26
:1092300000F0C88156EA08022AF0800540F0C1819A
:10924000BBF1000F40F0A684002B40F0A3831AF07E
:109250000103009300F0D18330238DF8EF300DF13E
:10926000EF049CE7E51B1BD0119B129A01332A44A3
:10927000072BC9E900751292119305DC09F1080961
:10928000039B2B440393C6E6002A00F07A830199DE
:10929000059810AAFFF73AFE40B90DF14C09EFE727
:1092A000129B002B40F0038500231193019A536E0B
:1092B000D90740F1A68093895B0600F113850398D6
:1092C0003DB0BDE8F08F019BB3F90C108D058AB25B
:1092D0003FF56DAE1D46986DFEF788FBB5F90C1095
:1092E0008AB264E6002BDBD08DF88C304FF0010899
:1092F0004FF000038DF83B30CDF8008023AC4FF0E9
:10930000000B15F00203069318BF08F1020815F0D0
:109310008403079305D1029BA3EB0806002E00F3FC
:109320006982DDE91121501C9DF83B608EB10DF181
:109330003B020131C9F8002007284FF00102CDE9B6
:109340001101C9F8042000F33882024609F1080926
:109350000130069BDBB10FAB0231C9F800300728A2
:109360004FF00203CDE91101C9F8043040F33D820A
:10937000002900F001830199059810AAFFF7C6FDA6
:10938000002893D1DDE911210DF14C09501C079BF8
:10939000802B00F05881009BABEB0306002E00F3FE
:1093A000B381009BC9F8004019440728CDE9110199
:1093B000C9F8043040F34481002900F06D8201991E
:1093C000059810AAFFF7A2FD00287FF46FAF12994D
:1093D0000DF14C09680705D5029BA3EB0804002C8E
:1093E00000F36482DDE902234245ACBF9B1843448D
:1093F0000393002940F0D281002311930DF14C0911
:10940000F9E5019B9B899A053FF556AF019CA06D3C
:10941000FEF7EEFAA3894FE715F0100340F01E8324
:1094200015F0400200F0E583049A52F8046B0492B0
:109430009846B6B2F3E656F8043B0496E80600F107
:10944000E882690640F1E28243F3C0381EB2434627
:109450008BE6049E56F8044B4FF000038DF83B302A
:10946000002C00F0AB83BBF1FF3F00F029835A468C
:1094700000212046F7F714FB002800F00C84031BA2
:10948000009304964FF0000B89E6049E4FF0000312
:109490008DF83B304FF0010856F8043B8DF88C30C6
:1094A0000496CDF8008023AC29E700F0B9FD76E5FD
:1094B000049B53F8042B0292002A80F29A82029AAB
:1094C0000493524202923B7845F00405B2E53B78A2
:1094D0006C2B03BF7B7845F02005013745F0100564
:1094E000A8E53B78682B03BF7B7845F4007501370E
:1094F00045F040059EE545F0100A1AF0200800F0FE
:109500005082049E073626F007063346D6F80480BC
:1095100053F8086B0493012384E63B788DF83B40B5
:1095200088E5049B53F8046B049330238DF83C309A
:1095300078238DF83D30B74B089345F0020A4FF081
:10954000000802236EE6AE0600F17E82EC0600F112
:109550002D83680600F18C83A90540F12783049EC2
:10956000039A56F8043B04961A7044E53B7845F09C
:1095700001055FE59DF83B30002B7FF4E1AD202332
:109580008DF83B303B7855E53B7845F0800551E55B
:10959000394611F8013B2A2B00F0AD83A3F13002CC
:1095A000092A0F464FF0000B3FF645AD17F8013B77
:1095B0000BEB8B0B02EB4B0BA3F13002092AF5D915
:1095C00039E5AA46012B3FF4DDAD022B3CAC12D1AC
:1095D000089A06F00F033609D35C04F8013D46EA09
:1095E00008764FEA181856EA0803F2D13CAB1B1B69
:1095F00055460093D3E506F00703F60846EA487699
:109600004FEAD808303356EA0801224604F8013DF3
:10961000F1D11AF0010FE9D0302BE7D03023023A14
:1096200004F8013C3CAB9B1A554600931446B6E542
:109630000099139401231491129111930DF14C0987
:1096400009F10809C6E6029BA3EB0806002E7FF786
:10965000A2AE102E40F34B83DFF8BCA15346CDE9F8
:109660000645BA46059C019D1F4607E002F1020C23
:1096700009F108090246103E102E1EDD501C103163
:1096800010230728CDE91101C9F80070C9F804308A
:10969000ECDD10AA002900F08A80294620460DF151
:1096A0004C09FFF733FC00287FF400AEDDE91121FF
:1096B000103E102E02F1010CE0DCDDE906453B46D0
:1096C00057469A463144BCF1070FCDE911C1C9F89C
:1096D00000A0C9F8046040F39381002900F0B8822B
:1096E0000199059810AAFFF711FC00287FF4DEAD60
:1096F000009BDDE91121ABEB0306002E02F1010016
:109700000DF14C097FF74DAE102EDFF80CA131DDC5
:109710005346CDE90645BA46059C019D4FF0100B16
:109720001F4607E002F1020C09F108090246103E4B
:10973000102E19DD501C10310728C9E9007BCDE936
:109740001101EFDD10AA19B3294620460DF14C098D
:10975000FFF7DCFB00287FF4A9ADDDE91121103E05
:10976000102E02F1010CE5DCDDE906453B466046C2
:1097700057469A4631440728CDE91101C9F800A09F
:10978000C9F8046000F3E48009F10809013008E633
:109790004FF0010C0A460DF14C09C8E701990598F4
:1097A00010AAFFF7B3FB00283FF426AE7EE54FF08A
:1097B000010C0A460DF14C095DE7002900F0D98043
:1097C0000199059810AAFFF7A1FB00287FF46EAD60
:1097D000DDE911210DF14C09501CBAE502210FAB56
:1097E0001491139301200DF14C09024609F1080967
:1097F000501CCCE5102E40F35482DDE911C1DFF896
:109800001CA0CDE90C4510235446059DDDF804A0AD
:1098100062460DE040AB000814AE000804AE00083C
:1098200002F1020C09F108090246103E102E1BDD60
:10983000501C10310728C9E90043CDE91101EFDDC3
:1098400010AA19B3514628460DF14C09FFF75EFBEB
:1098500000287FF42BADDDE91121103E102E02F11E
:10986000010C4FF01003E3DCA2460D9D0C9C6246F8
:109870003144072ACDE91121C9F800A0C9F80460D4
:1098800000F3A78009F10809501C4DE50A464FF086
:10989000010C0DF14C09C8E76C07119150D5029BE2
:1098A000A3EB0804002C4BDD0DF14C09102C40F308
:1098B0000882DFF8ECA2119A059EDDF804B0534649
:1098C0001025BA461F4606E0901C09F108091A4601
:1098D000103C102C19DD531C1031072BC9E9007501
:1098E000CDE91131F0DD10AA29B359463046FFF712
:1098F0000DFB00287FF4DAACDDE91121103C102CBF
:1099000002F101000DF14C09E5DC3B4657469A4651
:1099100021440728C9E900A4CDE911017FF762AD10
:1099200071B10199059810AAFFF7F0FA00287FF4A9
:10993000BDAC129956E501200A460DF14C09C7E766
:10994000DDE902234245ACBF9B184344039353E532
:1099500000293FF46DAE0199059810AAFFF7D6FAD9
:1099600000287FF4A3AC1198129901300DF14C0935
:1099700017E5069B002B77D101200A460DF14C0913
:1099800005E511920DF14C097AE4BBF1000F7FF46B
:10999000FEAB55464FF0000BCDF800B03CACFFF7E6
:1099A000FEBB1AF010033AD11AF0400200F0128107
:1099B000049A52F8046B04929846B6B2012331E43B
:1099C0002D2376428DF83B3068EB4808AA460123E8
:1099D0002CE400297DD00199059810AAFFF796FA8A
:1099E00000287FF463ACDDE911210DF14C09501C16
:1099F0009AE404933B78FFF71DBB3CACFFF7CFBB69
:109A000009F108090CF101006246C4E4AA0500F15D
:109A100037814FEAE3781E464346FFF7A6BB049B17
:109A200053F8046B04930123FFF7FCBB099B002B45
:109A30003FF486AB099B1B78002B3FF481AB3B784E
:109A400045F48065FFF7F6BADDE9031656F8042BF6
:109A50000496CB17C2E90013FFF7CDBA049B53F865
:109A6000046B0493FFF7DBBB02210FAB149113933C
:109A70000DF14C09BAE64B4A089215F0200836D091
:109A8000049E073626F007063246D6F8048052F8C0
:109A9000086B0492EA0709D556EA080206D08DF849
:109AA0003D30302345F002058DF83C3025F4806AC6
:109AB0000223FFF7B7BBAA461FE53B4A0892DCE743
:109AC00020460496F6F77CFF4FF0000B0090FFF75E
:109AD00066BB9DF83B20002A00F0C08001200DF1FC
:109AE0003B02149013920DF14C0901462DE415F040
:109AF000100242D0049A52F8046B0492CAE70AF4A6
:109B00008063CDF800A0CDF81890BA46DDF8249017
:109B100000253CAC1F4609E030464146F7F770F996
:109B20000A2E78F100031BD306468846304641468C
:109B30000A220023F7F764F91146303104F8011CBA
:109B40000A220023013C0135002FE5D099F80010CE
:109B5000A942E1D1FF2DDFD00A2E78F1000363D2B4
:109B600057463CABDDF800A0CDF824901B1BDDF878
:109B7000189000935546FFF712BB15F0400146D0F0
:109B8000049951F8046B04919046B6B282E7AA4654
:109B9000FFF7F8BA012BAA467FF417ADFFF7F7BA23
:109BA00004AE000854AB000840AB0008049E039AC2
:109BB00056F8043B1A600496FFF71DBABBF1060F76
:109BC000D84628BF4FF00608504CCDF800800496C8
:109BD000FFF795BB049B1AF4007814BF53F8046B8D
:109BE00053F8046B04931CBF9046F6B20123FFF7B1
:109BF00019BB049B15F4007814BF53F8046B53F899
:109C0000046B04931CBF9046F6B2FFF708BB049A9E
:109C100015F4007814BF52F8046B52F8046B0492E8
:109C20001CBF8846F6B235E70B9B0A99E41A1A4620
:109C30002046FEF78FFD99F801300BB109F10109BB
:109C4000304641460A2200230025F7F7D9F86BE792
:109C500001200A460DF14C09FFF79DBB069B002B26
:109C60007FF4BCAD0A4601200DF14C09FFF793BB10
:109C7000049E039A56F8043B04961A80FFF7BBB97A
:109C800043F3C0185EB24346FFF76FBA886DFDF725
:109C9000AFFEFFF7ABBACDF800B004968346FFF7EE
:109CA0007EBA119A1299DFF868A00132E0E50199B5
:109CB000059810AAFFF72AF900283FF4F5AAFFF744
:109CC000F5BA1198DFF848A0013021E6019B5B6EE0
:109CD000DB0707D4019B9B899F0503D4019B986DEB
:109CE000FDF786FE4FF0FF330393FFF7E8BADFF886
:109CF00024A08446E6E4049A7B780F4652F8041BBD
:109D0000049241EAE17BFFF795B900BF68AB000818
:109D100004AE000814AE0008F0B51F468B89ADF202
:109D20006C4D23F00203ADF80C304B6E1993CB89C8
:109D3000ADF80E30CB6907934B6A09931AAB0093C9
:109D400004934FF48063154606460293059316A8C4
:109D500000230C460693FDF745FE2A463B4669461E
:109D60003046FFF70FF9051E07DB6946304600F065
:109D700023F9002818BF4FF0FF35BDF80C305B0603
:109D800003D5A38943F04003A3811698FDF72CFE69
:109D900028460DF26C4DF0BD49B1FF2A02D80A7079
:109DA000012070478A2303604FF0FF307047084658
:109DB000704700BF38B5334B1B6805460C460BB1E6
:109DC0009A6B12B3B4F90C3018079AB225D52169F1
:109DD00000292DD012F0010007D00020A06060699A
:109DE0004042A06139B1002038BD950758BF606975
:109DF000A0600029F7D1120658BF0846F4D543F0F9
:109E00004003A3814FF0FF3038BD184600F008F939
:109E1000B4F90C3018079AB2D9D4D1062AD5520712
:109E200014D4216943F00803A3819AB20029D1D147
:109E300002F42070B0F5007FCCD02146284600F017
:109E4000A1FBB4F90C3021699AB2C3E7216B51B17F
:109E500004F14002914204D02846FDF7B9FCB4F960
:109E60000C300022226321690022C4E9001223F091
:109E70002403D7E7092243F040032A604FF0FF3064
:109E8000A38138BD3800002008B5062000F0EAFBA9
:109E90000120F7F715FB00BFB1F90C20F8B50C460F
:109EA0001107074642D4636842F40062002BA28186
:109EB00059DDA56A002D54D000233E683B6093B263
:109EC00012F4805253D1E16901233846A847421C5D
:109ED00063D0A389A56A5B0705D56368C01A236BA5
:109EE0000BB1E36BC01AE169024600233846A8476C
:109EF000411C3ED13B68002B3BD01D2B01D0162BC3
:109F000052D1A3892269226023F400630021616099
:109F1000A381216B3E6021B304F14003994202D03A
:109F20003846FDF755FC00202063F8BD2669C6B110
:109F300093B2256826609A070CBF63690023AD1BA6
:109F4000A3600CE0D4F824C0E1692B4632463846C1
:109F5000E047B0F1000CA5EB0C05664416DD002DC2
:109F6000F0DC0020F8BDE36B002BA2DCF9E7206DEC
:109F7000B1E7B4F90C302269226023F40063A381B5
:109F80000022DB046260C4D52065C2E7A38943F0E8
:109F900040034FF0FF30A381F8BD3B68002B98D001
:109FA0001D2B06D0162B04D0A38943F04003A381B8
:109FB000F8BD3E60D5E700BF38B50C46054608B190
:109FC000836BA3B1B4F90C00B8B1636EDB0701D4A5
:109FD000810515D528462146FFF75EFF636EDA0737
:109FE000054602D4A3899B050ED5284638BD00F04E
:109FF00017F8B4F90C000028E7D10546284638BD0B
:10A00000A06DFDF7F3FCE5E7A06DFDF7F1FC284638
:10A0100038BD00BF014900F091BA00BFB9A80008DF
:10A020002DE9F04782463948FDF7E0FCDAF8384080
:10A03000002C66D1DAF80450354ACAF83C200323D4
:10A04000CAE9B843DFF8CC90DFF8CC80334F344E08
:10A0500004230AF53B72CAF8E8222146C5E9024307
:10A06000C5E90044C5E904446C660822AC6105F109
:10A070005C00FAF7B5FDC5E90759C5E90987EE6245
:10A0800005F15800FDF7AEFCDAF80850254BEB60FF
:10A090002146C5E90044C5E904446C66AC60AC6186
:10A0A000082205F15C00FAF79BFDC5E90759C5E9EF
:10A0B0000987EE6205F15800FDF794FCDAF80C50C0
:10A0C000194BEB602146C5E90044C5E904446C66C0
:10A0D000AC60AC61082205F15C00FAF781FD05F186
:10A0E0005800C5E90759C5E90A76C5F82480FDF787
:10A0F00079FC0123CAF838300448BDE8F047FDF781
:10A1000077BCBDE8F0470148FDF772BC201C002079
:10A1100015A00008F1A6000815A7000855A700081B
:10A1200075A7000809000100120002000148FDF7B0
:10A130005DBC00BF1C1C00200148FDF759BC00BFDE
:10A140001C1C00202DE9F04383B0074688461446C6
:10A15000FEF758FC012803D108F1FF33FE2B37D955
:10A16000424604F15C0301A9384600F05FFB421C43
:10A17000064633D038B39DF804C00DF1050900251B
:10A1800009E023685A1C226083F800C00135B542FB
:10A1900019D219F801CBA368013B002BA360F0DAB8
:10A1A000D4F818E0734561462246384602DBBCF11C
:10A1B0000A0FE6D100F0E2FA431CE7D1064630462A
:10A1C00003B0BDE8F0834646304603B0BDE8F083F7
:10A1D0005FFA88FC8DF804C00646CEE7A3893046B6
:10A1E00043F04003A38103B0BDE8F08330B5536E64
:10A1F00013F0010FB2F90C30144683B005469AB241
:10A2000001D198051CD5900406D4626E43F4005326
:10A2100042F40052A381626622462846FFF792FF6D
:10A22000636EDA07054602D4A3899B0502D528464A
:10A2300003B030BDA06DFDF7DBFB284603B030BD99
:10A24000A06D0191FDF7D2FBB4F90C3001999AB2DF
:10A25000D9E700BF9368002B00F081802DE9F04F13
:10A26000B1F90C300C461907804683B0174698B2F6
:10A2700023D523690BB310F002033D682BD04FF0B8
:10A28000000ADFF8B4B256465E453346524628BF50
:10A290005B464046002E4FD0E169D4F824C0E04729
:10A2A000002852DDBB681B1A8244361ABB60002BA3
:10A2B000EAD1002003B0BDE8F08F21464046FFF709
:10A2C00079FD002840F03481B4F90C303D6898B233
:10A2D00010F00203D3D110F0010942D14E463EB333
:10A2E0008205D4F808B040F18180B3455A4600F2A7
:10A2F000B18010F4906F40F0BE8020680192494612
:10A30000FEF79CFBA3682168019AA3EB0B030A44A8
:10A31000B246A36022600026B868A0EB0A00D144D0
:10A32000B8600028C5D0B4F90C0080B2002ED7D197
:10A33000D5E900960835D2E7D5E900A60835A3E7A8
:10A3400021464046FFF738FE80B3B4F90C3043F0A5
:10A3500040034FF0FF30A38103B0BDE8F08F002031
:10A3600070471E46AA46994618461D4656B388B3FE
:10A370004A46D4E904132068B24228BF32468842D4
:10A3800005D9A16803EB010B5A4500F3A78093425E
:10A3900064DCE169D4F824C02A464046E047B0F1C5
:10A3A000000BD2DDB9EB0B09CAD00120BB68A3EBCF
:10A3B0000B035D44A6EB0B06BB60002B3FF479AFAB
:10A3C000002ED4D10AF1080353E902569A46083305
:10A3D000002EF9D032460A212846F6F761FB002804
:10A3E00000F09D800130A0EB0509C1E720682369DA
:10A3F000984217D86369B34214D86FF00042B24252
:10A4000028BF3246E16992FBF3F2D4F824C002FB84
:10A4100003F340464A46E047B0F1000A95DDA6EB5B
:10A420000A0679E7B345DA4628BFB246524649469E
:10A43000FEF704FBA3682268A3EB0A035244A3605F
:10A440002260002BEBD121464046FFF7B5FD0028E6
:10A45000E5D07AE72068B34632464FE729460192B5
:10A46000FEF7ECFA019AA3689B1AA36023681344D1
:10A470002360934696E723682169A3EB010B636988
:10A4800003EB430A0AEBDA7A0BF101034FEA6A0A9B
:10A4900033445345524684BF9A46524643052CD511
:10A4A00011464046FDF7A6FA00283BD05A462169DE
:10A4B0000190F6F745FBA289019B22F4906242F0DD
:10A4C0008002A28103EB0B002361AAEB0B03C4F80B
:10A4D00014A0A3602060B34632460FE729465A46CF
:10A4E000FEF7ACFA23685B44236021464046FFF741
:10A4F00063FD00283FF456AF27E74046FEF71AFBFE
:10A5000003460028DED121694046FDF761F9B4F920
:10A510000C300C2223F08003C8F8002017E7721CCF
:10A52000914626E70C22B4F90C30C8F800200EE75B
:10A530004FF0FF30BEE600BF00FCFF7F2DE9F8437F
:10A540000746884600F538764FF00009D6E90154F1
:10A55000013D11D4A389012B05F1FF3508D9B4F9C8
:10A560000E300133214603D03846C04749EA00097E
:10A570006B1C04F16804EDD13668002EE6D1484624
:10A58000BDE8F8832DE9F0418B890C46990796B018
:10A5900008D504F143030122C4E90432236016B054
:10A5A000BDE8F081B4F90E100029064627DB6A46A3
:10A5B00000F0E8F9002821DB019D05F47045A5F5C0
:10A5C0000055B5FA85F54FF480686D094FF40067C2
:10A5D00041463046FDF70EFAB4F90C30F0B1204A8E
:10A5E000F26343F08003C4F81480A38120602061EB
:10A5F00035BB3B43A38116B0BDE8F081A38913F0BE
:10A60000800519D04FF0400841463046FDF7F2F979
:10A610000025B4F90C302F460028E0D19A05BED4AD
:10A6200023F0030304F1430243F002030121C4E9D0
:10A630000421A3812260B2E74FF480682F46C7E768
:10A64000B4F90E10304600F0B3F910B9B4F90C307B
:10A65000CFE7A38923F0030343F001031BB2C8E74C
:10A6600015A0000838B5154B1F281D6820D8D5F84F
:10A67000DC22044662B152F820304BB1012B15D0D8
:10A68000591C0FD0002542F820509847284638BD65
:10A69000284600F02BF8224601462846BDE83840FF
:10A6A00000F00EB816232B60012038BD002038BD05
:10A6B00016232B604FF0FF3038BD00BF380000205C
:10A6C00070B50C46084D03460026204611461C4630
:10A6D0002E60F6F7E5FE431C00D070BD2B68002B02
:10A6E000FBD0236070BD00BF581C0020F6F7D1BE20
:10A6F00010B50C46B1F90E1000F082F9002803DB0A
:10A70000236D0344236510BDA38923F48053A381E3
:10A7100010BD00BF2DE9F0410C46B1F90C101F46E9
:10A72000CB05054616460BD421F48051A1813B464A
:10A73000B4F90E1032462846BDE8F04100F094B856
:10A74000B4F90E100223002200F044F9B4F90C1001
:10A75000EAE700BF10B50C46B1F90E1000F03AF967
:10A76000A389421C0EBF23F4805343F48053206519
:10A77000A38110BDB1F90E1000F08CB8F8B50D46EC
:10A780001446064610B1836B002B43D0B4F90C205D
:10A79000A369A360170790B21BD52369CBB1EDB2B3
:10A7A00081042F4622D522686169D31A994229DD96
:10A7B0000133A1680139A160511C216015706269E3
:10A7C0009A422AD0A389DB0701D50A2D25D0384625
:10A7D000F8BD21463046FFF7EDFA20BBB4F90C2056
:10A7E000236990B2EDB281042F46DCD442F40052CA
:10A7F000A281626E616922F4005262662268D31AF5
:10A800009942D5DC21463046FFF7D6FB58B922687D
:10A810000123CEE7FFF704FCB8E721463046FFF7F7
:10A82000CBFB0028D3D04FF0FF37D0E770B50546FB
:10A8300084B01C4639B10B4ED6F8E060B047431CDB
:10A8400009D004B070BD0A460649D1F8E06001A9FC
:10A85000B047431CF5D100228A2322602B6004B04C
:10A8600070BD00BF7C08002038B50C46084D8446FA
:10A87000114620461A4600232B606446F6F747FE31
:10A88000431C00D038BD2B68002BFBD0236038BDA3
:10A89000581C002038B5074D0022044608462A609F
:10A8A000F6F751FE431C00D038BD2B68002BFBD0BF
:10A8B000236038BD581C002070B500294BD00646D7
:10A8C0000C4610B1836B002B48D0636ED80734D58B
:10A8D000B4F90C30002B3ED021463046FFF7DCFAAD
:10A8E000E36A054633B1E169304698470028B8BFAE
:10A8F0004FF0FF35A3891A063BD4216B41B104F117
:10A900004003994202D03046FCF762FF00232363E4
:10A91000616C21B13046FCF75BFF00236364FFF7F5
:10A9200005FC636E0022DB07A28127D5A06DFDF731
:10A930005BF8FFF701FC284670BDA3899905CBD4CD
:10A94000A06DFDF753F8B4F90C30002BC4D1656E3F
:10A9500015F0010508D00025284670BDFFF760FB03
:10A96000636ED807B4D4E8E7A06DFDF741F8284638
:10A9700070BD21693046FCF72BFFBEE7A06DFDF7E7
:10A9800037F8D3E770B50C46084D0346002620463D
:10A9900011461C462E60F6F7E1FD431C00D070BD49
:10A9A0002B68002BFBD0236070BD00BF581C00201B
:10A9B00038B5074D0022044608462A60F6F7DDFD4B
:10A9C000431C00D038BD2B68002BFBD0236038BD62
:10A9D000581C002038B50C46084D844611462046C8
:10A9E0001A4600232B606446F6F7D1FD431C00D0C5
:10A9F00038BD2B68002BFBD0236038BD581C0020CD
:10AA000038B50C46084D8446114620461A460023A8
:10AA10002B606446F6F75EFD431C00D038BD2B6802
:10AA2000002BFBD0236038BD581C0020F8B500BFB8
:10AA3000F8BC08BC9E467047F8B500BFF8BC08BC1F
:04AA40009E46704777
:10AA48007063663835373420636865636B206F6BD5
:10AA58000D0A000070636638353734206368656313
:10AA68006B206661696C65640D0A0000617432349C
:10AA780063787820636865636B206F6B0D0A00004C
:10AA88006174323463787820636865636B2066612B
:10AA9800696C65640D0A00007732357132353620ED
:10AAA800636865636B206661696C65642025640D65
:10AAB8000A000000773235713235362063686563E5
:10AAC8006B206F6B0D0A0000617432346378782054
:10AAD8007265616420646174613A2025730900001D
:10AAE80077323571787820726561642064617461A9
:10AAF8003A2025730D0A0000312070726573730DBA
:10AB08000A0000006B6579322070726573730D0A54
:10AB18000000000000000000010203040102030419
:10AB28000607080940000020494E4600696E660085
:10AB38004E414E006E616E00303132333435363757
:10AB48003839616263646566000000003031323371
:10AB58003435363738394142434445460000000011
:10AB6800286E756C6C290000300000002020202021
:10AB7800202020202020202020202020303030308D
:10AB88003030303030303030303030304E614E0080
:10AB9800496E66696E6974790000000042616C6CE8
:10ABA8006F63207375636365656465640000000006
:10ABB8002F6D6E742F776F726B73706163652F776B
:10ABC8006F726B73706163652F4743432D31302D6E
:10ABD800706970656C696E652F6A656E6B696E73F6
:10ABE8002D4743432D31302D706970656C696E6552
:10ABF8002D34385F32303230313132345F313630D3
:10AC0800363138303634312F7372632F6E65776C76
:10AC180069622F6E65776C69622F6C6962632F7346
:10AC280074646C69622F64746F612E6300000000A5
:10AC38002F6D6E742F776F726B73706163652F77EA
:10AC48006F726B73706163652F4743432D31302DED
:10AC5800706970656C696E652F6A656E6B696E7375
:10AC68002D4743432D31302D706970656C696E65D1
:10AC78002D34385F32303230313132345F31363052
:10AC8800363138303634312F7372632F6E65776CF6
:10AC980069622F6E65776C69622F6C6962632F73C6
:10ACA80074646C69622F6D707265632E63000000B6
:10ACB8000080E03779C34143176E05B5B5B89346B0
:10ACC800F5F93FE9034F384D321D30F94877825A7C
:10ACD8003CBF737FDD4F1575000000000000F03F9A
:10ACE800000000000000244000000000000059405F
:10ACF8000000000000408F40000000000088C340B2
:10AD080000000000006AF8400000000080842E4126
:10AD180000000000D01263410000000084D7974172
:10AD28000000000065CDCD41000000205FA0024278
:10AD3800000000E876483742000000A2941A6D42ED
:10AD4800000040E59C30A2420000901EC4BCD642E0
:10AD580000003426F56B0C430080E03779C341438B
:10AD680000A0D8855734764300C84E676DC1AB4301
:10AD7800003D9160E458E143408CB5781DAF15441F
:10AD880050EFE2D6E41A4B4492D54D06CFF08044FA
:10AD9800F64AE1C7022DB544B49DD9794378EA440F
:10ADA80005000000190000007D0000002C206675D9
:10ADB8006E6374696F6E3A200000000061737365FA
:10ADC8007274696F6E2022257322206661696C6532
:10ADD800643A2066696C6520222573222C206C69F0
:10ADE8006E65202564257325730A00004300000062
:10ADF800504F5349580000002E000000202020200A
:10AE080020202020202020202020202030303030FA
:10AE1800303030303030303030303030002020208A
:10AE280020202020202028282828282020202020F2
:10AE380020202020202020202020202020881010C2
:10AE4800101010101010101010101010100404041E
:10AE580004040404040404101010101010104141DC
:10AE680041414141010101010101010101010101CA
:10AE780001010101010101011010101010104242DE
:10AE8800424242420202020202020202020202029A
:10AE9800020202020202020210101010200000003A
:10AEA800000000000000000000000000000000009A
:10AEB800000000000000000000000000000000008A
:10AEC800000000000000000000000000000000007A
:10AED800000000000000000000000000000000006A
:10AEE800000000000000000000000000000000005A
:10AEF800000000000000000000000000000000004A
:10AF08000000000000000000000000000000000039
:10AF18000000000000000000000000000000000029
:08AF2800085FFF7F010000003B
:08AF3000F9660008E5010008C4
:04AF3800C10100084B
:10AF3C0041706F6C6C6F2053544D33324634204942
:10AF4C00494320544553540041706F6C6C6F20532F
:10AF5C00544D3332463420535049205445535400F9
:10AF6C000024F40018EF0000400000200000000056
:10AF7C00000000002C03002094030020FC030020A0
:10AF8C0000000000000000000000000000000000B5
:10AF9C0000000000000000000000000000000000A5
:10AFAC000000000000000000000000000000000095
:10AFBC000000000000000000000000000000000085
:10AFCC000000000000000000000000000000000075
:10AFDC000000000000000000000000000000000065
:10AFEC000000000000000000000000000000000055
:10AFFC000000000000000000000000000000000045
:10B00C000000000000000000000000000000000034
:10B01C000000000000000000010000000000000023
:10B02C000E33CDAB34126DE6ECDE05000B000000E8
:10B03C000000000000000000000000000000000004
:10B04C0000000000000000000000000000000000F4
:10B05C0000000000000000000000000000000000E4
:10B06C0000000000000000000000000000000000D4
:10B07C0000000000000000000000000000000000C4
:10B08C0000000000000000000000000000000000B4
:10B09C0000000000000000000000000000000000A4
:10B0AC000000000000000000000000000000000094
:10B0BC000000000000000000000000000000000084
:10B0CC000000000000000000000000000000000074
:10B0DC000000000000000000000000000000000064
:10B0EC000000000000000000000000000000000054
:10B0FC000000000000000000000000000000000044
:10B10C000000000000000000000000000000000033
:10B11C000000000000000000000000000000000023
:10B12C000000000000000000000000000000000013
:10B13C000000000000000000000000000000000003
:10B14C0000000000000000000000000000000000F3
:10B15C0000000000000000000000000000000000E3
:10B16C0000000000000000000000000000000000D3
:10B17C0000000000000000000000000000000000C3
:10B18C0000000000000000000000000000000000B3
:10B19C0000000000000000000000000000000000A3
:10B1AC000000000000000000000000000000000093
:10B1BC000000000000000000000000000000000083
:10B1CC000000000000000000000000000000000073
:10B1DC000000000000000000000000000000000063
:10B1EC000000000000000000000000000000000053
:10B1FC000000000000000000000000000000000043
:10B20C000000000000000000000000000000000032
:10B21C000000000000000000000000000000000022
:10B22C000000000000000000000000000000000012
:10B23C000000000000000000000000000000000002
:10B24C0000000000000000000000000000000000F2
:10B25C0000000000000000000000000000000000E2
:10B26C0000000000000000000000000000000000D2
:10B27C0000000000000000000000000000000000C2
:10B28C0000000000000000000000000000000000B2
:10B29C0000000000000000000000000000000000A2
:10B2AC000000000000000000000000000000000092
:10B2BC000000000000000000000000000000000082
:10B2CC000000000000000000000000000000000072
:10B2DC000000000000000000000000000000000062
:10B2EC000000000000000000000000000000000052
:10B2FC000000000000000000000000000000000042
:10B30C000000000000000000000000000000000031
:10B31C000000000000000000000000000000000021
:10B32C000000000000000000000000000000000011
:10B33C000000000000000000000000000000000001
:10B34C0000000000000000000000000000000000F1
:10B35C0000000000000000000000000000000000E1
:10B36C0000000000000000000000000000000000D1
:10B37C0000000000000000000000000000000000C1
:10B38C0000000000000000000000000000000000B1
:10B39C000000000000000000141C00200000000051
:10B3AC00000000006C0400206C04002074040020D9
:10B3BC00740400207C0400207C0400208404002001
:10B3CC00840400208C0400208C04002094040020B1
:10B3DC00940400209C0400209C040020A404002061
:10B3EC00A4040020AC040020AC040020B404002011
:10B3FC00B4040020BC040020BC040020C4040020C1
:10B40C00C4040020CC040020CC040020D404002070
:10B41C00D4040020DC040020DC040020E404002020
:10B42C00E4040020EC040020EC040020F4040020D0
:10B43C00F4040020FC040020FC040020040500207F
:10B44C00040500200C0500200C050020140500202C
:10B45C00140500201C0500201C05002024050020DC
:10B46C00240500202C0500202C050020340500208C
:10B47C00340500203C0500203C050020440500203C
:10B48C00440500204C0500204C05002054050020EC
:10B49C00540500205C0500205C050020640500209C
:10B4AC00640500206C0500206C050020740500204C
:10B4BC00740500207C0500207C05002084050020FC
:10B4CC00840500208C0500208C05002094050020AC
:10B4DC00940500209C0500209C050020A40500205C
:10B4EC00A4050020AC050020AC050020B40500200C
:10B4FC00B4050020BC050020BC050020C4050020BC
:10B50C00C4050020CC050020CC050020D40500206B
:10B51C00D4050020DC050020DC050020E40500201B
:10B52C00E4050020EC050020EC050020F4050020CB
:10B53C00F4050020FC050020FC050020040600207A
:10B54C00040600200C0600200C0600201406002027
:10B55C00140600201C0600201C06002024060020D7
:10B56C00240600202C0600202C0600203406002087
:10B57C00340600203C0600203C0600204406002037
:10B58C00440600204C0600204C06002054060020E7
:10B59C00540600205C0600205C0600206406002097
:10B5AC00640600206C0600206C0600207406002047
:10B5BC00740600207C0600207C06002084060020F7
:10B5CC00840600208C0600208C06002094060020A7
:10B5DC00940600209C0600209C060020A406002057
:10B5EC00A4060020AC060020AC060020B406002007
:10B5FC00B4060020BC060020BC060020C4060020B7
:10B60C00C4060020CC060020CC060020D406002066
:10B61C00D4060020DC060020DC060020E406002016
:10B62C00E4060020EC060020EC060020F4060020C6
:10B63C00F4060020FC060020FC0600200407002075
:10B64C00040700200C0700200C0700201407002022
:10B65C00140700201C0700201C07002024070020D2
:10B66C00240700202C0700202C0700203407002082
:10B67C00340700203C0700203C0700204407002032
:10B68C00440700204C0700204C07002054070020E2
:10B69C00540700205C0700205C0700206407002092
:10B6AC00640700206C0700206C0700207407002042
:10B6BC00740700207C0700207C07002084070020F2
:10B6CC00840700208C0700208C07002094070020A2
:10B6DC00940700209C0700209C070020A407002052
:10B6EC00A4070020AC070020AC070020B407002002
:10B6FC00B4070020BC070020BC070020C4070020B2
:10B70C00C4070020CC070020CC070020D407002061
:10B71C00D4070020DC070020DC070020E407002011
:10B72C00E4070020EC070020EC070020F4070020C1
:10B73C00F4070020FC070020FC0700200408002070
:10B74C00040800200C0800200C080020140800201D
:10B75C00140800201C0800201C08002024080020CD
:10B76C00240800202C0800202C080020340800207D
:10B77C00340800203C0800203C080020440800202D
:10B78C00440800204C0800204C08002054080020DD
:10B79C00540800205C0800205C080020640800208D
:10B7AC0064080020FFFFFFFF0000020043000000C0
:10B7BC00000000000000000000000000000000007D
:10B7CC00000000000000000000000000430000002A
:10B7DC00000000000000000000000000000000005D
:10B7EC00000000000000000000000000430000000A
:10B7FC00000000000000000000000000000000003D
:10B80C0000000000000000000000000043000000E9
:10B81C00000000000000000000000000000000001C
:10B82C0000000000000000000000000043000000C9
:10B83C0000000000000000000000000000000000FC
:10B84C0000000000000000000000000043000000A9
:10B85C0000000000000000000000000000000000DC
:10B86C000000000000000000000000004300000089
:10B87C0000000000000000000000000000000000BC
:10B88C00000000000000000000000000999D00086E
:10B89C00118A00080000000024AE000800AE000869
:10B8AC00C0AD0008C0AD0008C0AD0008C0AD0008B8
:10B8BC00C0AD0008C0AD0008C0AD0008C0AD0008A8
:10B8CC00C0AD0008FFFFFFFFFFFFFFFFFFFFFFFF03
:10B8DC00FFFF0000010041534349490000000000F4
:10B8EC00000000000000000000000000000000004C
:10B8FC0000000000000041534349490000000000D3
:10B90C00000000000000000000000000000000002B
:08B91C00000000000000000023
:040000050800167168
:00000001FF
