:020000040800F2
:100000000000032009180008CD150008D3150008CA
:10001000D9150008DF150008E515000800000000EC
:100020000000000000000000000000001137000880
:10003000EB1500080000000061390008F915000800
:1000400059180008591800085918000859180008CC
:1000500059180008591800085918000859180008BC
:1000600059180008591800085918000859180008AC
:10007000591800085918000859180008591800089C
:10008000591800085918000859180008591800088C
:10009000591800085918000859180008591800087C
:1000A000591800085918000859180008591800086C
:1000B00059180008C96300085918000859180008A1
:1000C000591800085918000859180008591800084C
:1000D00059180008796500085918000859180008CF
:1000E000591800085918000859180008591800082C
:1000F000591800085918000859180008591800081C
:10010000591800085918000859180008591800080B
:1001100059180008591800085918000859180008FB
:1001200059180008591800085918000859180008EB
:1001300059180008591800085918000859180008DB
:1001400059180008591800085918000859180008CB
:1001500059180008591800085918000859180008BB
:1001600059180008591800085918000859180008AB
:100170005918000859180008591800080000000014
:10018000591800085918000859180008591800088B
:10019000591800085918000859180008591800087B
:0C01A000591800085918000859180008E8
:1001C00010B5054C237833B9044B13B10448AFF391
:1001D00000800123237010BD100A002000000000E1
:1001E0002CEE000808B5034B1BB103490348AFF3DD
:1001F000008008BD00000000140A00202CEE00085A
:1002000081F0004102E000BF83F0004330B54FEAC7
:1002100041044FEA430594EA050F08BF90EA020F34
:100220001FBF54EA000C55EA020C7FEA645C7FEAC7
:10023000655C00F0E2804FEA5454D4EB5555B8BFEA
:100240006D420CDD2C4480EA020281EA030382EA5B
:10025000000083EA010180EA020281EA0303362DED
:1002600088BF30BD11F0004F4FEA01314FF4801CC0
:100270004CEA113102D0404261EB410113F0004FD2
:100280004FEA03334CEA133302D0524263EB430389
:1002900094EA050F00F0A780A4F10104D5F1200E27
:1002A0000DDB02FA0EFC22FA05F2801841F1000182
:1002B00003FA0EF2801843FA05F359410EE0A5F156
:1002C00020050EF1200E012A03FA0EFC28BF4CF087
:1002D000020C43FA05F3C01851EBE37101F000453D
:1002E00007D54FF0000EDCF1000C7EEB00006EEB4A
:1002F0000101B1F5801F1BD3B1F5001F0CD34908D4
:100300005FEA30004FEA3C0C04F101044FEA44522A
:1003100012F5800F80F09A80BCF1004F08BF5FEAB1
:10032000500C50F1000041EB045141EA050130BD91
:100330005FEA4C0C404141EB0101013C28BFB1F5A3
:10034000801FE9D291F0000F04BF01460020B1FAEE
:1003500081F308BF2033A3F10B03B3F120020CDAC1
:100360000C3208DD02F1140CC2F10C0201FA0CF09F
:1003700021FA02F10CE002F11402D8BFC2F1200C04
:1003800001FA02F120FA0CFCDCBF41EA0C019040BA
:10039000E41AA2BF01EB0451294330BD6FEA040403
:1003A0001F3C1CDA0C340EDC04F11404C4F12002EE
:1003B00020FA04F001FA02F340EA030021FA04F300
:1003C00045EA030130BDC4F10C04C4F1200220FA57
:1003D00002F001FA04F340EA0300294630BD21FA95
:1003E00004F0294630BD94F0000F83F4801306BF5B
:1003F00081F480110134013D4EE77FEA645C18BF4F
:100400007FEA655C29D094EA050F08BF90EA020FE5
:1004100005D054EA000C04BF1946104630BD91EADD
:10042000030F1EBF0021002030BD5FEA545C05D1E0
:100430004000494128BF41F0004130BD14F580041F
:100440003CBF01F5801130BD01F0004545F0FE4193
:1004500041F470014FF0000030BD7FEA645C1ABFC8
:10046000194610467FEA655C1CBF0B46024650EAFF
:10047000013406BF52EA033591EA030F41F400212B
:1004800030BD00BF90F0000F04BF0021704730B5B1
:100490004FF4806404F132044FF000054FF0000186
:1004A00050E700BF90F0000F04BF0021704730B547
:1004B0004FF4806404F1320410F0004548BF40421C
:1004C0004FF000013EE700BF42004FEAE2014FEA71
:1004D00031014FEA02701FBF12F07F4393F07F4F4C
:1004E00081F06051704732F07F4208BF704793F04F
:1004F0007F4F04BF41F40021704730B54FF4607462
:1005000001F0004521F000411CE700BF50EA010264
:1005100008BF704730B54FF000050AE050EA01020D
:1005200008BF704730B511F0004502D5404261EB7D
:1005300041014FF4806404F132045FEA915C3FF4BE
:10054000D8AE4FF003025FEADC0C18BF03325FEA5B
:10055000DC0C18BF033202EBDC02C2F1200300FA0C
:1005600003FC20FA02F001FA03FE40EA0E0021FA31
:1005700002F11444BDE600BF70B54FF0FF0C4CF41F
:10058000E06C1CEA11541DBF1CEA135594EA0C0FD1
:1005900095EA0C0F00F0DEF82C4481EA030621EA0C
:1005A0004C5123EA4C5350EA013518BF52EA033547
:1005B00041F4801143F4801338D0A0FB02CE4FF0F9
:1005C0000005E1FB02E506F00042E0FB03E54FF029
:1005D0000006E1FB03569CF0000F18BF4EF0010E21
:1005E000A4F1FF04B6F5007F64F5407404D25FEA1D
:1005F0004E0E6D4146EB060642EAC62141EA5551D0
:100600004FEAC52040EA5E504FEACE2EB4F1FD0C11
:1006100088BFBCF5E06F1ED8BEF1004F08BF5FEA8F
:10062000500E50F1000041EB045170BD06F0004641
:1006300046EA010140EA020081EA0301B4EB5C04EE
:10064000C2BFD4EB0C0541EA045170BD41F48011E6
:100650004FF0000E013C00F3AB8014F1360FDEBF0B
:10066000002001F0004170BDC4F10004203C35DAE7
:100670000C341BDC04F11404C4F1200500FA05F36A
:1006800020FA04F001FA05F240EA020001F000420B
:1006900021F0004110EBD37021FA04F642EB060181
:1006A0005EEA430E08BF20EAD37070BDC4F10C04AB
:1006B000C4F1200500FA04F320FA05F001FA04F26F
:1006C00040EA020001F0004110EBD37041F100015B
:1006D0005EEA430E08BF20EAD37070BDC4F1200566
:1006E00000FA05F24EEA020E20FA04F301FA05F2CE
:1006F00043EA020321FA04F001F0004121FA04F276
:1007000020EA020000EBD3705EEA430E08BF20EA45
:10071000D37070BD94F0000F0FD101F0004640007F
:1007200041EB010111F4801F08BF013CF7D041EA01
:10073000060195F0000F18BF704703F00046520005
:1007400043EB030313F4801F08BF013DF7D043EAD6
:100750000603704794EA0C0F0CEA135518BF95EA8C
:100760000C0F0CD050EA410618BF52EA4306D1D113
:1007700081EA030101F000414FF0000070BD50EA32
:10078000410606BF1046194652EA430619D094EABC
:100790000C0F02D150EA013613D195EA0C0F05D1A6
:1007A00052EA03361CBF104619460AD181EA0301FA
:1007B00001F0004141F0FE4141F470014FF00000B2
:1007C00070BD41F0FE4141F4780170BD70B54FF04D
:1007D000FF0C4CF4E06C1CEA11541DBF1CEA1355CD
:1007E00094EA0C0F95EA0C0F00F0A7F8A4EB0504AF
:1007F00081EA030E52EA03354FEA013100F08880A6
:100800004FEA03334FF0805545EA131343EA12636E
:100810004FEA022245EA111545EA10654FEA002623
:100820000EF000419D4208BF964244F1FD0404F5DC
:10083000407402D25B084FEA3202B61A65EB030538
:100840005B084FEA32024FF480104FF4002CB6EBF5
:10085000020E75EB030E22BFB61A754640EA0C0075
:100860005B084FEA3202B6EB020E75EB030E22BFB5
:10087000B61A754640EA5C005B084FEA3202B6EBF6
:10088000020E75EB030E22BFB61A754640EA9C00B5
:100890005B084FEA3202B6EB020E75EB030E22BF85
:1008A000B61A754640EADC0055EA060E18D04FEA43
:1008B000051545EA16754FEA06164FEAC30343EAE3
:1008C00052734FEAC2025FEA1C1CC0D111F4801FB0
:1008D0000BD141EA00014FF000004FF0004CB6E7A9
:1008E00011F4801F04BF01430020B4F1FD0C88BF48
:1008F000BCF5E06F3FF6AFAEB5EB030C04BFB6EB53
:10090000020C5FEA500C50F1000041EB045170BD45
:100910000EF0004E4EEA113114EB5C04C2BFD4EB72
:100920000C0541EA045170BD41F480114FF0000EF6
:10093000013C90E645EA060E8DE60CEA135594EA72
:100940000C0F08BF95EA0C0F3FF43BAF94EA0C0F75
:100950000AD150EA01347FF434AF95EA0C0F7FF4EA
:1009600025AF104619462CE795EA0C0F06D152EA3E
:1009700003353FF4FDAE1046194622E750EA410622
:1009800018BF52EA43067FF4C5AE50EA41047FF433
:100990000DAF52EA43057FF4EBAE12E7844641EA1D
:1009A000000313F003036DD1403A41D351F8043BE7
:1009B00040F8043B51F8043B40F8043B51F8043B39
:1009C00040F8043B51F8043B40F8043B51F8043B29
:1009D00040F8043B51F8043B40F8043B51F8043B19
:1009E00040F8043B51F8043B40F8043B51F8043B09
:1009F00040F8043B51F8043B40F8043B51F8043BF9
:100A000040F8043B51F8043B40F8043B51F8043BE8
:100A100040F8043B51F8043B40F8043B51F8043BD8
:100A200040F8043B51F8043B40F8043B403ABDD247
:100A3000303211D351F8043B40F8043B51F8043BE9
:100A400040F8043B51F8043B40F8043B51F8043BA8
:100A500040F8043B103AEDD20C3205D351F8043B78
:100A600040F8043B043AF9D2043208D0D2071CBF44
:100A700011F8013B00F8013B01D30B88038060466D
:100A8000704700BF082A13D38B078DD010F00303E3
:100A90008AD0C3F10403D21ADB071CBF11F8013B53
:100AA00000F8013B80D331F8023B20F8023B7BE7A2
:100AB000043AD9D3013A11F8013B00F8013BF9D2CD
:100AC0000B7803704B7843708B7883706046704767
:100AD0000000000000000000000000000000000016
:100AE000A2EB0300704700BF02780B78012A28BFF1
:100AF0009A42F5D16DE9044540EA0104CDE9026767
:100B00006FF0000C4FEA447212B380EA010414F053
:100B1000070F6AD100F0070420F0070004F0030576
:100B200021F007014FEAC505F0E8042314F0040F93
:100B3000F1E804670CFA05F462EA040266EA0406C6
:100B40000AD063EA0403624667EA0407664603E0E4
:100B5000F0E80423F1E8046782FA4CF582EA06041F
:100B6000A4FA8CF46CBB83FA4CF583EA0705A5FA6A
:100B70008CF595B950E9022351E9026782FA4CF5E8
:100B800082EA0604A4FA8CF483FA4CF583EA07059A
:100B9000A5FA8CF52543DBD09CB92DBAB5FA85F4BE
:100BA00024F0070427FA04F1DDE9026723FA04F3CD
:100BB00003F0FF0001F0FF01FDE80445A0EB010098
:100BC000704724BAB4FA84F424F0070426FA04F136
:100BD000DDE9026722FA04F202F0FF0001F0FF01F2
:100BE000FDE80445A0EB0100704714F0030F3CD171
:100BF00010F0030428D150F8082B51F8083B82FA72
:100C00004CF582EA0305A5FA8CF55DB950F8042C81
:100C100051F8043C82FA4CF582EA0305A5FA8CF5FA
:100C2000002DE8D02DBAB5FA85F424F0070423FA94
:100C300004F122FA04F202F0FF0001F0FF01FDE8E6
:100C40000445A0EB010070474FEAC40420F0030004
:100C500050F8082B21F0030151F8083B0CFA04F47A
:100C600062EA040263EA0403C9E710F003041AD03D
:100C7000A1EB040120F00300E40750F8042B06D098
:100C80000FD28B785FFAA2F4E41A06D12BB1CB789D
:100C90005FFAB2F4E41A00D11BB920465DF8104B9C
:100CA000704701F1040150F8042BCC0721F0030137
:100CB00051F8043B48D824D222F07F4482FA4CF504
:100CC00094EA1325A5FA8CF50AD165B951F8043BCD
:100CD00084EA0204B4EB036F0ED150F8042BEBE767
:100CE0004FEA132355E035F07F454DD10878FDE8F4
:100CF0000445C0F1000070474FEA126203F0FF03A1
:100D000047E002EA1C4482FA4CF594EA1345A5FA3E
:100D10008CF50AD165B951F8043B84EA0204B4EBBE
:100D2000034F0CD150F8042BEBE74FEA134330E0AC
:100D300015EA1C4528D10B884FEA124229E04FEAF8
:100D4000124203EA1C4324E002F0FF0482FA4CF54D
:100D500094EA1365A5FA8CF50AD165B951F8043BFC
:100D600084EA0204B4EB032F09D150F8042BEBE71B
:100D70004FEA13630DE015F0FF0F05D10B684FEA42
:100D8000122223F07F4304E04FF00000FDE8044509
:100D9000704712BA1BBA82FA4CF482EA0304A4FA2E
:100DA0008CF5B5FA85F402FA04F203FA04F34FEA7B
:100DB0001260FDE80445A0EB1360704700000000DE
:100DC00090F800F06DE9024520F007016FF0000C8B
:100DD00010F0070491F820F040F049804FF0000433
:100DE0006FF00700D1E9002391F840F000F108000E
:100DF00082FA4CF2A4FA8CF283FA4CF3A2FA8CF346
:100E00004BBBD1E9022382FA4CF200F10800A4FAAC
:100E10008CF283FA4CF3A2FA8CF3E3B9D1E9042300
:100E200082FA4CF200F10800A4FA8CF283FA4CF337
:100E3000A2FA8CF37BB9D1E9062301F1200182FAF1
:100E40004CF200F10800A4FA8CF283FA4CF3A2FAF7
:100E50008CF3002BC6D0002A04BF04301A4612BA05
:100E6000B2FA82F2FDE8024500EBD2007047D1E908
:100E7000002304F00305C4F100004FEAC50514F097
:100E8000040F91F840F00CFA05F562EA05021CBF68
:100E900063EA050362464FF00004A9E70000000082
:100EA00001F0FF01102A2BDB10F0070F08D010F81B
:100EB000013B013A8B422DD010F0070F42B3F6D11F
:100EC000F0B441EA012141EA014122F007047FF038
:100ED00000070023F0E80256083C85EA010586EA8F
:100EE000010685FA47F5A3FA87F586FA47F6A5FACB
:100EF00087F68EB9EED1F0BC01F0FF0102F00702D7
:100F000032B110F8013B013A83EA010313B1F8D181
:100F10000020704701387047002D06BF3546033862
:100F2000073815F0010F07D1013015F4807F02BF9B
:100F3000013015F4C03F0130F0BC0138704700BFEC
:100F40004FF0FF3C06E000BF4FF0010C02E000BF95
:100F50004FF0010C4DF804CD4FEA410C7FEA6C5C78
:100F60004FEA430C18BF7FEA6C5C1BD001B050EA1B
:100F7000410C0CBF52EA430C91EA030F02BF90EA06
:100F8000020F0020704710F1000F91EA030F58BFC5
:100F9000994208BF90422CBFD8176FEAE37040F027
:100FA000010070474FEA410C7FEA6C5C02D150EAC5
:100FB000013C07D14FEA430C7FEA6C5CD6D152EA80
:100FC000033CD3D05DF8040B704700BF8446104645
:100FD00062468C461946634600E000BF01B5FFF744
:100FE000B7FF002848BF10F1000F01BD4DF808ED14
:100FF000FFF7F4FF0CBF012000205DF808FB00BFE5
:101000004DF808EDFFF7EAFF34BF012000205DF83E
:1010100008FB00BF4DF808EDFFF7E0FF94BF01208B
:1010200000205DF808FB00BF4DF808EDFFF7CEFF8C
:1010300094BF012000205DF808FB00BF4DF808EDCB
:10104000FFF7C4FF34BF012000205DF808FB00BF9C
:101050004FEA410C7FEA6C5C02D150EA013C0AD1B4
:101060004FEA430C7FEA6C5C02D152EA033C02D1A6
:101070004FF0000070474FF0010070474FEA410207
:1010800012F5001215D211D56FF47873B3EB6252DA
:1010900012D94FEAC12343F0004343EA505311F001
:1010A000004F23FA02F018BF404270474FF0000093
:1010B000704750EA013005D111F0004008BF6FF0D1
:1010C000004070474FF00000704700BF53B94AB965
:1010D000002908BF00281CBF4FF0FF314FF0FF3040
:1010E00000F074B9ADF1080C6DE904CE00F006F81B
:1010F000DDF804E0DDE9022304B070472DE9F04794
:10110000089D04468E46002B4DD18A42944669D9EB
:10111000B2FA82F252B101FA02F3C2F1200120FACE
:1011200001F10CFA02FC41EA030E94404FEA1C481C
:10113000210CBEFBF8F61FFA8CF708FB16E341EA18
:10114000034306FB07F199420AD91CEB030306F19E
:10115000FF3080F01F81994240F21C81023E6344BF
:101160005B1AA4B2B3FBF8F008FB103344EA034463
:1011700000FB07F7A7420AD91CEB040400F1FF3378
:1011800080F00A81A74240F207816444023840EAB5
:101190000640E41B00261DB1D4400023C5E90043EE
:1011A0003146BDE8F0878B4209D9002D00F0EF8071
:1011B0000026C5E9000130463146BDE8F087B3FAA4
:1011C00083F6002E4AD18B4202D3824200F2F9808C
:1011D000841A61EB030301209E46002DE0D0C5E98F
:1011E000004EDDE702B9FFDEB2FA82F2002A40F0DB
:1011F0009280A1EB0C014FEA1C471FFA8CFE0126DE
:10120000200CB1FBF7F307FB131140EA01410EFB81
:1012100003F0884208D91CEB010103F1FF3802D228
:10122000884200F2CB804346091AA4B2B1FBF7F022
:1012300007FB101144EA01440EFB00FEA64508D945
:101240001CEB040400F1FF3102D2A64500F2BB8082
:101250000846A4EB0E0440EA03409CE7C6F12007D1
:10126000B34022FA07FC4CEA030C20FA07F401FA17
:1012700006F31C43F9404FEA1C4900FA06F3B1FBA0
:10128000F9F8200C1FFA8CFE09FB181140EA014105
:1012900008FB0EF0884202FA06F20BD91CEB0101A2
:1012A00008F1FF3A80F08880884240F28580A8F1FA
:1012B00002086144091AA4B2B1FBF9F009FB10114C
:1012C00044EA014100FB0EFE8E4508D91CEB0101EA
:1012D00000F1FF346CD28E456AD90238614440EA8D
:1012E0000840A0FB0294A1EB0E01A142C846A6460D
:1012F00056D353D05DB1B3EB080261EB0E0101FA96
:1013000007F722FA06F3F1401F43C5E900710026F2
:101310003146BDE8F087C2F12003D8400CFA02FC48
:1013200021FA03F3914001434FEA1C471FFA8CFE58
:10133000B3FBF7F007FB10360B0C43EA064300FB48
:101340000EF69E4204FA02F408D91CEB030300F1E6
:10135000FF382FD29E422DD9023863449B1B89B29D
:10136000B3FBF7F607FB163341EA034106FB0EF326
:101370008B4208D91CEB010106F1FF3816D28B42D3
:1013800014D9023E6144C91A46EA004638E72E469F
:10139000284605E70646E3E61846F8E64B45A9D297
:1013A000B9EB020864EB0C0E0138A3E74646EAE706
:1013B000204694E74046D1E7D0467BE7023B6144B4
:1013C00032E7304609E76444023842E7704700BF1D
:1013D00080B400AF084B1B6B074A43F080031363D4
:1013E000054B1B6B044A43F00103136300BFBD466A
:1013F0005DF8047B704700BF0038024080B582B0C2
:1014000000AF786004F09CFF04F0CAFF4FF4FA705C
:1014100003F0B0FCF8E7000080B586B002AF78605A
:101420000123FB6002F040FA0F4B01930423009369
:1014300000234FF480720D490D4803F09DFAF860C7
:10144000FB68012B01D10B4B00E00B4B074A0B490A
:101450000B4805F0E5F8002003F0F8FB02F054FA21
:1014600000BF1037BD4680BD300A002048EE00089E
:10147000FD13000854EE00085CEE000864EE00085E
:101480001C38012080B582B002AF00F0E7F900F00F
:1014900023F8FFF79DFF04F029FF4FF4E13004F03B
:1014A000A7FF4FF4E13004F0C7FF084B019301237D
:1014B000009300234FF480720549064803F05CFA5C
:1014C00007F012FC03F08AFCFEE700BF2C0A0020A4
:1014D00074EE00081914000880B592B000AF07F14F
:1014E000180330220021184607F064FC3B1D00223F
:1014F0001A605A609A60DA601A61244B1B6C234AA6
:1015000043F080531364224B1B68214A43F4404349
:1015100013600123BB610123FB6102233B634FF492
:1015200080037B630F23BB63D823FB6302233B64ED
:1015300004237B6407F11803184600F031FD0346CD
:10154000002B01D000F026F800F0BEFC0346002B73
:1015500001D000F01FF80F237B600223BB60002343
:10156000FB604FF4A0533B614FF480537B613B1D04
:101570000521184600F066FF0346002B01D000F05D
:1015800009F800BF4837BD4680BD00BF00380240A3
:101590000070004080B400AF72B600BFFEE70000EC
:1015A00080B400AF084B5B6C074A43F4804353643C
:1015B000054B1B6C044A43F08053136400BFBD46C7
:1015C0005DF8047B704700BF0038024080B400AF74
:1015D000FEE780B400AFFEE780B400AFFEE780B462
:1015E00000AFFEE780B400AFFEE780B400AF00BFFD
:1015F000BD465DF8047B704780B500AF04F046F946
:101600000346012B01D002F0DFF900F065F900BFBD
:1016100080BD80B400AF01231846BD465DF8047B51
:10162000704780B582B000AF7860396007F098FBF2
:10163000034616221A604FF0FF3318460837BD469E
:1016400080BD80B582B000AF78604FF0FF31786820
:10165000FFF7E7FFFEE780B586B000AFF860B9603E
:101660007A6000237B610AE0AFF300800146BB682B
:101670005A1CBA60CAB21A707B6901337B617A69FD
:101680007B689A42F0DB7B6818461837BD4680BD00
:1016900080B586B000AFF860B9607A6000237B61E6
:1016A00009E0BB685A1CBA601B781846AFF300808B
:1016B0007B6901337B617A697B689A42F1DB7B68E5
:1016C00018461837BD4680BD80B483B000AF78603F
:1016D0004FF0FF3318460C37BD465DF8047B70476A
:1016E00080B483B000AF786039603B684FF400523B
:1016F0005A60002318460C37BD465DF8047B7047DE
:1017000080B483B000AF7860012318460C37BD4623
:101710005DF8047B704780B485B000AFF860B960B5
:101720007A60002318461437BD465DF8047B704785
:1017300080B586B000AF7860144A154BD31A7B6130
:101740007B693B61134B1B68002B02D1114B124A82
:101750001A60104B1A687B6813443A699A4207D2A0
:1017600007F0FEFA03460C221A604FF0FF3309E03F
:10177000084B1B68FB60074B1A687B681344054ADB
:101780001360FB6818461837BD4680BD0000032073
:1017900000040000340A0020803C012080B400AF27
:1017A000164BD3F88830154A43F47003C2F88830DA
:1017B000134B1B68124A43F001031360104B0022C5
:1017C0009A600F4B1B680E4A23F0847323F4803316
:1017D00013600B4B0B4A5A60094B1B68084A23F4F1
:1017E00080231360064B0022DA60044B4FF0006246
:1017F0009A6000BFBD465DF8047B704700ED00E0D5
:101800000038024010300024DFF834D0002103E01B
:101810000C4B5B58435004310B480C4B42189A4216
:10182000F6D30B4A02E0002342F8043B094B9A42EC
:10183000F9D3FFF7B3FF07F099FAFFF723FE7047DC
:10184000000003204CF8000800000020100A0020CF
:10185000100A0020803C0120FEE7000080B500AFA8
:101860000E4B1B680D4A43F4007313600B4B1B684F
:101870000A4A43F480631360084B1B68074A43F429
:1018800080731360032000F00DF90F2000F008F8BA
:10189000FFF786FE0023184680BD00BF003C0240D3
:1018A00080B582B000AF786000F0B6FF0346094A09
:1018B000A2FB03239B09184600F029F9002279684E
:1018C0004FF0FF3000F0F9F8002318460837BD4606
:1018D00080BD00BFD34D621080B400AF044B1B68C5
:1018E0000133034A136000BFBD465DF8047B7047B7
:1018F000380A002080B400AF034B1B681846BD4671
:101900005DF8047B704700BF380A002080B485B0C2
:1019100000AF78607B6803F00703FB600C4BDB686B
:10192000BB60BA684FF6FF031340BB60FB681A0246
:10193000BB68134343F0BF6343F40033BB60044A06
:10194000BB68D36000BF1437BD465DF8047B7047A9
:1019500000ED00E080B400AF044BDB681B0A03F02D
:1019600007031846BD465DF8047B704700ED00E0B4
:1019700080B483B000AF0346FB71FB7903F01F0313
:10198000012202FA03F1064A97F907305B0942F88F
:10199000231000BF0C37BD465DF8047B704700BFC5
:1019A00000E100E080B483B000AF03463960FB7112
:1019B00097F90730002B0BDA3B68DAB20C49FB7958
:1019C00003F00F03043B1201D2B20B441A7609E074
:1019D0003B68DAB2074997F907301201D2B20B44DB
:1019E00083F8002300BF0C37BD465DF8047B7047C9
:1019F00000ED00E000E100E080B489B000AFF860E5
:101A0000B9607A60FB6803F00703FB61FB69C3F10F
:101A10000703042B28BF0423BB61FB690433062B97
:101A200002D9FB69033B00E000237B610122BB6913
:101A300002FA03F3013B1A46BB681A407B699A40DD
:101A400001217B6901FA03F3013B19467B680B40D6
:101A5000134318462437BD465DF8047B70470000E9
:101A600080B582B000AF78607B68013BB3F1807FC6
:101A700001D301230FE00A4A7B68013B53600F2129
:101A80004FF0FF30FFF78EFF054B00229A60044BAA
:101A900007221A60002318460837BD4680BD00BFE4
:101AA00010E000E080B582B000AF78607868FFF7A2
:101AB0002DFF00BF0837BD4680BD80B586B000AFA2
:101AC0000346B9607A60FB7300237B61FFF742FF36
:101AD00078617A68B9687869FFF78EFF024697F9EE
:101AE0000F3011461846FFF75DFF00BF1837BD469F
:101AF00080BD80B582B000AF0346FB7197F9073017
:101B00001846FFF735FF00BF0837BD4680BD80B5DA
:101B100082B000AF78607868FFF7A2FF03461846EE
:101B20000837BD4680BD000080B487B000AF786044
:101B300039600023FB600023BB6000233B6100236E
:101B40007B616FE101227B6902FA03F3FB603B6872
:101B50001B68FA681340BB60BA68FB689A4240F0A1
:101B60005E813B685B68022B03D03B685B68122B8D
:101B700023D17B69DA087B68083253F822303B6155
:101B80007B6903F007039B000F2202FA03F3DB4398
:101B90003A6913403B613B681A697B6903F00703AC
:101BA0009B0002FA03F33A6913433B617B69DA084D
:101BB0007B680832396943F822107B681B683B61F7
:101BC0007B695B00032202FA03F3DB433A691340AB
:101BD0003B613B685B6803F003027B695B0002FAD0
:101BE00003F33A6913433B617B683A691A603B68C7
:101BF0005B68012B0BD03B685B68022B07D03B680E
:101C00005B68112B03D03B685B68122B30D17B687B
:101C10009B683B617B695B00032202FA03F3DB43B1
:101C20003A6913403B613B68DA687B695B0002FA02
:101C300003F33A6913433B617B683A699A607B68B6
:101C40005B683B6101227B6902FA03F3DB433A697B
:101C500013403B613B685B681B0903F001027B6931
:101C600002FA03F33A6913433B617B683A695A60AD
:101C70007B68DB683B617B695B00032202FA03F34C
:101C8000DB433A6913403B613B689A687B695B00C0
:101C900002FA03F33A6913433B617B683A69DA60FD
:101CA0003B685B6803F08053002B00F0B880634B07
:101CB0005B6C624A43F480435364614A7B699B08CE
:101CC000023352F823303B617B6903F003039B002E
:101CD0000F2202FA03F3DB433A6913403B617B684E
:101CE000584A934237D07B68574A934231D07B6839
:101CF000564A93422BD07B68554A934225D07B6845
:101D0000544A93421FD07B68534A934219D07B6850
:101D1000524A934213D07B68514A93420DD07B685C
:101D2000504A934207D07B684F4A934201D109231E
:101D300012E00A2310E008230EE007230CE006233C
:101D40000AE0052308E0042306E0032304E002235D
:101D500002E0012300E000237A6902F0030292000E
:101D600093403A6913433B6135497B699B080233D1
:101D70003A6941F823203D4B1B683B61BB68DB435C
:101D80003A6913403B613B685B6803F48033002B86
:101D900003D03A69BB6813433B61344A3B69136023
:101DA000324B5B683B61BB68DB433A6913403B6184
:101DB0003B685B6803F40033002B03D03A69BB68CF
:101DC00013433B61294A3B695360284B9B683B6145
:101DD000BB68DB433A6913403B613B685B6803F4D3
:101DE0008013002B03D03A69BB6813433B611F4A41
:101DF0003B6993601D4BDB683B61BB68DB433A6921
:101E000013403B613B685B6803F40013002B03D075
:101E10003A69BB6813433B61144A3B69D3607B69F1
:101E200001337B617B690F2B7FF68CAE00BF00BF57
:101E30001C37BD465DF8047B704700BF0038024088
:101E40000038014000000240000402400008024047
:101E5000000C024000100240001402400018024032
:101E6000001C02400020024000240240003C0140CF
:101E700080B483B000AF78600B467B8013467B70E4
:101E80007B78002B03D07A887B689A6103E07B889B
:101E90001A047B689A6100BF0C37BD465DF8047B6D
:101EA000704780B483B000AF78600B467B807B685E
:101EB0005A697B885A407B685A6100BF0C37BD461F
:101EC0005DF8047B7047000080B58AB000AF002346
:101ED0007B62314B1B6C304A43F0805313644FF4E8
:101EE0008033BB61BB6993FAA3F37B617B693B627F
:101EF0003B6AB3FA83F3FB61FB69DBB29B0003F13E
:101F0000844303F560231A4601231360FFF7F2FCB4
:101F1000786209E0FFF7EEFC02467B6AD31AB3F55C
:101F20007A7F01D9032333E01C4B5B6803F48033D1
:101F3000B3F5803FEED14FF40033BB60BB6893FA3A
:101F4000A3F37B607B683B613B69B3FA83F3FB607F
:101F5000FB68DBB29B0003F1844303F560231A4660
:101F600001231360FFF7C6FC786209E0FFF7C2FCAB
:101F700002467B6AD31AB3F57A7F01D9032307E0BF
:101F8000064B5B6803F40033B3F5003FEED100234A
:101F900018462837BD4680BD00380240007000401A
:101FA00080B598B000AF78600023FB657B681B6844
:101FB00003F00103002B66D09C4B9B6803F00C03DD
:101FC000042B0CD0994B9B6803F00C03082B12D107
:101FD000964B5B6803F48003B3F5800F0BD1934BF2
:101FE0001B6803F40033002B4CD07B685B68002B2C
:101FF00048D101231AE28E4B00221A70FFF77AFCB7
:10200000F86508E0FFF776FC0246FB6DD31A642BF7
:1020100001D903230AE2854B1B6803F40033002B2C
:10202000F0D17B685A68824BD2B21A707B685B68C9
:10203000002B13D0FFF75EFCF86508E0FFF75AFCB1
:102040000246FB6DD31A642B01D90323EEE1774BD3
:102050001B6803F40033002BF0D014E0FFF74AFCB8
:10206000F86508E0FFF746FC0246FB6DD31A642BC7
:1020700001D90323DAE16D4B1B6803F40033002B15
:10208000F0D100E000BF7B681B6803F00203002B67
:102090007FD0664B9B6803F00C03002B0BD0634B87
:1020A0009B6803F00C03082B2AD1604B5B6803F498
:1020B0008003002B24D15D4B1B6803F00203002B2F
:1020C00005D07B68DB68012B01D00123AEE1574BC3
:1020D0001B6823F0F8027B681B69F8213965396DAC
:1020E00091FAA1F1F964F96CB965B96DB1FA81F1B0
:1020F0007965796DC9B28B404C4913430B6048E058
:102100007B68DB68002B2ED04A4B01221A60FFF758
:10211000F1FBF86508E0FFF7EDFB0246FB6DD31A13
:10212000642B01D9032381E1404B1B6803F00203B8
:10213000002BF0D03D4B1B6823F0F8027B681B6935
:10214000F8213964396C91FAA1F1F963F96BB9643A
:10215000B96CB1FA81F17964796CC9B28B403349B9
:1021600013430B6015E0334B00221A60FFF7C2FBEC
:10217000F86508E0FFF7BEFB0246FB6DD31A642B3F
:1021800001D9032352E1294B1B6803F00203002B02
:10219000F0D17B681B6803F00803002B30D07B680C
:1021A0005B69002B16D0244B01221A60FFF7A2FBBB
:1021B000F86508E0FFF79EFB0246FB6DD31A642B1F
:1021C00001D9032332E1194B5B6F03F00203002BAB
:1021D000F0D015E0184B00221A60FFF78BFBF86572
:1021E00008E0FFF787FB0246FB6DD31A642B01D989
:1021F00003231BE10D4B5B6F03F00203002BF0D1B7
:102200007B681B6803F00403002B74D0074B1B6C26
:10221000064A43F080531364084B1B68074A43F493
:1022200080731360FFF766FBF86512E00038024028
:102230000238024000004742800E474200700040D2
:10224000FFF758FB0246FB6DD31A642B01D9032319
:10225000ECE0784B1B6803F48073002BF0D0764BD6
:1022600000221A70FFF746FBF8650AE0FFF742FB11
:102270000246FB6DD31A41F28832934201D90323FF
:10228000D4E06E4B1B6F03F00203002BEED17B6892
:102290009A68694BD2B21A707B689B68012B15D182
:1022A000FFF728FBF8650AE0FFF724FB0246FB6D09
:1022B000D31A41F28832934201D90323B6E05F4B2F
:1022C0001B6F03F00203002BEED014E0FFF712FBAC
:1022D000F8650AE0FFF70EFB0246FB6DD31A41F2E8
:1022E0008832934201D90323A0E0544B1B6F03F0C3
:1022F0000203002BEED17B689B69002B00F09580D8
:102300004E4B9B6803F00C03082B00F08C807B681D
:102310009B69022B70D14A4B00221A60FFF7EAFA40
:10232000F86508E0FFF7E6FA0246FB6DD31A642B66
:1023300001D903237AE0414B1B6803F00073002BA3
:10234000F0D17B681A6A7B685B6A47F6C0713961B5
:10235000396991FAA1F1F960F968B961B969B1FA1D
:1023600081F179617969C9B28B401A437B689B6AB4
:102370005B08013B4FF440313962396A91FAA1F1AF
:10238000F961F969B962B96AB1FA81F17962796A78
:10239000C9B28B401A437B68DB691A437B68DB6AEE
:1023A0004FF070613963396B91FAA1F1F962F96A02
:1023B000B963B96BB1FA81F17963796BC9B28B40BA
:1023C00013431E4A43F0005353601D4B01221A6011
:1023D000FFF790FAF86508E0FFF78CFA0246FB6D0C
:1023E000D31A642B01D9032320E0144B1B6803F09C
:1023F0000073002BF0D018E0114B00221A60FFF799
:1024000079FAF86508E0FFF775FA0246FB6DD31A12
:10241000642B01D9032309E0084B1B6803F0007308
:10242000002BF0D101E0012300E0002318466037C3
:10243000BD4680BD00700040703802400038024048
:102440006000474280B584B000AF786039600023F7
:10245000FB60924B1B6803F00F033A689A4240F20C
:102460008F808E4B3A68D2B21A708C4B1B6803F087
:102470000F033A689A4201D0012336E17B681B685A
:1024800003F00203002B08D0854B9B6823F0F00279
:102490007B689B68824913438B607B681B6803F0F1
:1024A0000103002B00F0FE807B685B68012B07D1E5
:1024B0007B4B1B6803F40033002B15D1012314E17F
:1024C0007B685B68022B07D1754B1B6803F00073B8
:1024D000002B09D1012308E1714B1B6803F00203B3
:1024E000002B01D1012300E16D4B9B6823F0030217
:1024F0007B685B686A4913438B60FFF7FBF9F86000
:102500007B685B68012B12D10AE0FFF7F3F9024602
:10251000FB68D31A41F28832934201D90323E4E0E5
:102520005F4B9B6803F00C03042BEED1BAE07B6891
:102530005B68022B1DD10AE0FFF7DCF90246FB685D
:10254000D31A41F28832934201D90323CDE0544B90
:102550009B6803F00C03082BEED1A3E0FFF7CAF948
:102560000246FB68D31A41F28832934201D9032311
:10257000BBE04B4B9B6803F00C03002BEED191E0CA
:102580007B681B6803F00203002B08D0444B9B6858
:1025900023F0F0027B689B68414913438B607B68A2
:1025A0001B6803F00103002B6AD07B685B68012B7A
:1025B00007D13B4B1B6803F40033002B15D10123DB
:1025C00093E07B685B68022B07D1354B1B6803F0F7
:1025D0000073002B09D1012387E0314B1B6803F006
:1025E0000203002B01D101237FE02D4B9B6823F0D8
:1025F00003027B685B682A4913438B60FFF77AF913
:10260000F8607B685B68012B12D10AE0FFF772F972
:102610000246FB68D31A41F28832934201D9032360
:1026200063E01F4B9B6803F00C03042BEED127E003
:102630007B685B68022B1DD10AE0FFF75BF902465D
:10264000FB68D31A41F28832934201D903234CE04C
:10265000134B9B6803F00C03082BEED110E0FFF73F
:1026600049F90246FB68D31A41F28832934201D9F4
:1026700003233AE00A4B9B6803F00C03002BEED1D6
:10268000064B3A68D2B21A70044B1B6803F00F0372
:102690003A689A4206D0012327E000BF003C02407E
:1026A000003802407B681B6803F00403002B08D04D
:1026B000104B9B6823F4E0527B68DB680D491343A1
:1026C0008B607B681B6803F00803002B09D0094B63
:1026D0009B6823F460427B681B69DB000549134358
:1026E0008B600F20FFF7DCF8002318461037BD463B
:1026F00080BD00BF0038024080B491B000AF00231D
:102700007B630023FB6300233B630023BB633F4BDE
:102710009B6803F00C03082B0CD0082B6BD8002B04
:1027200002D0042B03D066E0394BBB6366E0394B23
:10273000BB6363E0354B5B6803F03F037B63334B64
:102740005B6803F48003002B1CD0324A7B6BB2FB26
:10275000F3F22E4B596847F6C0730B4047F6C07131
:102760007962796A91FAA1F13962396AF962F96A92
:10277000B1FA81F1B962B96AC9B2CB4002FB03F385
:10278000FB631BE0224A7B6BB2FBF3F21F4B5968E1
:1027900047F6C0730B4047F6C0717961796991FAC9
:1027A000A1F139613969F961F969B1FA81F1B96168
:1027B000B969C9B2CB4002FB03F3FB63134B5B68FF
:1027C00003F440334FF440327A607A6892FAA2F20E
:1027D0003A603A68FA60FA68B2FA82F2BA60BA68A5
:1027E000D2B2D34001335B003B63FA6B3B6BB2FB6D
:1027F000F3F3BB6302E0064BBB6300BFBB6B184641
:102800004437BD465DF8047B704700BF0038024086
:102810000024F40040787D0180B584B000AFFFF75C
:102820006BFF01460F4B9B6803F0F003F0227A60C8
:102830007A6892FAA2F23A603A68FA60FA68B2FAF2
:1028400082F2BA60BA68D2B2D340074AD35C21FAA6
:1028500003F3064A1360054B1B6818461037BD4644
:1028600080BD00BF00380240DCF1000800000020FD
:1028700080B584B000AFFFF7CFFF01460D4B9B68DA
:1028800003F4E0534FF4E0527A607A6892FAA2F2CD
:102890003A603A68FA60FA68B2FA82F2BA60BA68E4
:1028A000D2B2D340044AD35C21FA03F3184610375E
:1028B000BD4680BD00380240DCF1000880B584B020
:1028C00000AFFFF7A9FF01460D4B9B6803F460437F
:1028D0004FF460427A607A6892FAA2F23A603A68FB
:1028E000FA60FA68B2FA82F2BA60BA68D2B2D34039
:1028F000044AD35C21FA03F318461037BD4680BD65
:1029000000380240DCF1000880B582B000AF78608A
:102910007B68002B01D1012337E07B6893F83930C5
:10292000DBB2002B02D1786803F0AAFD7B6802229B
:1029300083F839207B681B68DA687B681B6822F49F
:102940000052DA60786800F05DFC7B681B681A69E9
:102950007B681B6822F490421A617B681B685A6985
:102960007B681B6822F02A025A617B681B68DA6860
:102970007B681B6842F40052DA607B680022DA63ED
:102980007B68012283F83920002318460837BD46AA
:1029900080BD80B586B000AFF860B9603B6013467B
:1029A000FB8000237B61FB6893F83930DBB27B61ED
:1029B0007B69012B03D07B69222B40F08E80BB68A2
:1029C000002B02D0FB88002B01D1012386E0FB689D
:1029D00093F83830012B01D102237FE0FB680122FC
:1029E00083F83820FB680022DA63FB6893F83930FB
:1029F000DBB2222B04D1FB68322283F8392003E0BA
:102A0000FB68122283F83920FB68FA889A84FB68F5
:102A1000FA88DA843DE0FB68DB8C013B9AB2FB6804
:102A2000DA84FB689B68B3F5805F20D13B680022A5
:102A30008021F86800F029FA0346002B01D0032317
:102A40004CE0BB683B613B691B881A46FB681B680E
:102A5000C2F308025A60FB681B69002B03D1BB68F4
:102A60000233BB6015E0BB680133BB6011E03B681B
:102A700000228021F86800F008FA0346002B01D0FC
:102A800003232BE0BB685A1CBA601A78FB681B68EA
:102A90005A60FB68DB8C002BBDD13B6800224021D3
:102AA000F86800F0F2F90346002B01D0032315E08B
:102AB000FB6893F83930DBB2322B04D1FB68222259
:102AC00083F8392003E0FB68012283F83920FB6892
:102AD000002283F83820002300E00223184618372C
:102AE000BD4680BD80B586B000AFF860B9603B6080
:102AF0001346FB8000237B61FB6893F83930DBB21F
:102B00007B617B69012B03D07B69122B40F09D8098
:102B1000BB68002B02D0FB88002B01D1012395E07C
:102B2000FB6893F83830012B01D102238EE0FB685B
:102B3000012283F83820FB680022DA63FB6893F8EF
:102B40003930DBB2122B04D1FB68322283F83920F2
:102B500003E0FB68222283F83920FB68FA889A8513
:102B6000FB68FA88DA8557E0FB68DB8D013B9AB297
:102B7000FB68DA85FB689B68B3F5805F29D13B6809
:102B800000222021F86800F080F90346002B01D0D4
:102B900003235BE0BB683B61FB681B69002B0CD126
:102BA000FB681B685B689BB2C3F308039AB23B697E
:102BB0001A80BB680233BB602EE0FB681B685B6851
:102BC0009BB2DBB29AB23B691A80BB680133BB602F
:102BD00022E03B6800222021F86800F056F9034605
:102BE000002B01D0032331E0FB681B69002B08D1C7
:102BF000FB681B685968BB685A1CBA60CAB21A7075
:102C00000AE0FB681B685B68DAB2BB68591CB960F4
:102C100002F07F02D2B21A70FB68DB8D002BA3D1C9
:102C2000FB6893F83930DBB2322B04D1FB681222F7
:102C300083F8392003E0FB68012283F83920FB6820
:102C4000002283F83820002300E0022318461837BA
:102C5000BD4680BD80B588B000AF78600023FB61C1
:102C60000023BB617B681B681B6803F00103012B19
:102C70000CBF01230023DBB2FB617B681B68DB68B0
:102C800003F48073BB61FB69002B11D0BB69002B7F
:102C90000ED07B681B681B687B617B681B685B6868
:102CA0007B617B697B68DB6B43F001027B68DA63E5
:102CB0007B681B681B6803F00203022B0CBF012317
:102CC0000023DBB2FB617B681B685B6903F00103D7
:102CD000BB61FB69002B11D0BB69002B0ED07B6858
:102CE0001B681B683B617B681B685B683B613B69D9
:102CF0007B68DB6B43F004027B68DA637B681B68EC
:102D00001B6803F00403042B0CBF01230023DBB278
:102D1000FB617B681B685B6903F00103BB61FB69B6
:102D2000002B11D0BB69002B0ED07B681B681B6881
:102D3000FB607B681B685B68FB60FB687B68DB6B28
:102D400043F002027B68DA637B681B681B6803F050
:102D50000803082B0CBF01230023DBB2FB617B6857
:102D60001B685B6903F00103BB61FB69002B11D099
:102D7000BB69002B0ED07B681B681B68BB607B683F
:102D80001B685B68BB60BB687B68DB6B43F0080259
:102D90007B68DA637B681B681B6803F02003202BC9
:102DA0000CBF01230023DBB2FB617B681B68DB687F
:102DB00003F02003BB61FB69002B05D0BB69002B2E
:102DC00002D0786800F08AF97B681B681B6803F002
:102DD0008003802B0CBF01230023DBB2FB617B68E7
:102DE0001B68DB6803F08003BB61FB69002B05D027
:102DF000BB69002B02D0786800F0E0F87B681B68A4
:102E00001B6803F04003402B0CBF01230023DBB2FF
:102E1000FB617B681B68DB6803F04003BB61FB69F7
:102E2000002B05D0BB69002B02D0786800F023F995
:102E30007B68DB6B002B06D07B68012283F839208E
:102E4000786800F018F800BF2037BD4680BD80B418
:102E500083B000AF786000BF0C37BD465DF8047BDF
:102E6000704780B483B000AF786000BF0C37BD46B8
:102E70005DF8047B704780B483B000AF786000BF1A
:102E80000C37BD465DF8047B704780B586B000AF57
:102E9000F860B9603B601346FB7100237B61FEF76D
:102EA00029FD7861FB79002B7BD138E03B68B3F1D9
:102EB000FF3F34D03B68002B07D0FEF71BFD0246D6
:102EC0007B69D31A3A689A4229D2FB681B68DA6890
:102ED000FB681B6822F08002DA60FB681B68DA6816
:102EE000FB681B6822F02002DA60FB681B68DA6866
:102EF000FB681B6822F48072DA60FB681B685A6901
:102F0000FB681B6822F001025A61FB68012283F80A
:102F10003920FB68002283F8382003234AE0FB684D
:102F20001B681A68BB681340BA689A42BED140E079
:102F30003B68B3F1FF3F34D03B68002B07D0FEF76E
:102F4000D9FC02467B69D31A3A689A4229D2FB68B7
:102F50001B68DA68FB681B6822F08002DA60FB6895
:102F60001B68DA68FB681B6822F02002DA60FB68E5
:102F70001B68DA68FB681B6822F48072DA60FB6801
:102F80001B685A69FB681B6822F001025A61FB68E2
:102F9000012283F83920FB68002283F838200323BC
:102FA00008E0FB681B681A68BB681340BA689A425D
:102FB000BED0002318461837BD4680BD80B485B00A
:102FC00000AF78600023FB607B6893F83930DBB298
:102FD000FB60FB68122B02D0FB68322B44D17B686C
:102FE0009B68B3F5805F1AD17B681B6ABB60BB68C6
:102FF0001B881A467B681B68C2F308025A607B680C
:103000001B69002B05D17B681B6A9A1C7B681A62BE
:103010000EE07B681B6A5A1C7B681A6208E07B68BA
:103020001B6A591C7A6811621A787B681B685A609F
:103030007B68DB8C013B9AB27B68DA847B68DB8C33
:10304000002B0FD17B681B68DA687B681B6822F055
:103050008002DA607B681B68DA687B681B6842F074
:103060004002DA60002300E0022318461437BD4610
:103070005DF8047B704780B582B000AF78607B68F4
:103080001B68DA687B681B6822F04002DA607B68A4
:1030900093F83930DBB2322B04D17B68222283F8DB
:1030A000392013E07B681B68DA687B681B6822F4B0
:1030B0008072DA607B681B685A697B681B6822F043
:1030C00001025A617B68012283F839207868FFF792
:1030D000BEFE002318460837BD4680BD80B584B0CB
:1030E00000AF78600023FB607B6893F83930DBB277
:1030F000FB60FB68222B02D0FB68322B7CD17B6803
:103100009B68B3F5805F23D17B689B6ABB607B685B
:103110001B69002B0ED17B681B685B689BB2C3F3F5
:1031200008039AB2BB681A807B689B6A9A1C7B680A
:103130009A6229E07B681B685B689BB2DBB29AB23B
:10314000BB681A807B689B6A5A1C7B689A621BE08A
:103150007B681B69002B0AD17B681B6858687B68F9
:103160009B6A591C7A689162C2B21A700CE07B6843
:103170001B685B68DAB27B689B6A581C7968886256
:1031800002F07F02D2B21A707B68DB8D013B9AB2EB
:103190007B68DA857B68DB8D002B2BD17B681B6815
:1031A000DA687B681B6822F02002DA607B6893F89B
:1031B0003930DBB2322B04D17B68122283F83920FC
:1031C00013E07B681B68DA687B681B6822F48072F6
:1031D000DA607B681B685A697B681B6822F0010211
:1031E0005A617B68012283F839207868FFF739FE3D
:1031F000002302E0002300E0022318461037BD46FA
:1032000080BD0000B0B584B000AF78600023FB60E3
:103210007B681B681B69FB60FB6823F44053FB6001
:103220007B68DB68FA681343FB607B681B68FA689D
:103230001A617B681B68DB68FB60FB6823F416433C
:1032400023F00C03FB607B689A687B681B691A4358
:103250007B685B691A437B68DB691343FA68134335
:10326000FB607B681B68FA68DA607B681B685B69D7
:10327000FB60FB6823F44073FB607B689B69FA6822
:103280001343FB607B681B68FA685A617B68DB69E3
:10329000B3F5004F40F08C807B681B688C4A9342EA
:1032A00004D07B681B688B4A934240D1FFF706FB32
:1032B000024613469B0013449A001A447B685B68DD
:1032C0005B00B2FBF3F3844AA2FB03235B091C01FE
:1032D000FFF7F4FA024613469B0013449A001A447F
:1032E0007B685B685B00B2FBF3F5FFF7E7FA024629
:1032F00013469B0013449A001A447B685B685B008A
:10330000B2FBF3F3744AA2FB03235B09642202FBC2
:1033100003F3EB1A1B0132336F4AA2FB03235B0951
:1033200003F00F027B681B6822439A60CCE0FFF732
:103330009FFA024613469B0013449A001A447B6886
:103340005B685B00B2FBF3F3634AA2FB03235B09F8
:103350001C01FFF78DFA024613469B0013449A00A6
:103360001A447B685B685B00B2FBF3F5FFF780FAF9
:10337000024613469B0013449A001A447B685B681C
:103380005B00B2FBF3F3544AA2FB03235B09642204
:1033900002FB03F3EB1A1B0132334F4AA2FB032358
:1033A0005B0903F00F027B681B6822439A608BE085
:1033B0007B681B68464A934204D07B681B68454A79
:1033C000934240D1FFF77AFA024613469B0013441A
:1033D0009A001A447B685B689B00B2FBF3F33E4A99
:1033E000A2FB03235B091C01FFF768FA02461346A0
:1033F0009B0013449A001A447B685B689B00B2FBF5
:10340000F3F5FFF75BFA024613469B0013449A005C
:103410001A447B685B689B00B2FBF3F32E4AA2FB65
:1034200003235B09642202FB03F3EB1A1B01323313
:10343000294AA2FB03235B0903F00F027B681B6888
:1034400022439A6040E0FFF713FA024613469B00BE
:1034500013449A001A447B685B689B00B2FBF3F349
:103460001D4AA2FB03235B091C01FFF701FA024678
:1034700013469B0013449A001A447B685B689B00C8
:10348000B2FBF3F5FFF7F4F9024613469B00134431
:103490009A001A447B685B689B00B2FBF3F30E4A08
:1034A000A2FB03235B09642202FB03F3EB1A1B015B
:1034B0003233094AA2FB03235B0903F00F027B6846
:1034C0001B6822439A60FFE700BF1037BD46B0BDBE
:1034D00000100140001401401F85EB5180B483B0FF
:1034E00000AF78607B6803F108027B685A607B68F4
:1034F0004FF0FF329A607B6803F108027B68DA6064
:103500007B6803F108027B681A617B6800221A60FD
:1035100000BF0C37BD465DF8047B704780B483B0B4
:1035200000AF78607B6800221A6100BF0C37BD468F
:103530005DF8047B704780B485B000AF7860396077
:103540007B685B68FB603B68FA685A60FB689A6856
:103550003B689A60FB689B683A685A60FB683A6807
:103560009A603B687A681A617B681B685A1C7B68A2
:103570001A6000BF1437BD465DF8047B704780B405
:1035800085B000AF786039603B681B68BB60BB6882
:10359000B3F1FF3F03D17B681B69FB600CE07B68E4
:1035A0000833FB6002E0FB685B68FB60FB685B68FC
:1035B0001B68BA689A42F6D2FB685A683B685A6040
:1035C0003B685B683A689A603B68FA689A60FB6897
:1035D0003A685A603B687A681A617B681B685A1CB3
:1035E0007B681A6000BF1437BD465DF8047B7047E6
:1035F00080B485B000AF78607B681B69FB607B6836
:103600005B687A6892689A607B689B687A6852689F
:103610005A60FB685B687A689A4203D17B689A6853
:10362000FB685A607B6800221A61FB681B685A1E9F
:10363000FB681A60FB681B6818461437BD465DF8C6
:10364000047B704780B485B000AFF860B9607A60E1
:10365000FB68043BFB60FB684FF080721A60FB68FC
:10366000043BFB60BB6823F00102FB681A60FB6847
:10367000043BFB600C4AFB681A60FB68143BFB6070
:103680007A68FB681A60FB68043BFB60FB686FF0BC
:1036900002021A60FB68203BFB60FB681846143787
:1036A000BD465DF8047B7047AD36000880B485B038
:1036B00000AF00237B60124B1B68B3F1FF3F0AD0C1
:1036C0004FF0500383F31188BFF36F8FBFF34F8F19
:1036D000FB6000BFFEE74FF0500383F31188BFF398
:1036E0006F8FBFF34F8FBB6000BF00BF7B68002BA5
:1036F000FCD000BF00BF1437BD465DF8047B7047A7
:103700000400002000000000000000000000000095
:10371000074B19680868B0E8F04F80F30988BFF3D9
:103720006F8F4FF0000080F311887047AFF3008077
:10373000A036012000BF00BF08480068006880F381
:1037400008884FF0000080F3148862B661B6BFF3BA
:103750004F8FBFF36F8F00DF00BF000008ED00E068
:1037600000BF00BF80B586B000AF464B1B68464A1D
:1037700093420AD14FF0500383F31188BFF36F8F48
:10378000BFF34F8F3B6100BFFEE73E4B1B683F4AD4
:1037900093420AD14FF0500383F31188BFF36F8F28
:1037A000BFF34F8FFB6000BFFEE7394B7B617B6946
:1037B0001B78DBB27B607B69FF221A707B691B7808
:1037C000DBB2FB70FB78DBB203F05003DAB2314BB3
:1037D0001A70314B07221A6009E02F4B1B68013B1E
:1037E0002D4A1360FB78DBB25B00DBB2FB70FB7829
:1037F000DBB203F08003802BEFD0274B1B68C3F1B3
:103800000703042B0AD04FF0500383F31188BFF352
:103810006F8FBFF34F8FBB6000BFFEE71E4B1B686F
:103820001B021D4A13601C4B1B6803F4E0631A4A19
:1038300013607B68DAB27B691A70184B1B68174AF1
:1038400043F470031360154B1B68144A43F0704334
:10385000136000F0DBF8124B00221A6000F0FAF857
:10386000104B1B680F4A43F040431360FFF764FF9F
:1038700001F036FDFFF71AFF002318461837BD4642
:1038800080BD00BF00ED00E071C20F4170C20F416A
:1038900000E400E03C0A0020400A002020ED00E0A7
:1038A0000400002034EF00E080B483B000AF4FF09C
:1038B000500383F31188BFF36F8FBFF34F8F7B608B
:1038C00000BF0F4B1B6801330D4A13600C4B1B6884
:1038D000012B0FD10B4B1B68DBB2002B0AD04FF032
:1038E000500383F31188BFF36F8FBFF34F8F3B609B
:1038F00000BFFEE700BF0C37BD465DF8047B704794
:103900000400002004ED00E080B483B000AF124B4F
:103910001B68002B0AD14FF0500383F31188BFF3CB
:103920006F8FBFF34F8F7B6000BFFEE70A4B1B68B2
:10393000013B094A1360084B1B68002B05D100238B
:103940003B603B6883F3118800BF00BF0C37BD4666
:103950005DF8047B704700BF0400002000000000F9
:10396000EFF30980BFF36F8F154B1A681EF0100F2D
:1039700008BF20ED108A20E9F04F10602DE9090002
:103980004FF0500080F31188BFF34F8FBFF36F8F5C
:1039900001F0A6FC4FF0000080F3118809BC196803
:1039A0000868B0E8F04F1EF0100F08BFB0EC108AA6
:1039B00080F30988BFF36F8F704700BFAFF30080BB
:1039C000A036012000BF00BF80B582B000AF4FF02D
:1039D000500383F31188BFF36F8FBFF34F8F7B606A
:1039E00000BF01F067FB0346002B03D0064B4FF0EE
:1039F00080521A6000233B603B6883F3118800BF4C
:103A000000BF0837BD4680BD04ED00E080B400AFC4
:103A10000B4B00221A600B4B00221A600A4B1B68EA
:103A20000A4AA2FB03239B09094A013B1360044B8A
:103A300007221A6000BFBD465DF8047B704700BFD7
:103A400010E000E018E000E000000020D34D62101C
:103A500014E000E0DFF80C00016841F4700101603F
:103A60007047000088ED00E000BF00BF80B58AB05D
:103A700000AF78600023FB6101F002FA534B1B6832
:103A8000002B01D100F008F97B68002B12D008222E
:103A90007B6803F00703D31A0833BB61BB69DB43C0
:103AA0007A689A4204D87A68BB6913447B6001E063
:103AB00000237B607B68002B70DB7B68002B6DD064
:103AC000434B1B687A689A4268D8424B3B62414B31
:103AD0001B687B6204E07B6A3B627B6A1B687B62DB
:103AE0007B6A5B687A689A4203D97B6A1B68002B01
:103AF000F1D1364B1B687A6A9A424FD03B6A1B68F9
:103B000008221344FB617B6A1A683B6A1A607B6A6D
:103B10005A687B68D21A08235B009A421FD97A6AD6
:103B20007B6813447B617B6903F00703002B0AD099
:103B30004FF0500383F31188BFF36F8FBFF34F8FA4
:103B40003B6100BFFEE77B6A5A687B68D21A7B69DB
:103B50005A607B6A7A685A60786900F0F9F81C4B01
:103B60001A687B6A5B68D31A194A1360184B1A6883
:103B7000194B1B689A4203D2154B1B68164A1360F7
:103B80007B6A5B6843F000427B6A5A607B6A002272
:103B90001A60124B1B680133104A136001F07EF962
:103BA000FB6903F00703002B0AD04FF0500383F3A7
:103BB0001188BFF36F8FBFF34F8FFB6000BFFEE72D
:103BC000FB6918462837BD4680BD00BF4C36012032
:103BD0005036012044360120543601205836012049
:103BE00080B586B000AF78607B687B617B68002B16
:103BF00049D008235B427A6913447B617B693B614E
:103C00003B695B68002B0ADB4FF0500383F311889C
:103C1000BFF36F8FBFF34F8FFB6000BFFEE73B69C1
:103C20001B68002B0AD04FF0500383F31188BFF3B9
:103C30006F8FBFF34F8FBB6000BFFEE73B695B68D0
:103C4000DB0F03F00103DBB2002B1CD03B691B68C8
:103C5000002B18D13B695B6823F000423B695A6036
:103C600001F00EF93B695A68094B1B681344084A76
:103C70001360386900F06CF8064B1B680133054A85
:103C8000136001F00BF900BF1837BD4680BD00BFBF
:103C9000503601205C36012080B485B000AF4FF46F
:103CA0009633BB60254BFB60FB6803F00703002BDA
:103CB0000CD0FB680733FB60FB6823F00703FB6055
:103CC000BA68FB68D31A1D4A1344BB60FB687B606B
:103CD0001B4A7B6813601A4B00225A607B68BA68E3
:103CE0001344FB600822FB689B1AFB60FB6823F00F
:103CF0000703FB60FB68134A1360124B1B6800222A
:103D00005A60104B1B6800221A607B683B603B685E
:103D1000FA68D21A3B685A600A4B1A683B681A6004
:103D20003B685B68084A13603B685B68074A13603E
:103D300000BF1437BD465DF8047B7047440A00207D
:103D4000443601204C3601205436012050360120E3
:103D500080B485B000AF7860284BFB6002E0FB6860
:103D60001B68FB60FB681B687A689A42F7D8FB689F
:103D7000BB60FB685B68BA6813447A689A4208D1F2
:103D8000FB685A687B685B681A44FB685A60FB688A
:103D90007B607B68BB607B685B68BA681A44FB68C1
:103DA0001B689A4218D1FB681A68154B1B689A4227
:103DB0000DD07B685A68FB681B685B681A447B6897
:103DC0005A60FB681B681A687B681A6008E00C4B35
:103DD0001A687B681A6003E0FB681A687B681A60DF
:103DE000FA687B689A4202D0FB687A681A6000BF62
:103DF0001437BD465DF8047B704700BF4436012090
:103E00004C36012080B586B000AF78603960012360
:103E10007B617B683B613B69002B0AD14FF050030B
:103E200083F31188BFF36F8FBFF34F8FFB6000BF29
:103E3000FEE73B69002B5DD03B69DB6B002B59D063
:103E40003B691A6C3B69DB6B0021A3FB0223002B4F
:103E500000D001210B46002B4CD1FFF725FD3B691B
:103E60001A683B69DB6B3969096C01FB03F31A447F
:103E70003B699A603B6900229A633B691A683B6917
:103E80005A603B691A683B69DB6B013B3969096C15
:103E900001FB03F31A443B69DA603B69FF2283F8B4
:103EA00044203B69FF2283F845203B68002B14D156
:103EB0003B691B69002B1AD03B691033184601F08F
:103EC000D5FA0346002B12D0154B4FF080521A60E2
:103ED000BFF34F8FBFF36F8F09E03B691033184674
:103EE000FFF7FCFA3B6924331846FFF7F7FAFFF7B0
:103EF0000BFD01E000237B617B69002B0AD14FF0B1
:103F0000500383F31188BFF36F8FBFF34F8FBB60F4
:103F100000BFFEE77B6918461837BD4680BD00BF6D
:103F200004ED00E080B58AB002AFF860B9601346D6
:103F3000FB710023FB61FB68002B2ED00021BA68C7
:103F4000FB68A3FB0223002B00D001210B46002BB2
:103F500023D1FB68BA6802FB03F313F1510F1CD89D
:103F6000FB68BA6802FB03F3BB61BB6950331846B8
:103F7000FFF77CFDF861FB69002B1CD0FB697B61BE
:103F80007B6950337B61FA79FB69009313467A6948
:103F9000B968F86800F014F80DE0FB69002B0AD14D
:103FA0004FF0500383F31188BFF36F8FBFF34F8F30
:103FB0003B6100BFFEE7FB6918462037BD4680BD68
:103FC00080B584B000AFF860B9607A60FB70BB6800
:103FD000002B03D1BB69BA691A6002E0BB697A6839
:103FE0001A60BB69FA68DA63BB69BA681A640121AE
:103FF000B869FFF707FFBB69FA7883F84C2000BF68
:104000001037BD4680BD80B582B000AF78607B6858
:10401000002B0ED07B6800229A607B6800221A6019
:104020007B680022DA60002300220021786800F01B
:104030001DF800BF0837BD4680BD80B586B000AF13
:104040000346FB7101237B6100233B61FB791A4628
:1040500039697869FFF766FFF860F868FFF7D3FF02
:10406000FB6818461837BD4680BD000080B58EB08D
:1040700000AFF860B9607A603B6000237B63FB6847
:104080003B633B6B002B0AD14FF0500383F3118845
:10409000BFF36F8FBFF34F8FBB6200BFFEE7BB68FC
:1040A000002B03D13B6B1B6C002B01D1012300E0E3
:1040B0000023002B0AD14FF0500383F31188BFF384
:1040C0006F8FBFF34F8F7B6200BFFEE73B68022B11
:1040D00003D13B6BDB6B012B01D1012300E00023FB
:1040E000002B0AD14FF0500383F31188BFF36F8F79
:1040F000BFF34F8F3B6200BFFEE701F0C7FB0346F3
:10410000002B02D17B68002B01D1012300E00023AA
:10411000002B0AD14FF0500383F31188BFF36F8F48
:10412000BFF34F8FFB6100BFFEE7FFF7BDFB3B6BAB
:104130009A6B3B6BDB6B9A4202D33B68022B29D113
:104140003A68B968386B00F085FAF8623B6B5B6AD5
:10415000002B10D03B6B2433184601F087F903463F
:10416000002B13D03F4B4FF080521A60BFF34F8F9C
:10417000BFF36F8F0AE0FB6A002B07D0394B4FF07B
:1041800080521A60BFF34F8FBFF36F8FFFF7BCFBF6
:10419000012363E07B68002B03D1FFF7B5FB00230D
:1041A0005CE07B6B002B06D107F11403184601F08D
:1041B00033FA01237B63FFF7A7FB00F061FEFFF7F3
:1041C00073FB3B6B93F844305BB2B3F1FF3F03D119
:1041D0003B6B002283F844203B6B93F845305BB285
:1041E000B3F1FF3F03D13B6B002283F84520FFF77B
:1041F0008BFB3A1D07F114031146184601F022FA11
:104200000346002B24D1386B00F01CFB0346002B27
:1042100018D03B6B10337A681146184601F0BCF891
:10422000386B00F0A7FA00F039FE0346002B7FF44C
:104230007CAF0C4B4FF080521A60BFF34F8FBFF32F
:104240006F8F72E7386B00F095FA00F027FE6CE78D
:10425000386B00F08FFA00F021FE00231846383743
:10426000BD4680BD04ED00E080B58CB000AFF860C5
:10427000B9607A600023FB62FB68BB62BB6A002BFB
:104280000AD14FF0500383F31188BFF36F8FBFF350
:104290004F8F3B6200BFFEE7BB68002B03D1BB6AB8
:1042A0001B6C002B01D1012300E00023002B0AD15D
:1042B0004FF0500383F31188BFF36F8FBFF34F8F1D
:1042C000FB6100BFFEE701F0E1FA0346002B02D1DB
:1042D0007B68002B01D1012300E00023002B0AD1D1
:1042E0004FF0500383F31188BFF36F8FBFF34F8FED
:1042F000BB6100BFFEE7FFF7D7FABB6A9B6B7B622F
:104300007B6A002B1FD0B968B86A00F00DFA7B6A8F
:104310005A1EBB6A9A63BB6A1B69002B0FD0BB6A2B
:104320001033184601F0A2F80346002B07D03D4B8E
:104330004FF080521A60BFF34F8FBFF36F8FFFF7BC
:10434000E3FA012369E07B68002B03D1FFF7DCFA75
:10435000002362E0FB6A002B06D107F11003184628
:1043600001F05AF90123FB62FFF7CEFA00F088FD55
:10437000FFF79AFABB6A93F844305BB2B3F1FF3FA0
:1043800003D1BB6A002283F84420BB6A93F845300E
:104390005BB2B3F1FF3F03D1BB6A002283F8452033
:1043A000FFF7B2FA3A1D07F110031146184601F063
:1043B00049F90346002B23D1B86A00F02DFA0346D1
:1043C000002B17D0BB6A24337A681146184600F0D8
:1043D000E3FFB86A00F0CEF900F060FD0346002B61
:1043E00089D1104B4FF080521A60BFF34F8FBFF34B
:1043F0006F8F80E7B86A00F0BDF900F04FFD7AE7F3
:10440000B86A00F0B7F900F049FDB86A00F004FAA4
:104410000346002B3FF46FAF002318463037BD46EC
:1044200080BD00BF04ED00E080B58CB000AF7860C7
:1044300039600023FB627B687B620023BB627B6A7E
:10444000002B0AD14FF0500383F31188BFF36F8F15
:10445000BFF34F8FBB6100BFFEE77B6A1B6C002B75
:104460000AD04FF0500383F31188BFF36F8FBFF36F
:104470004F8F7B6100BFFEE701F008FA0346002B77
:1044800002D13B68002B01D1012300E00023002B67
:104490000AD14FF0500383F31188BFF36F8FBFF33E
:1044A0004F8F3B6100BFFEE7FFF7FEF97B6A9B6B16
:1044B0003B623B6A002B24D03B6A5A1E7B6A9A639C
:1044C0007B6A1B68002B04D101F0F8FB02467B6A73
:1044D0009A607B6A1B69002B0FD07B6A10331846E9
:1044E00000F0C4FF0346002B07D04D4B4FF0805225
:1044F0001A60BFF34F8FBFF36F8FFFF705FA0123E9
:1045000089E03B68002B03D1FFF7FEF9002382E02E
:10451000FB6A002B06D107F10803184601F07CF86E
:104520000123FB62FFF7F0F900F0AAFCFFF7BCF9EA
:104530007B6A93F844305BB2B3F1FF3F03D17B6AEF
:10454000002283F844207B6A93F845305BB2B3F1D4
:10455000FF3F03D17B6A002283F84520FFF7D4F99F
:104560003A4607F108031146184601F06BF8034676
:10457000002B32D1786A00F04FF90346002B26D089
:104580007B6A1B68002B09D1FFF78EF97B6A9B6859
:10459000184601F099F9B862FFF7B6F97B6A24333F
:1045A0003A681146184600F0F7FE786A00F0E2F823
:1045B00000F074FC0346002B7FF476AF184B4FF0ED
:1045C00080521A60BFF34F8FBFF36F8F6CE7786A2A
:1045D00000F0D0F800F062FC66E7786A00F0CAF8F4
:1045E00000F05CFC786A00F017F90346002B3FF4FA
:1045F0005BAFBB6A002B0DD0FFF756F9786A00F06D
:1046000011F8F8617B6A9B68F969184601F09EFA17
:10461000FFF77AF9002318463037BD4680BD00BF4A
:1046200004ED00E080B485B000AF78607B685B6A21
:10463000002B06D07B681B6B1B68C3F10503FB6076
:1046400001E00023FB60FB6818461437BD465DF8A7
:10465000047B704780B586B000AFF860B9607A60BF
:1046600000237B61FB689B6B3B61FB681B6C002B31
:104670000DD1FB681B68002B4DD1FB689B68184669
:1046800001F0C0F97861FB6800229A6043E07B6822
:10469000002B19D1FB685868FB681B6C1A46B96877
:1046A000FCF77CF9FB685A68FB681B6C1A44FB68D2
:1046B0005A60FB685A68FB689B689A422BD3FB6878
:1046C0001A68FB685A6026E0FB68D868FB681B6CB8
:1046D0001A46B968FCF762F9FB68DA68FB681B6C7C
:1046E0005B421A44FB68DA60FB68DA68FB681B68A7
:1046F0009A4207D2FB689A68FB681B6C5B421A44BB
:10470000FB68DA607B68022B05D13B69002B02D085
:104710003B69013B3B613B695A1CFB689A637B69BF
:1047200018461837BD4680BD80B582B000AF7860AE
:1047300039607B681B6C002B18D07B68DA687B685B
:104740001B6C1A447B68DA607B68DA687B689B685C
:104750009A4203D37B681A687B68DA607B68D96801
:104760007B681B6C1A463868FCF718F900BF0837DD
:10477000BD4680BD80B584B000AF7860FFF794F887
:104780007B6893F84530FB7311E07B685B6A002B14
:1047900012D07B682433184600F068FE0346002BD5
:1047A00001D000F0B5FFFB7B013BDBB2FB7397F957
:1047B0000F30002BE9DC00E000BF7B68FF2283F8AC
:1047C0004520FFF7A1F8FFF76FF87B6893F84430B6
:1047D000BB7311E07B681B69002B12D07B68103320
:1047E000184600F043FE0346002B01D000F090FF76
:1047F000BB7B013BDBB2BB7397F90E30002BE9DCCE
:1048000000E000BF7B68FF2283F84420FFF77CF8BC
:1048100000BF1037BD4680BD80B584B000AF786062
:10482000FFF742F87B689B6B002B02D10123FB60F2
:1048300001E00023FB60FFF767F8FB6818461037BC
:10484000BD4680BD80B584B000AF7860FFF72CF81E
:104850007B689A6B7B68DB6B9A4202D10123FB6019
:1048600001E00023FB60FFF74FF8FB6818461037A4
:10487000BD4680BD80B487B000AF7860396000234A
:104880003B617B68002B0AD14FF0500383F3118802
:10489000BFF36F8FBFF34F8FFB6000BFFEE73B6836
:1048A000002B24D000237B611EE0184A7B69DB00CB
:1048B00013445B687A689A4205D17B69DB00134A2E
:1048C00013443B6113E03B69002B0AD10F4A7B691B
:1048D00052F83330002B04D17B69DB000B4A1344C0
:1048E0003B617B6901337B617B69072BDDD93B69C8
:1048F000002B05D03B693A681A603B697A685A60B8
:1049000000BF1C37BD465DF8047B70476036012050
:1049100080B586B000AFF860B9607A60FB687B61F3
:10492000FEF7C2FF7B6993F844305BB2B3F1FF3FFF
:1049300003D17B69002283F844207B6993F84530DA
:104940005BB2B3F1FF3F03D17B69002283F84520BE
:10495000FEF7DAFF7B699B6B002B06D17B69243362
:104960007A68B968184600F03BFD7869FFF702FFE6
:1049700000BF1837BD4680BD80B58CB004AFF8606D
:10498000B9603B601346FB80FB889B001846FFF72D
:104990006DF878617B69002B13D05820FFF766F81B
:1049A000F861FB69002B08D058220021F86904F057
:1049B00001FAFB697A691A6305E07869FFF710F973
:1049C00001E00023FB61FB69002B13D0FA88002370
:1049D0000393FB690293FB6A0193BB6A00933B68F4
:1049E000B968F86800F00EF8F86900F099F801234A
:1049F000BB6102E04FF0FF33BB61BB691846203753
:104A0000BD4680BD80B588B000AFF860B9607A60FF
:104A10003B603B6B186B7B689B001A46A52104F03A
:104A2000C9F93B6B1A6B7B6803F18043013B9B0028
:104A30001344BB61BB6923F00703BB61BB6903F08F
:104A40000703002B0AD04FF0500383F31188BFF304
:104A50006F8FBFF34F8F7B6100BFFEE7BB68002BFA
:104A60001ED00023FB6112E0BA68FB691344197879
:104A70003A6BFB69134434330A461A70BA68FB690F
:104A800013441B78002B06D0FB690133FB61FB69E3
:104A9000092BE9D900E000BF3B6B002283F83D20E1
:104AA000BB6A042B0AD94FF0500383F31188BFF37C
:104AB0006F8FBFF34F8F3B6100BFFEE7BB6A042BD4
:104AC00001D90423BB623B6BBA6ADA623B6BBA6AF8
:104AD0009A643B6B04331846FEF720FD3B6B18339A
:104AE0001846FEF71BFD3B6B3A6B1A61BB6AC3F1BC
:104AF00005023B6B9A613B6B3A6B5A623A68F96804
:104B0000B869FEF79FFD02463B6B1A60FB6A002BFB
:104B100002D0FB6A3A6B1A6000BF2037BD4680BDE9
:104B200080B584B000AF7860FEF7BEFE404B1B68D6
:104B300001333F4A13603F4B1B68002B09D13D4AAC
:104B40007B6813603A4B1B68012B10D100F004FE08
:104B50000DE0394B1B68002B09D1364B1B68DA6A14
:104B60007B68DB6A9A4202D8324A7B681360334B17
:104B70001B680133314A1360304B1A687B681A6432
:104B80007B68DB6A01229A402D4B1B6813432C4A39
:104B900013607B68DA6A2B4913469B0013449B0021
:104BA0000B4404331B68FB607B68FA689A60FB68FF
:104BB0009A687B68DA60FB689B687A6804325A609E
:104BC0007B681A1DFB689A607B68DA6A13469B0053
:104BD00013449B001B4A1A447B685A617B68DA6A5B
:104BE000184913469B0013449B000B441B68591C37
:104BF000144813469B0013449B0003441960FEF7BE
:104C000083FE0D4B1B68002B0ED00A4B1B68DA6A23
:104C10007B68DB6A9A4207D20B4B4FF080521A60D6
:104C2000BFF34F8FBFF36F8F00BF1037BD4680BDFE
:104C300078370120A03601208437012094370120E5
:104C400080370120A436012004ED00E080B584B057
:104C500000AF7860FEF728FE7B68002B02D13B4B4B
:104C60001B6800E07B68FB60FB6804331846FEF7B6
:104C7000BFFC0346002B15D1FB68DA6A34491346A2
:104C80009B0013449B000B441B68002B0AD1FB685C
:104C9000DB6A012202FA03F3DA432E4B1B6813404E
:104CA0002C4A1360FB689B6A002B04D0FB68183306
:104CB0001846FEF79DFC284B1B680133264A1360FB
:104CC000224B1B68FA689A420BD1FB6804331946E1
:104CD0002248FEF730FC224B1B680133204A136048
:104CE00006E0204B1B68013B1E4A136000F0B2FD3A
:104CF000FEF70AFE154B1B68FA689A4202D0F86864
:104D000000F098FD184B1B68002B1BD00F4B1B6845
:104D1000FA689A4216D1154B1B68002B0AD04FF047
:104D2000500383F31188BFF36F8FBFF34F8FBB60C6
:104D300000BFFEE70E4B4FF080521A60BFF34F8F5B
:104D4000BFF36F8F00BF1037BD4680BDA036012076
:104D5000A436012080370120943701204C370120F0
:104D6000603701207837012084370120A0370120E7
:104D700004ED00E080B584B000AF78600023FB60F4
:104D80007B68002B17D0134B1B68002B0AD04FF009
:104D9000500383F31188BFF36F8FBFF34F8FBB6056
:104DA00000BFFEE700F06CF80021786800F09AFF81
:104DB00000F074F8F860FB68002B07D1064B4FF049
:104DC00080521A60BFF34F8FBFF36F8F00BF103751
:104DD000BD4680BDA037012004ED00E080B586B05F
:104DE00002AF204B019300230093002382221E492F
:104DF0001E48FFF7C1FDF860FB68012B02D100F0EF
:104E0000F1FFF860FB68012B16D14FF0500383F3DC
:104E10001188BFF36F8FBFF34F8FBB6000BF144B80
:104E20004FF0FF321A60134B01221A60124B00221E
:104E30001A60FEF797FC0EE0FB68B3F1FF3F0AD162
:104E40004FF0500383F31188BFF36F8FBFF34F8F81
:104E50007B6000BFFEE7094B1B6800BF1037BD46F3
:104E600080BD00BF9C37012080EE00082957000854
:104E700098370120843701207C370120080000206A
:104E800080B400AF044B1B680133034A136000BFBA
:104E9000BD465DF8047B7047A037012080B588B01F
:104EA00000AF0023FB610023BB61714B1B68002B2B
:104EB0000AD14FF0500383F31188BFF36F8FBFF314
:104EC0004F8F7B6000BFFEE7FEF7EEFC684B1B6870
:104ED000013B674A1360664B1B68002B40F0C080A3
:104EE000644B1B68002B00F0BB808AE0624BDB68E0
:104EF000DB68FB61FB699B6A3B61FB69DB69FA6903
:104F0000126A9A60FB691B6AFA69D2695A603B6946
:104F10005A68FB6918339A4203D1FB691A6A3B69E4
:104F20005A60FB6900229A623B691B685A1E3B6902
:104F30001A60FB695B69FB60FB699B68FA69D26870
:104F40009A60FB69DB68FA6992685A60FB685A6884
:104F5000FB6904339A4203D1FB69DA68FB685A6043
:104F6000FB6900225A61FB681B685A1EFB681A60C5
:104F7000FB69DB6A01229A40404B1B6813433F4A9E
:104F80001360FB69DA6A3E4913469B0013449B0099
:104F90000B4404331B68BB60FB69BA689A60BB684A
:104FA0009A68FB69DA60BB689B68FA6904325A60E8
:104FB000FB691A1DBB689A60FB69DA6A13469B009D
:104FC00013449B002E4A1A44FB695A61FB69DA6A52
:104FD0002B4913469B0013449B000B441B68591C30
:104FE000274813469B0013449B0003441960FB6948
:104FF000DA6A244B1B68DB6A9A4202D3224B0122F5
:105000001A601D4B1B68002B7FF470AFFB69002BEF
:1050100001D000F01FFC1D4B1B687B617B69002BDE
:1050200010D000F047F80346002B02D0164B0122A7
:105030001A607B69013B7B617B69002BF1D1134BCB
:1050400000221A60104B1B68002B09D00123BB61A2
:105050000F4B4FF080521A60BFF34F8FBFF36F8F2B
:10506000FEF752FCBB6918462037BD4680BD00BF25
:10507000A037012078370120383701208037012000
:10508000A4360120A03601208C370120883701206A
:1050900004ED00E080B483B000AF054B1B687B607B
:1050A0007B6818460C37BD465DF8047B704700BF2F
:1050B0007C37012080B58AB000AF00237B627D4B36
:1050C0001B68002B40F0EC807B4B1B6801333B627C
:1050D000794A3B6A13603B6A002B20D1774B1B68EF
:1050E0001B68002B0AD04FF0500383F31188BFF3E5
:1050F0006F8FBFF34F8F7B6000BFFEE76F4B1B6866
:10510000FB616F4B1B686D4A13606D4AFB6913604E
:105110006C4B1B6801336B4A136000F09BFB6A4BBE
:105120001B683A6A9A42C0F0A680644B1B681B68F1
:10513000002B04D1644B4FF0FF321A609BE05F4BB1
:105140001B68DB68DB68BB61BB695B687B613A6AD3
:105150007B699A4203D25C4A7B6913608BE0BB692E
:105160005B693B61BB699B68BA69D2689A60BB693D
:10517000DB68BA6992685A603B695A68BB69043354
:105180009A4203D1BB69DA683B695A60BB69002265
:105190005A613B691B685A1E3B691A60BB699B6A6E
:1051A000002B1ED0BB699B6AFB60BB69DB69BA69D7
:1051B000126A9A60BB691B6ABA69D2695A60FB6855
:1051C0005A68BB6918339A4203D1BB691A6AFB68F3
:1051D0005A60BB6900229A62FB681B685A1EFB6812
:1051E0001A60BB69DB6A01229A40384B1B68134383
:1051F000364A1360BB69DA6A354913469B0013448B
:105200009B000B4404331B68BB60BB69BA689A609F
:10521000BB689A68BB69DA60BB689B68BA6904328C
:105220005A60BB691A1DBB689A60BB69DA6A13468B
:105230009B0013449B00264A1A44BB695A61BB6910
:10524000DA6A234913469B0013449B000B441B68F6
:10525000591C1F4813469B0013449B0003441960CC
:10526000BB69DA6A1B4B1B68DB6A9A427FF65DAF4B
:1052700001237B6259E7174B1B68DA6A144913460E
:105280009B0013449B000B441B68012B01D9012395
:105290007B62114B1B68002B07D001237B6204E06B
:1052A0000E4B1B6801330D4A13607B6A1846283782
:1052B000BD4680BDA03701207C370120303701205A
:1052C00034370120903701209837012080370120A2
:1052D000A4360120A03601208C3701208837012018
:1052E00080B487B000AF274B1B68002B03D0264B40
:1052F00001221A603FE0244B00221A60234B1B68F6
:10530000FB60FB68B3FA83F3FB72FB7AC3F11F0304
:105310007B611F497A6913469B0013449B000B4431
:105320001B68002B0AD14FF0500383F31188BFF3A1
:105330006F8FBFF34F8F7B6000BFFEE77A69134624
:105340009B0013449B00124A13443B613B695B681A
:105350005A683B695A603B695A683B6908339A420C
:1053600004D13B695B685A683B695A603B695B687A
:10537000DB68084A136000BF1C37BD465DF8047B3C
:10538000704700BFA03701208C37012080370120F3
:10539000A4360120A036012080B584B000AF78602B
:1053A00039607B68002B0AD14FF0500383F31188DA
:1053B000BFF36F8FBFF34F8FFB6000BFFEE7074B5C
:1053C0001B68183319467868FEF7D9F80121386848
:1053D00000F088FC00BF1037BD4680BDA03601201C
:1053E00080B586B000AFF860B9607A60FB68002BCA
:1053F0000AD14FF0500383F31188BFF36F8FBFF3CF
:105400004F8F3B6100BFFEE7FB685B687B61164B1B
:105410001B687A69DA61144B1B687A6992681A62B0
:10542000114B1A687B699B6818325A600E4B1B68D7
:1054300003F118027B699A600B4B1B68FA689A6249
:10544000FB681B685A1CFB681A607B68002B02D043
:105450004FF0FF33BB607968B86800F043FC00BFD1
:105460001837BD4680BD00BFA036012080B48BB088
:1054700000AF78607B68DB68DB683B623B6A002BCF
:105480000AD14FF0500383F31188BFF36F8FBFF33E
:105490004F8FFB6000BFFEE73B6A9B6AFB613B6A84
:1054A000DB693A6A126A9A603B6A1B6A3A6AD26995
:1054B0005A60FB695A683B6A18339A4203D13B6AC7
:1054C0001A6AFB695A603B6A00229A62FB691B6890
:1054D0005A1EFB691A604A4B1B68002B5ED13B6A5F
:1054E0005B697B613B6A9B683A6AD2689A603B6AF7
:1054F000DB683A6A92685A607B695A683B6A04338F
:105500009A4203D13B6ADA687B695A603B6A00229F
:105510005A617B691B685A1E7B691A603B6ADB6AA9
:1055200001229A40374B1B681343364A13603B6A8B
:10553000DA6A354913469B0013449B000B4404333D
:105540001B683B613B6A3A699A603B699A683B6AAF
:10555000DA603B699B683A6A04325A603B6A1A1DFA
:105560003B699A603B6ADA6A13469B0013449B00CE
:10557000254A1A443B6A5A613B6ADA6A2249134651
:105580009B0013449B000B441B68591C1E48134688
:105590009B0013449B00034419601BE01B4B5B689A
:1055A000BB613B6ABA69DA61BB699A683B6A1A6295
:1055B000BB699B683A6A18325A603B6A03F1180269
:1055C000BB699A603B6A114A9A62104B1B680133AF
:1055D0000E4A13603B6ADA6A0D4B1B68DB6A9A421B
:1055E00005D901237B620B4B01221A6001E00023E5
:1055F0007B627B6A18462C37BD465DF8047B70479A
:10560000A037012080370120A4360120383701203F
:10561000A03601208C37012080B483B000AF7860C1
:10562000064B1A687B681A60054B1A687B685A60DB
:1056300000BF0C37BD465DF8047B704790370120F2
:105640007C37012080B588B000AF786039607B6816
:10565000002B0AD14FF0500383F31188BFF36F8FF3
:10566000BFF34F8F3B6100BFFEE73B68002B0AD1C1
:105670004FF0500383F31188BFF36F8FBFF34F8F49
:10568000FB6000BFFEE7FEF70FF91F4B1B68BB6115
:105690007B685B68BA69D31A7B613B681B68B3F1AE
:1056A000FF3F02D10023FB6126E07B681A68174B9D
:1056B0001B689A420AD07B685B68BA699A4205D334
:1056C0000123FB613B6800221A6015E03B681B6800
:1056D0007A699A420BD23B681A687B69D21A3B6896
:1056E0001A607868FFF798FF0023FB6104E03B68CD
:1056F00000221A600123FB61FEF706F9FB691846D8
:105700002037BD4680BD00BF7C3701209037012087
:1057100080B400AF034B01221A6000BFBD465DF8A4
:10572000047B70478C37012080B582B000AF786071
:1057300000F052F8064B1B68012BF9D9054B4FF0CE
:1057400080521A60BFF34F8FBFF36F8FF0E700BF37
:10575000A436012004ED00E080B582B000AF002344
:105760007B600CE07A6813469B0013449B00124A4E
:1057700013441846FDF7B2FE7B6801337B607B68FB
:10578000042BEFD90D48FDF7A9FE0D48FDF7A6FE45
:105790000C48FDF7A3FE0C48FDF7A0FE0B48FDF7F3
:1057A0009DFE0B4B054A1A600A4B054A1A6000BF62
:1057B0000837BD4680BD00BFA43601200837012050
:1057C0001C370120383701204C3701206437012075
:1057D000303701203437012080B582B000AF19E0A6
:1057E000FEF762F8104BDB68DB687B607B68043394
:1057F0001846FDF7FDFE0D4B1B68013B0B4A13607D
:105800000B4B1B68013B0A4A1360FEF77DF8786872
:1058100000F010F8064B1B68002BE1D100BF00BF61
:105820000837BD4680BD00BF4C37012078370120C6
:105830006037012080B582B000AF78607B681B6B59
:105840001846FEF7CDF97868FEF7CAF900BF0837A9
:10585000BD4680BD80B400AF0A4B1B681B68002B9F
:1058600004D1094B4FF0FF321A6005E0054B1B686D
:10587000DB681B68044A136000BFBD465DF8047B0B
:10588000704700BF303701209837012080B483B0C3
:1058900000AF0B4B1B68002B02D101237B6008E09B
:1058A000084B1B68002B02D102237B6001E0002320
:1058B0007B607B6818460C37BD465DF8047B7047FB
:1058C00084370120A037012080B586B000AF786012
:1058D0007B683B6100237B617B68002B00F0878045
:1058E0003B69DA6A444B1B68DB6A9A4276D23B69B1
:1058F0009B69002B06DB404B1B68DB6AC3F105028A
:105900003B699A613B6959693B69DA6A13469B00B6
:1059100013449B00394A1344994257D13B690433DD
:105920001846FDF765FE0346002B0AD13B69DB6A8A
:10593000012202FA03F3DA43314B1B681340304A69
:1059400013602D4B1B68DA6A3B69DA623B69DB6ADC
:1059500001229A402A4B1B681343294A13603B6972
:10596000DA6A264913469B0013449B000B44043318
:105970001B68FB603B69FA689A60FB689A683B6940
:10598000DA60FB689B683A6904325A603B691A1D09
:10599000FB689A603B69DA6A13469B0013449B00DC
:1059A000164A1A443B695A613B69DA6A134913463D
:1059B0009B0013449B000B441B68591C0F48134663
:1059C0009B0013449B000344196004E00A4B1B68CE
:1059D000DA6A3B69DA6201237B6108E03B699A6C11
:1059E000054B1B68DB6A9A4201D201237B617B690C
:1059F00018461837BD4680BDA0360120A4360120C8
:105A00008037012080B588B000AF78607B68BB61CB
:105A10000023FB617B68002B00F08C80484B1B68E7
:105A2000BA699A420AD04FF0500383F31188BFF34A
:105A30006F8FBFF34F8F3B6100BFFEE7BB69DB6C2D
:105A4000002B0AD14FF0500383F31188BFF36F8FFF
:105A5000BFF34F8FFB6000BFFEE7BB69DB6C5A1ED4
:105A6000BB69DA64BB69DA6ABB699B6C9A4261D034
:105A7000BB69DB6C002B5DD1BB6904331846FDF7B5
:105A8000B7FD0346002B0AD1BB69DB6A012202FA8B
:105A900003F3DA432B4B1B6813402A4A1360BB699C
:105AA0009A6CBB69DA62BB69DB6AC3F10502BB6948
:105AB0009A61BB69DB6A01229A40224B1B6813433F
:105AC000204A1360BB69DA6A1F4913469B001344DE
:105AD0009B000B4404331B687B61BB697A699A6045
:105AE0007B699A68BB69DA607B699B68BA69043232
:105AF0005A60BB691A1D7B699A60BB69DA6A1346F2
:105B00009B0013449B00104A1A44BB695A61BB694D
:105B1000DA6A0D4913469B0013449B000B441B6833
:105B2000591C094813469B0013449B000344196009
:105B30000123FB61FB6918462037BD4680BD00BFCD
:105B4000A036012080370120A436012080B58AB01C
:105B500000AF786039607B683B620123FB617B6842
:105B6000002B00F0A1803B6ADB6C002B0AD14FF0C8
:105B7000500383F31188BFF36F8FBFF34F8F3B61E7
:105B800000BFFEE73B6A9B6C3A689A4202D93B68C9
:105B90007B6202E03B6A9B6C7B623B6ADB6A7A6AEF
:105BA0009A4200F081803B6ADB6CFA699A427BD1B1
:105BB0003F4B1B683A6A9A420AD14FF0500383F375
:105BC0001188BFF36F8FBFF34F8FFB6000BFFEE7FD
:105BD0003B6ADB6ABB613B6A7A6ADA623B6A9B6951
:105BE000002B04DB7B6AC3F105023B6A9A613B6AC6
:105BF0005969BA6913469B0013449B002D4A13440C
:105C0000994251D13B6A04331846FDF7F1FC034633
:105C1000002B0AD13B6ADB6A012202FA03F3DA4362
:105C2000254B1B681340244A13603B6ADB6A012240
:105C30009A40214B1B6813431F4A13603B6ADA6A80
:105C40001C4913469B0013449B000B4404331B6800
:105C50007B613B6A7A699A607B699A683B6ADA6021
:105C60007B699B683A6A04325A603B6A1A1D7B69F9
:105C70009A603B6ADA6A13469B0013449B000D4A04
:105C80001A443B6A5A613B6ADA6A0A4913469B0026
:105C900013449B000B441B68591C064813469B0089
:105CA00013449B000344196000BF2837BD4680BDE4
:105CB000A0360120A43601208037012080B400AF37
:105CC000074B1B68002B04D0054B1B68DA6C0132B4
:105CD000DA64034B1B681846BD465DF8047B7047C9
:105CE000A036012080B586B000AF78603960364BB1
:105CF0001B687B61354B1B6804331846FDF778FC45
:105D00000346002B0BD1314B1B68DB6A012202FAE0
:105D100003F3DA432E4B1B6813402D4A13607B6854
:105D2000B3F1FF3F24D13B68002B21D0294B5B68A6
:105D30003B61264B1B683A699A60244B1B683A69A1
:105D40009268DA60214B1A683B699B6804325A609A
:105D50001E4B1B681A1D3B699A601C4B1B681D4A31
:105D60005A611C4B1B6801331A4A136000BF26E0BE
:105D70007A697B681344FB60144B1B68FA685A60AD
:105D8000FA687B699A4209D2134B1A680F4B1B6859
:105D9000043319461046FDF7F2FB10E00F4B1A686A
:105DA0000A4B1B68043319461046FDF7E8FB0C4B01
:105DB0001B68FA689A4202D2094AFB68136000BF66
:105DC0001837BD4680BD00BF7C370120A0360120BA
:105DD000803701206437012034370120303701201B
:105DE0009837012080B584B002AF00237B6000F0BB
:105DF00047FA114B1B68002B0BD0104B0193022369
:105E0000009300234FF482720D490E48FEF7B4FD53
:105E100078607B68002B0AD14FF0500383F3118820
:105E2000BFF36F8FBFF34F8F3B6000BFFEE77B6810
:105E300018460837BD4680BDD4370120D837012029
:105E400088EE0008ED5E000880B584B000AFF86011
:105E5000B9607A6008E0FB689B69BA681344BB606C
:105E6000FB681B6AF8689847FB689A69BB68D11899
:105E7000BB687A68F86800F0DDF80346002BEAD1C9
:105E800000BF00BF1037BD4680BD000080B584B0A4
:105E900000AF78603960144B1B68DB68DB68FB601F
:105EA000FB6804331846FDF7A3FBFB6893F8283022
:105EB00003F00403002B05D03A687968F868FFF70F
:105EC000C3FF08E0FB6893F8283023F00103DAB23F
:105ED000FB6883F82820FB681B6AF868984700BFB6
:105EE0001037BD4680BD00BFCC37012080B584B0DF
:105EF00000AF786007F10803184600F057F8F86023
:105F0000BB681946F86800F003F800F0D5F8F1E72F
:105F100080B584B000AF78603960FEF7B1FF07F15B
:105F20000803184600F066F8F860BB68002B30D113
:105F30003B68002B0AD17A68FB689A4206D8FEF7C4
:105F4000ADFFF9687868FFF7A1FF24E03B68002BFC
:105F500008D0134B1B681B68002B01D1012300E004
:105F600000233B600F4B18687A68FB68D31A3A68C5
:105F70001946FEF7CDFCFEF791FF0346002B0AD130
:105F8000094B4FF080521A60BFF34F8FBFF36F8FF2
:105F900001E0FEF783FF00BF1037BD4680BD00BFA4
:105FA000D0370120D437012004ED00E080B485B063
:105FB00000AF78600E4B1B681B68002B01D10122DB
:105FC00000E000227B681A607B681B68002B05D10B
:105FD000074B1B68DB681B68FB6001E00023FB606C
:105FE000FB6818461437BD465DF8047B704700BF58
:105FF000CC37012080B584B000AF7860FFF74AF855
:10600000F8600B4B1B68FA689A4205D200F012F94F
:106010007B6801221A6002E07B6800221A60044A51
:10602000FB681360FB6818461037BD4680BD00BF93
:10603000DC37012080B586B000AFF860B9607A60C7
:106040003B6000237B61FB68BA685A60FB68FA68B2
:106050001A61BA687B689A4212D87A683B68D21A89
:10606000FB689B699A4202D301237B611BE0104BC2
:106070001A68FB68043319461046FDF780FA12E0EF
:106080007A683B689A4206D2BA683B689A4202D361
:1060900001237B6107E0074B1A68FB68043319464C
:1060A0001046FDF76CFA7B6918461837BD4680BD6F
:1060B000D0370120CC37012080B588B000AFA6E0F2
:1060C000BB68002BC0F2A2803B69FB61FB695B6986
:1060D000002B04D0FB6904331846FDF789FA3B1DF9
:1060E0001846FFF787FFB861BB68013B082B00F239
:1060F0008E8001A252F823F01D6100081D61000886
:106100008561000899610008E36100081D610008CD
:106110001D6100088561000899610008FB6993F81A
:10612000283043F00103DAB2FB6983F82820FA68CB
:10613000FB699B69D118FB68BA69F869FFF77AFFB8
:106140000346002B63D0FB6993F8283003F0040367
:10615000002B09D0FA68FB699B691344BA69194698
:10616000F869FFF771FE08E0FB6993F8283023F027
:106170000103DAB2FB6983F82820FB691B6AF8691E
:10618000984744E0FB6993F8283023F00103DAB222
:10619000FB6983F828203AE0FB6993F8283043F044
:1061A0000103DAB2FB6983F82820FA68FB699A6177
:1061B000FB699B69002B0AD14FF0500383F31188D0
:1061C000BFF36F8FBFF34F8F7B6100BFFEE7FB69AB
:1061D0009A69BB69D118BB69BA69F869FFF72AFFE8
:1061E00015E0FB6993F8283003F00203002B03D17C
:1061F000F869FDF7F5FC0AE0FB6993F8283023F015
:106200000103DAB2FB6983F8282000E000BF084BE5
:106210001B6807F1080100221846FEF725F803461F
:10622000002B7FF44DAF00BF00BF2037BD4680BDBF
:10623000D437012080B582B000AF09E00E4B1B6857
:10624000DB681B683B604FF0FF313868FFF71EFECC
:10625000094B1B681B68002BF0D1074B1B687B6048
:10626000064B1B68044A1360044A7B68136000BF36
:106270000837BD4680BD00BFCC370120D037012094
:1062800080B500AFFDF710FB124B1B68002B1DD132
:106290001148FDF723F91148FDF720F9104B0E4A7C
:1062A0001A60104B0D4A1A6000220C210A20FDF7DB
:1062B00039FE0346074A1360064B1B68002B05D0C6
:1062C000044B1B6808491846FEF7D4FAFDF71CFB7F
:1062D00000BF80BDD4370120A4370120B83701208A
:1062E000CC370120D037012090EE000880B586B071
:1062F00000AF114B1B6B104A43F0020313630123E1
:10630000BB6001237B600123FB6003233B613B1DDA
:1063100019460A48FBF708FC02237B603B1D19461F
:106320000648FBF701FC00F017F800F02DF800BF5D
:106330001837BD4680BD00BF00380240000402404F
:1063400080B500AF002201210248FBF791FD00BF9C
:1063500080BD00BF0004024080B500AF01220121D2
:106360000248FBF785FD00BF80BD00BF000402406E
:1063700080B500AF002202210248FBF779FD00BF83
:1063800080BD00BF0004024080B500AF01220221A1
:106390000248FBF76DFD00BF80BD00BF0004024056
:1063A00080B500AF01210248FBF77BFD00BF80BD37
:1063B0000004024080B500AF02210248FBF771FDE6
:1063C00000BF80BD0004024080B500AF074B1B68D2
:1063D0001B6903F00103012B06D1FFF7E1FF034B1B
:1063E0001B686FF001021A6100BF80BDE037012019
:1063F00080B582B000AF78600D4B0E4A1A600C4B2E
:106400000C225A610A4A7B685360094B00229A6148
:10641000074B00221A61064B0022DA60044B00226F
:106420009A600348FCF770FA00BF0837BD4680BD8C
:106430001C3801200010014080B582B000AF7860A8
:106440000D4B0E4A1A600C4B0C225A610A4A7B68AB
:106450005360094B00229A61074B00221A61064BD8
:106460000022DA60044B00229A600348FCF74CFAE1
:1064700000BF0837BD4680BD5C38012000440040A5
:1064800080B588B000AF78607B681B68354A93425E
:106490003CD1354B1B6B344A43F001031363324B41
:1064A0005B6C314A43F01003536402233B610323C6
:1064B000BB614FF40073FB600723FB6107F10C0322
:1064C00019462A48FBF730FB4FF48063FB6007F165
:1064D0000C0319462548FBF727FB254B1B68DA6898
:1064E000234B1B6842F02002DA60214B1B68DA68FC
:1064F0001F4B1B6842F01002DA602520FBF7F9FA07
:10650000022202212520FBF7D8FA26E07B681B68CF
:10651000184A934221D1144B1B6B134A43F00103D9
:106520001363114B1B6C104A43F4003313640223B2
:106530003B610323BB610423FB600723FB6107F17D
:106540000C0319460948FBF7EFFA0823FB6007F133
:106550000C0319460548FBF7E7FA00BF2037BD4694
:1065600080BD00BF00100140003802400000024022
:106570001C3801200044004080B582B000AF26489E
:10658000FCF768FB244B1B681B6803F02003202BDF
:1065900023D1F91D4FF47A7301221F48FCF7A2FAA8
:1065A0001E4BB3F800311A46F9791C4B99541B4B1A
:1065B000B3F8003101339AB2184BA3F80021174BFE
:1065C000B3F80031FF2B03D9144B0022A3F80021AC
:1065D000114B1B686FF020021A600F4B1B681B6881
:1065E00003F01003102B13D10C4BB3F800311A46F3
:1065F0000A4B00219954094B012283F80221064BD2
:106600001B681B683B60044B1B685B683B603B6816
:1066100000BF0837BD4680BD1C3801209C380120D2
:106620000EB480B5B7B000AF786007F1E803C7F8E3
:10663000D03007F10803D7F8D020D7F8E410184677
:1066400004F0B8F907F108031846FAF7B9FB034656
:10665000A7F8D630B7F8D62007F108014FF47A73BF
:106660007868FCF796F900BFDC37BD46BDE880408E
:1066700003B0704780B586B000AFF860B9601346CC
:10668000FB80FB6800229A81FB680022DA81FB68AC
:1066900000221A60FA6892F8603043F0010382F831
:1066A0006030FB68BA681A61FB882A4AA2FB0323A0
:1066B0009B089AB2FB689A86FB680022A3F85420D4
:1066C000FB680022A3F85020FB680022A3F85220A8
:1066D0000023FB8217E0FB689B8E1A46B7F9163041
:1066E000013302FB03F31946B7F91630BA680A44BE
:1066F000F9680E339B000B445A60B7F916309BB211
:1067000001339BB2FB82B7F91630042BE3DDFB6843
:10671000114A9A65114A104BD31A1B099AB2FB68A9
:10672000A3F85C20F86800F01DF8FB689A6D002360
:106730000B49F86800F0BAFF03461946F86801F003
:106740003BFA0121F86800F0DBF800BF1837BD46BE
:1067500080BD00BFABAAAAAAF8F6000838F8000866
:106760003CF1000880B485B000AF78600023FB8165
:1067700013E0B7F90E300D4A52F82330002B06D142
:10678000B7F90E3009497A6841F8232009E0B7F9D2
:106790000E309BB201339BB2FB81B7F90E30042B54
:1067A000E7DD1437BD465DF8047B7047A039012052
:1067B00080B483B000AF0023FB801EE0B7F9063041
:1067C000134A52F82330002B11D0B7F90630104A83
:1067D00052F8233093F8603003F00203DBB2002B51
:1067E00005D0B7F906300A4A52F823300AE0B7F963
:1067F00006309BB201339BB2FB80B7F90630042B05
:10680000DCDD002318460C37BD465DF8047B70477D
:10681000A039012080B582B000AF78600B46FB70D4
:106820007B689B6EFA1C01211046984700BF083711
:10683000BD4680BD80B584B000AF7860396000236C
:10684000FB813B68BB607B689B6E002B04D10023FF
:1068500010E0FB890133FB81BB685A1CBA601B78CE
:10686000002BF6D17B689B6EFA89114638689847F1
:1068700003469BB218461037BD4680BD80B584B034
:1068800000AF786039600023FB813B68BB607B68A8
:106890009B6E002B07D100232BE0BB680133BB604C
:1068A000FB890133FB81BB681B78002B07D0BB68D9
:1068B0001B780D2B03D0BB681B780A2BEDD1FB890D
:1068C000242B0AD97B689B6E2421386898477B6803
:1068D0009B6E03210948984705E07B689B6EFA8907
:1068E000114638689847FB89242B01D9242300E0FE
:1068F000272318461037BD4680BD00BF40F1000871
:1069000080B582B000AF78600B46FB707B6893F86F
:10691000603003F00103DBB2002B22D0FB78002BA8
:1069200003D015497868FFF785FF7B681B685B68B3
:1069300019467868FFF77EFF10497868FFF77AFFFD
:106940007B689B68002B02D07B689B6800E00C4B47
:1069500019467868FFF76EFF0A497868FFF76AFF03
:1069600005E0094B1B6B19467868FFF763FF00BF12
:106970000837BD4680BD00BF44F1000848F100085B
:106980004CF1000850F100080C00002080B483B0E6
:1069900000AF786039603B681B78002B13D03B68F0
:1069A0005B7803F00F03DBB2082B0CD07B681B680D
:1069B000002B19D03B681A787B681B681B78134042
:1069C000DBB2002B10D07B6893F8603003F001033A
:1069D000DBB2002B06D13B685B7803F01003DBB21F
:1069E000002B01D0002301E04FF0FF3318460C3795
:1069F000BD465DF8047B704780B485B000AF786019
:106A000039600823FB733B68083300221A7018E0D2
:106A10007B68DBB203F00F03BB73BB7B092B03D98D
:106A2000BB7B5733DBB202E0BB7B3033DBB2FA7B9C
:106A3000013AFA73FA7B39680A4413707B681B09C0
:106A40007B607B68002BE3D1FB7BC3F10803DBB2E7
:106A50005BB218461437BD465DF8047B70470000F2
:106A600080B485B000AF786039600B23FB737B681E
:106A7000BB607B68002B02DA7B685B42BB603B68D3
:106A80000B3300221A701DE0BA68204B83FB0213FF
:106A90009910D317C91A0B469B000B445B00D11AFF
:106AA000CAB2FB7B013BFB73FB7B39680B44303282
:106AB000D2B21A70BB68154A82FB03129210DB1720
:106AC000D31ABB60BB68002BDED17B68002B07DAD2
:106AD000FB7B013BFB73FB7B3A6813442D221A704E
:106AE0007B68002B07D1FB7B013BFB73FB7B3A6888
:106AF000134430221A70FB7BC3F10B03DBB25BB291
:106B000018461437BD465DF8047B704767666666B5
:106B100080B485B000AF786039600023FB810AE063
:106B2000FB893A681A44FB8979680B4412781A7019
:106B3000FB890133FB81FB893A6813441B78002BE6
:106B4000EED1FB897A68134400221A70FB8918463B
:106B50001437BD465DF8047B704780B485B000AF44
:106B6000786039600023FB810023BB810FE0BB8983
:106B70007A6813441A78BB8939680B441B789A42A7
:106B800012D1FB890133FB81BB890133BB81BB89F6
:106B90007A6813441B78002B07D0BB893A681344EA
:106BA0001B78002BE3D100E000BFFB8918461437A7
:106BB000BD465DF8047B704780B584B000AF786057
:106BC0000023FB7306E0FB7B184A3021D154FB7B8A
:106BD0000133FB73FB7B082BF5D97B685B78C3F330
:106BE0000303DBB2012B02D87B685B681AE07B6889
:106BF0005B78C3F30303DBB2072B02D87B685B68C7
:106C000010E07B685B78C3F30303DBB2082B02D888
:106C10007B685B6806E07B685B6804491846FFF7A1
:106C2000EBFE024B18461037BD4680BDB43901203B
:106C300080B483B000AF78607B685B78C3F30303F4
:106C4000DBB2012B02D87B68DB6815E07B685B78E0
:106C5000C3F30303DBB2072B02D87B68DB680BE0CE
:106C60007B685B78C3F30303DBB2082B02D87B6835
:106C7000DB6801E07B68DB6818460C37BD465DF8D1
:106C8000047B704780B584B000AF786039603868A5
:106C9000FFF792FF034619467868FFF7CBFD0346DE
:106CA000C3F116039BB2FB81B7F90E30002B02DD56
:106CB000B7F90E3000E00423FB8120217868FFF74C
:106CC000A9FDFB89013B9BB2FB81B7F90E30002B7C
:106CD000F3D13B685B78C3F30303DBB2012B06D827
:106CE000364B1B6C19467868FFF7A4FD2FE03B6814
:106CF0005B78C3F30303DBB2072B06D82F4B5B6C27
:106D000019467868FFF796FD21E03B685B78C3F38E
:106D10000303DBB2082B06D8284B9B6C1946786816
:106D2000FFF788FD13E03B685B78C3F30303DBB236
:106D3000092B06D8214BDB6C19467868FFF77AFDE2
:106D400005E01E4B1B6D19467868FFF773FD1C4963
:106D50007868FFF76FFD07237B7317E03B681B78AC
:106D60001A4697F90D3042FA03F303F00103002BA2
:106D700001D0782300E02D2319467868FFF74AFDFB
:106D800097F90D30DBB2013BDBB27B7397F90D3025
:106D9000002BE3DA0A497868FFF74CFD3868FFF703
:106DA00047FF034619467868FFF768FD054978688C
:106DB000FFF740FD00BF1037BD4680BD0C0000202E
:106DC00054F1000844F1000880B584B000AF786049
:106DD0007B689B6DBB601D4B9B6819467868FFF70D
:106DE00029FD0023FB8125E0B7F90E301B01BA68AD
:106DF00013445B78C3F30303DBB2012B14D8B7F958
:106E00000E301B01BA68134419467868FFF7BEFDBF
:106E10000346002B08D1B7F90E301B01BA681344A2
:106E200019467868FFF72EFFB7F90E309BB2013391
:106E30009BB2FB81B7F90E307A68B2F85C209342BE
:106E4000D2DB00BF00BF1037BD4680BD0C00002064
:106E500080B584B000AF78607B689B6DBB60234BCE
:106E6000DB6819467868FFF7E5FC0023FB8130E01A
:106E7000B7F90E301B01BA6813445B78C3F3030300
:106E8000DBB2012B1FD9B7F90E301B01BA681344CE
:106E90005B78C3F30303DBB2072B14D8B7F90E30CA
:106EA0001B01BA68134419467868FFF76FFD034663
:106EB000002B08D1B7F90E301B01BA6813441946EC
:106EC0007868FFF7DFFEB7F90E309BB201339BB253
:106ED000FB81B7F90E307A68B2F85C209342C7DBC9
:106EE00000BF00BF1037BD4680BD00BF0C000020B2
:106EF00080B584B000AF78607B689B6DBB60234B2E
:106F00001B6919467868FFF795FC0023FB8130E088
:106F1000B7F90E301B01BA6813445B78C3F303035F
:106F2000DBB2072B1FD9B7F90E301B01BA68134427
:106F30005B78C3F30303DBB2082B14D8B7F90E3028
:106F40001B01BA68134419467868FFF71FFD034612
:106F5000002B08D1B7F90E301B01BA68134419464B
:106F60007868FFF78FFEB7F90E309BB201339BB202
:106F7000FB81B7F90E307A68B2F85C209342C7DB28
:106F800000BF00BF1037BD4680BD00BF0C00002011
:106F900080B584B000AF78607B689B6DBB60234B8D
:106FA0005B6919467868FFF745FC0023FB8130E0F8
:106FB000B7F90E301B01BA6813445B78C3F30303BF
:106FC000DBB2082B1FD9B7F90E301B01BA68134486
:106FD0005B78C3F30303DBB2092B14D8B7F90E3087
:106FE0001B01BA68134419467868FFF7CFFC0346C3
:106FF000002B08D1B7F90E301B01BA6813441946AB
:107000007868FFF73FFEB7F90E309BB201339BB2B1
:10701000FB81B7F90E307A68B2F85C209342C7DB87
:1070200000BF00BF1037BD4680BD00BF0C00002070
:1070300080B582B000AF78607868FFF7C5FE7868E9
:10704000FFF7A6FF00BF0837BD4680BD80B582B000
:1070500000AF78600B46FB7003E007497868FFF7E4
:10706000E9FBFB785A1EFA70002BF6D100BF00BF77
:107070000837BD4680BD00BF58F1000880B584B018
:1070800000AF78607B689A897B68DB89D31A9BB2F2
:10709000FB8109E020217868FFF7BCFBB7F90E30CF
:1070A0009BB2013B9BB2FB81B7F90E30002BF1DCA8
:1070B0007B689B89DBB219467868FFF7C7FF00BF82
:1070C0001037BD4680BD000080B584B000AF786049
:1070D0000B46FB707B689B891A467B689B8E013B45
:1070E0009A4210DB614B5B6819467868FFF7A2FB98
:1070F00001217868FFF704FC7B681B6919467868F2
:10710000FFF798FBAEE07B68DA897B689B899A423F
:1071100027D17B681A697B689B89591C88B279687A
:1071200088811344FA781A707B681B697A6892899F
:10713000134400221A707B68DB8901339AB27B68A2
:10714000DA817B6893F8603003F00103DBB2002B37
:1071500001D0FB7800E02A2319467868FFF75AFB34
:1071600080E07B68DA897B689B899A427AD27B6867
:107170009A897B68DB89D31A9BB2FB811AE07B6812
:107180001A697B68DB891946B7F90E300B44013B5D
:107190001A447B681B697968C9890846B7F90E10DB
:1071A00001440B4412781A70B7F90E309BB2013BC0
:1071B0009BB2FB81B7F90E30002BE0DC7B681A69CB
:1071C0007B68DB89591C88B27968C8811344FA78D6
:1071D0001A707B681B697A689289013291B27A6869
:1071E00091817A689289134400221A707B68DB8946
:1071F000013B9BB2BB8119E07B6893F8603003F0E0
:107200000103DBB2002B06D07B681A69B7F90C309A
:1072100013441B7800E02A2319467868FFF7FAFA2E
:10722000B7F90C309BB201339BB2BB81B7F90C307C
:107230007A6892899342DFDB7B689A897B68DB8975
:10724000D31A9BB27B8109E008217868FFF7E2FA44
:10725000B7F90A309BB2013B9BB27B81B7F90A3088
:10726000002BF1DC1037BD4680BD00BF0C000020B4
:1072700080B584B000AF78600B46FB7097F903309F
:10728000B3F1FF3F0CBF01230023DBB27B727B68AD
:10729000DB89002B04D197F90330012B00F0A78084
:1072A0007B68DA897B689B899A4205D197F903301C
:1072B000B3F1FF3F00F09B807B68DA897B689B8994
:1072C0009A421BD197F90330012B17D17B68DB89D8
:1072D000013B9AB27B68DA817B689B89013B9AB259
:1072E0007B689A817B681B697A68928913440022C3
:1072F0001A7001217868FFF7A9FE79E07B7AFB819B
:107300001AE07B681B697A68D2891146B7F90E20AA
:107310000A441A447B6819697B68DB891846B7F907
:107320000E300344013B0B4412781A70B7F90E304B
:107330009BB201339BB2FB81B7F90E207B689B891E
:1073400019467B68DB89CB1A9A42DADB7B689B891A
:10735000013B9AB27B689A817B7A002B09D17B68CA
:10736000DB89013B9AB27B68DA8108217868FFF7F4
:1073700051FA7B681B697A689289134400221A705B
:107380007B68DB89BB810FE07B681A69B7F90C3039
:1073900013441B7819467868FFF73CFAB7F90C30AC
:1073A0009BB201339BB2BB81B7F90C307A689289EA
:1073B0009342E9DB20217868FFF72CFA7B689A89F1
:1073C0007B68DB89D31A9BB201339BB27B8109E0D6
:1073D00008217868FFF71EFAB7F90A309BB2013B23
:1073E0009BB27B81B7F90A30002BF1DC00E000BFD3
:1073F0001037BD4680BD000080B48DB000AFF8608E
:107400007A601A460B467B8113467B72012387F80C
:107410002F3000233B6107F1140300221A605A60E9
:107420009A60002387F82E300023BB620023FB8480
:107430000CE0B7F926309B007A68134400221A60EA
:10744000B7F926309BB201339BB2FB84B7F92620F3
:10745000B7F938309A42ECDB0023BB84ABE097F8F5
:107460002E30002B3ED1BB8CFA6813441B787A7AFD
:107470009A4216D097F82F30012B12D1B7F9383035
:10748000BA6A9A420DDABA8CBB6A591CB9629B007F
:1074900079680B44F9680A441A60002387F82F3092
:1074A00020E0BB8CFA6813441B787A7A9A4205D0A4
:1074B000BB8CFA6813441B78202B13D197F82F301C
:1074C000002B0FD1BB8CFA68134400221A70BB8CBE
:1074D0000133FA6813441B78202B68D0012387F806
:1074E0002F3064E0002387F823304BE097F82E30EC
:1074F000002B20D0BB8CFA6813441A7897F82330FD
:1075000033495B000B445B789A4214D197F82E30D4
:10751000013B07F13002134413F8202C97F8233075
:107520002B4911F813309A4205D197F82E30013BC0
:1075300087F82E302AE0BB8CFA6813441A7897F843
:107540002330234911F813309A4216D197F823209B
:1075500097F82E30591C87F82E1019461C4B13F83B
:10756000122007F130030B4403F8202C97F82E303B
:1075700003F00F0387F82E3008E097F8233001332B
:1075800087F8233097F82330002BAFD0BB8CFA68F4
:1075900013441B785C2B0BD1BB8C0133FA6813446A
:1075A0001B78002B04D0BB8C0133BB8400E000BFF0
:1075B000BB8C0133BB84BA8C7B899A42FFF44FAFFA
:1075C000BB6A18463437BD465DF8047B704700BF80
:1075D0006000002080B584B002AF78607B681869D5
:1075E0007B6899897B6803F11402082300932023A8
:1075F000FFF702FF03469AB27B68DA8600BF0837BE
:10760000BD4680BD80B584B000AF78600023FB81AB
:1076100042E0FB897A6804339B0013445B681B7863
:10762000222B14D1FB897A6804339B0013445B68D6
:1076300000221A70FB897A6804339B0013445A684D
:10764000FB890132796804339B000B445A60FB8943
:107650007A6804339B0013445B681846F9F7B0FB63
:107660000346BB81FB897A6804339B0013445A6844
:10767000BB89013B13441B78222B0AD1FB897A6812
:1076800004339B0013445A68BB89013B1344002216
:107690001A70FB890133FB817B68DB8EFA899A4281
:1076A000B7D300BF00BF1037BD4680BD80B586B0E0
:1076B00000AFF860B9607A607B80FB68B3F85C204B
:1076C0007B68F968896D5B1A1B099BB2D31ABB8270
:1076D0000023FB823DE0FB8A1B017A6813445B7840
:1076E00003F00F03DBB2092B2FD0FB8A1B017A6852
:1076F00013441946F868FFF749F90346002B24D1D3
:10770000FB8A1B017A6813441846FFF755FA386163
:107710007B88002B0BD13969B868F9F7E5F9034686
:10772000002B13D1FB8A1B017A68134416E07B8877
:107730001A463969B86801F08FFB0346002B05D162
:10774000FB8A1B017A68134408E000BFFB8A0133FF
:10775000FB82FA8ABB8A9A42BDD3002318461837A7
:10776000BD4680BD80B584B000AF7860396000232D
:10777000FB603B685B78C3F30303DBB2023B052B82
:1077800034D801A252F823F0A1770008AB770008A3
:10779000B7770008C1770008C1770008C9770008EB
:1077A0003B689B681B68FB6021E03B689B68B3F902
:1077B0000030FB601BE03B689B681B78FB6016E0B9
:1077C0003B689B68FB6012E03B689B685B68BB6042
:1077D000BB68002B07D03B689B681A68BB681046E3
:1077E0009847034600E00023FB6000E000BFFB6811
:1077F00018461037BD4680BD80B586B000AFF86032
:10780000B9607A60BB685B7803F04003DBB2002BA1
:1078100006D0344B1B6A1946F868FFF70BF858E09E
:10782000BB685B78C3F30303DBB2023B052B4DD887
:1078300001A252F823F000BF517800085B780008DD
:10784000677800087378000883780008917800084A
:10785000BB689B687A681A603BE0BB689B687A6883
:1078600012B21A8035E0BB689B687A68D2B21A708F
:107870002FE0BB689B687A6811461846FFF748F905
:1078800027E0184BDB691946F868FEF7D3FF20E0C4
:10789000BB689B689B68002B1AD0BB689B681B6801
:1078A000002B0BD0BB689B689B683B61BB689B68E7
:1078B0001A683B6979681046984709E0BB689B687D
:1078C0009B687B617B697868984701E000BF00E0B6
:1078D00000BFB968F86800F007F803461846183783
:1078E000BD4680BD0C00002080B588B000AF786038
:1078F0003960354A07F10C0307CA83E80700396885
:107900007868FFF72FFFB8613B685B6819467868B5
:10791000FEF790FF2D497868FEF78CFF3B685B7897
:10792000C3F30303DBB2052B0DD129497868FEF7B9
:1079300081FFBB6919467868FEF77CFF24497868A7
:10794000FEF778FF36E007F10C031946B869FFF738
:1079500087F80346C3F10B0307F10C0213441946E1
:107960007868FEF767FF1B497868FEF763FF00231E
:10797000FB830DE0B7F91E3007F1200213443022DB
:1079800003F8142CB7F91E309BB201339BB2FB8372
:10799000B7F91E300A2BEDDDBB6907F10C02114669
:1079A0001846FFF729F807F10C0319467868FEF727
:1079B00041FF00BF08497868FEF73CFFBB691846E5
:1079C0002037BD4680BD00BF6CF100085CF10008A7
:1079D00060F1000864F1000844F1000880B584B04B
:1079E00000AF78603960FEF7E3FEF860FB68002BBB
:1079F00001D1002332E0FB689A6D00237968F868B2
:107A0000FFF754FEB860BB68002B07D1154B9B6A8B
:107A10001946F868FEF70EFF00231FE0BB685B788D
:107A2000C3F30303DBB2012B06D9BB685B78C3F356
:107A30000303DBB2072B0BD97968F868FEF7FAFE6F
:107A4000084B5B6A1946F868FEF7F4FE002305E070
:107A50003A68B968F868FFF7CFFE03461846103752
:107A6000BD4680BD0C00002080B584B000AF7860BA
:107A700039600023FB607A6892F8603043F00203BB
:107A800082F860303B685B7803F00F03DBB2002BB9
:107A90001BD17868FFF7B6FD3B689B68BB607B68CD
:107AA000DB8E18467B6803F11402BB6811469847C9
:107AB000F8603B685B7803F02003DBB2002B3FD11A
:107AC000F968786800F0C0F83AE03B685B7803F04A
:107AD0000F03DBB2012B15D17B68DB8E1A467B6866
:107AE00014333968786800F0E3FFF8603B685B782E
:107AF00003F02003DBB2002B22D1F968786800F094
:107B0000A3F81DE03B685B78C3F30303DBB2012BF2
:107B10000BD93B685B78C3F30303DBB2072B04D8B4
:107B200039687868FFF7E0FE0AE03B685B7803F0AD
:107B30000F03DBB2082B03D13968786800F03CF8FA
:107B40007A6892F860306FF3410382F86030FB6826
:107B500018461037BD4680BD80B582B000AF786052
:107B60007B681A697B681B689B6819461046F8F7A2
:107B7000BBFF0346002B0DD17A6892F8603043F0CA
:107B8000010382F860300B4B1B6819467868FEF7DA
:107B900051FE05E0074B5B6B19467868FEF74AFE1D
:107BA0007B6800229A817B680022DA8100BF083757
:107BB000BD4680BD0C00002080B582B000AF78606B
:107BC00039607B683A681A603B689B68002B13D069
:107BD0003B689B681B78002B0ED07B68DB8E012BEB
:107BE0000CD93B689A687B689B6919461046F8F780
:107BF0007BFF0346002B01D1012300E0002303F0AB
:107C00000103D9B27A6892F8603061F3000382F818
:107C100060300C4B9B6B19467868FEF70BFE7B6857
:107C200093F8603003F00103DBB2002B05D0054B65
:107C30001B6819467868FEF7FDFD00BF0837BD4692
:107C400080BD00BF0C00002080B586B000AF78601A
:107C50003960244A07F1080307CA83E8070022496C
:107C60007868FEF7E7FD07F1080319463868FEF764
:107C7000F7FE0346C3F10B0307F10802134419464C
:107C80007868FEF7D7FD19497868FEF7D3FD002321
:107C9000FB820DE0B7F9163007F1180213443022C9
:107CA00003F8102CB7F916309BB201339BB2FB825C
:107CB000B7F916300A2BEDDD3B6807F108021146D3
:107CC0001846FEF799FE07F1080319467868FEF793
:107CD000B1FD07497868FEF7ADFD00BF1837BD4616
:107CE00080BD00BF6CF1000878F1000864F1000865
:107CF00044F1000880B582B000AF78607B68002254
:107D0000A3F854207B68B3F85030002B18D07B6860
:107D1000B3F85230002B04D07B68B3F85230013BEB
:107D200000E004237A680E339B0013445A687B6892
:107D30001B6919461046F8F7D7FE0346002B33D0CF
:107D40007B68B3F852307A680E339B0013445A684C
:107D50007B681B6919461046FEF7DAFE0346002BC6
:107D600007D07B68B3F8523001339AB27B68A3F82E
:107D700052207B68B3F8503001339AB27B68A3F885
:107D800050207B68B3F85030052B03D97B6805225F
:107D9000A3F850207B68B3F85230042B05D97B68D8
:107DA0000022A3F8522000E000BF0837BD4680BD86
:107DB00080B582B000AF78600B46FB7097F9033056
:107DC000002B28DD7B68B3F9542093B2013B9BB2B2
:107DD00019B27B68A3F8541011467B68B3F852209F
:107DE0007B68B3F85030934238BF13469BB25B4276
:107DF000994228DC7B68B3F852207B68B3F8503096
:107E0000934238BF13469BB25B429BB21AB27B6867
:107E1000A3F8542017E097F90330002B53DA7B685E
:107E2000B3F954309BB201339BB21AB27B68A3F80A
:107E300054207B68B3F95430002B04DD7B680022AA
:107E4000A3F8542042E07868FFF718F97B68B3F98B
:107E50005430002B07D17B6800229A817B689A8975
:107E60007B68DA8132E07B6818697B68B3F852304E
:107E700005337A68B2F954209918164B83FB012315
:107E80005A10CB17D21A13469B001344CA1A7968AA
:107E900002F10E039B000B445B681946FEF738FEA7
:107EA00003461A467B689A817B689B89002B0CD01D
:107EB0007B689A897B68DA817B681B6919467868D8
:107EC000FEF7B8FC02E000BF00E000BF0837BD4687
:107ED00080BD00BF6766666680B582B000AF78601F
:107EE0000B46FB707A6892F860306FF3820382F879
:107EF0006030FB7819467868FFF7E6F800BF08376E
:107F0000BD4680BD80B584B000AF78607B689B893A
:107F1000002B3FD07B681B697A689289134400224A
:107F20001A707B6893F8603003F00103DBB2002B1A
:107F30002CD07868FFF7DEFE7868FFF74BFB7B6894
:107F40000022DA817B68DA897B689A817B68DB8E24
:107F5000002B21D012497868FEF76CFC7B685969C8
:107F60007B689A6D00237868FFF7A0FBF860FB68D8
:107F7000002B04D0F9687868FFF776FD0DE0094B17
:107F80009B6919467868FEF755FC06E07868FFF7AC
:107F9000E3FD02E000BF00E000BF1037BD4680BD3A
:107FA00044F100080C00002080B582B000AF78607A
:107FB00001217868FFF7FCFE00BF0837BD4680BD91
:107FC00080B582B000AF78604FF0FF317868FFF77E
:107FD000EFFE00BF0837BD4680BD80B582B000AF60
:107FE00078607B68DA897B689B899A420DD27B68CE
:107FF0001A697B68DB89591C88B27968C881134487
:108000001B7819467868FEF705FC00BF0837BD46A7
:1080100080BD80B582B000AF78607B68DB89002BC3
:1080200009D008217868FEF7F5FB7B68DB89013B06
:108030009AB27B68DA8100BF0837BD4680BD000078
:1080400090B589B000AF78607B689B8EFB8300237E
:10805000BB8300237B837B689B89002B07D17868D7
:10806000FEF7E6FF01217868FEF74AFCB5E07B6881
:108070009B89002B00F0B1807B681B697A6892892C
:10808000134400221A707B689B6D3B6100233B8385
:108090005AE0B7F918301B013A6913441946786859
:1080A000FEF774FC0346002B48D17B681C69B7F9C6
:1080B00018301B013A6913441846FEF77DFD03464C
:1080C00019462046FEF749FD03461A467B689B8900
:1080D0009A4233D17B8B002B2BD07B8B012B03D18E
:1080E0006D497868FEF7A6FBBB8B1B013A69134408
:1080F00019467868FEF7C6FDBB8B1B013A6913442D
:108100001846FEF759FD0446B7F918301B013A69C5
:1081100013441846FEF750FD034619462046FEF765
:108120001CFD0346FB81FA8BFB89934228BF134653
:10813000FB833B8BBB837B8B01337B83B7F918308D
:108140009BB201339BB23B83B7F918307A68B2F81F
:108150005C2093429DDB7B8B002B00F098807B8B17
:10816000012B02D17868FEF789FF7B8B002B11D0A1
:108170007B681C69BB8B1B013A6913441846FEF7E8
:108180001BFD034619462046FEF7C2FC03461A466D
:108190007B689A817B8B012B0ED9BB8B1B013A69C3
:1081A000134419467868FEF76DFD01217868FEF7E3
:1081B000A7FB7B68FA8B9A817B681B697A68928936
:1081C000134400221A707B689A897B68DA817B6885
:1081D0001B6919467868FEF72DFBF9F78BFB034600
:1081E000002B55D07B8B012B49D17B6893F86030F5
:1081F00003F00403DBB2002B41D0F9F77BFB02460E
:108200007B685B68D31AC72B39D87868FEF736FFCE
:108210007B689B89FB8212E07B681A69B7F916308C
:108220001A447B681969B7F9163005330B44127884
:108230001A70B7F916309BB2013B9BB2FB82B7F9BB
:108240001630002BE8DA7B681B6914491846FEF7E4
:108250005FFC7B681B69043320221A707B689B8952
:1082600005339AB27B689A817B689A897B68DA8148
:108270007B681B6919467868FEF7DCFA08E07A68C3
:1082800092F8603043F0040382F8603000E000BFF1
:108290002437BD4690BD00BF44F1000884F10008BA
:1082A00080B582B000AF786001217868FEF7E0FF0A
:1082B00000BF0837BD4680BD80B582B000AF786092
:1082C0004FF0FF317868FEF7D3FF00BF0837BD4697
:1082D00080BD80B582B000AF78607868FFF712FE8D
:1082E00001217868FEF70CFB00BF0837BD4680BD52
:1082F00080B584B000AF786039607B689A6D0023E8
:1083000039687868FFF7D2F9F860FB68002B1ED057
:10831000144BDB6A19467868FEF78CFAF868FEF7AA
:108320004BFC034619467868FEF784FA0E497868D4
:10833000FEF780FAF868FEF77BFC0346194678687A
:10834000FEF778FA08497868FEF774FA05E0054BFD
:108350009B6919467868FEF76DFA00BF1037BD4675
:1083600080BD00BF0C00002044F1000880B584B03F
:1083700000AF78603960FEF71BFAF860FB68002BED
:1083800011D07B68012B03D1F868FEF751FE0BE09A
:108390007B68012B08DD3B6804331B681946F868CD
:1083A000FFF7A6FF00E000BF1037BD4680BD00000C
:1083B00080B586B000AF78600B46FB70FB78002B71
:1083C00000F0BC807B68DB6E786898471823FB75EB
:1083D00000233B617B689B6B03F47F43002B05D03C
:1083E0000023FB756FF0FF033B6115E07B689B6B1F
:1083F00003F47F03002B04D00823FB75514B3B6132
:108400000AE07B689B6B03F07F43002B04D01023B2
:10841000FB754FF07F433B617B689B6DBB60002326
:10842000FB8169E0B7F90E301B01BA6813445B7831
:1084300003F00F03DBB2092B58D1B7F90E301B0143
:10844000BA68134419467868FEF7A0FA0346002B71
:108450004CD1B7F90E301B01BA6813445A683B6916
:108460001A407B689B6B9A4240D1B7F90E301B01D2
:10847000BA6813445A68FB7DFF2101FA03F31A40DE
:10848000F978FB7D01FA03F39A422FD17B689A6B4E
:10849000F978FB7D01FA03F31A437B689A630023A2
:1084A000FB70FB7D002B0DD0B7F90E301B01BA68B5
:1084B00013445A68FB7D083BFF2101FA03F3134084
:1084C000002B13D1B7F90E301B01BA6813449B6817
:1084D000002B07D0B7F90E301B01BA6813449B6814
:1084E000786898477B6800229A630CE0B7F90E30F1
:1084F0009BB201339BB2FB81B7F90E307A68B2F8B8
:108500005C2093428EDBFB78002B07D07B68002237
:108510009A63FB7819467868FFF7DEFCF9F7EAF909
:108520000346002B05D0F9F7E5F903461A467B68A8
:108530005A607B681B6F7868984700E000BF183767
:10854000BD4680BD0000FFFF80B584B000AF7860FD
:108550007B68FB60FB685B6E002BFBD0FB685B6E8F
:1085600007F10B020121104698470346012BF1D178
:10857000FB7A1946F868FFF71BFFEBE780B582B07E
:1085800000AFFEF715F978607B68002B02D07868A1
:10859000FEF7AEFC00BF0837BD4680BD80B582B097
:1085A00000AFFEF705F978607B68002B02D0786891
:1085B000FEF70AFC00BF0837BD4680BD80B582B01B
:1085C00000AFFEF7F5F878607B68002B02D0786882
:1085D000FEF73EFC00BF0837BD4680BD80B582B0C7
:1085E00000AFFEF7E5F878607B68002B02D0786872
:1085F000FEF7CEFC00BF0837BD4680BD80B582B017
:1086000000AFFEF7D5F878607B68002B05D0054BEE
:108610009B6B19467868FEF70DF900BF0837BD4619
:1086200080BD00BF0C00002080B485B000AF786032
:108630007B68FB600023FB72FB681B78302B0CD13E
:10864000FB6801331B78782B04D0FB6801331B785F
:10865000582B02D10323FB7216E0FB681B78302BEA
:108660000CD1FB6801331B78622B04D0FB6801330B
:108670001B78422B02D10123FB7205E0FB681B78BB
:10868000302B0ED10223FB720BE0FB681B782E2BE4
:1086900007D1FB6801331B78002B02D00423FB7247
:1086A00005E0FB685A1CFA601B78002BEDD1FB7AC1
:1086B00018461437BD465DF8047B704780B483B01C
:1086C00000AF0346FB71FB792F2B06D9FB79392BC1
:1086D00003D8FB79303BDBB214E0FB79602B06D981
:1086E000FB79662B03D8FB79573BDBB20AE0FB79B9
:1086F000402B06D9FB79462B03D8FB79373BDBB2FD
:1087000000E0002318460C37BD465DF8047B704737
:1087100080B485B000AF78607B681B78272B02D1CE
:108720007B68013300E07B68BB600023FB73BB68A0
:108730001B785C2B49D1BB6801331B78302B3DD0B3
:10874000302B3EDB742B3CDC622B3ADB623B122B82
:1087500037D801A252F823F0A5870008C387000884
:10876000C3870008C3870008C3870008C3870008C1
:10877000C3870008C3870008C3870008C3870008B1
:10878000C3870008C3870008B1870008C3870008B3
:10879000C3870008C3870008AB870008C3870008A9
:1087A000B78700080823FB7312E00D23FB730FE06B
:1087B0000A23FB730CE00923FB7309E00023FB731E
:1087C00006E0BB685B78FB7302E0BB681B78FB7359
:1087D000FB7B18461437BD465DF8047B704700BF2D
:1087E00090B585B000AF78607B68FB6000237B812B
:1087F0007B681B78222B2BD17B6801337B607B68E5
:10880000FB6025E0FB681B785C2B0BD17B897A68C9
:10881000D418F868FFF77CFF03462370FB68013328
:10882000FB600FE0FB681B78222B05D17B897A68FF
:10883000134400221A7005E07B897A681344FA68B1
:1088400012781A70FB680133FB607B8901337B81EE
:10885000FB681B78002BD5D17B897A6813440022F2
:108860001A707B6818461437BD4690BD90B58BB022
:1088700000AF78600023FB740A2387F827307B68F9
:108880003B620023FB770123BB770023BB614FF0E2
:108890000003FB6000237B617B681B782D2B01D1DB
:1088A000FF23BB7797F91E30B3F1FF3F01D10123BE
:1088B00000E000237A6813441846FFF7B5FE03462C
:1088C000FB74FB7C032B06D0032B16DC012B0ED094
:1088D000022B06D011E0102387F827300223FB7704
:1088E0000CE0082387F827300123FB7706E00223FA
:1088F00087F827300223FB7700E000BFFB7F97F962
:108900001E20B2F1FF3F01D1012200E000221344FA
:108910007A6813443B621FE03B6A1B782E2B05D11B
:1089200001237B613B6A01333B6215E097F82730F6
:10893000BA6902FB03F43B6A1B781846FFF7BEFED8
:1089400003462344BB617A6913469B0013445B00D2
:108950007B613B6A01333B623B6A1B78002BDBD1B6
:10896000FB7C042B1CD17B69002B19D0BB6907EE63
:10897000903AF8EE676A7B6907EE903AF8EE677A0C
:1089800086EEA77A97F91E3007EE903AF8EEE77A6E
:1089900067EE277AC7ED037A07F10C031B6804E042
:1089A00097F91E30BA6902FB03F318462C37BD460F
:1089B00090BD80B586B000AFF860B9607A60BB68E2
:1089C000591CFB689A6D0023F868FEF76FFE78610A
:1089D0007B69002B09D07969F868FEF7C3FE03466E
:1089E0001A467B681A60002301E04FF0FF331846F7
:1089F0001837BD4680BD80B584B000AFF860B9605F
:108A00007A603B607B68002B08D0BB681B78242B06
:108A100047D1BB6801331B78002B42D0BB681B7861
:108A2000272B0DD1BB6801331B78002B08D0B86809
:108A3000FFF76EFE03461A463B681A60002332E0D9
:108A4000BB681B782D2B07D0BB681B782F2B0BD94D
:108A5000BB681B78392B07D8B868FFF707FF0246B9
:108A60003B681A6000231EE0BB681B78242B0BD1E7
:108A7000BB6801331B78002B06D03A68B968F868E8
:108A8000FFF797FF03460EE0BB681B78002B08D06A
:108A9000B868FFF7A5FE03461A463B681A60002334
:108AA00001E04FF0FF3318461037BD4680BD00008F
:108AB000F0B59DB004AF78613961FA60BB60002306
:108AC000FB6507F1180320220021184600F072F917
:108AD0003B699B78C3F30303DBB21A46FB689342FE
:108AE00005DC3B699B78C3F30303DBB201E0FB6861
:108AF000013B7B650023BB6517E0BB6D01339B0029
:108B0000BA681344196807F11802BB6D9B0013443F
:108B100000227869FFF76FFF0346002B02D04FF069
:108B2000FF3383E0BB6D0133BB65FB68013BBA6D6E
:108B30009A42E2DB7B6D072B73D801A252F823F037
:108B4000618B00086B8B00087D8B0008918B0008FF
:108B5000A58B0008BB8B0008D78B0008F98B000899
:108B60003B699B689847F8655FE03B699B68BB631E
:108B7000BA69BB6B10469847F86556E03B699B683D
:108B8000FB63BA69F969FB6B10469847F8654CE0DE
:108B90003B699B683B64B869F9693A6A3B6C9847E2
:108BA000F86542E03B699B687B64B869F9693A6A99
:108BB0007B6A7C6CA047F86537E03B699B68BB64C7
:108BC000B869F9693A6A7D6ABB6A0093BC6C2B4646
:108BD000A047F86529E03B699B68FB64B869F969BF
:108BE0003D6A7E6ABB6AFA6A01920093FC6C334666
:108BF0002A46A047F86518E03B699B683B65B86961
:108C0000FD693E6A7B6A7B60BB6AFA6A396B0291D6
:108C1000019200933C6D7B6832462946A047F86577
:108C200003E04FF0FF33FB6500BFFB6D1846643770
:108C3000BD46F0BD80B582B000AF78600B467B804A
:108C40007A8840F2FF1379680448F9F7A2FEB7F971
:108C5000023018460837BD4680BD00BF5C38012091
:108C600080B582B000AF78600B467B807A8840F296
:108C7000FF1379680948F9F735FF0346002B04D044
:108C80000120FCF777F8002303E00120FCF772F8DD
:108C9000012318460837BD4680BD00BF5C3801205F
:108CA00080B582B000AF7860054B1B684FF0FF3194
:108CB0001846FBF7B9FB002318460837BD4680BDB0
:108CC000343C012080B582B000AF7860054B186855
:108CD000002300220021FBF7C9F9002318460837BA
:108CE000BD4680BD343C012080B582B002AF01207A
:108CF000FBF7A3F90346114A1360114B114A9A6618
:108D00000F4B114A5A660E4B104ADA660C4B104A4A
:108D10001A674FF400720F490948FDF7ABFC0023B6
:108D2000019302230093064B4FF480620A490B48DB
:108D3000FBF722FE00BFBD4680BD00BF343C0120D2
:108D4000C0390120358C0008618C0008A18C000816
:108D5000C58C0008343A01208CF1000849850008D0
:108D6000014B1868704700BF6400002070B50D4EBD
:108D70000D4D761BB61006D0002455F8043B013487
:108D80009847A642F9D1094E094D761B06F04EF8D8
:108D9000B61006D0002455F8043B01349847A6428B
:108DA000F9D170BD40F8000840F8000848F8000804
:108DB00040F80008830730B548D0541E002A3FD041
:108DC000CAB2034601E0013C3AD303F8012B9D07E8
:108DD000F9D1032C2DD9CDB245EA05250F2C45EA52
:108DE000054536D9A4F1100222F00F0C03F1200E34
:108DF000E6444FEA121C03F1100242E9045542E92D
:108E0000025510327245F8D10CF1010214F00C0F2A
:108E100003EB021204F00F0C13D0ACF1040323F0A7
:108E200003030433134442F8045B9342FBD10CF078
:108E300003042CB1CAB21C4403F8012B9C42FBD1A1
:108E400030BD64461346002CF4D1F9E703461446BE
:108E5000BFE71A46A446E0E7A2B330B540EA0104F2
:108E6000A40784460B462AD09CF800000C78844264
:108E70002FD1012A0DD0E64660B11EF8010F11F87E
:108E8000014F6FEA0E03A042134422D11CEB0303EF
:108E9000F2D1002030BD0468194653F8045BA4F1F8
:108EA000013EAC4284462EEA040E00F104000BD1D0
:108EB000043A84461946ECD01EF0803FE9D1032ADB
:108EC000E9D8D1E7104670479CF800000C78A04222
:108ED000D1D0001B30BD00BF2DE9F04F2DED0A8B26
:108EE000CFB00C4691460AEE101A09930AEE900A8A
:108EF00002F02EFF036813931846F7F761FFA3896A
:108F000012901A0603D52369002B00F0A8874D465E
:108F10009FEDA77B2B78002425AACDE92344CDE93A
:108F20001544CDE917448DED107B1AEE909A0E94FE
:108F30002292904614940594002B00F0F081AB46E9
:108F400004E01BF8013F002B00F01B81252BF8D11A
:108F5000BBEB050640F019819BF80030002B00F0B8
:108F6000DE8100234FF0FF329BF801708DF86B30EB
:108F700006930BF1010B04929A462B2420210BF14E
:108F8000010BA7F120035A2B00F24081DFE813F018
:108F9000D9023E013E01D4023E013E013E016A007B
:108FA0003E013E01690202033E017402E8023E01F5
:108FB000E3025B005B005B005B005B005B005B004F
:108FC0005B005B003E013E013E013E013E013E0171
:108FD0003E01D6013E013A028500D601D601D601F6
:108FE0003E013E013E013E01CF023E013E01C60070
:108FF0003E013E013E0144023E0179023E013E0136
:1090000057073E013E013E013E013E013E013E0149
:109010003E01D6013E013A028700D601D601D601B3
:10902000C202870080003E01B5023E019D02C800D9
:109030008B0280003E0144027D0032073E013E016A
:1090400036073E017D00A7F1300300221BF8017BAB
:1090500002EB820203EB4202A7F13003092BF5D9A0
:1090600006928EE7484602F073FE4368179318464F
:10907000F7F7A6FE18900646484602F069FE836898
:1090800015932021002E40F0CA859BF8007076E7EA
:109090009BF800704AF0200A71E74AF0100A1AF0B3
:1090A000200F099B00F09E81073323F007031A4627
:1090B0005B6852F8084B09921E46002BC0F273857C
:1090C000049B013301F042802AF08003039354EAA9
:1090D000060300F0EF840A2C76F1000380F09887F5
:1090E00030340123DDF80CA08DF8374107930DF2E1
:1090F0003715049907989DF86B3081424FF00002B4
:10910000B8BF0146089203910C920F920D92002B6A
:1091100000F08D80039A0132039288E04AF0100A31
:109120001AF0200600F04F81099B073323F0070354
:109130005E6853F8084B09932AF480630393002375
:1091400000228DF86B20049A1146013100F029822B
:10915000039921F0800A54EA060140F02082002A97
:1091600041F03080002B40F0AB84039B13F00103EF
:10917000079300F0498530238DF837310DF237150C
:10918000B7E7BBEB050600F0CA80249B3344249369
:10919000239B0133072BC8E9005623930CDC08F10D
:1091A0000808059B33440593D6E600BFAFF3008063
:1091B00000000000000000001AEE101A22AA484623
:1091C00003F004FD90B90DF19408EAE71AEE101AC5
:1091D00022AA484603F0FAFC002800F09180089B80
:1091E00023B108991AEE900A02F0ACFC1AEE103A7C
:1091F0009B8913F0400F059B18BF4FF0FF33059379
:1092000005984FB0BDEC0A8BBDE8F08F002F00F041
:10921000868000238DF8D4708DF86B300122CDE963
:109220000723039204930C930F930D9335AD1AF01B
:1092300002020A9202D0039A023203921AF08402C6
:109240000B9205D1069A0399561A002E00F30F834C
:10925000249C8BB1239B0DF16B0201330134C8F8C0
:109260000020072B4FF0010224942393C8F8042018
:1092700000F3358308F108080A9B83B1239B1BAADE
:1092800001330234C8F80020072B4FF00202249467
:109290002393C8F8042000F32F8308F108080B9BE0
:1092A000802B00F01182049B079A9E1A002E00F377
:1092B00052821AF4807F40F0AD81079BC8F80430D9
:1092C0001C44239BC8F800500133072B249423939C
:1092D00000F3C08208F108081AF0040F05D0069BBD
:1092E000039A9D1A002D00F31483DDE905320399DA
:1092F0008A42ACBF9B185B180593002C7FF466AFC5
:1093000000232393089B1BB10899484602F01AFCDE
:109310000DF194085D462B78002B7FF410AE249B52
:10932000002B3FF463AF1AEE104A1AEE101A1AEE31
:10933000900A22AA03F04AFCA3895AE7099B073343
:1093400023F00703B3EC027B8DED107BDDE91012F7
:10935000099322F000430BEE101A0BEE903A4FF0F7
:10936000FF32B0EE4B9AF0EE6B9AA64B51EC190B14
:10937000F7F76EFE002840F06B84A24B51EC190BFE
:109380004FF0FF32F7F746FE002840F06184DDE938
:10939000100100220023F7F733FE002840F0A887D1
:1093A0009DF86B30984D994A2AF0800A0321472F87
:1093B000C8BF1546002208920391079104920C92AF
:1093C0000F920D92A3E61AF0100340F03B841AF0BE
:1093D000400200F05E87099A52F8044B09921E463B
:1093E000A4B2A9E653F8044B09931AF0100F40F009
:1093F00012841AF0400F00F00A8444F3C03633465A
:1094000024B25AE6099A002352F8041B8DF86B30F7
:109410008DF8D410099201E7099C049A54F8045B72
:1094200000268DF86B60002D00F0DC8613460133BA
:1094300000F0498531462846F7F732FD08900028AC
:1094400001F07D80089B0496591B079121EAE17188
:109450009DF86B300994039108960C960F960D9623
:1094600055E6099B53F8042B0692002A80F2C78325
:10947000069A0993524206929BF800704AF0040A39
:109480007DE54AF010030393039B13F0200600F0E0
:109490007783099B073323F007035E6853F8084B73
:1094A000099301234CE6099B53F8044B099330239D
:1094B0004AF0020278278DF86C30554B14930392D2
:1094C0008DF86D70002602233AE61AF0200F40F066
:1094D00086841AF0100F40F07C861AF0400F40F09E
:1094E0004F871AF4007F00F07486099B059953F8A2
:1094F000042B099311705D460DE79BF800706C2FEB
:1095000003BF9BF801704AF0200A0BF1010B4AF0EF
:10951000100A34E59BF80070682F03BF9BF80170B8
:109520004AF4007A0BF1010B4AF0400A27E59BF858
:1095300000704AF0080A22E59BF800704AF0010A20
:109540001DE59DF86B30002B7FF49FAD9BF80070FC
:109550008DF86B1013E59BF800704AF0800A0EE559
:109560005A4612F8017B2A2F01F0F781A7F1300348
:10957000092B934698BF002200F2F7871BF8017B66
:1095800002EB820203EB4202A7F13003092BF5D96B
:109590000492F6E49BF800708DF86B40EFE4CDF890
:1095A0000CA0012B3FF497AD022B4EAD12D1149AB3
:1095B00004F00F032409D35C05F8013D44EA067466
:1095C000360954EA0603F3D14EAB5B1BDDF80CA061
:1095D00007938EE504F00703E40844EA4674F608AE
:1095E000303354EA06012A4605F8013DF2D10399C9
:1095F0000846C00700F14F824EAB5B1B8A460793BB
:1096000077E500BFFFFFEF7F00F3000804F30008D9
:1096100010F30008652F40F3D780DDE91001002228
:109620000023F7F7E3FC002800F0B481239BBC4A39
:10963000C8F80020013301340122072B249423931E
:10964000C8F8042000F3868508F108081C9B0E9AD0
:10965000934280F2CF82129B139A1C44C8E90023E4
:10966000239B24940133072B239300F3EB8308F10E
:1096700008080E9B5D1E002D7FF72EAE102D239B3C
:1096800041F34981A74F0A97224610261AEE104A45
:1096900005E008F10808103D102D40F369850133FD
:1096A0001032072BC8E90076CDE92332F1DD22AA7A
:1096B0002146484603F08AFA00287FF490ADDDE9A0
:1096C00023320DF19408E6E7069B039A9E1A002EBA
:1096D0007FF7E9AD102E239B41F3508091490B9504
:1096E00022461AEE105A0A910C4604E0103E102E43
:1096F00008F1080819DD013310321021072BCDE9DC
:109700002332C8F80040C8F80410EFDD22AA294629
:1097100048460DF1940803F059FA00287FF45FAD34
:10972000103E102EDDE92332E5DC0B9D144601339B
:109730000A9AC8F800203444072BCDE92334C8F82E
:10974000046000F33185049B079A9E1A002E08F1ED
:1097500008087FF7AEAD102E239B40F3C5857148F6
:109760000A90424621461AEE108A044604E0103E52
:10977000102E02F1080216DD013310311020072BE4
:10978000CDE9233114605060F1DD22AA41464846FC
:1097900003F01CFA00287FF422AD103E102EDDE904
:1097A000233125AAE8DC90460C4601330A9AC8F812
:1097B00000203444072BCDE92334C8F8046000F3BB
:1097C000D18108F1080874E50E9B012B40F37E81DE
:1097D000239EC8F80050013601340123072E24943B
:1097E0002396C8F8043000F3E98108F10808129BB9
:1097F000139A01361C44072EC8E90023CDE92364DF
:1098000000F3EA8108F10808DDE9100100220023D5
:10981000F7F7ECFB002840F078810E9B0136013B06
:1098200001351C44072EC8F800502396C8F80430B0
:10983000249400F35C8108F10808169BC8F80430F2
:1098400001361C44072E1EABCDE92364C8F8003056
:109850007FF740AD1AEE101A22AA484603F0B6F977
:1098600000287FF4BCAC249C0DF1940834E5102E44
:10987000DDE9233222DD199510241AEE105A04E096
:10988000103E102E08F1080817DD0133264910326A
:10989000072BC8E90014CDE92332F1DD22AA2946BD
:1098A00048460DF1940803F091F900287FF497AC35
:1098B000103E102EDDE92332E7DC199DC8F8046064
:1098C0000133B418072B184AC8F80020CDE9233417
:1098D00000F3E3839DF86B3008F10808B9E41AEE51
:1098E000101A22AA484603F071F900287FF477ACD9
:1098F000249C0DF19408BFE41AEE101A22AA4846DF
:1099000003F064F900287FF46AAC249C0DF19408FC
:10991000C5E4102D239B26DD1AEE107A10260AE0EE
:1099200040F3000854F3000844F30008103D102DE4
:1099300008F1080817DD0133C04A1034072BC8E9C5
:109940000026CDE92334F1DD22AA394648460DF13F
:10995000940803F03BF900287FF441AC103D102D32
:10996000DDE92334E7DC0133B44AC8F804502C4461
:10997000072BCDE92334C8F800207FF7B6AC1AEEE8
:10998000101A22AA484603F021F900287FF427ACD8
:10999000249CAAE41C9A002A40F39883DDE90D3246
:1099A0009342A8BF1346002B1F460BDD1C44C8E999
:1099B0000053239B24940133072B239300F35C85EE
:1099C00008F108080D9B002FA8BFDB1B002B1E46CB
:1099D00000F353820D9B1AF4806F2B44079340F0E1
:1099E00083821C9B0E9A934203DB1AF0010F00F056
:1099F000B784129A13991444C8E90012239A249444
:109A00000132072A239200F3758508F108080E9A9F
:109A10000799AE18761AD51AAE42A8BF2E46002E68
:109A20000DDD239BC8F8001001333444072BC8F820
:109A300004602494239300F39C8508F10808002E09
:109A4000A8BFAD1B002D7FF747AC102D239B40F323
:109A500062877B4F0A97224610261AEE104A05E0CD
:109A600008F10808103D102D40F3828301331032B5
:109A7000072BC8E90076CDE92332F1DD22AA214681
:109A8000484603F0A3F800287FF4A9ABDDE92332B0
:109A90000DF19408E6E7302B3FF496AD3023023AFF
:109AA00005F8013C4EAB9B1ADDF80CA00793154658
:109AB000FFF71FBB049B002B7FF412ABDDF80CA05B
:109AC0000023049307934EADFFF713BB1AF0010F69
:109AD0007FF47EAE239EC8F8005001360134012386
:109AE000072E24942396C8F804307FF7A4AE1AEE0C
:109AF000101A22AA484603F069F800287FF46FABD9
:109B0000DDE923640DF1940897E60E9B5D1E002DA0
:109B10007FF793AE102D40F31587494ACDF810A07A
:109B200023461AEE10AA0A921027144605E008F1FF
:109B30000808103D102D40F39C8301361033072E8A
:109B4000C8E90047CDE92363F1DD22AA5146484622
:109B500003F03CF800287FF442ABDDE923630DF10C
:109B60009408E6E71AEE101A22AA484603F02EF8E7
:109B700000287FF434AB249C0DF19408FFF799BBC7
:109B8000039B13F0100340F02381039A12F040026C
:109B900000F09A83099A52F8044B09921E46A4B227
:109BA0000123FFF7CDBA2D2364428DF86B3066EBAD
:109BB0004606CDF80CA00123FFF7C5BA1AEE101A1D
:109BC00022AA484603F002F800287FF408ABDDE93A
:109BD00023640DF194080AE61AEE101A22AA4846E8
:109BE00002F0F4FF00287FF4FAAADDE923640DF106
:109BF000940809E61AF0010F3FF46EAB2BE59BF8D1
:109C000000700993FFF7BBB94EADFFF772BA1AF4B3
:109C1000007F40F0AF83E6173346FFF74EBA159B3F
:109C2000002B3FF432AA159B1B78002B3FF42DAA82
:109C30009BF800704AF4806AFFF7A1B944F300086A
:109C400054F30008099B53F8044B0993FFF774BAC7
:109C5000DDE9100102460B46F7F7FAF9002840F05B
:109C6000C285612F00F08585412F00F09384049B0D
:109C7000013327F02003039300F0A883472B00F063
:109C80008185DDE910014AF48072002907924FF0C6
:109C90000003C0F2238541EC180B0A930893039B41
:109CA000462B00F0F783452B00F04D85B0EE480AB7
:109CB000F0EE680A20AB01931DAB0093049A1CAB35
:109CC0000221484600F038FF039B472B054640F031
:109CD00069861AF0010F5646DDF81CA040F00A858F
:109CE000209B5B1B0E93039B472B00F08A83039BF7
:109CF000462B00F00E841C9B0D930D9B039A013B99
:109D0000412A1C9300F0D685FAB20021002BB8BF7F
:109D10000D9B8DF87820BABFC3F101032D222B22B1
:109D2000092B8DF8792040F3B6850DF18704DFF813
:109D300098C3224610468CFB0321DA17C2EBA1021E
:109D400002EB8201A3EB4101303100F8011C1946FE
:109D50006329134600F1FF32ECDC3033D9B2831EA5
:109D60009C4202F8011C40F2048613460DF17A026F
:109D700001E013F8011B02F8011B9C42F9D10DF11F
:109D800089030DF17A021B1A13441EAA9B1A16931B
:109D90000E9B169A012B1A44079240F3B785079B36
:109DA000129A13440793079A002326F4806622EA46
:109DB000E27246F4807A0C9303920F930D930A9B00
:109DC000002B40F0448304939DF86B30FFF79FB95C
:109DD000099B53F8044B09930123FFF7B1B9099B81
:109DE000059853F8041B0993C217C1E900025D46A8
:109DF000FFF791BACDF80CA0FFF746BBAF4B149319
:109E00001AF0200600F0EF80099B073323F00703C8
:109E10005E6853F8084B09931AF0010F09D054EA11
:109E2000060306D030238DF86D704AF0020A8DF8D3
:109E30006C302AF4806303930223FFF781B9A04BAF
:109E40001493DDE71AEE101A22AA484602F0BEFE6D
:109E500000287FF4C4A9249C0DF1940809E41AEEAB
:109E6000900A402101F080FF20602061002800F06E
:109E7000848540236361FFF74AB8102E239B40F38B
:109E8000698590480A90424621461AEE108A1027AA
:109E9000044604E00832103E102E40F32E820133B7
:109EA0001031072BC2E90047CDE92331F2DD22AAA8
:109EB0004146484602F08AFE00287FF490A9DDE979
:109EC000233125AAE7E7284604960994F6F778FF98
:109ED00020EAE0719DF86B300790039108960C968C
:109EE0000F960D96FFF713B90E9BCDF828B0DDF84D
:109EF0003CB0079E159FCDF81CA0EB18049342467A
:109F0000DDF860A00C9B0B951AEE108AA446BBF1FD
:109F1000000F30D093BB013F0BF1FF3B179BC2E911
:109F2000003A239B0133D444072BCDF890C02393F0
:109F300062DC0832049B38789B1B8342A8BF03462F
:109F4000002B1C460CDD239801309C440728C2E9F5
:109F50000063CDF890C0239000F31981387808325F
:109F6000002CACBF051B0546002D0BDC06440C9BEA
:109F7000BBF1000FCED1002B00F032820C9B013BD5
:109F80000C93CBE7102D23981FDD1024634604E0CB
:109F9000103D102D02F1080216DD01304949103341
:109FA0000728C2E90014CDE92303F1DD22AA4146C6
:109FB000484602F00BFE00287FF411A9103D102D39
:109FC000DDE9230325AAE8DC9C4601303D4B5560C2
:109FD000AC440728CDE9230C136000F33F823878A6
:109FE00008320644C3E71AF0100300F0A480099B6E
:109FF00053F8044B09930FE722AA4146484602F062
:10A00000E5FD00287FF4EBA8DDF890C025AA91E7D4
:10A01000039B079703F48063002209EE109ACDF8A2
:10A020002080DDF854900DF59C7A174698460CE098
:10A030000023204631460A22F7F748F80A2C76F129
:10A0400000031CD304460E46AA4620460A220023DB
:10A050003146F7F73BF830320AF1FF3501370AF89D
:10A06000012CB8F1000FE3D099F800309F42DFD106
:10A07000FF2FDDD00A2C76F1000380F04F814EAB2C
:10A080005B1BCDF854900E9719EE109ADDE9077816
:10A09000DDF80CA00793FFF72CB81AEE101A22AACD
:10A0A000484602F093FD00287FF499A89DF86B3094
:10A0B000249C0DF19408FFF7CCB800BF10F3000802
:10A0C00024F3000854F3000867666666239BC149C1
:10A0D000C8F80010013301340121072B2494239385
:10A0E000C8F8041000F32E8108F10808002A40F097
:10A0F00089800E9A0AF0010313433FF4EDA8129BE6
:10A10000139A1C44C8E90023239B24940133072B92
:10A11000239300F33E8108F108080E9AC8F8005016
:10A1200001331444072BCDE92334C8F804207FF70A
:10A13000D1A8FFF78FBB1AF0400200F0B880099A4F
:10A1400052F8044B09921E46A4B265E6CDF80CA065
:10A15000FEF7C1BF1AEE101A22AA484602F036FDD9
:10A1600000287FF43CA8249C0DF19408FFF76EBAF8
:10A17000144601330A9AC8F800202C44072BC8F86B
:10A180000450CDE923347FF7A5A8FFF763BB22AACB
:10A190004146484602F01AFD00287FF420A838788E
:10A1A000DDF890C025AADBE61AEE101A22AA48466E
:10A1B00002F00CFD00287FF412A8249C0DF19408F5
:10A1C000FFF771B8012BCDF80CA07FF4EDA9FEF7D5
:10A1D00087BF099B059953F8042B5D4611600993CD
:10A1E000FFF799B8062A294628BF06220495089544
:10A1F0002B460392784D099407920C910F910D9183
:10A20000FEF785BF129B13991C44C8E90013239BDA
:10A2100024940133072B239300F3BB8008F1080833
:10A22000002ABFF67AAF5642103280F2AF836B48F5
:10A230000A902146424610271AEE108A044604E08E
:10A240000832103E102E40F3AF8201331031072B3D
:10A25000C2E90047CDE92331F2DD22AA4146484652
:10A2600002F0B4FC00287EF4BAAFDDE9233125AA60
:10A27000E7E7DDF810A01C4601360A9BC8F800305D
:10A280002C44072ECDE92364C8F804507FF7D3AAE5
:10A290002DE4099B1AF4007614BF53F8044B53F8CD
:10A2A000044B09931CBF1646E4B2FEF745BF099B59
:10A2B0001AF4007614BF53F8044B53F8044B099377
:10A2C0001CBF1646E4B2A7E5039B13F40076099B76
:10A2D00014BF53F8044B53F8044B09931CBF1646A4
:10A2E000E4B20123FEF72CBF3C4A0A92FFF75DBAA5
:10A2F0002D238DF86B30FFF755B890460C4601338F
:10A300000A9AC8F800203444072BCDE92334C8F852
:10A3100004604DDC08F10808FFF75CBB189B179937
:10A32000ED1A1A46284602F01FFC99F801300BB1CD
:10A3300009F10109204631460A2200230027F6F7D9
:10A34000C5FE7FE61AEE101A22AA484602F03EFC2D
:10A3500000287EF444AF1C9A249C0DF19408C5E6B5
:10A360000E9A0799AE18761AD51AAE42A8BF2E4695
:10A37000FFF765BB44F3C016334664B2FEF79DBEDB
:10A38000099B059953F8042B099311805D46FEF74C
:10A39000C2BF1AEE101A22AA484602F017FC002883
:10A3A0007EF41DAFDDE923341C9A0DF1940837E7E4
:10A3B0001AEE101A22AA484602F008FC00287EF481
:10A3C0000EAF249C0DF19408FFF704BB0623049301
:10A3D00057E400BF40F3000838F3000854F30008C6
:10A3E0000B9D0E9BDDF81CA0DDF828B01597EB182F
:10A3F0009E429046324628BF1A4664460792FFF7AF
:10A40000F0BA1C9B0D93DA1C02DB049A934204DD24
:10A41000023F27F0200303936FE4DDE90D318B4207
:10A42000C0F29980F70740F1DB81129A1344079339
:10A43000740503D50D9B002B00F3FF81079B23EAD6
:10A44000E3730393672700230C930F93B7E42D2343
:10A4500000228DF86B300492FEF75CBE22AA4146C2
:10A46000484602F0B3FB00287EF4B9AE3878DDF838
:10A4700090C025AA06447AE51AEE101A22AA484688
:10A4800002F0A4FB00287EF4AAAE249C0DF19408EF
:10A49000FFF798BA20AB01931DAB0093049AB0EE7E
:10A4A000480AF0EE680A1CAB0321484600F044FB62
:10A4B0000378302B054600F003821C9B049A564615
:10A4C0001344DDF81CA0EC1851EC180B00220023FB
:10A4D000F6F78CFD08B1234603E4209BA342BFF4AA
:10A4E00000AC30215A1C20921970209B9C42F9D854
:10A4F000FFF7F7BB1AEE101A22AA484602F066FBD5
:10A5000000287EF46CAE1C9B249C0DF19408FFF790
:10A510007EBA1C9A0D92002A40F30082049906F03C
:10A5200001030B4340F0B1810D9B07936627730530
:10A5300000F18481079B23EAE373039383E7049B81
:10A540000393079309949DF86B3004900C900F903F
:10A550000D90FEF7DCBD0E9B129A9A180D9B079288
:10A56000002B40F3BB816727E1E700230493FEF74C
:10A5700008BD1AEE101A22AA484602F027FB00284E
:10A580007EF42DAE1C9D0E9B249C5D1B0DF194084A
:10A59000FFF755BA30238DF86C3058238DF86D30A5
:10A5A000049B632B4AF0020400F3A7800023089366
:10A5B00035ADDDE910124AF481730793002A27F0C4
:10A5C0002003A2460393C0F28A80002342EC181BAA
:10A5D0000A93612F00F01581412F7FF460ABB0EE3C
:10A5E000480AF0EE680A1CA802F030FA00224FF088
:10A5F0007F5351EC100BF5F7BFFF02460B4643ECBF
:10A60000192B00220023F6F7F1FC08B101231C935B
:10A61000B74B0B93049B1995CDE90CB7CDE90EA868
:10A620000CEE109ADDF82CB059EC198B5E1E2C46FE
:10A6300005E000220023013EF6F7D8FCE0B9AD4B5F
:10A64000002240464946F5F797FF89468046F6F7CF
:10A6500015FD0546F5F726FF0B46024649464046DE
:10A66000F5F7D2FD1BF80530A24604F8013B731C38
:10A67000374680468946DCD149EC198B9E4BDDF884
:10A6800030B0DDF83C80CDF830A051EC190B002241
:10A690003E46DDF838A00D9F0D951CEE109A199DD1
:10A6A000F6F7CCFC98BB51EC190B934B0022F6F754
:10A6B0009DFC10B10D9BD90729D4002E334606DB33
:10A6C00001332344302204F8012BA342FBD1631B46
:10A6D00056460E93DDF81CA0FFF705BB0893DDE995
:10A6E000103408EE103A04F1004308EE903A2D239E
:10A6F0000A936EE7049BEC18E6E6591C484601F005
:10A7000033FB0546002800F04481089051E70C9B7C
:10A7100020930B9B14F8012CD97B8A42234609D144
:10A72000302003F8010C209B5A1E209213F8012CB4
:10A730009142F6D0392A0BBF0B9A0132927AD2B2EB
:10A7400003F8012CC3E7049BB0EE480AF0EE680A58
:10A750005C1C20AB01931DAB009322461CAB022175
:10A76000484600F0E9F9054656462C44DDF81CA0A1
:10A77000AAE630238DF86C3078230FE75F4A0A92FF
:10A78000FEF7D5BF049B002B08BF01230493119B48
:10A790004AF48072002B0792C0F2DA809DED108B94
:10A7A00008900A90FFF782BA0C46904601330A9A45
:10A7B000C8F800203444072BCDE92334C8F80460DE
:10A7C0007FF7A9AC1AEE101A22AA484602F0FEF949
:10A7D00000287EF404ADDDE923340DF194089CE4F7
:10A7E0000D9B079324E6119B454D464A002BB6BFAF
:10A7F0002D239DF86B308DF86B302AF0800AFEF720
:10A80000D5BD1CA8B0EE480AF0EE680A02F01EF9A9
:10A8100000224FF07F5351EC100BF5F7ADFE0246CE
:10A820000B4643EC192B00220023F6F7DFFB08B19F
:10A8300001231C93344B0B93ECE6672715990B7897
:10A84000FF2B00F0B18000240D9A204603E0013078
:10A850000131FF2B08D0934206DAD21A4B78002B35
:10A86000F5D10B780134F4E715910D920F900C940B
:10A870000C9A0F9B18991344079A01FB0323079323
:10A8800023EAE3730393FFF79ABA129BD318194490
:10A89000079166274BE6002957D130228DF87A20A0
:10A8A0000DF17B02303302F8013B1EABD31A169335
:10A8B000FFF76EBA07F10F02D2B20121FFF726BAF5
:10A8C00051EC180B00220023F6F790FB00287FF4D0
:10A8D000F4AD049BC3F101031C93EFE5C3F1010345
:10A8E0001A4422EAE273079203936727ABE500BF9D
:10A8F00024F30008000030400000E03F54F300085B
:10A9000008F300080CF3000810F30008F3077FF5C4
:10A910004AAAFFF744BA264A0A922AE4049A06F0A1
:10A9200001061346334304D101230393662707939B
:10A9300089E5129B01331A4422EAE27307920393DA
:10A94000662780E51A4B0A9396E40DF17A02A9E78F
:10A950000890C4E6164A0A92D1E4099B9BF801705C
:10A96000934653F8042B099342EAE2720492FEF7ED
:10A9700006BB02231693FFF70BBA1AEE902A0C239C
:10A9800013604FF0FF330593FEF73ABC084A0A9272
:10A990000CE71AEE101A8B8943F0400213468A81A5
:10A9A000FEF727BC049CDFE600230C930F935FE7C0
:10A9B00054F3000870B50B4E9AB004466FF0004592
:10A9C000CDE90445134600940A463068064C0295CA
:10A9D00069460394FEF780FA009B00221A701AB0B1
:10A9E00070BD00BF640000200802FFFF024B13B1DE
:10A9F000024800F005B870470000000079BA00086E
:10AA0000002301461A46184602F072B92DE9F04FAC
:10AA100003690C69A34283B0C0F28780013C01F155
:10AA20001405A30000F11408009355F8243058F8D9
:10AA30002420013381469A4208EB840005EB840709
:10AA40000190B2FBF3F63BD30023AE4640469B4653
:10AA50005EF804AB02681FFA8AFC06FB0C334FEA6F
:10AA6000134C4FEA1A4A06FB0ACA1FFA83FCABEBE7
:10AA70000C0C1FFA8AF31CFA82FCC3EB124202EBA5
:10AA80002C421FFA8CFC4CEA0243774540F8043B09
:10AA90004FEA224B4FEA1A43DAD2009B58F80330B0
:10AAA00073B9019B043B984504D307E0984504F132
:10AAB000FF3403D253F80429002AF7D0C9F8104014
:10AAC000484601F093FE00282BDB01364046002368
:10AAD00055F8041BD0F800C08AB29A1A0B0C12FA6F
:10AAE0008CF2C3EB1C4303EB224392B242EA0342D3
:10AAF000AF4240F8042B4FEA2343E9D258F8242010
:10AB000008EB84036AB9043B984504D307E09845F1
:10AB100004F1FF3403D253F80429002AF7D0C9F80E
:10AB20001040304603B0BDE8F08F002003B0BDE810
:10AB3000F08F00BF000000002DE9F04F2DED068BD7
:10AB400095B08DED020B0191016C249D099259EC99
:10AB5000108B0446069341B1426C4A600123934036
:10AB60008B6001F0E3FB00232364B9F1000AB4BF5A
:10AB7000012300232B607C4BBCBF2AF0004ACDF898
:10AB80000CA033EA0A0300F0B2809DED027B0022A4
:10AB900051EC170BB0EE479AF0EE679A0023F6F7E8
:10ABA00025FA074680B1069A01231360259B002BE6
:10ABB00000F0DC826D481860431E0093009815B0C9
:10ABC000BDEC068BBDE8F08F12AA13A92046B0EEAB
:10ABD000490AF0EE690A01F0D1FEB0EE498AF0EEC2
:10ABE000698A5FEA1A56054640F09980DDE91276D7
:10ABF0003E4406F23240202840F3AD83C0F14000CD
:10AC00000AFA00FA06F2124028FA00F04AEA0000B6
:10AC1000F5F738FC0123013E0D93A1F1F871544B77
:10AC20000022F5F7F1FA4AA3D3E90023F5F7A4FCD3
:10AC300049A3D3E90023F5F7E9FA8046304689466F
:10AC4000F5F730FC46A3D3E90023F5F795FC02465F
:10AC50000B4640464946F5F7D9FA80468946F6F74D
:10AC60000DFA00228346002340464946F6F7C8F90C
:10AC7000002840F06E82BBF1160F00F25D823D4B62
:10AC800003EBCB03D3E9002351EC190BF6F7B8F92A
:10AC9000002875D00023BE1B0C93731E0BF1FF3BE5
:10ACA000049300F1508200230893BBF1000F6EDA89
:10ACB000089BCDF814B0A3EB0B030893CBF1000372
:10ACC0000B93019B092B4FF0000B69D8052B40F328
:10ACD0004083043B01930026019B023B032B00F2BF
:10ACE0009B86DFE813F050044D0445042804069ABF
:10ACF00042F20F73CAF3130A13605AEA08031DD114
:10AD0000259B002B00F07F861B4B00930833259A70
:10AD10000098136015B0BDEC068BBDE8F08F18EEFF
:10AD2000903AC3F3130351EC190B43F07F510D9785
:10AD3000A6F2FF36129F41F4401170E7259B002BCD
:10AD400040F0DD830D4B009338E700BFAFF3008088
:10AD500061436F63A787D23FB3C8608B288AC63F21
:10AD6000FB799F501344D33F0000F07F41F300086C
:10AD70000000F83FB0F4000868F3000864F300082E
:10AD8000BE1B731E049300F19C840C900890049BDE
:10AD90005B44CDE9043B00230B93019B092B95D920
:10ADA000002301264FF0FF3201930A960792099380
:10ADB000079B0F9300216164204601F091FA0090F7
:10ADC000002800F03186009B2364079B0E2B00F2C5
:10ADD000F980002E00F0F6800599002940F3738475
:10ADE000BD4B01F00F0203EBC2034FEA2118C90566
:10ADF000D3E9006740F10584B84B51EC190BD3E956
:10AE00000823F5F7E3FC41EC180B08F00F084FF0AE
:10AE1000030AB8F1000F13D0DFF8C09218F0010F49
:10AE200009D030463946D9E90023F5F7A5FB0AF1E8
:10AE3000010A06460F465FEA680809F10809EDD1E4
:10AE400051EC180B32463B46F5F7C0FC41EC1A0BAF
:10AE50000C9B5BB157EC1A6BA14B1AEE100A002247
:10AE60003946F6F7CDF8002840F054855046F5F7FE
:10AE700019FB53EC1A2BF5F77FFB9A4B0022F5F7E1
:10AE8000C5F9079B8046A1F15079002B00F0F583AE
:10AE9000059B1093079B0E930A9B002B00F0C28426
:10AEA0000E9A8D4B9049DDF800A003EBC20353E9E5
:10AEB00002230020F5F78AFC42464B46F5F7A4F939
:10AEC00059EC1A8B41EC180B49461AEE100AF6F7AA
:10AED000D5F80746F5F7E6FA02460B461AEE100AD1
:10AEE0004946F5F791F930370AF8017B53EC182BF6
:10AEF00006460F46F6F784F8002840F057854FF0D5
:10AF000000080AEE105ACDF844B055465BEC18AB79
:10AF100008EE104A44462AE00E9B01349C424BDA6C
:10AF2000724B504659460022F5F726FB6F4B002224
:10AF300082468B4630463946F5F71EFB89468046E9
:10AF4000F6F79CF80746F5F7ADFA02460B46404681
:10AF50004946F5F759F9303705F8017B52465B460B
:10AF600006460F46F6F74CF8002840F01A853246A0
:10AF70003B465B490020F5F747F952465B46F6F73A
:10AF80003FF80028C8D0109B009A0593AA4618EEF7
:10AF9000104A1AEE105A02E0924500F0EC84D146B5
:10AFA0001AF8013D392BF7D00133DBB28AF80030B3
:10AFB000059B01330593ACE1DDF844B01AEE105A5D
:10AFC00018EE104A139B002BC0F29480059A0E2AAB
:10AFD00000F39080404B03EBC203D3E90089099B47
:10AFE000002B1BDA079B002B18DC40F05F83404BE3
:10AFF000002240464946F5F7BFFA02460B4651EC9F
:10B00000190BF6F707F8DDF81CA05646002800F0EB
:10B01000D282099BDDF80080DF43D4E242464B46F2
:10B0200051EC190BF5F7D2FBF6F728F806468346E4
:10B03000F5F738FA42464B46F5F79EFA0B460246BC
:10B0400051EC190BF5F7E0F8DDF800A0334630338A
:10B050000AF8013B079B012B00F090834FF0010B96
:10B0600008EE105A08EE904A1D465446DA461DE096
:10B0700042464B4630463946F5F7A8FBF5F7FEFF4A
:10B080008346F5F70FFA42464B46F5F775FA0AF193
:10B09000010A0B46024639463046F5F7B5F80BF182
:10B0A0003003AA4504F8013B00F063830F4B0022F4
:10B0B000F5F762FA0022002306460F46F5F796FFE1
:10B0C0000028D5D0A24618EE105A18EE904A059BDB
:10B0D00001330593D1461CE1B0F4000888F4000860
:10B0E0000000F03F00001C400000E03F0000244052
:10B0F000000014400A9A002A40D0019A012A40F325
:10B100009E82079B03F1FF380B9B4345C0F2708280
:10B11000A3EB0808079B002BC0F26883049A114632
:10B12000089A194417461A440491089201212046AE
:10B1300001F0AAF9064625E00123BE1B0C93731EFD
:10B1400004937FF5B0ADC6F1010308930023049387
:10B15000ABE55846F5F7A6F942464B46F5F746FFEC
:10B1600000287FF488AD0BF1FF3B84E5874B00930B
:10B17000009815B0BDEC068BBDE8F08FDDF82C8093
:10B18000089F0A9E002F0CDD049A002A09DD089909
:10B19000BA421346A8BF3B46C91AFF1AD31A0891F0
:10B1A00004930B9BDBB10A9B002B00F08382B8F168
:10B1B000000F0FDD31464246204601F03FFA2A4695
:10B1C00001460646204601F08DF9294605462046EF
:10B1D00001F0ACF80B9BB3EB080240F001830121B6
:10B1E000204601F051F9BBF1000F824600F3B88010
:10B1F000019B012B40F387814FF000080120BBF138
:10B20000000F40F0B980049A104410F01F0000F0C5
:10B210009780C0F12003042B40F3F983089BC0F111
:10B220001C0003440244089307440492089B002B2B
:10B2300005DD29461A46204601F060FA0546049BC2
:10B24000002B05DD51461A46204601F057FA82468A
:10B250000C9B002B40F03881079B002B40F31F8193
:10B260000A9B002B40F0A280059B01330593DDF87B
:10B270000080DDF81C90012707E0294600230A2200
:10B28000204601F05DF80137054651462846FFF794
:10B29000BDFB4F4500F1300008F8010BEDDB079ACC
:10B2A000002AC8BF9346009AD8BF4FF0010B03464F
:10B2B00093440027294601222046019301F01EFAFB
:10B2C0005146054601F092FA002840F3A6811BF88A
:10B2D000013C009A0BF1FF3B04E05A4500F0A881C5
:10B2E0001BF8013D392B0BF10109F6D001338BF826
:10B2F00000305146204601F019F856B12FB1B7423F
:10B3000003D03946204601F011F83146204601F0BD
:10B310000DF82946204601F009F8002389F800308D
:10B32000069B1A46059B1360259B002B3FF446ACF9
:10B330000098C3F8009015B0BDEC068BBDE8F08F07
:10B340001C20089B03440893049B03440744049374
:10B350006CE70126C0E4C0F1200008FA00F057E4D1
:10B3600001465A46204601F069F9019B012B8246AD
:10B3700040F3D5814FF00008DAF810300AEB830370
:10B38000186901F031F8C0F120003CE740F30008F3
:10B39000314600230A22204600F0D2FF0F9B002BEB
:10B3A000064640F32383CDF814900793002F00F353
:10B3B0001881B8F1000F40F0FC81B046029B009F5D
:10B3C000079903F001027B1E1944019B0A92134363
:10B3D0000891099351462846FFF718FB31468346EA
:10B3E000284601F003FA424651468146204601F0C4
:10B3F0001FFAC26801460BF13003002A42D10490C3
:10B400002846079301F0F2F904990290204600F0D3
:10B410008DFF029A079B1AB90999002900F0D6827C
:10B42000B9F1000FC0F28781019949EA01090A992F
:10B4300051EA090100F07F81002A00F3E781089AB0
:10B440003B7007F101099742CB4600F0E5812946A0
:10B4500000230A22204600F073FF46450546314688
:10B460004FF000034FF00A02204612D000F068FFB0
:10B470004146064600230A22204600F061FF4F465F
:10B480008046A7E72046029300F050FF029B01226E
:10B49000C6E700F055FF4F46064680469AE7019BF7
:10B4A000022B77DC0A9B002B80D1059B5146013390
:10B4B00028460593FFF7AAFADDF800B000F1300343
:10B4C0000BF8013B0027F5E65146284601F08EF9BE
:10B4D0000028BFF6C1AE294600230A22204600F00C
:10B4E0002FFF059B03F1FF390A9B0546002B7FF4D4
:10B4F0004FAF0F9B002B40F370820793B7E6BD4B15
:10B500000093033303E4DDE9021200297FF474AEF3
:10B51000C2F31303002B7FF46FAEB74B1340002B25
:10B5200000F03D82089B01330893049B0133049390
:10B530004FF0010862E601230A93099B059A134420
:10B540000F930133012B1F460793B8BF012700213A
:10B55000172F61647FF730AC012204235B0003F1F5
:10B560001400B842114602F10102F7D9616423E4E4
:10B5700001230A93099F002F4ADD0F970797E6E7FB
:10B5800000230A93D9E700230A93F3E70F9BCDF832
:10B5900014900793079B002B7FF43BAD5146052287
:10B5A000204600F0CDFE01468246284601F01EF9F5
:10B5B00000287FF72EAD0098059F3123804600F8C4
:10B5C000013B013700905146204600F0AFFE7B1C46
:10B5D000DDF800900593CDF80080002E7FF495AE45
:10B5E00097E631463A46204601F088F80646E0E6FE
:10B5F0000B9BCDF82C80A8EB03039B444FF0000875
:10B6000088E54FF0020AB0EE498AF0EE698A00E45C
:10B61000012309930793FFF7CBBB03D1019BDB0702
:10B620003FF555AED9461BF8013D302BFAD060E608
:10B63000059B009A013305933123137059E60D9A47
:10B64000002A00F0638103F23343049ADDF82C8072
:10B650001A440492089A17461A44089266E550461E
:10B66000F4F720FF53EC1A2BF4F786FF634B00220C
:10B67000F4F7CCFD8046A1F15079614B002251ECEA
:10B680001A0BF4F7C1FD42464B4606460F46F5F746
:10B69000D5FC002840F07F8130463946424609F10A
:10B6A0000043F5F7ADFC00283FF48CAC4FF0000AE6
:10B6B0005646AEE429460B9A204600F0BFFF0546E9
:10B6C0008DE50C903FE500F04E81059A4D4B5642BA
:10B6D00006F00F0203EBC203D3E9002351EC190B70
:10B6E000F4F74AFF361141EC1A0B00F08881464FFF
:10B6F00000234FF0020AF20706D5D7E90023F4F73A
:10B700003BFF0AF1010A0123761007F10807F2D185
:10B71000002B3FF49DAB41EC1A0BFFF799BB029B4A
:10B72000002B7FF427AEDDE90212C2F31303002BD6
:10B730003FF4F3AE1EE6002A12DD29460122204620
:10B74000019300F0DBFF5146054601F04FF8002859
:10B75000019B40F33581392B00F013810BF131034C
:10B76000B94609F8013B059B013337460593464628
:10B77000BFE5A24618EE105A18EE904A02460B4654
:10B78000F4F744FD42464B4606460F46F5F756FC95
:10B7900060B942464B4630463946F5F727FC00284B
:10B7A0003FF495AC5FEACB717FF591AC009AFFF75F
:10B7B000F6BB7168204600F093FD0746002800F0B4
:10B7C0003A81336902339A0006F10C010C30F5F727
:10B7D000E5F839460122204600F090FF8046EDE56D
:10B7E0002946204600F02AFF0546F8E4DDE9072354
:10B7F0009F1A9BE464F300080000F07F00001C40E7
:10B8000000001440B0F4000888F40008392B00F060
:10B81000B880B9460133A4E7059A0132374605924C
:10B82000464647E50E988D4901EBC00142464B461E
:10B8300051E90201F4F7A0FE5AEC1A9B41EC180BF7
:10B8400051461AEE100AF5F719FC0746F4F72AFEDE
:10B8500002460B461AEE100A5146F4F7D5FC06468E
:10B860000E98DDF800803037012808F8017B0F467C
:10B8700000F0BA800E9B009ACDF838B013449B4676
:10B88000C246774B002230463946F4F775FE8946AA
:10B890008046F5F7F3FB0746F4F704FE303702461F
:10B8A0000B4640464946F4F7AFFC0AF8017BDA45FF
:10B8B00006460F46E5D1DA46DDF838B0694B59EC5B
:10B8C000188B002218EE100A4946F4F79FFC324606
:10B8D0003B46F5F795FB00286DD118EE102A4B4634
:10B8E00060490020F4F790FC32463B46F5F7A6FB92
:10B8F00000283FF467ABD1460AF1FF3A19F8013C42
:10B90000302BF8D0109B0133059302E5129BC3F155
:10B9100036039AE6079B002B3FF4A1AE0F9B002B4A
:10B920007FF750AB059A0E93013A4D4B10921AEEE9
:10B93000100A39460022F4F71FFE024616460F464B
:10B940000AF10100F4F7AEFD32463B46F4F714FE6F
:10B95000454B0022F4F75AFC47EC1A6B8046A1F1E4
:10B960005079FFF799BA4FF0020AB0EE49AAF0EE0B
:10B9700069AAFFF76DBA059B013305933123FFF7E1
:10B9800015BB059BBB4601330593392337460BF89E
:10B99000013B46469DE44FF0000A56460BE69846AA
:10B9A0002CE4AA4618EE104A1AEE105A109B0133E6
:10B9B0000593D146ADE4109B009A0593FFF7EFBACB
:10B9C0007FF4CEAEDA077FF5CBAEC4E6392BD8D004
:10B9D000B9F1000F3FF7C2AEC2E6019B022B3FF761
:10B9E000D5ADCDF8149060E5C24667E7019B022B08
:10B9F0003FF7CCAD0F9BCDF814900793D6E44FF0F2
:10BA0000020AFFF725BA194B0093FFF7D7B83FF4A6
:10BA10000DACC0F13C0094E400266664314620463B
:10BA200000F05EFC009068B9114B124800224FF400
:10BA3000D57101F0A3F90E4B0E483A4640F2EA21C7
:10BA400001F09CF9009B236401224FF0FF3309961B
:10BA50000F930A920793FFF7B5BA00BFB0F400083E
:10BA6000000024400000E03F00001C4068F3000894
:10BA700074F3000888F3000838B5084B084D5B1BC9
:10BA80009C1007D0043B1D44013C55F804399847ED
:10BA9000002CF9D1BDE8384003F0CEB94CF80008CD
:10BAA00048F80008F8B5244F0C46064600F00CFC98
:10BAB000BA685568C4F57E630F3325F003052B443F
:10BAC00023F47F6323F00F03A3F58054B4F5805F64
:10BAD00007DB0021304600F0EFFFBB682B449842A3
:10BAE00004D0304600F0F6FB0020F8BD614230463D
:10BAF00000F0E2FF01300DD0104ABB682D1B45F06D
:10BB000001055D60136830461B1B136000F0E2FB0B
:10BB10000120F8BD0021304600F0CEFFBA68831A3C
:10BB20000F2BDEDD43F001035360054B03491B6817
:10BB3000C01A0860D5E700BF94040020483C0120EB
:10BB40009C080020002961D0F8B50C46064600F09C
:10BB5000BBFB54F8042C7B4FA4F1080522F0010133
:10BB600005EB010CB868DCF80430604523F00303F2
:10BB700000F08B80D207CCF8043032D454F8082C73
:10BB8000AD1A1144AA6807F1080082426AD00CEB92
:10BB90000304D4F804E0EC68D4601EF0010FA26046
:10BBA00000F0978041F001036B60CCF80010B1F514
:10BBB000007F35D27A68CB084809012101338140E2
:10BBC0001143796007EBC30257F83310083AC5E90F
:10BBD000021247F83350CD603046BDE8F84000F01F
:10BBE00079BB0CEB03025268D00710D4194407F15B
:10BBF0000800DCF80830834273D0DCF80C20DA60EF
:10BC0000936041F001036B606950D0E7704741F0E9
:10BC10000103B1F5007F44F8043CCCF80010C9D30F
:10BC2000B1F5206F4FEA512348D28B0903F1390057
:10BC300003F13802C300F818FB580838984259D06D
:10BC40005A6822F003028A4202D99B689842F7D1CF
:10BC5000D868C5E902308560DD603046BDE8F8404F
:10BC600000F038BB0CEB03025268D20763D40B44DC
:10BC7000DCE90212CA60916043F001026A6030465A
:10BC8000EB50BDE8F84000F025BB0B44D10707D4CA
:10BC900054F8082CAD1A1344D5E90212CA60916019
:10BCA00043F001026A60284ABD6012689A4293D844
:10BCB000264B30461968FFF7F5FE8DE7142B0AD99D
:10BCC000542B1FD80B0B03F16F0003F16E02C3005E
:10BCD000B1E719448DE703F15C0003F15B02C30097
:10BCE000A9E741F00103C7E90455C5E902006B600B
:10BCF000695071E779689210012404FA02F20A434C
:10BD00007A60A6E7B3F5AA7F06D8CB0B03F17800DB
:10BD100003F17702C3008EE740F25452934206D8F3
:10BD20008B0C03F17D0003F17C02C30083E74FF429
:10BD30007E737E227FE741F001036B60CCF8001038
:10BD40004AE700BF94040020A0080020783C0120AE
:10BD50000048704794090020704700BF704700BF3B
:10BD6000704700BF704700BF2DE9F04F01F10B068F
:10BD7000162E83B0044624D8102900F2BA8000F0B1
:10BD8000A3FA102618220220B54F3A44A2F1080166
:10BD900053688B4200F0BA805A68D96822F00302D7
:10BDA0001A449D68E9608D60516841F001012046A8
:10BDB000516003F1080500F08DFA284603B0BDE894
:10BDC000F08F36F0070600F19480B14200F29180C6
:10BDD00000F07AFAB6F5FC7FC0F09A81730A00F0A1
:10BDE0008F80042B00F26F81B30903F1390003F156
:10BDF000380CC3009A4F3B44A3F108055B689D4291
:10BE000006D10CE0002980F22781DB689D4206D034
:10BE10005A6822F00302911B0F29F3DD60463D6949
:10BE2000DFF850C265457CD06A6822F00302931B9C
:10BE30000F2B00F37B81002BC7E904CC80F26C81CF
:10BE4000B2F5007F80F01A81D308796801334FEA98
:10BE5000521E012202FA0EF20A4357F833E0C5F8E7
:10BE600008E007EBC3010839E9607A6047F833500E
:10BE7000CEF80C50831001219940914257D81142BD
:10BE800006D120F003004900114200F10400FAD06D
:10BE900007EBC0094D468646D5F80C80454508D1CC
:10BEA0001DE1002B80F22481D8F80C80454500F07C
:10BEB0001681D8F8042022F00302931B0F2BF0DD2B
:10BEC0002046D8E9025408EB060146F00106C8F8FE
:10BED0000460EC60A56043F00104C7E90411C1E906
:10BEE00002CC4C6048F8023000F0F4F908F1080583
:10BEF00002E00C2323600025284603B0BDE8F08F44
:10BF00004FF4007340204FF03F0C73E7D3689A4220
:10BF100008BF02307FF440AF3D69DFF858C1654586
:10BF200082D17A688310012199409142A7D9BD68D6
:10BF30006B6823F003094E4503D8A9EB06030F2BCA
:10BF40007ADCDFF834B1474BDBF800201B680132A4
:10BF5000334405EB090A00F0338103F580530F33B6
:10BF600023F47F6828F00F084146204600F0A4FD26
:10BF7000411C024600F0F380824500F2EE803A4B0D
:10BF8000196841441960084600F04E81DBF8001042
:10BF9000019301311BBFA2EB0A0A5044CBF80020E9
:10BFA000186012F0070B00F01781CBF108010A446A
:10BFB000CBF5805190440831A1EB0801C1F30B0A85
:10BFC00051462046009200F077FD421CDDE9002337
:10BFD00000F04F81801A00EB0A081968BA6048F037
:10BFE00001005144BD425060196000F02981B9F14F
:10BFF0000F0F40F227816868A9F10C0C2CF0070C98
:10C0000000F0010040EA0C0068604FF0050E05EBFF
:10C010000C00BCF10F0FC0E901EE00F23281506854
:10C020001546124B1A688A4238BF1960104B1A68BD
:10C030008A4238BF196094E0AA1943F0010346F020
:10C0400001066E602046BA60536000F043F908357F
:10C05000284603B0BDE8F08FD9681A44A1E600BFB6
:10C0600094040020783C0120483C0120703C0120D1
:10C07000743C01209C0400209C080020B2F5206F35
:10C080004FEA522363D3142B00F2B78003F15C0113
:10C09000C9005B3307EB010E7958AEF1080E8E45EF
:10C0A00000F091804B6823F00303934202D9896822
:10C0B0008E45F7D1D1F80CE07A68C5E9021ECEF8BA
:10C0C0000850CD60D6E6142B59D9542B00F29D8030
:10C0D000330B03F16F0003F16E0CC3008AE60EF11F
:10C0E000010E1EF0030F05F108057FF4D5AE51E0F7
:10C0F000424445465368D8F80C1043F0010353609E
:10C1000055F8083F2046D9608B6000F0E3F8F3E66D
:10C11000F00806F1080237E62A442046536843F047
:10C1200001035360083500F0D5F8E5E6A91920466B
:10C1300046F0010643F001046E60C7E90411C1E94D
:10C1400002CC4C60AB5000F0C5F80835D4E693093A
:10C1500003F13901C90038339CE7BD425FD0BD68A7
:10C16000686820F003084645A8EB060302D80F2BA9
:10C170003FF762AF204600F0ADF80025BCE603F1C2
:10C180005C0003F15B0CC30034E659F808394B45F9
:10C1900040F0968010F0030F00F1FF30F5D17B687E
:10C1A00023EA01037B60490099423FF6C0AE19B90A
:10C1B000BDE649000EF1040E1942FAD0704667E65A
:10C1C00003F11008D0E69A104FF001087B6808FAD6
:10C1D00002F21A437A6070E702EB08014942C1F3A8
:10C1E0000B0A51462046009200F066FC431CDDE934
:10C1F00000237FF4EFAEDA46EFE6542B25D8130B7D
:10C2000003F16F01C9006E3344E7B3F5AA7F25D867
:10C21000F30B03F1780003F1770CC300EAE5294B37
:10C22000186840441860B1E6CAF30B0CBCF1000F6B
:10C230007FF4ACAEBD68C84448F001006860F0E629
:10C240001546EEE60123536094E7B3F5AA7F23D8A1
:10C25000D30B03F17801C90077331BE740F2545246
:10C26000934223D8B30C03F17D0003F17C0CC3008F
:10C27000C0E5ABF1080BD844A8EB02084FF0000A68
:10C28000ABE605F1080120460093FFF75BFCBD68B3
:10C29000009B68681968C4E640F254518B420BD881
:10C2A000930C03F17D01C9007C33F3E64FF47E73F8
:10C2B0007F204FF07E0C9DE54FF47E717E23E9E6F2
:10C2C0007B6870E7483C01200148FFF749BD00BF8B
:10C2D0003C3C01200148FFF745BD00BF3C3C01202C
:10C2E000C36C70B505460C464BB153F8240080B1C1
:10C2F000026843F824200023C0E9033370BD2122E3
:10C30000042100F05BFD0346E8640028EDD1002025
:10C3100070BD012101FA04F6721D9200284600F05A
:10C320004DFD0028F3D0C0E90146E4E731B1C36C0C
:10C330004A6853F82200086043F82210704700BF93
:10C34000F0B50C69064683B00D4601F1140E0020CD
:10C35000DEF800101FFA81FC02FB0C334FEA134C8D
:10C36000090C02FB01CC01309BB203EB0C4384426D
:10C370004EF8043B4FEA1C43EADC3BB1AA68A242F8
:10C3800007DD05EB8402013453612C61284603B0BC
:10C39000F0BD6968019301313046FFF7A1FF019BB1
:10C3A0000746B8B12A690193023205F10C019200E7
:10C3B0000C30F4F7F3FAF26C6968019B52F8210033
:10C3C000286042F821503D4605EB84020134536158
:10C3D0002C61DBE7024B03483A46B52100F0CEFC66
:10C3E00074F3000808F40008030C1B04D3B900041C
:10C3F000102310F07F4F04BF0002083310F0704F7D
:10C4000004BF0001043310F0404F04BF800002332A
:10C41000002805DB10F0804F03F1010308BF202343
:10C42000184670470023E4E7036813F0070201464B
:10C4300007D0DA071FD4980721D55B080B600120CD
:10C44000704798B2A0B11046DAB20AB908301B0A98
:10C450001A0704BF1B0904309A0704BF9B08023067
:10C46000DA0703D45B0800F1010006D00B607047C7
:10C470001B0C1020E8E700207047202070479B0825
:10C480000B600220704700BF38B5C36C04460D46F0
:10C490004BB15868B0B102685A6000220123C0E96C
:10C4A0000435C26038BD2122042100F087FC034618
:10C4B000E0640028EDD1094B094800224FF4A07137
:10C4C00000F05CFC1C220121204600F077FC0028D3
:10C4D000F1D001220223C0E90123DEE774F3000852
:10C4E00008F400082DE9F04F0E691569AE4285B0D9
:10C4F0008846144605DB2A46234635460C46164632
:10C500009846A3686168AF19BB42B8BF0131FFF715
:10C51000E7FE0190002800F08680019B03F11409DA
:10C5200009EB870AD14505D24B46002243F8042B7C
:10C530009A45FBD808F1140808EB860B04F11403A4
:10C54000D8451A4603EB85055FD22B1B153B23F01C
:10C55000030304331534A54238BF0423CDE902A7F1
:10C56000AC461F46924605E0000C29D1C34509F1AF
:10C57000040948D958F8040B85B2002DF4D056466A
:10C580004C46002356F8040B216882B21FFA81FE44
:10C5900005FB02EE000C0A0C734405FB002202EBC3
:10C5A00013429BB243EA0243B44544F8043B4FEACA
:10C5B0001243E7D849F8073058F8040C000CD5D0DE
:10C5C000D9F80030544619464D4600222688090CF9
:10C5D00000FB06110A449BB243EA024345F8043BC0
:10C5E00054F8046B2968360C8BB200FB063303EB5E
:10C5F0001243A4454FEA1342E8D8C34549F807302F
:10C6000009F10409B6D8DDE902A7002F02DC05E034
:10C61000013F03D05AF8043D002BF9D0019807617F
:10C6200005B0BDE8F08F034B0348019A40F25D115D
:10C6300000F0A4FB74F3000808F4000812F00303F0
:10C640002DE9F0411446064632D10D46A41020D003
:10C65000D6F84880B8F1000F33D0E3074FF0000759
:10C6600007D4641015D0D8F80000A8B18046E307BD
:10C67000F7D5424629463046FFF734FFB5B1696821
:10C68000F36C641053F821202A6043F821500546CA
:10C69000E9D12846BDE8F081424641463046FFF7E1
:10C6A00021FFC8F8000007608046E0E70546D8E7AC
:10C6B000013B0F4A52F823200023FFF741FE0546B5
:10C6C000C4E701213046FFF70BFE804640B101234D
:10C6D00040F27122C0E904320023B0640360BCE779
:10C6E000044B054842464FF4A07100F047FB00BFE1
:10C6F00078F5000874F3000808F400082DE9F04705
:10C700000C4690462669A368496806EB6216751CBC
:10C710009D4207464FEA621904DD5B009D4201F12C
:10C720000101FADC3846FFF7DBFD8446002851D0D2
:10C73000B9F1000F00F114000EDD09F105024FEA16
:10C74000820E03460CEB8202002143F8041B934245
:10C75000FBD1AEF114031844216904F1140318F05D
:10C760001F0803EB81012DD0C8F1200986464FF048
:10C77000000A1A6802FA08F242EA0A024EF8042B8A
:10C7800053F8042B994222FA09FAF2D80B1B153BF5
:10C7900023F00303043304F11502914238BF04234C
:10C7A000BAF1000F18BF2E4640F803A0FB6C626878
:10C7B000CCF8106053F822102160604643F8224004
:10C7C000BDE8F087043853F8042B40F8042F994251
:10C7D000F9D8EBE7034B0448624640F2D91100F068
:10C7E000CDFA00BF74F3000808F400080B69844612
:10C7F0000069C01A16D10CF1140C14310CEB830231
:10C8000010B401EB830301E0944508D252F8044DC3
:10C8100053F8041D8C42F7D005D24FF0FF305DF87D
:10C82000044B7047704701205DF8044B704700BF10
:10C830002DE9F84F0F691369FF1A002F0E46904635
:10C840007AD101F11405143202EB830205EB830364
:10C8500001E09D4273D253F8041D52F8044DA142E9
:10C86000F7D064D37168FFF73BFD8146002872D092
:10C870003569D8F81020C76008F1140E06F11400CD
:10C8800009F1140A06F1100C0EEB820200EB850789
:10C89000564600215EF8044B5CF804BFA3B211FABF
:10C8A0008BF1CB1A210CC1EB1B4101EB23419BB255
:10C8B00043EA0143724546F8043B4FEA2141E9D877
:10C8C000A2EB0804153C08F11508424524F00306C4
:10C8D00006F1040638BF0426304424F0030238BFB2
:10C8E000002287425244B24416D95646044654F8B0
:10C8F000043B11FA83F10A1402EB134289B241EAB4
:10C900000243A74246F8043B4FEA2241EFD87A1E81
:10C91000101A20F00302524423B952F8043D013D9D
:10C92000002BFAD0C9F810504846BDE8F88F3346BE
:10C9300001274646984695E7F9DB002792E7002154
:10C94000FFF7CEFC814668B101220023C9E9042328
:10C950004846BDE8F88F074B07484A464FF4107128
:10C9600000F00CFA034B04484A4640F2322100F032
:10C9700005FA00BF74F3000808F400082DE9F0433D
:10C98000884683B0012157EC106B1546FFF7A8FCD1
:10C99000044600284FD0C7F30A59C7F31303B9F16F
:10C9A000000F01D043F48013002E019324D0684679
:10C9B0000096FFF739FD002839D0DDE90013C0F1FA
:10C9C000200203FA02F20A43C34062610193002B82
:10C9D00014BF02220122A3612261B9F1000F16D017
:10C9E000A9F233430344C0F13500C8F80030286091
:10C9F000204603B0BDE8F08301A8FFF715FD019BB9
:10CA00006361012220302261B9F1000FE8D104EB0B
:10CA10008203A0F23240C8F800001869FFF7E4FC76
:10CA2000C0EB42102860204603B0BDE8F083009BB5
:10CA30006361019BCBE7034B0348224640F20A3176
:10CA400000F09CF974F3000808F4000853EC102B74
:10CA500070B5164E23F000410025B1420446056032
:10CA600021DC10EE106A0E431DD0114E1E401846F8
:10CA700066B91946002210EE100A0E4BF3F77CFD42
:10CA80006FF035050246084621F0004120F0FF40D6
:10CA9000091520F4E000A1F2FE3140F07F53294453
:10CAA00043F40013216043EC102B70BDFFFFEF7FB8
:10CAB0000000F07F0000504338B5074D00220446C7
:10CAC00008462A60F4F734FE431C00D038BD2B68BA
:10CAD000002BFBD0236038BD7C3C012010B50C46F8
:10CAE000B1F90E1000F06EFA002803DB236D034449
:10CAF000236510BDA38923F48053A38110BD00BF1B
:10CB00002DE9F0410C46B1F90C101F46CB05054646
:10CB100016460BD421F48051A1813B46B4F90E1086
:10CB200032462846BDE8F04100F0CCB8B4F90E100A
:10CB30000223002200F09EF9B4F90C10EAE700BFCE
:10CB400010B50C46B1F90E1000F094F9A389421CFF
:10CB50000EBF23F4805343F480532065A38110BD9E
:10CB6000B1F90E1000F05AB930B540EA0104A3073C
:10CB700001D1032A0FD8844601F1FF3E07E01EF8D9
:10CB8000011F03F8011B541EC1B19C462246634697
:10CB9000002AF4D130BD0B468446194653F8045B95
:10CBA000A5F1013424EA050414F0803FE4D1043AED
:10CBB000032A4CF8045B1946EFD8DDE76244002CE9
:10CBC000E8D003F8011B9342FBD130BD2DE9F04FB3
:10CBD000936883B09146002B6ED017688D688046AD
:10CBE0000C460868083744E0A38913F4906F2ED0F0
:10CBF000D4E90415A0EB010A05EB450505EBD57555
:10CC00000AEB06006D100130A8422A4684BF054693
:10CC10002A465B0537D511464046FFF7A5F80028A0
:10CC20003BD0524621690190F3F7B8FEA289019BDF
:10CC300022F4906242F08002A281A5EB0A0203EB8B
:10CC40000A006561A260236120603546B2465946FC
:10CC5000524600F03BF9A068D9F808102368451B3C
:10CC60008E1B03EB0A00A5602060C9F808601EB3A4
:10CC7000083757E902B6002EFAD0B542AA46B3D912
:10CC80003546B246E3E7404600F0B2F903460028D5
:10CC9000D3D121694046FEF755FF0C23C8F8003078
:10CCA000A389002243F040034FF0FF30A381C9E97C
:10CCB000012203B0BDE8F08F0020C9F8040003B0E2
:10CCC000BDE8F08F38B50C46084D84461146204625
:10CCD0001A4600232B606446F4F7DAFC431C00D0AC
:10CCE00038BD2B68002BFBD0236038BD7C3C012075
:10CCF0002DE9F047DFF880A00646DAF800009846F4
:10CD00000F469146FFF72CF81A4B1B68D3F84841A1
:10CD100024B365681F2D26DC5EB96B1C0235DAF87A
:10CD20000000636044F82570FFF71CF80020BDE8A0
:10CD3000F08704EB85010123C1F88890D4F888219D
:10CD4000AB401A43022EC4F88821C1F80881E4D10F
:10CD5000D4F88C211343C4F88C31DEE703F5A674B4
:10CD6000C3F84841D5E7DAF80000FEF7FBFF4FF0C3
:10CD7000FF30DCE7FCF200089004002000B50B4C0B
:10CD800025681446EE681A4685B003460D464CB138
:10CD900007490095CDE901143046064900F050F8E6
:10CDA00001F000FB04490C46F3E700BF64000020DB
:10CDB00084F5000894F5000890F5000810B502FB12
:10CDC00001F1FEF7D1FF044668B150F8042C22F0BF
:10CDD0000302043A242A18D8132A06D8024600234C
:10CDE000C2E900339360204610BD00231B2AC0E92E
:10CDF00000330FD9242AC0E9023311BF00F1100219
:10CE0000036100F118024361E9E70021FBF7D2FF5B
:10CE1000204610BD00F10802E1E700BF38B5074D1C
:10CE20000022044608462A60F4F74EFC431C00D05A
:10CE300038BD2B68002BFBD0236038BD7C3C012023
:10CE40000EB410B583B005AB064C53F8042B019318
:10CE50000146206800F0F4FA03B0BDE8104003B0CA
:10CE6000704700BF64000020014B93F82801704711
:10CE7000A408002038B50C46084D844611462046CB
:10CE80001A4600232B606446F4F745FC431C00D08F
:10CE900038BD2B68002BFBD0236038BD7C3C0120C3
:10CEA00082B049B15AB16BB113780B601278101E81
:10CEB00018BF012002B0704701A9002AF3D1104623
:10CEC00002B070476FF00100F4E700BF88420DD94F
:10CED0008B1883420AD900EB020CBAB1624613F8F0
:10CEE00001CD02F801CD9942F9D170470F2A0ED831
:10CEF000034602F1FF3C4AB10CF1010C013B8C44AA
:10CF000011F8012B03F8012F6145F9D1704740EA70
:10CF100001039B0750D1A2F1100370B501F1200C61
:10CF200023F00F0501F1100E00F11004AC441B09B1
:10CF30005EF8105C44F8105C5EF80C5C44F80C5C25
:10CF40005EF8085C44F8085C5EF8045C44F8045C35
:10CF50000EF1100EE64504F11004E9D1013312F090
:10CF60000C0F01EB031102F00F0400EB031327D0A9
:10CF7000043C24F003064FEA940C1E441C1F8E460A
:10CF80005EF8045B44F8045FB442F9D10CF101048B
:10CF900002F0030203EB840301EB840102F1FF3C86
:10CFA0004AB10CF1010C013B8C4411F8012B03F840
:10CFB000012F6145F9D170BD02F1FF3C03469BE7AB
:10CFC0002246EBE738B50C46084D8446114620460C
:10CFD0001A4600232B606446F4F73DFB431C00D047
:10CFE00038BD2B68002BFBD0236038BD7C3C012072
:10CFF0002DE9F84F1746002900F0988007F10B053E
:10D0000080460C46FFF760F9162D5DD810252A469C
:10D01000AF425ED854F8041C21F003069642A4F1F6
:10D02000080962DABC4BD3F808C009EB0600844556
:10D0300000F09780D0F804C02CF0010303445B6833
:10D04000DB0768D42CF0030C06EB0C03934247DAA1
:10D05000CB0710D454F8083CA9EB030ADAF80430E3
:10D0600023F003018C44B444944580F21181731879
:10D07000934280F2E88039464046FEF775FE074647
:10D08000E0B154F8043C23F001034B44A0F1080242
:10D09000934200F0D280321F242A00F2F580132A36
:10D0A00000F2AC800346224611681960516859604D
:10D0B00092689A6021464046FEF744FD4046FFF7DD
:10D0C00009F93846BDE8F88F25F00705002D2A46F6
:10D0D0009EDA0C23C8F8003000273846BDE8F88FE8
:10D0E0001E46D0E90223D3609A60731B0F2B22D80F
:10D0F000D9F8043003F0010333434E44C9F8043037
:10D10000736843F00103736040462746FFF7E2F877
:10D110003846BDE8F88FC907ADD454F8083CA9EBF0
:10D12000030ADAF8041021F00301A0E7BDE8F84F84
:10D130001146FEF719BED9F8041001F00101294388
:10D14000C9F8041009EB05014E4443F001034B609C
:10D15000736843F00103083173604046FEF7F2FC48
:10D16000D2E7DCF8040020F0030B06EB0B0C05F112
:10D17000100084454DDAC9073FF57DAF54F8081C0F
:10D18000A9EB010ADAF8041021F003018B44B3443F
:10D1900058453FF76CAF5746DAF80C1057F8080FB0
:10D1A000321F242AC160886000F2DB80132A40F21B
:10D1B000D6802168CAF808106168CAF80C101B2ACA
:10D1C00000F2DF8008340AF1100221681160616802
:10D1D0005160A16891600AEB0501ABEB050242F0DA
:10D1E000010299604A60DAF8043003F001031D433C
:10D1F0004046CAF80450FFF76DF86EE723680360F5
:10D20000636843601B2A68D804F1080200F1080330
:10D210004AE709EB05029A60ACEB050343F0010312
:10D22000536054F8043C03F001031D43404644F8A6
:10D23000045CFFF74FF827464FE750F8043C23F013
:10D2400003031E4451E75746DAF80C1057F8080F4D
:10D25000321F242AC16088604CD8132A48D921681B
:10D26000CAF808106168CAF80C101B2A56D808348E
:10D270000AF110021E462368136063685360A368B6
:10D280009360D1463C4630E72146FFF71FFE11E789
:10D29000D0E902135746CB60996057F8081FDAF8B7
:10D2A0000C30CB60321F242A99602DD8132A29D93B
:10D2B0002368CAF808306368CAF80C301B2A42D8C1
:10D2C00008340AF1100322681A6062685A60A26882
:10D2D0009A606646D1463C4607E7A3688360E368E8
:10D2E000C360242A26D004F1100200F11003DBE60B
:10D2F0003A46BFE7214638461E46D146FFF7E6FDCF
:10D300003C46F2E63B46DEE7214638466646D146D5
:10D31000FFF7DCFD3C46E8E694040020A168CAF86B
:10D320001010E168CAF81410242A20D010340AF131
:10D3300018029FE7236903616169416104F11802E2
:10D3400000F11803B0E6A368CAF81030E368CAF821
:10D350001430242A21D010340AF11803B3E73A46D6
:10D3600033E721463846FFF7B1FD164B33E7226914
:10D37000CAF818206269CAF81C2018340AF1200281
:10D3800078E7A168CAF81010E168CAF81410242AD6
:10D390000DD010340AF1180217E72369CAF81830C3
:10D3A0006369CAF81C3018340AF120038BE722693C
:10D3B000CAF818206269CAF81C2018340AF1200241
:10D3C00003E700BF940400202DE9F84F4B6E9C0446
:10D3D00090462DD59368126843B38B46064602F1FA
:10D3E000080959E9025A5FEA9A0715D0043D00245A
:10D3F00001E0A7420ED055F8041F5A46304601F00E
:10D400008BF9431C04F10104F3D10023C8E9013373
:10D41000BDE8F88FD8F808302AF0030AA3EB0A0316
:10D42000C8F8083009F10809002BDAD10020ECE730
:10D4300001F0A6F90023C8E90133BDE8F88F00BF69
:10D440002DE9F04F2DED028BBBB008EE101A08EE5F
:10D45000900A1C461746039318B1836B002B00F00B
:10D460009C8218EE102A536EDE0740F19E81B2F9BD
:10D470000C108AB2900409D441F4005218EE101A2C
:10D480004B6E8A8123F4005392B24B66110740F130
:10D49000F88018EE103A1B69002B00F0F28002F0C1
:10D4A0001A030A2B00F0FE8011AB0E930023CDE986
:10D4B0000F33CDE9083306930DF144090793029326
:10D4C0003B78002B00F05B813C4604E014F8013F00
:10D4D000002B00F03481252BF8D1E51B40F0318181
:10D4E0002378002B00F04B814FF0000300258DF8CE
:10D4F0003330671C637801954FF0FF3B2B240137D5
:10D50000A3F120025A2A00F26181DFE812F0AB0297
:10D510005F015F01A7025F015F015F016A005F01B8
:10D520005F0149027E025F015402B9025F01B50248
:10D530005B005B005B005B005B005B005B005B0013
:10D540005B005F015F015F015F015F015F015F01E0
:10D550005F015F01360284005F015F015F015F01CF
:10D560005F015F015F015F015F015F01E5005F0136
:10D570005F015F011A025F016C025F015F014805F4
:10D580005F015F015F015F015F015F015F015F019B
:10D590005F015F01360286005F015F015F01620289
:10D5A000860080005F0158025F019402E70082025A
:10D5B00080005F011A027E0068055F015F016A0555
:10D5C0005F017E00A3F13002002117F8013B01EB5F
:10D5D000810102EB4101A3F13002092AF5D9019141
:10D5E0008EE718EE900AFEF7B3FB436808931846DF
:10D5F000F3F7E6FB0990064618EE900AFEF7A8FB43
:10D6000083680793002E40F0A5843B7877E73B784A
:10D6100045F0200573E745F01005AC06039E40F188
:10D620008281073626F007063246736852F8086B87
:10D6300003929846002BC0F25584BBF1FF3F00F0E7
:10D640003A8556EA080325F0800A00F030840A2E55
:10D6500078F1000380F0E784303601238DF8E7602D
:10D66000554600930DF1E704009A9DF833305A4572
:10D67000B8BF5A469046002B00F0B78002F101086F
:10D68000B3E018EE101A18EE900A18EE105A00F0D7
:10D690001FFE002840F0A885AA8902F01A030A2B71
:10D6A0007FF402AF18EE101AB1F90E30002BFFF61E
:10D6B000FBAE4B6EDE0702D4950540F1738518EE84
:10D6C000101A18EE900A23463A463BB0BDEC028B86
:10D6D000BDE8F04F00F0AEBD45F0100515F0200894
:10D6E00000F01281039E073626F007063346D6F86F
:10D6F000048053F8086B039325F4806A00234FF0ED
:10D7000000028DF83320BBF1FF3F00F0D38156EAD1
:10D7100008022AF0800540F0CC81BBF1000F40F0F8
:10D72000CD84002B40F0C8831AF00103009300F071
:10D73000F88330238DF8E7300DF1E70494E7E51B1B
:10D740001DD00F9B109A01332A44072BC9E900759D
:10D7500010920F9305DC09F10809029B2B440293F8
:10D76000BEE6002A00F09F8318EE101A18EE900A09
:10D770000EAAFFF729FE40B90DF14409EDE7109B11
:10D78000002B40F0208500230F9318EE102A536ED3
:10D79000D90740F1AE8093895B0600F12E8502988F
:10D7A0003BB0BDEC028BBDE8F08FB2F90C108D05DB
:10D7B00018EE103A8AB23FF55DAE18EE105A986D29
:10D7C000FEF7CEFAB5F90C108AB253E6002BD6D08C
:10D7D0008DF884304FF001084FF000038DF833309E
:10D7E000CDF8008021AC4FF0000B15F0020304933C
:10D7F00018BF08F1020815F08403059305D1019BB9
:10D80000A3EB0806002E00F37F82DDE90F21501CF8
:10D810009DF833608EB10DF133020131C9F800205B
:10D8200007284FF00102CDE90F01C9F8042000F3E9
:10D830004C82024609F108090130049BEBB10DABA3
:10D840000231C9F8003007284FF00203CDE90F017B
:10D85000C9F8043040F35382002900F01F8318EE0A
:10D86000101A18EE900A0EAAFFF7AEFD00288CD110
:10D87000DDE90F210DF14409501C059B802B00F0C0
:10D880005A81009BABEB0306002E00F3BD81009B89
:10D89000C9F8004019440728CDE90F01C9F8043040
:10D8A00040F34681002900F0858218EE101A18EE28
:10D8B000900A0EAAFFF788FD00287FF466AF109942
:10D8C0000DF14409680705D5019BA3EB0804002C62
:10D8D00000F37A82DDE901234245ACBF9B18434443
:10D8E0000293002940F0E08100230F930DF14409D9
:10D8F000E6E593899A053FF54FAF18EE104AA06D03
:10D90000FEF730FAA38947E715F0100340F03A8399
:10D9100015F0400200F0F983039A52F8046B039269
:10D920009846B6B2E8E656F8043B0396E80600F1DE
:10D930000483690640F1FE8243F3C0381EB24346B9
:10D9400078E6039E56F8044B4FF000038DF8333011
:10D95000002C00F0C183BBF1FF3F00F045835A4625
:10D9600000212046F3F79CFA002800F02084031BD6
:10D97000009303964FF0000B76E6039E4FF00003F2
:10D980008DF833304FF0010856F8043B8DF88430A1
:10D990000396CDF8008021AC25E700F0D7FD60E5C7
:10D9A000039B53F8042B0192002A80F2B682019A5D
:10D9B0000393524201923B7845F004059FE53B7882
:10D9C0006C2B03BF7B7845F02005013745F010052F
:10D9D00095E53B78682B03BF7B7845F400750137EC
:10D9E00045F040058BE545F0100A1AF0200800F0DC
:10D9F0006A82039E073626F007063346D6F804806F
:10DA000053F8086B0393012379E63B788DF8334094
:10DA100075E5039B53F8046B039330238DF8343082
:10DA200078238DF83530C14B069345F0020A4FF04C
:10DA30000008022363E6AE0600F19A82EC0600F1CC
:10DA40004383680600F1A083A90540F13D83039E4E
:10DA5000029A56F8043B03961A7031E53B7845F07C
:10DA600001054CE59DF83330002B7FF4CEAD20232B
:10DA70008DF833303B7842E53B7845F080053EE554
:10DA8000394611F8013B2A2B00F0C083A3F1300284
:10DA9000092A0F464FF0000B3FF632AD17F8013B55
:10DAA0000BEB8B0B02EB4B0BA3F13002092AF5D9E0
:10DAB00026E5AA46012B3FF4CAAD022B3AAC12D19F
:10DAC000069A06F00F033609D35C04F8013D46EAD6
:10DAD00008764FEA181856EA0803F2D13AAB1B1B36
:10DAE00055460093C0E506F00703F60846EA487677
:10DAF0004FEAD808303356EA0801224604F8013DBF
:10DB0000F1D11AF0010FE9D0302BE7D03023023ADF
:10DB100004F8013C3AAB9B1A554600931446A3E522
:10DB2000009911940123129110910F930DF1440962
:10DB300009F10809C6E6019BA3EB0806002E7FF752
:10DB4000A0AE102E40F35E83DFF8E4A15346CDE98A
:10DB50000445BA4618EE904A18EE105A0846964602
:10DB60001F4607E00EF1020C09F108099646103E27
:10DB7000102E1FDD0EF1010210301023072ACDE90F
:10DB80000F20C9F80070C9F80430EBDD0EAA002898
:10DB900000F09580294620460DF14409FFF714FC5A
:10DBA00000287FF4F2ADDDE90FE0103E102E0EF1FB
:10DBB000010CDFDCDDE904453B46014657469A4649
:10DBC0003144BCF1070FCDE90FC1C9F800A0C9F875
:10DBD000046040F3A981002900F0C68218EE101AF3
:10DBE00018EE900A0EAAFFF7EFFB00287FF4CDADE8
:10DBF000009BDDE90F21ABEB0306002E02F10100D3
:10DC00000DF144097FF743AE102EDFF824A137DD74
:10DC10005346CDE90445BA4618EE904A18EE105A1C
:10DC20004FF0100B084694461F4607E00CF1020E19
:10DC300009F108099446103E102E1ADD0CF101027C
:10DC40001030072AC9E9007BCDE90F20EEDD0EAACE
:10DC500020B3294620460DF14409FFF7B5FB002803
:10DC60007FF493ADDDE90FC0103E102E0CF1010ED4
:10DC7000E4DCDDE904453B460146574670469A46DA
:10DC800031440728CDE90F01C9F800A0C9F80460A4
:10DC900000F3EE8009F108090130F8E54FF0010EBC
:10DCA00084460DF14409C6E718EE101A18EE900AE2
:10DCB0000EAAFFF789FB00283FF416AE65E54FF08A
:10DCC000010C86460DF1440951E7002900F0E3807C
:10DCD00018EE101A18EE900A0EAAFFF775FB00282E
:10DCE0007FF453ADDDE90F210DF14409501CA4E58B
:10DCF00002210DAB1291119301200DF1440902464E
:10DD000009F10809501CB8E5102E40F35682DDE9F0
:10DD10000FC1DFF820A0CDE90A451023544618EEC4
:10DD2000105A18EE90AA08460EE000BF10F3000843
:10DD3000E8F60008D8F600080CF1020E09F108090F
:10DD40009446103E102E1CDD0CF101021030072A03
:10DD5000C9E90043CDE90F20EEDD0EAA20B3294624
:10DD600050460DF14409FFF72FFB00287FF40DAD5D
:10DD7000DDE90FC0103E102E0CF1010E4FF0100324
:10DD8000E2DCA2460B9D0A9C014672463144072AFA
:10DD9000CDE90F21C9F800A0C9F8046000F3AB80F9
:10DDA00009F10809501C33E584464FF0010E0DF1CE
:10DDB0004409C6E76C070F9152D5019BA3EB0804F9
:10DDC000002C4DDD0DF14409102C40F30882DFF8E2
:10DDD0005CA40F9A0B46BB464946574618EE109A6C
:10DDE00018EE90AA102505E0901C08313246103C30
:10DDF000102C18DD561C1033072EC1E90075CDE933
:10DE00000F63F1DD0EAA3BB349465046FFF7DCFA3B
:10DE100000287FF4BAACDDE90F23103C102C02F18E
:10DE2000010011A9E6DC8946BA4619465F4621443D
:10DE30000728C9E900A4CDE90F017FF74BAD79B1FF
:10DE400018EE101A18EE900A0EAAFFF7BDFA002875
:10DE50007FF49BAC10993DE501201A4611A9C6E755
:10DE6000DDE901234245ACBF9B18434402933BE5E7
:10DE700000293FF455AE18EE101A18EE900A0EAABB
:10DE8000FFF7A2FA00287FF480AC0F9810990130B8
:10DE90000DF14409FBE4049B002B79D101200A46D3
:10DEA0000DF14409E9E40F920DF1440955E4BBF189
:10DEB000000F7FF4D1AB55464FF0000BCDF800B00A
:10DEC0003AACFFF7D1BB1AF010033CD11AF0400274
:10DED00000F00C81039A52F8046B03929846B6B294
:10DEE00001230CE42D2376428DF8333068EB48088B
:10DEF000AA46012307E400297FD018EE101A18EE75
:10DF0000900A0EAAFFF760FA00287FF43EACDDE924
:10DF10000F210DF14409501C7AE403933B78FFF77D
:10DF2000EEBA3AACFFF7A0BB09F108090CF1010009
:10DF30006246A6E4AA0500F12F814FEAE3781E4667
:10DF40004346FFF777BB039B53F8046B039301230E
:10DF5000FFF7D5BB079B002B3FF457AB079B1B7804
:10DF6000002B3FF452AB3B7845F48065FFF7C7BA0E
:10DF7000DDE9021656F8042B0396CB17C2E900130D
:10DF8000FFF79EBA039B53F8046B0393FFF7B4BBF0
:10DF900002210DAB129111930DF14409B0E6A04A94
:10DFA000069215F0200836D0039E073626F00706A5
:10DFB0003246D6F8048052F8086B0392EA0709D576
:10DFC00056EA080206D08DF83530302345F00205B8
:10DFD0008DF8343025F4806A0223FFF790BBAA46FF
:10DFE00003E5904A0692DCE720460396F2F7E8FE46
:10DFF0004FF0000B0090FFF737BB9DF83320002A4D
:10E0000000F0B88001200DF13302129011920DF151
:10E01000440901460DE415F0100242D0039A52F86B
:10E02000046B0392CAE70AF48063CDF800A0CDF830
:10E030001090BA46DDF81C9000253AAC1F4609E066
:10E0400030464146F3F742F80A2E78F100031BD31D
:10E0500006468846304641460A220023F3F736F842
:10E060001146303104F8011C0A220023013C01351D
:10E07000002FE5D099F80010A942E1D1FF2DDFD0A3
:10E080000A2E78F100035BD257463AABDDF800A0C8
:10E09000CDF81C901B1BDDF8109000935546FFF740
:10E0A000E3BA15F040013ED0039951F8046B039197
:10E0B0009046B6B282E7AA46FFF7C9BA012BAA4634
:10E0C0007FF4FBACFFF7C8BA039E029A56F8043BF4
:10E0D0001A600396FFF7F4B95B46062B28BF0623A8
:10E0E000514C009303969846FFF77DBB039B1AF4AF
:10E0F000007814BF53F8046B53F8046B03931CBFF0
:10E100009046F6B20123FFF7FABA039B15F40078A4
:10E1100014BF53F8046B53F8046B03931CBF904671
:10E12000F6B2FFF7E9BA039A15F4007814BF52F873
:10E13000046B52F8046B03921CBF8846F6B23DE7AD
:10E14000099B0899E41A1A462046FEF70DFD99F836
:10E1500001300BB109F10109304641460A22002382
:10E160000025F2F7B3FF73E701200A460DF14409D9
:10E17000FFF787BB049B002B7FF4BAAD0A46012052
:10E180000DF14409FFF77DBB039E029A56F8043B4C
:10E1900003961A80FFF794B943F3C0185EB2434662
:10E1A000FFF748BA886DFDF7DDFDFFF788BACDF8B7
:10E1B00000B003968346FFF757BA0F9A1099DFF81D
:10E1C0006CA00132E2E518EE101A18EE900A0EAAC1
:10E1D000FFF7FAF800283FF4D6AAFFF7D6BA0F984F
:10E1E000DFF848A0013022E66B6EDB0705D4AB896F
:10E1F0009F0502D4A86DFDF7B5FD4FF0FF330293E4
:10E20000FFF7CDBADFF828A08446D9E4039A7B78DB
:10E210000F4652F8041B039241EAE17BFFF76FB906
:10E2200024F3000810F3000838F30008D8F60008BB
:10E23000E8F6000870B50C468989ADF58E6D21F0C1
:10E240000201ADF81410616E1B91E189ADF8161052
:10E25000E1690991616A0B911CA9029106914FF441
:10E26000806106460491079118A80021CDE900328B
:10E270000891FDF771FDDDE9003202A93046FFF794
:10E28000DFF8051E07DB02A9304600F02BF9002855
:10E2900018BF4FF0FF35BDF814305B0603D5A389D6
:10E2A00043F04003A3811898FDF758FD28460DF56B
:10E2B0008E6D70BD49B1FF2A02D80A7001207047E7
:10E2C0008A2303604FF0FF3070470846704700BF55
:10E2D00038B5334B1B6805460C460BB19A6B12B32D
:10E2E000B4F90C3018079AB225D5216900292DD030
:10E2F00012F0010007D00020A06060694042A061D8
:10E3000039B1002038BD950758BF6069A060002969
:10E31000F7D1120658BF0846F4D543F04003A38155
:10E320004FF0FF3038BD184600F010F9B4F90C304A
:10E3300018079AB2D9D4D1062AD5520714D4216924
:10E3400043F00803A3819AB20029D1D102F42070CE
:10E35000B0F5007FCCD02146284600F0ADFBB4F9E3
:10E360000C3021699AB2C3E7216B51B104F140022C
:10E37000914204D02846FDF7E5FBB4F90C300022A9
:10E38000226321690022C4E9001223F02403D7E7A5
:10E39000092243F040032A604FF0FF30A38138BDCB
:10E3A0006400002008B5062000F0F6FB0120F3F71A
:10E3B00048F900BFB1F90C202DE9F0410C461107D6
:10E3C000804647D4636842F40062002BA2815EDD80
:10E3D000A56A002D58D00023D8F80060C8F8003096
:10E3E00093B212F4805256D10123E1694046A84706
:10E3F000431C67D0A389A56A5F0705D56368C01A67
:10E40000236B0BB1E36BC01AE1690246002340465F
:10E41000A847411C41D1D8F80030002B3DD01D2B1E
:10E4200001D0162B56D1A3892269226023F4006300
:10E4300000216160A381216BC8F8006021B304F161
:10E440004003994202D04046FDF77CFB0020206348
:10E45000BDE8F0812669BEB193B2256826609A07AF
:10E460000CBF63690023AD1BA3600BE02B46324653
:10E47000E169676A4046B847B0F1000CA5EB0C05AE
:10E48000664417DD002DF1DC0020BDE8F081E36B70
:10E49000002B9DDCF8E7206DAEE7B4F90C30226963
:10E4A000226023F40063A3810022DB046260C2D5F2
:10E4B0002065C0E7A38943F040034FF0FF30A381FC
:10E4C000BDE8F081D8F80030002B93D01D2B06D08A
:10E4D000162B04D0A38943F04003A381D5E7C8F8E5
:10E4E0000060D1E738B50C46054608B1836BA3B18F
:10E4F000B4F90C00B8B1636EDB0701D4810515D502
:10E5000028462146FFF756FF636EDA07054602D418
:10E51000A3899B050ED5284638BD00F017F8B4F93D
:10E520000C000028E7D10546284638BDA06DFDF750
:10E5300017FCE5E7A06DFDF715FC284638BD00BFC8
:10E54000014900F095BA00BF11ED00082DE9F04730
:10E5500082463948FDF704FCDAF83840002C66D1D1
:10E56000DAF80450354ACAF83C200323CAE9B84314
:10E57000DFF8DC90DFF8DC80314F324E04230AF5FF
:10E580003B72CAF8E8222146C5E90243C5E90044C6
:10E59000C5E904446C660822AC6105F15C00FAF739
:10E5A00009FCC5E90759C5E90987EE6205F158007C
:10E5B000FDF7D2FBDAF80850234BEB602146C5E9A2
:10E5C0000044C5E904446C66AC60AC61082205F106
:10E5D0005C00FAF7EFFBC5E90759C5E90987EE6268
:10E5E00005F15800FDF7B8FBDAF80C50174BEB605B
:10E5F0002146C5E90044C5E904446C66AC60AC61E1
:10E60000082205F15C00FAF7D5FB05F15800C5E9D1
:10E610000759C5E90A76C5F82480FDF79DFB01235B
:10E62000CAF838300448BDE8F047FDF79BBBBDE8A9
:10E63000F0470148FDF796BB443C012041E5000846
:10E6400041CB000861CB0008090001001200020064
:10E65000DDCA000801CB00080148FDF781BB00BFFF
:10E66000403C01200148FDF77DBB00BF403C01203C
:10E670002DE9F04782B0824688461446FEF7F4FB47
:10E68000012803D108F1FF33FE2B36D9424604F1AD
:10E690005C0301A9504600F01DFB421C064632D027
:10E6A00030B39DF804C00DF10509002509E0236889
:10E6B0005A1C226083F800C00135B54218D219F8FF
:10E6C00001CBA368013B002BA360F0DAA769BB4232
:10E6D00061462246504602DBBCF10A0FE7D100F04A
:10E6E000A1FA431CE8D10646304602B0BDE8F087E7
:10E6F0004646304602B0BDE8F0875FFA88FC8DF8E8
:10E7000004C00646CFE7A389304643F04003A38107
:10E7100002B0BDE8F08700BF30B5536E13F0010FB3
:10E72000B2F90C30144683B005469AB201D198056F
:10E730001CD5900406D4626E43F4005342F4005298
:10E74000A381626622462846FFF792FF636EDA07CE
:10E75000054602D4A3899B0502D5284603B030BDE7
:10E76000A06DFDF7FFFA284603B030BDA06D019102
:10E77000FDF7F6FAB4F90C3001999AB2D9E700BF67
:10E780009368002B00F085802DE9F04FB1F90C3033
:10E790000C461907804683B0174698B225D52369E1
:10E7A0001BB310F002033D682DD04FF0000ADFF8D4
:10E7B000BCB25646B9465E453346524628BF5B4614
:10E7C0004046002E52D0E169676AB847002856DDFE
:10E7D000D9F808301B1A8244361AC9F80830002BC1
:10E7E000E9D1002003B0BDE8F08F21464046FFF795
:10E7F0006FFD002840F03681B4F90C303D6898B2C6
:10E8000010F00203D1D110F0010944D14E46009717
:10E8100046B38205D4F808B040F18380B3455A4628
:10E8200000F2B28010F4906F40F0BF802068019237
:10E830004946FEF74BFBA368019AA3EB0B01236843
:10E84000A1601344B24623600026009B9868A0EBA9
:10E850000A00D14498600028C3D0B4F90C0080B2FB
:10E86000002ED6D1D5E900960835D1E7D5E900A626
:10E870000835A0E721464046FFF734FE80B3B4F9DF
:10E880000C3043F040034FF0FF30A38103B0BDE8EC
:10E89000F08F002070471E46AA46994618461D462E
:10E8A000009756B388B34A46D4E904132068B242AD
:10E8B00028BF3246884205D9A16803EB010B5A45AF
:10E8C00000F3A680934263DCE169676A2A4640460A
:10E8D000B847B0F1000BD2DDB9EB0B09CAD001206B
:10E8E000009A9368A3EB0B035D44A6EB0B069360C1
:10E8F000002B3FF476AF002ED4D10AF1080353E980
:10E9000002569A460833002EF9D032460A2128468C
:10E91000F2F7C6FA002800F09C800130A0EB050950
:10E92000C1E720682369984216D86369B34213D8B7
:10E930006FF00042B24228BF3246E16992FBF3F227
:10E94000676A02FB03F340464A46B847B0F1000A43
:10E9500095DDA6EB0A0678E7B345DA4628BFB2464E
:10E9600052464946FEF7B2FAA3682268A3EB0A03AF
:10E970005244A3602260002BEBD121464046FFF7B2
:10E98000B1FD0028E5D07AE72068B34632464EE76D
:10E9900029460192FEF79AFA019AA3689B1AA3608E
:10E9A000236813442360934696E723682169A3EB09
:10E9B000010B636903EB430A0AEBDA7A0BF10103FB
:10E9C0004FEA6A0A33445345524684BF9A46524638
:10E9D00043052CD511464046FDF7C6F900283BD02B
:10E9E0005A4621690190F1F7D9FFA289019B22F4CF
:10E9F000906242F08002A28103EB0B002361AAEB3C
:10EA00000B03C4F814A0A3602060B34632460EE79F
:10EA100029465A46FEF75AFA23685B44236021468A
:10EA20004046FFF75FFD00283FF456AF27E740461A
:10EA3000FEF7DEFA03460028DED121694046FDF7E5
:10EA400081F8B4F90C300C2223F08003C8F80020C0
:10EA500017E7721C914627E70C22B4F90C30C8F86E
:10EA600000200EE74FF0FF30BCE600BF00FCFF7F48
:10EA70002DE9F8430746884600F538764FF000093F
:10EA8000D6E90154013D11D4A389012B05F1FF35CD
:10EA900008D9B4F90E300133214603D03846C047B7
:10EAA00049EA00096B1C04F16804EDD13668002EB8
:10EAB000E6D14846BDE8F8832DE9F0418B890C4644
:10EAC000990796B008D504F143030122C4E9043242
:10EAD000236016B0BDE8F081B4F90E100029064697
:10EAE00027DB6A4600F07AF9002821DB019D05F456
:10EAF0007045A5F50055B5FA85F54FF480686D09A8
:10EB00004FF4006741463046FDF72EF9B4F90C305A
:10EB1000F0B1204AF26343F08003C4F81480A3816B
:10EB20002060206135BB3B43A38116B0BDE8F08176
:10EB3000A38913F0800519D04FF0400841463046B4
:10EB4000FDF712F90025B4F90C302F460028E0D16A
:10EB50009A05BED423F0030304F1430243F00203F9
:10EB60000121C4E90421A3812260B2E74FF4806847
:10EB70002F46C7E7B4F90E10304600F045F910B93A
:10EB8000B4F90C30CFE7A38923F0030343F001036A
:10EB90001BB2C8E741E5000838B5154B1F281D68B2
:10EBA00020D8D5F8DC22044662B152F820304BB1AF
:10EBB000012B15D0591C0FD0002542F82050984742
:10EBC000284638BD284600F02BF822460146284644
:10EBD000BDE8384000F00EB816232B60012038BD88
:10EBE000002038BD16232B604FF0FF3038BD00BF2A
:10EBF0006400002070B50C46084D034600262046F0
:10EC000011461C462E60F2F70CFD431C00D070BD6F
:10EC10002B68002BFBD0236070BD00BF7C3C012023
:10EC2000F2F7F7BCF8B50D461446064610B1836BF3
:10EC3000002B43D0B4F90C20A369A360170790B24E
:10EC40001BD52369CBB1EDB281042F4622D52268B2
:10EC50006169D31A994229DD0133A1680139A160A4
:10EC6000511C2160157062699A422AD0A389DB0782
:10EC700001D50A2D25D03846F8BD21463046FFF78C
:10EC800027FB20BBB4F90C20236990B2EDB28104BC
:10EC90002F46DCD442F40052A281626E616922F4F4
:10ECA000005262662268D31A9942D5DC214630466A
:10ECB000FFF718FC58B922680123CEE7FFF746FC9E
:10ECC000B8E721463046FFF70DFC0028D3D04FF0BF
:10ECD000FF37D0E770B5054684B01C4639B10B4EFE
:10ECE000D6F8E060B047431C09D004B070BD0A46B6
:10ECF0000649D1F8E06001A9B047431CF5D10022D4
:10ED00008A2322602B6004B070BD00BFA4080020DD
:10ED100070B500294BD006460C4610B1836B002B12
:10ED200048D0636ED80734D5B4F90C30002B3ED0F0
:10ED300021463046FFF73EFBE36A054633B1E16901
:10ED4000304698470028B8BF4FF0FF35A3891A0610
:10ED50003BD4216B41B104F14003994202D03046CB
:10ED6000FCF7F0FE00232363616C21B13046FCF711
:10ED7000E9FE00236364FFF76FFC636E0022DB078C
:10ED8000A28127D5A06DFCF7E9FFFFF76BFC2846B1
:10ED900070BDA3899905CBD4A06DFCF7E1FFB4F950
:10EDA0000C30002BC4D1656E15F0010508D000258C
:10EDB000284670BDFFF7CAFB636ED807B4D4E8E7F6
:10EDC000A06DFCF7CFFF284670BD21693046FCF7E7
:10EDD000B9FEBEE7A06DFCF7C5FFD3E770B50C46E2
:10EDE000084D03460026204611461C462E60F2F7C9
:10EDF00077FC431C00D070BD2B68002BFBD0236038
:10EE000070BD00BF7C3C012038B5074D0022044690
:10EE100008462A60F2F774FC431C00D038BD2B680A
:10EE2000002BFBD0236038BD7C3C0120F8B500BF2F
:10EE3000F8BC08BC9E467047F8B500BFF8BC08BCDB
:04EE40009E46704733
:10EE48006C65645F7461736B0000000073756363C5
:10EE5800657373006661696C65640000637265615F
:10EE680074652025732025730D0A00007374617280
:10EE7800745F7461736B000049444C4500000000E6
:10EE8800546D722053766300546D72510000000077
:10EE98000D0A205F2020202020202020205F202015
:10EEA800205F20202020202020202020202020201B
:10EEB800202020205F202020202020202020205FCC
:10EEC800205F200D0A7C207C202020205F5F5F7C53
:10EED800207C5F7C207C5F205F5F5F205F205F5F1E
:10EEE8002020205F5F5F7C207C5F5F2020205F5FA9
:10EEF8005F7C207C207C0D0A7C207C2020202F2019
:10EF08005F205C205F5F7C205F5F2F205F205C209C
:10EF1800275F5F7C202F205F5F7C20275F205C209D
:10EF28002F205F205C207C207C0D0A7C207C5F5F8A
:10EF38007C20205F5F2F207C5F7C207C7C20205FF2
:10EF48005F2F207C202020205C5F5F205C207C20BD
:10EF58007C207C20205F5F2F207C207C0D0A7C5F3A
:10EF68005F5F5F5F5C5F5F5F7C5C5F5F7C5C5F5F78
:10EF78005C5F5F5F7C5F7C202020207C5F5F5F2F71
:10EF88005F7C207C5F7C5C5F5F5F7C5F7C5F7C0D6F
:10EF98000A0D0A4275696C643A202020202020203E
:10EFA8004F637420323220323032342031363A31D5
:10EFB800343A33370D0A56657273696F6E3A2020FA
:10EFC800202020332E322E340D0A436F7079726957
:10EFD8006768743A20202028632920323032302094
:10EFE8004C65747465720D0A000000000D0A5761C3
:10EFF800726E696E673A20436F6D6D616E64206949
:10F008007320746F6F206C6F6E670D0A000000002C
:10F018000D0A436F6D6D616E64204C6973743A0D0F
:10F028000A0000000D0A566172204C6973743A0D8B
:10F038000A0000000D0A55736572204C6973743A12
:10F048000D0A00000D0A4B6579204C6973743A0D5E
:10F058000A000000436F6D6D616E64206E6F74204E
:10F06800466F756E640D0A0063616E2774207365C0
:10F078007420706F696E7465720D0A0063616E2783
:10F0880074207365742072656164206F6E6C7920DA
:10F098007661720D0A000000206973206E6F74207B
:10F0A80061207661720D0A00566172206E6F7420BD
:10F0B800466F756E740D0A00636F6D6D616E642026
:10F0C80068656C70206F662000000000506C6561F8
:10F0D800736520696E7075742070617373776F72D1
:10F0E800643A00000D0A70617373776F726420656B
:10F0F80072726F720D0A00001B5B324A1B5B31484B
:10F10800000000001B5B324B0D000000434D442003
:10F11800000000005641522000000000555345529F
:10F12800000000004B455920000000004E4F4E459E
:10F1380000000000777168002E2E2E000D0A0000D6
:10F148003A0000002F0000002420000020200000CA
:10F1580008200800203D2000220000002C203078E4
:10F168000000000030303030303030303030300087
:10F1780052657475726E3A200000000068656C7004
:10F18800000000007368656C6C0000006C656431F9
:10F198005F6F6E006C6564315F6F6E006C65643123
:10F1A8005F6F6666000000006C6564315F6F6666BD
:10F1B800000000006C6564315F726576657273618A
:10F1C8006C0000006C6564315F726576657273610E
:10F1D8006C000000000000000102030401020304A7
:10F1E8000607080977716800000000006465666119
:10F1F800756C742075736572000000007365745631
:10F208006172000073657420766172007570000089
:10F21800646F776E00000000726967687400000010
:10F228006C65667400000000746162006261636B63
:10F2380073706163650000006261636B7370616382
:10F248006500000064656C6574650000656E746532
:10F258007200000068656C700000000073686F77CA
:10F2680020636F6D6D616E6420696E666F0D0A684C
:10F27800656C70205B636D645D000000757365727A
:10F28800730000006C69737420616C6C2075736581
:10F2980072000000636D6473000000006C69737491
:10F2A80020616C6C20636D640000000076617273ED
:10F2B800000000006C69737420616C6C20766172C8
:10F2C800000000006B657973000000006C697374BE
:10F2D80020616C6C206B657900000000636C6561CF
:10F2E80072000000636C65617220636F6E736F6CEF
:10F2F8006500000068000020494E4600696E6600FF
:10F308004E414E006E616E0030313233343536373F
:10F318003839616263646566000000003031323359
:10F3280034353637383941424344454600000000F9
:10F33800286E756C6C290000300000002020202009
:10F348002020202020202020202020203030303075
:10F358003030303030303030303030304E614E0068
:10F36800496E66696E6974790000000042616C6CD0
:10F378006F632073756363656564656400000000EE
:10F388002F6D6E742F776F726B73706163652F7753
:10F398006F726B73706163652F4743432D31302D56
:10F3A800706970656C696E652F6A656E6B696E73DE
:10F3B8002D4743432D31302D706970656C696E653A
:10F3C8002D34385F32303230313132345F313630BB
:10F3D800363138303634312F7372632F6E65776C5F
:10F3E80069622F6E65776C69622F6C6962632F732F
:10F3F80074646C69622F64746F612E63000000008E
:10F408002F6D6E742F776F726B73706163652F77D2
:10F418006F726B73706163652F4743432D31302DD5
:10F42800706970656C696E652F6A656E6B696E735D
:10F438002D4743432D31302D706970656C696E65B9
:10F448002D34385F32303230313132345F3136303A
:10F45800363138303634312F7372632F6E65776CDE
:10F4680069622F6E65776C69622F6C6962632F73AE
:10F4780074646C69622F6D707265632E630000009E
:10F488000080E03779C34143176E05B5B5B8934698
:10F49800F5F93FE9034F384D321D30F94877825A64
:10F4A8003CBF737FDD4F1575000000000000F03F82
:10F4B8000000000000002440000000000000594047
:10F4C8000000000000408F40000000000088C3409A
:10F4D80000000000006AF8400000000080842E410F
:10F4E80000000000D01263410000000084D797415B
:10F4F8000000000065CDCD41000000205FA0024261
:10F50800000000E876483742000000A2941A6D42D5
:10F51800000040E59C30A2420000901EC4BCD642C8
:10F5280000003426F56B0C430080E03779C3414373
:10F5380000A0D8855734764300C84E676DC1AB43E9
:10F54800003D9160E458E143408CB5781DAF154407
:10F5580050EFE2D6E41A4B4492D54D06CFF08044E2
:10F56800F64AE1C7022DB544B49DD9794378EA44F7
:10F5780005000000190000007D0000002C206675C1
:10F588006E6374696F6E3A200000000061737365E2
:10F598007274696F6E2022257322206661696C651A
:10F5A800643A2066696C6520222573222C206C69D8
:10F5B8006E65202564257325730A0000002020202D
:10F5C800202020202020282828282820202020200B
:10F5D80020202020202020202020202020881010DB
:10F5E8001010101010101010101010101004040437
:10F5F80004040404040404101010101010104141F5
:10F6080041414141010101010101010101010101E2
:10F6180001010101010101011010101010104242F6
:10F6280042424242020202020202020202020202B2
:10F638000202020202020202101010102000000052
:10F6480000000000000000000000000000000000B2
:10F6580000000000000000000000000000000000A2
:10F668000000000000000000000000000000000092
:10F678000000000000000000000000000000000082
:10F688000000000000000000000000000000000072
:10F698000000000000000000000000000000000062
:10F6A8000000000000000000000000000000000052
:10F6B8000000000000000000000000000000000042
:10F6C80043000000504F5349580000002E0000002E
:10F6D8002020202020202020202020202020202022
:10F6E8003030303030303030303030303030303012
:10F6F8000001000094F10008716300089CF1000803
:10F7080000010000A4F1000889630008B0F10008B6
:10F7180000010000BCF10008B5630008CCF1000846
:10F7280000080000ECF10008F0F10008F4F100080E
:10F738000021000004F20008DD7900080CF200083E
:10F748000009000000415B1BA97F000814F20008B3
:10F758000009000000425B1BC17F000818F2000886
:10F768000019000000435B1BDB7F000820F2000843
:10F778000019000000445B1B1380000828F20008F1
:10F7880000090000000000094180000830F200086C
:10F798000019000000000008A182000834F20008E7
:10F7A800001900000000007FA182000840F2000854
:10F7B800001900007E335B1BB98200084CF2000878
:10F7C800001900000000000DD382000854F2000860
:10F7D800002000005CF200086D83000864F2000855
:10F7E8000021000084F200087D8500088CF20008E2
:10F7F800002100009CF200089D850008A4F2000882
:10F8080000210000B4F20008BD850008BCF2000821
:10F8180000210000CCF20008DD850008D4F20008C1
:10F8280000210000E4F20008FD850008ECF2000861
:08F83800C418FF7F010000006D
:08F84000EDA90008E501000834
:04F84800C1010008F2
:10F84C000024F400AAAAAAAA0400000098EE00085A
:10F85C00F4EF000818F000082CF000083CF0000849
:10F86C004CF000085CF0000870F0000884F0000810
:10F87C00A0F00008B0F00008C0F00008D4F00008B8
:10F88C00ECF0000800F100080CF1000814F100087D
:10F89C001CF1000824F100082CF1000834F10008D8
:10F8AC002222000068000020000000005403002009
:10F8BC00BC03002024040020000000000000000015
:10F8CC00000000000000000000000000000000002C
:10F8DC00000000000000000000000000000000001C
:10F8EC00000000000000000000000000000000000C
:10F8FC0000000000000000000000000000000000FC
:10F90C0000000000000000000000000000000000EB
:10F91C0000000000000000000000000000000000DB
:10F92C0000000000000000000000000000000000CB
:10F93C0000000000000000000000000000000000BB
:10F94C0000000000000000000000000000000000AB
:10F95C0001000000000000000E33CDAB34126DE648
:10F96C00ECDE05000B0000000000000000000000B1
:10F97C00000000000000000000000000000000007B
:10F98C00000000000000000000000000000000006B
:10F99C00000000000000000000000000000000005B
:10F9AC00000000000000000000000000000000004B
:10F9BC00000000000000000000000000000000003B
:10F9CC00000000000000000000000000000000002B
:10F9DC00000000000000000000000000000000001B
:10F9EC00000000000000000000000000000000000B
:10F9FC0000000000000000000000000000000000FB
:10FA0C0000000000000000000000000000000000EA
:10FA1C0000000000000000000000000000000000DA
:10FA2C0000000000000000000000000000000000CA
:10FA3C0000000000000000000000000000000000BA
:10FA4C0000000000000000000000000000000000AA
:10FA5C00000000000000000000000000000000009A
:10FA6C00000000000000000000000000000000008A
:10FA7C00000000000000000000000000000000007A
:10FA8C00000000000000000000000000000000006A
:10FA9C00000000000000000000000000000000005A
:10FAAC00000000000000000000000000000000004A
:10FABC00000000000000000000000000000000003A
:10FACC00000000000000000000000000000000002A
:10FADC00000000000000000000000000000000001A
:10FAEC00000000000000000000000000000000000A
:10FAFC0000000000000000000000000000000000FA
:10FB0C0000000000000000000000000000000000E9
:10FB1C0000000000000000000000000000000000D9
:10FB2C0000000000000000000000000000000000C9
:10FB3C0000000000000000000000000000000000B9
:10FB4C0000000000000000000000000000000000A9
:10FB5C000000000000000000000000000000000099
:10FB6C000000000000000000000000000000000089
:10FB7C000000000000000000000000000000000079
:10FB8C000000000000000000000000000000000069
:10FB9C000000000000000000000000000000000059
:10FBAC000000000000000000000000000000000049
:10FBBC000000000000000000000000000000000039
:10FBCC000000000000000000000000000000000029
:10FBDC000000000000000000000000000000000019
:10FBEC000000000000000000000000000000000009
:10FBFC0000000000000000000000000000000000F9
:10FC0C0000000000000000000000000000000000E8
:10FC1C0000000000000000000000000000000000D8
:10FC2C0000000000000000000000000000000000C8
:10FC3C0000000000000000000000000000000000B8
:10FC4C0000000000000000000000000000000000A8
:10FC5C000000000000000000000000000000000098
:10FC6C000000000000000000000000000000000088
:10FC7C000000000000000000000000000000000078
:10FC8C000000000000000000000000000000000068
:10FC9C000000000000000000000000000000000058
:10FCAC000000000000000000000000000000000048
:10FCBC000000000000000000000000000000000038
:10FCCC000000000000000000000000000000000028
:10FCDC00383C0120000000000000000094040020CB
:10FCEC00940400209C0400209C040020A404002008
:10FCFC00A4040020AC040020AC040020B4040020B8
:10FD0C00B4040020BC040020BC040020C404002067
:10FD1C00C4040020CC040020CC040020D404002017
:10FD2C00D4040020DC040020DC040020E4040020C7
:10FD3C00E4040020EC040020EC040020F404002077
:10FD4C00F4040020FC040020FC0400200405002026
:10FD5C00040500200C0500200C05002014050020D3
:10FD6C00140500201C0500201C0500202405002083
:10FD7C00240500202C0500202C0500203405002033
:10FD8C00340500203C0500203C05002044050020E3
:10FD9C00440500204C0500204C0500205405002093
:10FDAC00540500205C0500205C0500206405002043
:10FDBC00640500206C0500206C05002074050020F3
:10FDCC00740500207C0500207C05002084050020A3
:10FDDC00840500208C0500208C0500209405002053
:10FDEC00940500209C0500209C050020A405002003
:10FDFC00A4050020AC050020AC050020B4050020B3
:10FE0C00B4050020BC050020BC050020C405002062
:10FE1C00C4050020CC050020CC050020D405002012
:10FE2C00D4050020DC050020DC050020E4050020C2
:10FE3C00E4050020EC050020EC050020F405002072
:10FE4C00F4050020FC050020FC0500200406002021
:10FE5C00040600200C0600200C06002014060020CE
:10FE6C00140600201C0600201C060020240600207E
:10FE7C00240600202C0600202C060020340600202E
:10FE8C00340600203C0600203C06002044060020DE
:10FE9C00440600204C0600204C060020540600208E
:10FEAC00540600205C0600205C060020640600203E
:10FEBC00640600206C0600206C06002074060020EE
:10FECC00740600207C0600207C060020840600209E
:10FEDC00840600208C0600208C060020940600204E
:10FEEC00940600209C0600209C060020A4060020FE
:10FEFC00A4060020AC060020AC060020B4060020AE
:10FF0C00B4060020BC060020BC060020C40600205D
:10FF1C00C4060020CC060020CC060020D40600200D
:10FF2C00D4060020DC060020DC060020E4060020BD
:10FF3C00E4060020EC060020EC060020F40600206D
:10FF4C00F4060020FC060020FC060020040700201C
:10FF5C00040700200C0700200C07002014070020C9
:10FF6C00140700201C0700201C0700202407002079
:10FF7C00240700202C0700202C0700203407002029
:10FF8C00340700203C0700203C07002044070020D9
:10FF9C00440700204C0700204C0700205407002089
:10FFAC00540700205C0700205C0700206407002039
:10FFBC00640700206C0700206C07002074070020E9
:10FFCC00740700207C0700207C0700208407002099
:10FFDC00840700208C0700208C0700209407002049
:10FFEC00940700209C0700209C070020A4070020F9
:04FFFC00A407002036
:020000040801F1
:10000000AC070020AC070020B4070020B407002094
:10001000BC070020BC070020C4070020C407002044
:10002000CC070020CC070020D4070020D4070020F4
:10003000DC070020DC070020E4070020E4070020A4
:10004000EC070020EC070020F4070020F407002054
:10005000FC070020FC070020040800200408002002
:100060000C0800200C0800201408002014080020B0
:100070001C0800201C080020240800202408002060
:100080002C0800202C080020340800203408002010
:100090003C0800203C0800204408002044080020C0
:1000A0004C0800204C080020540800205408002070
:1000B0005C0800205C080020640800206408002020
:1000C0006C0800206C0800207408002074080020D0
:1000D0007C0800207C080020840800208408002080
:1000E0008C0800208C080020FFFFFFFF00000200AA
:1000F00043000000000000000000000000000000BD
:1001000000000000000000000000000000000000EF
:10011000430000000000000000000000000000009C
:1001200000000000000000000000000000000000CF
:10013000430000000000000000000000000000007C
:1001400000000000000000000000000000000000AF
:10015000430000000000000000000000000000005C
:10016000000000000000000000000000000000008F
:10017000430000000000000000000000000000003C
:10018000000000000000000000000000000000006F
:10019000430000000000000000000000000000001C
:1001A000000000000000000000000000000000004F
:1001B00043000000000000000000000000000000FC
:1001C000000000000000000000000000000000002F
:1001D000B5E20008A1CE000800000000C4F5000848
:1001E000D4F6000890F5000890F5000890F5000896
:1001F00090F5000890F5000890F5000890F50008CB
:1002000090F5000890F50008FFFFFFFFFFFFFFFFDC
:10021000FFFFFFFFFFFF000001004153434949007A
:1002200000000000000000000000000000000000CE
:100230000000000000000000000041534349490055
:1002400000000000000000000000000000000000AE
:0C025000000000000000000000000000A2
:0400000508001809CE
:00000001FF
