:020000040800F2
:1000000000000320791600083D140008431400087E
:10001000491400084F14000855140008000000009F
:10002000000000000000000000000000B1350008E2
:100030005B14000800000000013800086914000883
:10004000C9160008C9160008C9160008C916000814
:10005000C9160008C9160008C9160008C916000804
:10006000C9160008C9160008C9160008C9160008F4
:10007000C9160008C9160008C9160008C9160008E4
:10008000C9160008C9160008C9160008C9160008D4
:10009000C9160008C9160008C9160008C9160008C4
:1000A000C9160008C9160008C9160008C9160008B4
:1000B000C916000879620008C9160008C9160008A8
:1000C000C9160008C9160008C9160008C916000894
:1000D000C91600088D630008C9160008C916000873
:1000E000C9160008C9160008C9160008C916000874
:1000F000C9160008C9160008C9160008C916000864
:10010000C9160008C9160008C9160008C916000853
:10011000C9160008C9160008C9160008C916000843
:10012000C9160008C9160008C9160008C916000833
:10013000C9160008C9160008C9160008C916000823
:10014000C9160008C9160008C9160008C916000813
:10015000C9160008C9160008C9160008C916000803
:10016000C9160008C9160008C9160008C9160008F3
:10017000C9160008C9160008C916000800000000CA
:10018000C9160008C9160008C9160008C9160008D3
:10019000C9160008C9160008C9160008C9160008C3
:0C01A000C9160008C9160008C91600089E
:1001C00010B5054C237833B9044B13B10448AFF391
:1001D00000800123237010BDB8090020000000003A
:1001E000D4C4000808B5034B1BB103490348AFF35F
:1001F000008008BD00000000BC090020D4C4000835
:1002000081F0004102E000BF83F0004330B54FEAC7
:1002100041044FEA430594EA050F08BF90EA020F34
:100220001FBF54EA000C55EA020C7FEA645C7FEAC7
:10023000655C00F0E2804FEA5454D4EB5555B8BFEA
:100240006D420CDD2C4480EA020281EA030382EA5B
:10025000000083EA010180EA020281EA0303362DED
:1002600088BF30BD11F0004F4FEA01314FF4801CC0
:100270004CEA113102D0404261EB410113F0004FD2
:100280004FEA03334CEA133302D0524263EB430389
:1002900094EA050F00F0A780A4F10104D5F1200E27
:1002A0000DDB02FA0EFC22FA05F2801841F1000182
:1002B00003FA0EF2801843FA05F359410EE0A5F156
:1002C00020050EF1200E012A03FA0EFC28BF4CF087
:1002D000020C43FA05F3C01851EBE37101F000453D
:1002E00007D54FF0000EDCF1000C7EEB00006EEB4A
:1002F0000101B1F5801F1BD3B1F5001F0CD34908D4
:100300005FEA30004FEA3C0C04F101044FEA44522A
:1003100012F5800F80F09A80BCF1004F08BF5FEAB1
:10032000500C50F1000041EB045141EA050130BD91
:100330005FEA4C0C404141EB0101013C28BFB1F5A3
:10034000801FE9D291F0000F04BF01460020B1FAEE
:1003500081F308BF2033A3F10B03B3F120020CDAC1
:100360000C3208DD02F1140CC2F10C0201FA0CF09F
:1003700021FA02F10CE002F11402D8BFC2F1200C04
:1003800001FA02F120FA0CFCDCBF41EA0C019040BA
:10039000E41AA2BF01EB0451294330BD6FEA040403
:1003A0001F3C1CDA0C340EDC04F11404C4F12002EE
:1003B00020FA04F001FA02F340EA030021FA04F300
:1003C00045EA030130BDC4F10C04C4F1200220FA57
:1003D00002F001FA04F340EA0300294630BD21FA95
:1003E00004F0294630BD94F0000F83F4801306BF5B
:1003F00081F480110134013D4EE77FEA645C18BF4F
:100400007FEA655C29D094EA050F08BF90EA020FE5
:1004100005D054EA000C04BF1946104630BD91EADD
:10042000030F1EBF0021002030BD5FEA545C05D1E0
:100430004000494128BF41F0004130BD14F580041F
:100440003CBF01F5801130BD01F0004545F0FE4193
:1004500041F470014FF0000030BD7FEA645C1ABFC8
:10046000194610467FEA655C1CBF0B46024650EAFF
:10047000013406BF52EA033591EA030F41F400212B
:1004800030BD00BF90F0000F04BF0021704730B5B1
:100490004FF4806404F132044FF000054FF0000186
:1004A00050E700BF90F0000F04BF0021704730B547
:1004B0004FF4806404F1320410F0004548BF40421C
:1004C0004FF000013EE700BF42004FEAE2014FEA71
:1004D00031014FEA02701FBF12F07F4393F07F4F4C
:1004E00081F06051704732F07F4208BF704793F04F
:1004F0007F4F04BF41F40021704730B54FF4607462
:1005000001F0004521F000411CE700BF50EA010264
:1005100008BF704730B54FF000050AE050EA01020D
:1005200008BF704730B511F0004502D5404261EB7D
:1005300041014FF4806404F132045FEA915C3FF4BE
:10054000D8AE4FF003025FEADC0C18BF03325FEA5B
:10055000DC0C18BF033202EBDC02C2F1200300FA0C
:1005600003FC20FA02F001FA03FE40EA0E0021FA31
:1005700002F11444BDE600BF70B54FF0FF0C4CF41F
:10058000E06C1CEA11541DBF1CEA135594EA0C0FD1
:1005900095EA0C0F00F0DEF82C4481EA030621EA0C
:1005A0004C5123EA4C5350EA013518BF52EA033547
:1005B00041F4801143F4801338D0A0FB02CE4FF0F9
:1005C0000005E1FB02E506F00042E0FB03E54FF029
:1005D0000006E1FB03569CF0000F18BF4EF0010E21
:1005E000A4F1FF04B6F5007F64F5407404D25FEA1D
:1005F0004E0E6D4146EB060642EAC62141EA5551D0
:100600004FEAC52040EA5E504FEACE2EB4F1FD0C11
:1006100088BFBCF5E06F1ED8BEF1004F08BF5FEA8F
:10062000500E50F1000041EB045170BD06F0004641
:1006300046EA010140EA020081EA0301B4EB5C04EE
:10064000C2BFD4EB0C0541EA045170BD41F48011E6
:100650004FF0000E013C00F3AB8014F1360FDEBF0B
:10066000002001F0004170BDC4F10004203C35DAE7
:100670000C341BDC04F11404C4F1200500FA05F36A
:1006800020FA04F001FA05F240EA020001F000420B
:1006900021F0004110EBD37021FA04F642EB060181
:1006A0005EEA430E08BF20EAD37070BDC4F10C04AB
:1006B000C4F1200500FA04F320FA05F001FA04F26F
:1006C00040EA020001F0004110EBD37041F100015B
:1006D0005EEA430E08BF20EAD37070BDC4F1200566
:1006E00000FA05F24EEA020E20FA04F301FA05F2CE
:1006F00043EA020321FA04F001F0004121FA04F276
:1007000020EA020000EBD3705EEA430E08BF20EA45
:10071000D37070BD94F0000F0FD101F0004640007F
:1007200041EB010111F4801F08BF013CF7D041EA01
:10073000060195F0000F18BF704703F00046520005
:1007400043EB030313F4801F08BF013DF7D043EAD6
:100750000603704794EA0C0F0CEA135518BF95EA8C
:100760000C0F0CD050EA410618BF52EA4306D1D113
:1007700081EA030101F000414FF0000070BD50EA32
:10078000410606BF1046194652EA430619D094EABC
:100790000C0F02D150EA013613D195EA0C0F05D1A6
:1007A00052EA03361CBF104619460AD181EA0301FA
:1007B00001F0004141F0FE4141F470014FF00000B2
:1007C00070BD41F0FE4141F4780170BD70B54FF04D
:1007D000FF0C4CF4E06C1CEA11541DBF1CEA1355CD
:1007E00094EA0C0F95EA0C0F00F0A7F8A4EB0504AF
:1007F00081EA030E52EA03354FEA013100F08880A6
:100800004FEA03334FF0805545EA131343EA12636E
:100810004FEA022245EA111545EA10654FEA002623
:100820000EF000419D4208BF964244F1FD0404F5DC
:10083000407402D25B084FEA3202B61A65EB030538
:100840005B084FEA32024FF480104FF4002CB6EBF5
:10085000020E75EB030E22BFB61A754640EA0C0075
:100860005B084FEA3202B6EB020E75EB030E22BFB5
:10087000B61A754640EA5C005B084FEA3202B6EBF6
:10088000020E75EB030E22BFB61A754640EA9C00B5
:100890005B084FEA3202B6EB020E75EB030E22BF85
:1008A000B61A754640EADC0055EA060E18D04FEA43
:1008B000051545EA16754FEA06164FEAC30343EAE3
:1008C00052734FEAC2025FEA1C1CC0D111F4801FB0
:1008D0000BD141EA00014FF000004FF0004CB6E7A9
:1008E00011F4801F04BF01430020B4F1FD0C88BF48
:1008F000BCF5E06F3FF6AFAEB5EB030C04BFB6EB53
:10090000020C5FEA500C50F1000041EB045170BD45
:100910000EF0004E4EEA113114EB5C04C2BFD4EB72
:100920000C0541EA045170BD41F480114FF0000EF6
:10093000013C90E645EA060E8DE60CEA135594EA72
:100940000C0F08BF95EA0C0F3FF43BAF94EA0C0F75
:100950000AD150EA01347FF434AF95EA0C0F7FF4EA
:1009600025AF104619462CE795EA0C0F06D152EA3E
:1009700003353FF4FDAE1046194622E750EA410622
:1009800018BF52EA43067FF4C5AE50EA41047FF433
:100990000DAF52EA43057FF4EBAE12E7844641EA1D
:1009A000000313F003036DD1403A41D351F8043BE7
:1009B00040F8043B51F8043B40F8043B51F8043B39
:1009C00040F8043B51F8043B40F8043B51F8043B29
:1009D00040F8043B51F8043B40F8043B51F8043B19
:1009E00040F8043B51F8043B40F8043B51F8043B09
:1009F00040F8043B51F8043B40F8043B51F8043BF9
:100A000040F8043B51F8043B40F8043B51F8043BE8
:100A100040F8043B51F8043B40F8043B51F8043BD8
:100A200040F8043B51F8043B40F8043B403ABDD247
:100A3000303211D351F8043B40F8043B51F8043BE9
:100A400040F8043B51F8043B40F8043B51F8043BA8
:100A500040F8043B103AEDD20C3205D351F8043B78
:100A600040F8043B043AF9D2043208D0D2071CBF44
:100A700011F8013B00F8013B01D30B88038060466D
:100A8000704700BF082A13D38B078DD010F00303E3
:100A90008AD0C3F10403D21ADB071CBF11F8013B53
:100AA00000F8013B80D331F8023B20F8023B7BE7A2
:100AB000043AD9D3013A11F8013B00F8013BF9D2CD
:100AC0000B7803704B7843708B7883706046704767
:100AD0000000000000000000000000000000000016
:100AE0000000000000000000000000000000000006
:100AF00000000000000000000000000000000000F6
:100B000090F800F06DE9024520F007016FF0000C4D
:100B100010F0070491F820F040F049804FF00004F5
:100B20006FF00700D1E9002391F840F000F10800D0
:100B300082FA4CF2A4FA8CF283FA4CF3A2FA8CF308
:100B40004BBBD1E9022382FA4CF200F10800A4FA6F
:100B50008CF283FA4CF3A2FA8CF3E3B9D1E90423C3
:100B600082FA4CF200F10800A4FA8CF283FA4CF3FA
:100B7000A2FA8CF37BB9D1E9062301F1200182FAB4
:100B80004CF200F10800A4FA8CF283FA4CF3A2FABA
:100B90008CF3002BC6D0002A04BF04301A4612BAC8
:100BA000B2FA82F2FDE8024500EBD2007047D1E9CB
:100BB000002304F00305C4F100004FEAC50514F05A
:100BC000040F91F840F00CFA05F562EA05021CBF2B
:100BD00063EA050362464FF00004A9E70000000045
:100BE00001F0FF01102A2BDB10F0070F08D010F8DE
:100BF000013B013A8B422DD010F0070F42B3F6D1E2
:100C0000F0B441EA012141EA014122F007047FF0FA
:100C100000070023F0E80256083C85EA010586EA51
:100C2000010685FA47F5A3FA87F586FA47F6A5FA8D
:100C300087F68EB9EED1F0BC01F0FF0102F0070299
:100C400032B110F8013B013A83EA010313B1F8D144
:100C50000020704701387047002D06BF3546033825
:100C6000073815F0010F07D1013015F4807F02BF5E
:100C7000013015F4C03F0130F0BC0138704700BFAF
:100C80004FF0FF3C06E000BF4FF0010C02E000BF58
:100C90004FF0010C4DF804CD4FEA410C7FEA6C5C3B
:100CA0004FEA430C18BF7FEA6C5C1BD001B050EADE
:100CB000410C0CBF52EA430C91EA030F02BF90EAC9
:100CC000020F0020704710F1000F91EA030F58BF88
:100CD000994208BF90422CBFD8176FEAE37040F0EA
:100CE000010070474FEA410C7FEA6C5C02D150EA88
:100CF000013C07D14FEA430C7FEA6C5CD6D152EA43
:100D0000033CD3D05DF8040B704700BF8446104607
:100D100062468C461946634600E000BF01B5FFF706
:100D2000B7FF002848BF10F1000F01BD4DF808EDD6
:100D3000FFF7F4FF0CBF012000205DF808FB00BFA7
:100D40004DF808EDFFF7EAFF34BF012000205DF801
:100D500008FB00BF4DF808EDFFF7E0FF94BF01204E
:100D600000205DF808FB00BF4DF808EDFFF7CEFF4F
:100D700094BF012000205DF808FB00BF4DF808ED8E
:100D8000FFF7C4FF34BF012000205DF808FB00BF5F
:100D90004FEA410C7FEA6C5C02D150EA013C0AD177
:100DA0004FEA430C7FEA6C5C02D152EA033C02D169
:100DB0004FF0000070474FF0010070474FEA4102CA
:100DC00012F5001215D211D56FF47873B3EB62529D
:100DD00012D94FEAC12343F0004343EA505311F0C4
:100DE000004F23FA02F018BF404270474FF0000056
:100DF000704750EA013005D111F0004008BF6FF094
:100E0000004070474FF00000704700BF53B94AB927
:100E1000002908BF00281CBF4FF0FF314FF0FF3002
:100E200000F074B9ADF1080C6DE904CE00F006F8DD
:100E3000DDF804E0DDE9022304B070472DE9F04756
:100E4000089D04468E46002B4DD18A42944669D9AE
:100E5000B2FA82F252B101FA02F3C2F1200120FA91
:100E600001F10CFA02FC41EA030E94404FEA1C48DF
:100E7000210CBEFBF8F61FFA8CF708FB16E341EADB
:100E8000034306FB07F199420AD91CEB030306F161
:100E9000FF3080F01F81994240F21C81023E634482
:100EA0005B1AA4B2B3FBF8F008FB103344EA034426
:100EB00000FB07F7A7420AD91CEB040400F1FF333B
:100EC00080F00A81A74240F207816444023840EA78
:100ED0000640E41B00261DB1D4400023C5E90043B1
:100EE0003146BDE8F0878B4209D9002D00F0EF8034
:100EF0000026C5E9000130463146BDE8F087B3FA67
:100F000083F6002E4AD18B4202D3824200F2F9804E
:100F1000841A61EB030301209E46002DE0D0C5E951
:100F2000004EDDE702B9FFDEB2FA82F2002A40F09D
:100F30009280A1EB0C014FEA1C471FFA8CFE0126A0
:100F4000200CB1FBF7F307FB131140EA01410EFB44
:100F500003F0884208D91CEB010103F1FF3802D2EB
:100F6000884200F2CB804346091AA4B2B1FBF7F0E5
:100F700007FB101144EA01440EFB00FEA64508D908
:100F80001CEB040400F1FF3102D2A64500F2BB8045
:100F90000846A4EB0E0440EA03409CE7C6F1200794
:100FA000B34022FA07FC4CEA030C20FA07F401FADA
:100FB00006F31C43F9404FEA1C4900FA06F3B1FB63
:100FC000F9F8200C1FFA8CFE09FB181140EA0141C8
:100FD00008FB0EF0884202FA06F20BD91CEB010165
:100FE00008F1FF3A80F08880884240F28580A8F1BD
:100FF00002086144091AA4B2B1FBF9F009FB10110F
:1010000044EA014100FB0EFE8E4508D91CEB0101AC
:1010100000F1FF346CD28E456AD90238614440EA4F
:101020000840A0FB0294A1EB0E01A142C846A646CF
:1010300056D353D05DB1B3EB080261EB0E0101FA58
:1010400007F722FA06F3F1401F43C5E900710026B5
:101050003146BDE8F087C2F12003D8400CFA02FC0B
:1010600021FA03F3914001434FEA1C471FFA8CFE1B
:10107000B3FBF7F007FB10360B0C43EA064300FB0B
:101080000EF69E4204FA02F408D91CEB030300F1A9
:10109000FF382FD29E422DD9023863449B1B89B260
:1010A000B3FBF7F607FB163341EA034106FB0EF3E9
:1010B0008B4208D91CEB010106F1FF3816D28B4296
:1010C00014D9023E6144C91A46EA004638E72E4662
:1010D000284605E70646E3E61846F8E64B45A9D25A
:1010E000B9EB020864EB0C0E0138A3E74646EAE7C9
:1010F000204694E74046D1E7D0467BE7023B614477
:1011000032E7304609E76444023842E7704700BFDF
:1011100080B400AF084B1B6B074A43F08003136396
:10112000054B1B6B044A43F00103136300BFBD462C
:101130005DF8047B704700BF0038024080B582B084
:1011400000AF786005F060F805F076F805F080F8FB
:1011500005F088F84FF4FA7003F02AFDF6E7000076
:1011600080B584B000AF78600123FB600223BB60D0
:101170000821094800F0B4FD0346002B06D1074BB7
:10118000186800230022002102F08EFE4FF4FA704E
:1011900003F00EFDECE700BF001C0240E409002054
:1011A00080B584B000AF78600123FB600B4B1B68F7
:1011B0004FF0FF31184603F055F8F860FB68012B3B
:1011C00001D1074B00E0074B1A460749074805F0D5
:1011D00031F9012003F0ECFCE8E700BFE40900204E
:1011E000F0C40008F8C4000800C50008D03701208A
:1011F00080B586B002AF78600123FB6002F0A4FAEC
:10120000304B01930223009300234FF480722E4948
:101210002E4803F0CFFAF860FB68012B01D12C4B6C
:1012200000E02C4B284A2C492C4805F003F92C4BA4
:1012300001930423009300234FF4807229492A4824
:1012400003F0B8FAF860FB68012B01D1204B00E0F5
:10125000204B244A2049214805F0ECF8234B019308
:101260000323009300234FF480722149214803F0A7
:10127000A1FAF860FB68012B01D1154B00E0154B7A
:101280001B4A1549154805F0D5F803220021012015
:1012900002F098FD0346184A1360174B1B68002B99
:1012A00001D00B4B00E00B4B144A0B490B4805F0E7
:1012B000C1F8002003F0E8FB02F076FA00BF103717
:1012C000BD4680BDD80900201CC500083D1100089E
:1012D000F0C40008F8C4000828C50008D037012071
:1012E000DC09002038C5000861110008E009002071
:1012F00044C50008A1110008E409002050C50008F9
:1013000080B582B002AF00F0E1F900F01DF8FFF700
:10131000FFFE04F04FFF4FF4E13004F0C1FF04F092
:1013200003FF064B0193012300930023802204490D
:10133000044803F03FFA03F06FFCFEE7D4090020F5
:1013400064C50008F111000880B592B000AF07F144
:10135000180330220021184605F0C0F83B1D00227A
:101360001A605A609A60DA601A61244B1B6C234A37
:1013700043F080531364224B1B68214A43F44043DB
:1013800013600123BB610123FB6102233B634FF424
:1013900080037B630F23BB63D823FB6302233B647F
:1013A00004237B6407F11803184600F049FD034647
:1013B000002B01D000F026F800F0D6FC0346002BED
:1013C00001D000F01FF80F237B600223BB600023D5
:1013D000FB604FF4A0533B614FF480537B613B1D96
:1013E0000521184600F07EFF0346002B01D000F0D7
:1013F00009F800BF4837BD4680BD00BF0038024035
:101400000070004080B400AF72B600BFFEE700007D
:1014100080B400AF084B5B6C074A43F480435364CD
:10142000054B1B6C044A43F08053136400BFBD4658
:101430005DF8047B704700BF0038024080B400AF05
:10144000FEE780B400AFFEE780B400AFFEE780B4F3
:1014500000AFFEE780B400AFFEE780B400AF00BF8E
:10146000BD465DF8047B704780B500AF04F02CF9F1
:101470000346012B01D002F0F7F900F065F900BF37
:1014800080BD80B400AF01231846BD465DF8047BE3
:10149000704780B582B000AF7860396004F0F4FF27
:1014A000034616221A604FF0FF3318460837BD4630
:1014B00080BD80B582B000AF78604FF0FF317868B2
:1014C000FFF7E7FFFEE780B586B000AFF860B960D0
:1014D0007A6000237B610AE0AFF300800146BB68BD
:1014E0005A1CBA60CAB21A707B6901337B617A698F
:1014F0007B689A42F0DB7B6818461837BD4680BD92
:1015000080B586B000AFF860B9607A6000237B6177
:1015100009E0BB685A1CBA601B781846AFF300801C
:101520007B6901337B617A697B689A42F1DB7B6876
:1015300018461837BD4680BD80B483B000AF7860D0
:101540004FF0FF3318460C37BD465DF8047B7047FB
:1015500080B483B000AF786039603B684FF40052CC
:101560005A60002318460C37BD465DF8047B70476F
:1015700080B483B000AF7860012318460C37BD46B5
:101580005DF8047B704780B485B000AFF860B96047
:101590007A60002318461437BD465DF8047B704717
:1015A00080B586B000AF7860144A154BD31A7B61C2
:1015B0007B693B61134B1B68002B02D1114B124A14
:1015C0001A60104B1A687B6813443A699A4207D232
:1015D00004F05AFF03460C221A604FF0FF3309E073
:1015E000084B1B68FB60074B1A687B681344054A6D
:1015F0001360FB6818461837BD4680BD0000032005
:1016000000040000E80900206039012080B400AF28
:10161000164BD3F88830154A43F47003C2F888306B
:10162000134B1B68124A43F001031360104B002256
:101630009A600F4B1B680E4A23F0847323F48033A7
:1016400013600B4B0B4A5A60094B1B68084A23F482
:1016500080231360064B0022DA60044B4FF00062D7
:101660009A6000BFBD465DF8047B704700ED00E066
:101670000038024010300024DFF834D0002103E0AD
:101680000C4B5B58435004310B480C4B42189A42A8
:10169000F6D30B4A02E0002342F8043B094B9A427E
:1016A000F9D3FFF7B3FF04F0F5FEFFF729FE70470B
:1016B00000000320ACC9000800000020B809002089
:1016C000B80900205C390120FEE7000080B500AFBA
:1016D0000E4B1B680D4A43F4007313600B4B1B68E1
:1016E0000A4A43F480631360084B1B68074A43F4BB
:1016F00080731360032000F00DF90F2000F008F84C
:10170000FFF786FE0023184680BD00BF003C024064
:1017100080B582B000AF786000F0CEFF0346094A82
:10172000A2FB03239B09184600F029F900227968DF
:101730004FF0FF3000F0F9F8002318460837BD4697
:1017400080BD00BFD34D621080B400AF044B1B6856
:101750000133034A136000BFBD465DF8047B704748
:10176000EC09002080B400AF034B1B681846BD464F
:101770005DF8047B704700BFEC09002080B485B0A1
:1017800000AF78607B6803F00703FB600C4BDB68FD
:10179000BB60BA684FF6FF031340BB60FB681A02D8
:1017A000BB68134343F0BF6343F40033BB60044A98
:1017B000BB68D36000BF1437BD465DF8047B70473B
:1017C00000ED00E080B400AF044BDB681B0A03F0BF
:1017D00007031846BD465DF8047B704700ED00E046
:1017E00080B483B000AF0346FB71FB7903F01F03A5
:1017F000012202FA03F1064A97F907305B0942F821
:10180000231000BF0C37BD465DF8047B704700BF56
:1018100000E100E080B483B000AF03463960FB71A3
:1018200097F90730002B0BDA3B68DAB20C49FB79E9
:1018300003F00F03043B1201D2B20B441A7609E005
:101840003B68DAB2074997F907301201D2B20B446C
:1018500083F8002300BF0C37BD465DF8047B70475A
:1018600000ED00E000E100E080B489B000AFF86076
:10187000B9607A60FB6803F00703FB61FB69C3F1A1
:101880000703042B28BF0423BB61FB690433062B29
:1018900002D9FB69033B00E000237B610122BB69A5
:1018A00002FA03F3013B1A46BB681A407B699A406F
:1018B00001217B6901FA03F3013B19467B680B4068
:1018C000134318462437BD465DF8047B704700007B
:1018D00080B582B000AF78607B68013BB3F1807F58
:1018E00001D301230FE00A4A7B68013B53600F21BB
:1018F0004FF0FF30FFF78EFF054B00229A60044B3C
:1019000007221A60002318460837BD4680BD00BF75
:1019100010E000E080B582B000AF78607868FFF733
:101920002DFF00BF0837BD4680BD80B586B000AF33
:101930000346B9607A60FB7300237B61FFF742FFC7
:1019400078617A68B9687869FFF78EFF024697F97F
:101950000F3011461846FFF75DFF00BF1837BD4630
:1019600080BD80B582B000AF0346FB7197F90730A8
:101970001846FFF735FF00BF0837BD4680BD80B56C
:1019800082B000AF78607868FFF7A2FF0346184680
:101990000837BD4680BD000080B487B000AF7860D6
:1019A00039600023FB600023BB6000233B61002300
:1019B0007B616FE101227B6902FA03F3FB603B6804
:1019C0001B68FA681340BB60BA68FB689A4240F033
:1019D0005E813B685B68022B03D03B685B68122B1F
:1019E00023D17B69DA087B68083253F822303B61E7
:1019F0007B6903F007039B000F2202FA03F3DB432A
:101A00003A6913403B613B681A697B6903F007033D
:101A10009B0002FA03F33A6913433B617B69DA08DE
:101A20007B680832396943F822107B681B683B6188
:101A30007B695B00032202FA03F3DB433A6913403C
:101A40003B613B685B6803F003027B695B0002FA61
:101A500003F33A6913433B617B683A691A603B6858
:101A60005B68012B0BD03B685B68022B07D03B689F
:101A70005B68112B03D03B685B68122B30D17B680D
:101A80009B683B617B695B00032202FA03F3DB4343
:101A90003A6913403B613B68DA687B695B0002FA94
:101AA00003F33A6913433B617B683A699A607B6848
:101AB0005B683B6101227B6902FA03F3DB433A690D
:101AC00013403B613B685B681B0903F001027B69C3
:101AD00002FA03F33A6913433B617B683A695A603F
:101AE0007B68DB683B617B695B00032202FA03F3DE
:101AF000DB433A6913403B613B689A687B695B0052
:101B000002FA03F33A6913433B617B683A69DA608E
:101B10003B685B6803F08053002B00F0B880634B98
:101B20005B6C624A43F480435364614A7B699B085F
:101B3000023352F823303B617B6903F003039B00BF
:101B40000F2202FA03F3DB433A6913403B617B68DF
:101B5000584A934237D07B68574A934231D07B68CA
:101B6000564A93422BD07B68554A934225D07B68D6
:101B7000544A93421FD07B68534A934219D07B68E2
:101B8000524A934213D07B68514A93420DD07B68EE
:101B9000504A934207D07B684F4A934201D10923B0
:101BA00012E00A2310E008230EE007230CE00623CE
:101BB0000AE0052308E0042306E0032304E00223EF
:101BC00002E0012300E000237A6902F003029200A0
:101BD00093403A6913433B6135497B699B08023363
:101BE0003A6941F823203D4B1B683B61BB68DB43EE
:101BF0003A6913403B613B685B6803F48033002B18
:101C000003D03A69BB6813433B61344A3B691360B4
:101C1000324B5B683B61BB68DB433A6913403B6115
:101C20003B685B6803F40033002B03D03A69BB6860
:101C300013433B61294A3B695360284B9B683B61D6
:101C4000BB68DB433A6913403B613B685B6803F464
:101C50008013002B03D03A69BB6813433B611F4AD2
:101C60003B6993601D4BDB683B61BB68DB433A69B2
:101C700013403B613B685B6803F40013002B03D007
:101C80003A69BB6813433B61144A3B69D3607B6983
:101C900001337B617B690F2B7FF68CAE00BF00BFE9
:101CA0001C37BD465DF8047B704700BF003802401A
:101CB00000380140000002400004024000080240D9
:101CC000000C0240001002400014024000180240C4
:101CD000001C02400020024000240240003C014061
:101CE00080B485B000AF78600B467B807B681A6952
:101CF0007B881340002B02D00123FB7301E00023FB
:101D0000FB73FB7B18461437BD465DF8047B7047B8
:101D100080B483B000AF78600B467B8013467B7045
:101D20007B78002B03D07A887B689A6103E07B88FC
:101D30001A047B689A6100BF0C37BD465DF8047BCE
:101D4000704780B483B000AF78600B467B807B68BF
:101D50005A697B885A407B685A6100BF0C37BD4680
:101D60005DF8047B7047000080B58AB000AF0023A7
:101D70007B62314B1B6C304A43F0805313644FF449
:101D80008033BB61BB6993FAA3F37B617B693B62E0
:101D90003B6AB3FA83F3FB61FB69DBB29B0003F19F
:101DA000844303F560231A4601231360FFF7DAFC2E
:101DB000786209E0FFF7D6FC02467B6AD31AB3F5D6
:101DC0007A7F01D9032333E01C4B5B6803F4803333
:101DD000B3F5803FEED14FF40033BB60BB6893FA9C
:101DE000A3F37B607B683B613B69B3FA83F3FB60E1
:101DF000FB68DBB29B0003F1844303F560231A46C2
:101E000001231360FFF7AEFC786209E0FFF7AAFC3C
:101E100002467B6AD31AB3F57A7F01D9032307E020
:101E2000064B5B6803F40033B3F5003FEED10023AB
:101E300018462837BD4680BD00380240007000407B
:101E400080B598B000AF78600023FB657B681B68A5
:101E500003F00103002B66D09C4B9B6803F00C033E
:101E6000042B0CD0994B9B6803F00C03082B12D168
:101E7000964B5B6803F48003B3F5800F0BD1934B53
:101E80001B6803F40033002B4CD07B685B68002B8D
:101E900048D101231AE28E4B00221A70FFF762FC30
:101EA000F86508E0FFF75EFC0246FB6DD31A642B71
:101EB00001D903230AE2854B1B6803F40033002B8E
:101EC000F0D17B685A68824BD2B21A707B685B682B
:101ED000002B13D0FFF746FCF86508E0FFF742FC43
:101EE0000246FB6DD31A642B01D90323EEE1774B35
:101EF0001B6803F40033002BF0D014E0FFF732FC32
:101F0000F86508E0FFF72EFC0246FB6DD31A642B40
:101F100001D90323DAE16D4B1B6803F40033002B76
:101F2000F0D100E000BF7B681B6803F00203002BC8
:101F30007FD0664B9B6803F00C03002B0BD0634BE8
:101F40009B6803F00C03082B2AD1604B5B6803F4F9
:101F50008003002B24D15D4B1B6803F00203002B90
:101F600005D07B68DB68012B01D00123AEE1574B24
:101F70001B6823F0F8027B681B69F8213965396D0D
:101F800091FAA1F1F964F96CB965B96DB1FA81F111
:101F90007965796DC9B28B404C4913430B6048E0B9
:101FA0007B68DB68002B2ED04A4B01221A60FFF7BA
:101FB000D9FBF86508E0FFF7D5FB0246FB6DD31AA5
:101FC000642B01D9032381E1404B1B6803F002031A
:101FD000002BF0D03D4B1B6823F0F8027B681B6997
:101FE000F8213964396C91FAA1F1F963F96BB9649C
:101FF000B96CB1FA81F17964796CC9B28B4033491B
:1020000013430B6015E0334B00221A60FFF7AAFB65
:10201000F86508E0FFF7A6FB0246FB6DD31A642BB8
:1020200001D9032352E1294B1B6803F00203002B63
:10203000F0D17B681B6803F00803002B30D07B686D
:102040005B69002B16D0244B01221A60FFF78AFB34
:10205000F86508E0FFF786FB0246FB6DD31A642B98
:1020600001D9032332E1194B5B6F03F00203002B0C
:10207000F0D015E0184B00221A60FFF773FBF865EB
:1020800008E0FFF76FFB0246FB6DD31A642B01D902
:1020900003231BE10D4B5B6F03F00203002BF0D118
:1020A0007B681B6803F00403002B74D0074B1B6C88
:1020B000064A43F080531364084B1B68074A43F4F5
:1020C00080731360FFF74EFBF86512E000380240A2
:1020D0000238024000004742800E47420070004034
:1020E000FFF740FB0246FB6DD31A642B01D9032393
:1020F000ECE0784B1B6803F48073002BF0D0764B38
:1021000000221A70FFF72EFBF8650AE0FFF72AFBA2
:102110000246FB6DD31A41F28832934201D9032360
:10212000D4E06E4B1B6F03F00203002BEED17B68F3
:102130009A68694BD2B21A707B689B68012B15D1E3
:10214000FFF710FBF8650AE0FFF70CFB0246FB6D9A
:10215000D31A41F28832934201D90323B6E05F4B90
:102160001B6F03F00203002BEED014E0FFF7FAFA26
:10217000F8650AE0FFF7F6FA0246FB6DD31A41F262
:102180008832934201D90323A0E0544B1B6F03F024
:102190000203002BEED17B689B69002B00F0958039
:1021A0004E4B9B6803F00C03082B00F08C807B687F
:1021B0009B69022B70D14A4B00221A60FFF7D2FABA
:1021C000F86508E0FFF7CEFA0246FB6DD31A642BE0
:1021D00001D903237AE0414B1B6803F00073002B05
:1021E000F0D17B681A6A7B685B6A47F6C071396117
:1021F000396991FAA1F1F960F968B961B969B1FA7F
:1022000081F179617969C9B28B401A437B689B6A15
:102210005B08013B4FF440313962396A91FAA1F110
:10222000F961F969B962B96AB1FA81F17962796AD9
:10223000C9B28B401A437B68DB691A437B68DB6A4F
:102240004FF070613963396B91FAA1F1F962F96A63
:10225000B963B96BB1FA81F17963796BC9B28B401B
:1022600013431E4A43F0005353601D4B01221A6072
:10227000FFF778FAF86508E0FFF774FA0246FB6D9D
:10228000D31A642B01D9032320E0144B1B6803F0FD
:102290000073002BF0D018E0114B00221A60FFF7FA
:1022A00061FAF86508E0FFF75DFA0246FB6DD31AA4
:1022B000642B01D9032309E0084B1B6803F000736A
:1022C000002BF0D101E0012300E000231846603725
:1022D000BD4680BD007000407038024000380240AA
:1022E0006000474280B584B000AF78603960002359
:1022F000FB60924B1B6803F00F033A689A4240F26E
:102300008F808E4B3A68D2B21A708C4B1B6803F0E8
:102310000F033A689A4201D0012336E17B681B68BB
:1023200003F00203002B08D0854B9B6823F0F002DA
:102330007B689B68824913438B607B681B6803F052
:102340000103002B00F0FE807B685B68012B07D146
:102350007B4B1B6803F40033002B15D1012314E1E0
:102360007B685B68022B07D1754B1B6803F0007319
:10237000002B09D1012308E1714B1B6803F0020314
:10238000002B01D1012300E16D4B9B6823F0030278
:102390007B685B686A4913438B60FFF7E3F9F86079
:1023A0007B685B68012B12D10AE0FFF7DBF902467C
:1023B000FB68D31A41F28832934201D90323E4E047
:1023C0005F4B9B6803F00C03042BEED1BAE07B68F3
:1023D0005B68022B1DD10AE0FFF7C4F90246FB68D7
:1023E000D31A41F28832934201D90323CDE0544BF2
:1023F0009B6803F00C03082BEED1A3E0FFF7B2F9C2
:102400000246FB68D31A41F28832934201D9032372
:10241000BBE04B4B9B6803F00C03002BEED191E02B
:102420007B681B6803F00203002B08D0444B9B68B9
:1024300023F0F0027B689B68414913438B607B6803
:102440001B6803F00103002B6AD07B685B68012BDB
:1024500007D13B4B1B6803F40033002B15D101233C
:1024600093E07B685B68022B07D1354B1B6803F058
:102470000073002B09D1012387E0314B1B6803F067
:102480000203002B01D101237FE02D4B9B6823F039
:1024900003027B685B682A4913438B60FFF762F98C
:1024A000F8607B685B68012B12D10AE0FFF75AF9EC
:1024B0000246FB68D31A41F28832934201D90323C2
:1024C00063E01F4B9B6803F00C03042BEED127E065
:1024D0007B685B68022B1DD10AE0FFF743F90246D7
:1024E000FB68D31A41F28832934201D903234CE0AE
:1024F000134B9B6803F00C03082BEED110E0FFF7A1
:1025000031F90246FB68D31A41F28832934201D96D
:1025100003233AE00A4B9B6803F00C03002BEED137
:10252000064B3A68D2B21A70044B1B6803F00F03D3
:102530003A689A4206D0012327E000BF003C0240DF
:10254000003802407B681B6803F00403002B08D0AE
:10255000104B9B6823F4E0527B68DB680D49134302
:102560008B607B681B6803F00803002B09D0094BC4
:102570009B6823F460427B681B69DB0005491343B9
:102580008B600F20FFF7C4F8002318461037BD46B4
:1025900080BD00BF0038024080B491B000AF00237E
:1025A0007B630023FB6300233B630023BB633F4B40
:1025B0009B6803F00C03082B0CD0082B6BD8002B66
:1025C00002D0042B03D066E0394BBB6366E0394B85
:1025D000BB6363E0354B5B6803F03F037B63334BC6
:1025E0005B6803F48003002B1CD0324A7B6BB2FB88
:1025F000F3F22E4B596847F6C0730B4047F6C07193
:102600007962796A91FAA1F13962396AF962F96AF3
:10261000B1FA81F1B962B96AC9B2CB4002FB03F3E6
:10262000FB631BE0224A7B6BB2FBF3F21F4B596842
:1026300047F6C0730B4047F6C0717961796991FA2A
:10264000A1F139613969F961F969B1FA81F1B961C9
:10265000B969C9B2CB4002FB03F3FB63134B5B6860
:1026600003F440334FF440327A607A6892FAA2F26F
:102670003A603A68FA60FA68B2FA82F2BA60BA6806
:10268000D2B2D34001335B003B63FA6B3B6BB2FBCE
:10269000F3F3BB6302E0064BBB6300BFBB6B1846A2
:1026A0004437BD465DF8047B704700BF00380240E8
:1026B0000024F40040787D0180B584B000AFFFF7BE
:1026C0006BFF01460F4B9B6803F0F003F0227A602A
:1026D0007A6892FAA2F23A603A68FA60FA68B2FA54
:1026E00082F2BA60BA68D2B2D340074AD35C21FA08
:1026F00003F3064A1360054B1B6818461037BD46A6
:1027000080BD00BF0038024088C5000800000020DE
:1027100080B584B000AFFFF7CFFF01460D4B9B683B
:1027200003F4E0534FF4E0527A607A6892FAA2F22E
:102730003A603A68FA60FA68B2FA82F2BA60BA6845
:10274000D2B2D340044AD35C21FA03F318461037BF
:10275000BD4680BD0038024088C5000880B584B001
:1027600000AFFFF7A9FF01460D4B9B6803F46043E0
:102770004FF460427A607A6892FAA2F23A603A685C
:10278000FA60FA68B2FA82F2BA60BA68D2B2D3409A
:10279000044AD35C21FA03F318461037BD4680BDC6
:1027A0000038024088C5000880B582B000AF78606C
:1027B0007B68002B01D1012337E07B6893F8393027
:1027C000DBB2002B02D1786803F08EFD7B68022219
:1027D00083F839207B681B68DA687B681B6822F401
:1027E0000052DA60786800F05DFC7B681B681A694B
:1027F0007B681B6822F490421A617B681B685A69E7
:102800007B681B6822F02A025A617B681B68DA68C1
:102810007B681B6842F40052DA607B680022DA634E
:102820007B68012283F83920002318460837BD460B
:1028300080BD80B586B000AFF860B9603B601346DC
:10284000FB8000237B61FB6893F83930DBB27B614E
:102850007B69012B03D07B69222B40F08E80BB6803
:10286000002B02D0FB88002B01D1012386E0FB68FE
:1028700093F83830012B01D102237FE0FB6801225D
:1028800083F83820FB680022DA63FB6893F839305C
:10289000DBB2222B04D1FB68322283F8392003E01B
:1028A000FB68122283F83920FB68FA889A84FB6857
:1028B000FA88DA843DE0FB68DB8C013B9AB2FB6866
:1028C000DA84FB689B68B3F5805F20D13B68002207
:1028D0008021F86800F029FA0346002B01D0032379
:1028E0004CE0BB683B613B691B881A46FB681B6870
:1028F000C2F308025A60FB681B69002B03D1BB6856
:102900000233BB6015E0BB680133BB6011E03B687C
:1029100000228021F86800F008FA0346002B01D05D
:1029200003232BE0BB685A1CBA601A78FB681B684B
:102930005A60FB68DB8C002BBDD13B680022402134
:10294000F86800F0F2F90346002B01D0032315E0EC
:10295000FB6893F83930DBB2322B04D1FB682222BA
:1029600083F8392003E0FB68012283F83920FB68F3
:10297000002283F83820002300E00223184618378D
:10298000BD4680BD80B586B000AFF860B9603B60E1
:102990001346FB8000237B61FB6893F83930DBB280
:1029A0007B617B69012B03D07B69122B40F09D80FA
:1029B000BB68002B02D0FB88002B01D1012395E0DE
:1029C000FB6893F83830012B01D102238EE0FB68BD
:1029D000012283F83820FB680022DA63FB6893F851
:1029E0003930DBB2122B04D1FB68322283F8392054
:1029F00003E0FB68222283F83920FB68FA889A8575
:102A0000FB68FA88DA8557E0FB68DB8D013B9AB2F8
:102A1000FB68DA85FB689B68B3F5805F29D13B686A
:102A200000222021F86800F080F90346002B01D035
:102A300003235BE0BB683B61FB681B69002B0CD187
:102A4000FB681B685B689BB2C3F308039AB23B69DF
:102A50001A80BB680233BB602EE0FB681B685B68B2
:102A60009BB2DBB29AB23B691A80BB680133BB6090
:102A700022E03B6800222021F86800F056F9034666
:102A8000002B01D0032331E0FB681B69002B08D128
:102A9000FB681B685968BB685A1CBA60CAB21A70D6
:102AA0000AE0FB681B685B68DAB2BB68591CB96056
:102AB00002F07F02D2B21A70FB68DB8D002BA3D12B
:102AC000FB6893F83930DBB2322B04D1FB68122259
:102AD00083F8392003E0FB68012283F83920FB6882
:102AE000002283F83820002300E00223184618371C
:102AF000BD4680BD80B588B000AF78600023FB6123
:102B00000023BB617B681B681B6803F00103012B7A
:102B10000CBF01230023DBB2FB617B681B68DB6811
:102B200003F48073BB61FB69002B11D0BB69002BE0
:102B30000ED07B681B681B687B617B681B685B68C9
:102B40007B617B697B68DB6B43F001027B68DA6346
:102B50007B681B681B6803F00203022B0CBF012378
:102B60000023DBB2FB617B681B685B6903F0010338
:102B7000BB61FB69002B11D0BB69002B0ED07B68B9
:102B80001B681B683B617B681B685B683B613B693A
:102B90007B68DB6B43F004027B68DA637B681B684D
:102BA0001B6803F00403042B0CBF01230023DBB2DA
:102BB000FB617B681B685B6903F00103BB61FB6918
:102BC000002B11D0BB69002B0ED07B681B681B68E3
:102BD000FB607B681B685B68FB60FB687B68DB6B8A
:102BE00043F002027B68DA637B681B681B6803F0B2
:102BF0000803082B0CBF01230023DBB2FB617B68B9
:102C00001B685B6903F00103BB61FB69002B11D0FA
:102C1000BB69002B0ED07B681B681B68BB607B68A0
:102C20001B685B68BB60BB687B68DB6B43F00802BA
:102C30007B68DA637B681B681B6803F02003202B2A
:102C40000CBF01230023DBB2FB617B681B68DB68E0
:102C500003F02003BB61FB69002B05D0BB69002B8F
:102C600002D0786800F08AF97B681B681B6803F063
:102C70008003802B0CBF01230023DBB2FB617B6848
:102C80001B68DB6803F08003BB61FB69002B05D088
:102C9000BB69002B02D0786800F0E0F87B681B6805
:102CA0001B6803F04003402B0CBF01230023DBB261
:102CB000FB617B681B68DB6803F04003BB61FB6959
:102CC000002B05D0BB69002B02D0786800F023F9F7
:102CD0007B68DB6B002B06D07B68012283F83920F0
:102CE000786800F018F800BF2037BD4680BD80B47A
:102CF00083B000AF786000BF0C37BD465DF8047B41
:102D0000704780B483B000AF786000BF0C37BD4619
:102D10005DF8047B704780B483B000AF786000BF7B
:102D20000C37BD465DF8047B704780B586B000AFB8
:102D3000F860B9603B601346FB7100237B61FEF7CE
:102D400011FD7861FB79002B7BD138E03B68B3F152
:102D5000FF3F34D03B68002B07D0FEF703FD02464F
:102D60007B69D31A3A689A4229D2FB681B68DA68F1
:102D7000FB681B6822F08002DA60FB681B68DA6877
:102D8000FB681B6822F02002DA60FB681B68DA68C7
:102D9000FB681B6822F48072DA60FB681B685A6962
:102DA000FB681B6822F001025A61FB68012283F86C
:102DB0003920FB68002283F8382003234AE0FB68AF
:102DC0001B681A68BB681340BA689A42BED140E0DB
:102DD0003B68B3F1FF3F34D03B68002B07D0FEF7D0
:102DE000C1FC02467B69D31A3A689A4229D2FB6831
:102DF0001B68DA68FB681B6822F08002DA60FB68F7
:102E00001B68DA68FB681B6822F02002DA60FB6846
:102E10001B68DA68FB681B6822F48072DA60FB6862
:102E20001B685A69FB681B6822F001025A61FB6843
:102E3000012283F83920FB68002283F8382003231D
:102E400008E0FB681B681A68BB681340BA689A42BE
:102E5000BED0002318461837BD4680BD80B485B06B
:102E600000AF78600023FB607B6893F83930DBB2F9
:102E7000FB60FB68122B02D0FB68322B44D17B68CD
:102E80009B68B3F5805F1AD17B681B6ABB60BB6827
:102E90001B881A467B681B68C2F308025A607B686D
:102EA0001B69002B05D17B681B6A9A1C7B681A6220
:102EB0000EE07B681B6A5A1C7B681A6208E07B681C
:102EC0001B6A591C7A6811621A787B681B685A6001
:102ED0007B68DB8C013B9AB27B68DA847B68DB8C95
:102EE000002B0FD17B681B68DA687B681B6822F0B7
:102EF0008002DA607B681B68DA687B681B6842F0D6
:102F00004002DA60002300E0022318461437BD4671
:102F10005DF8047B704780B582B000AF78607B6855
:102F20001B68DA687B681B6822F04002DA607B6805
:102F300093F83930DBB2322B04D17B68222283F83C
:102F4000392013E07B681B68DA687B681B6822F411
:102F50008072DA607B681B685A697B681B6822F0A4
:102F600001025A617B68012283F839207868FFF7F3
:102F7000BEFE002318460837BD4680BD80B584B02C
:102F800000AF78600023FB607B6893F83930DBB2D8
:102F9000FB60FB68222B02D0FB68322B7CD17B6864
:102FA0009B68B3F5805F23D17B689B6ABB607B68BD
:102FB0001B69002B0ED17B681B685B689BB2C3F357
:102FC00008039AB2BB681A807B689B6A9A1C7B686C
:102FD0009A6229E07B681B685B689BB2DBB29AB29D
:102FE000BB681A807B689B6A5A1C7B689A621BE0EC
:102FF0007B681B69002B0AD17B681B6858687B685B
:103000009B6A591C7A689162C2B21A700CE07B68A4
:103010001B685B68DAB27B689B6A581C79688862B7
:1030200002F07F02D2B21A707B68DB8D013B9AB24C
:103030007B68DA857B68DB8D002B2BD17B681B6876
:10304000DA687B681B6822F02002DA607B6893F8FC
:103050003930DBB2322B04D17B68122283F839205D
:1030600013E07B681B68DA687B681B6822F4807257
:10307000DA607B681B685A697B681B6822F0010272
:103080005A617B68012283F839207868FFF739FE9E
:10309000002302E0002300E0022318461037BD465B
:1030A00080BD0000B0B584B000AF78600023FB6045
:1030B0007B681B681B69FB60FB6823F44053FB6063
:1030C0007B68DB68FA681343FB607B681B68FA68FF
:1030D0001A617B681B68DB68FB60FB6823F416439E
:1030E00023F00C03FB607B689A687B681B691A43BA
:1030F0007B685B691A437B68DB691343FA68134397
:10310000FB607B681B68FA68DA607B681B685B6938
:10311000FB60FB6823F44073FB607B689B69FA6883
:103120001343FB607B681B68FA685A617B68DB6944
:10313000B3F5004F40F08C807B681B688C4A93424B
:1031400004D07B681B688B4A934240D1FFF706FB93
:10315000024613469B0013449A001A447B685B683E
:103160005B00B2FBF3F3844AA2FB03235B091C015F
:10317000FFF7F4FA024613469B0013449A001A44E0
:103180007B685B685B00B2FBF3F5FFF7E7FA02468A
:1031900013469B0013449A001A447B685B685B00EB
:1031A000B2FBF3F3744AA2FB03235B09642202FB24
:1031B00003F3EB1A1B0132336F4AA2FB03235B09B3
:1031C00003F00F027B681B6822439A60CCE0FFF794
:1031D0009FFA024613469B0013449A001A447B68E8
:1031E0005B685B00B2FBF3F3634AA2FB03235B095A
:1031F0001C01FFF78DFA024613469B0013449A0008
:103200001A447B685B685B00B2FBF3F5FFF780FA5A
:10321000024613469B0013449A001A447B685B687D
:103220005B00B2FBF3F3544AA2FB03235B09642265
:1032300002FB03F3EB1A1B0132334F4AA2FB0323B9
:103240005B0903F00F027B681B6822439A608BE0E6
:103250007B681B68464A934204D07B681B68454ADA
:10326000934240D1FFF77AFA024613469B0013447B
:103270009A001A447B685B689B00B2FBF3F33E4AFA
:10328000A2FB03235B091C01FFF768FA0246134601
:103290009B0013449A001A447B685B689B00B2FB56
:1032A000F3F5FFF75BFA024613469B0013449A00BE
:1032B0001A447B685B689B00B2FBF3F32E4AA2FBC7
:1032C00003235B09642202FB03F3EB1A1B01323375
:1032D000294AA2FB03235B0903F00F027B681B68EA
:1032E00022439A6040E0FFF713FA024613469B0020
:1032F00013449A001A447B685B689B00B2FBF3F3AB
:103300001D4AA2FB03235B091C01FFF701FA0246D9
:1033100013469B0013449A001A447B685B689B0029
:10332000B2FBF3F5FFF7F4F9024613469B00134492
:103330009A001A447B685B689B00B2FBF3F30E4A69
:10334000A2FB03235B09642202FB03F3EB1A1B01BC
:103350003233094AA2FB03235B0903F00F027B68A7
:103360001B6822439A60FFE700BF1037BD46B0BD1F
:1033700000100140001401401F85EB5180B483B060
:1033800000AF78607B6803F108027B685A607B6855
:103390004FF0FF329A607B6803F108027B68DA60C5
:1033A0007B6803F108027B681A617B6800221A605F
:1033B00000BF0C37BD465DF8047B704780B483B016
:1033C00000AF78607B6800221A6100BF0C37BD46F1
:1033D0005DF8047B704780B485B000AF78603960D9
:1033E0007B685B68FB603B68FA685A60FB689A68B8
:1033F0003B689A60FB689B683A685A60FB683A6869
:103400009A603B687A681A617B681B685A1C7B6803
:103410001A6000BF1437BD465DF8047B704780B466
:1034200085B000AF786039603B681B68BB60BB68E3
:10343000B3F1FF3F03D17B681B69FB600CE07B6845
:103440000833FB6002E0FB685B68FB60FB685B685D
:103450001B68BA689A42F6D2FB685A683B685A60A1
:103460003B685B683A689A603B68FA689A60FB68F8
:103470003A685A603B687A681A617B681B685A1C14
:103480007B681A6000BF1437BD465DF8047B704747
:1034900080B485B000AF78607B681B69FB607B6897
:1034A0005B687A6892689A607B689B687A68526801
:1034B0005A60FB685B687A689A4203D17B689A68B5
:1034C000FB685A607B6800221A61FB681B685A1E01
:1034D000FB681A60FB681B6818461437BD465DF828
:1034E000047B704780B485B000AFF860B9607A6043
:1034F000FB68043BFB60FB684FF080721A60FB685E
:10350000043BFB60BB6823F00102FB681A60FB68A8
:10351000043BFB600C4AFB681A60FB68143BFB60D1
:103520007A68FB681A60FB68043BFB60FB686FF01D
:1035300002021A60FB68203BFB60FB6818461437E8
:10354000BD465DF8047B70474D35000880B485B0FA
:1035500000AF00237B60124B1B68B3F1FF3F0AD022
:103560004FF0500383F31188BFF36F8FBFF34F8F7A
:10357000FB6000BFFEE74FF0500383F31188BFF3F9
:103580006F8FBFF34F8FBB6000BF00BF7B68002B06
:10359000FCD000BF00BF1437BD465DF8047B704708
:1035A00004000020000000000000000000000000F7
:1035B000074B19680868B0E8F04F80F30988BFF33B
:1035C0006F8F4FF0000080F311887047AFF30080D9
:1035D0005436012000BF00BF08480068006880F32F
:1035E00008884FF0000080F3148862B661B6BFF31C
:1035F0004F8FBFF36F8F00DF00BF000008ED00E0CA
:1036000000BF00BF80B586B000AF464B1B68464A7E
:1036100093420AD14FF0500383F31188BFF36F8FA9
:10362000BFF34F8F3B6100BFFEE73E4B1B683F4A35
:1036300093420AD14FF0500383F31188BFF36F8F89
:10364000BFF34F8FFB6000BFFEE7394B7B617B69A7
:103650001B78DBB27B607B69FF221A707B691B7869
:10366000DBB2FB70FB78DBB203F05003DAB2314B14
:103670001A70314B07221A6009E02F4B1B68013B7F
:103680002D4A1360FB78DBB25B00DBB2FB70FB788A
:10369000DBB203F08003802BEFD0274B1B68C3F114
:1036A0000703042B0AD04FF0500383F31188BFF3B4
:1036B0006F8FBFF34F8FBB6000BFFEE71E4B1B68D1
:1036C0001B021D4A13601C4B1B6803F4E0631A4A7B
:1036D00013607B68DAB27B691A70184B1B68174A53
:1036E00043F470031360154B1B68144A43F0704396
:1036F000136000F0DBF8124B00221A6000F0FAF8B9
:10370000104B1B680F4A43F040431360FFF764FF00
:1037100001F004FDFFF71AFF002318461837BD46D5
:1037200080BD00BF00ED00E071C20F4170C20F41CB
:1037300000E400E0F0090020F409002020ED00E0A2
:103740000400002034EF00E080B483B000AF4FF0FD
:10375000500383F31188BFF36F8FBFF34F8F7B60EC
:1037600000BF0F4B1B6801330D4A13600C4B1B68E5
:10377000012B0FD10B4B1B68DBB2002B0AD04FF093
:10378000500383F31188BFF36F8FBFF34F8F3B60FC
:1037900000BFFEE700BF0C37BD465DF8047B7047F5
:1037A0000400002004ED00E080B483B000AF124BB1
:1037B0001B68002B0AD14FF0500383F31188BFF32D
:1037C0006F8FBFF34F8F7B6000BFFEE70A4B1B6814
:1037D000013B094A1360084B1B68002B05D10023ED
:1037E0003B603B6883F3118800BF00BF0C37BD46C8
:1037F0005DF8047B704700BF04000020000000005B
:10380000EFF30980BFF36F8F154B1A681EF0100F8E
:1038100008BF20ED108A20E9F04F10602DE9090063
:103820004FF0500080F31188BFF34F8FBFF36F8FBD
:1038300001F074FC4FF0000080F3118809BC196896
:103840000868B0E8F04F1EF0100F08BFB0EC108A07
:1038500080F30988BFF36F8F704700BFAFF300801C
:103860005436012000BF00BF80B582B000AF4FF0DA
:10387000500383F31188BFF36F8FBFF34F8F7B60CB
:1038800000BF01F035FB0346002B03D0064B4FF081
:1038900080521A6000233B603B6883F3118800BFAD
:1038A00000BF0837BD4680BD04ED00E080B400AF26
:1038B0000B4B00221A600B4B00221A600A4B1B684C
:1038C0000A4AA2FB03239B09094A013B1360044BEC
:1038D00007221A6000BFBD465DF8047B704700BF39
:1038E00010E000E018E000E000000020D34D62107E
:1038F00014E000E0DFF80C00016841F470010160A1
:103900007047000088ED00E000BF00BF80B58AB0BE
:1039100000AF78600023FB6101F0D0F9534B1B68C6
:10392000002B01D100F008F97B68002B12D008228F
:103930007B6803F00703D31A0833BB61BB69DB4321
:103940007A689A4204D87A68BB6913447B6001E0C4
:1039500000237B607B68002B70DB7B68002B6DD0C5
:10396000434B1B687A689A4268D8424B3B62414B92
:103970001B687B6204E07B6A3B627B6A1B687B623C
:103980007B6A5B687A689A4203D97B6A1B68002B62
:10399000F1D1364B1B687A6A9A424FD03B6A1B685A
:1039A00008221344FB617B6A1A683B6A1A607B6ACF
:1039B0005A687B68D21A08235B009A421FD97A6A38
:1039C0007B6813447B617B6903F00703002B0AD0FB
:1039D0004FF0500383F31188BFF36F8FBFF34F8F06
:1039E0003B6100BFFEE77B6A5A687B68D21A7B693D
:1039F0005A607B6A7A685A60786900F0F9F81C4B63
:103A00001A687B6A5B68D31A194A1360184B1A68E4
:103A1000194B1B689A4203D2154B1B68164A136058
:103A20007B6A5B6843F000427B6A5A607B6A0022D3
:103A30001A60124B1B680133104A136001F04CF9F5
:103A4000FB6903F00703002B0AD04FF0500383F308
:103A50001188BFF36F8FBFF34F8FFB6000BFFEE78E
:103A6000FB6918462837BD4680BD00BF00360120DF
:103A700004360120F8350120083601200C360120DB
:103A800080B586B000AF78607B687B617B68002B77
:103A900049D008235B427A6913447B617B693B61AF
:103AA0003B695B68002B0ADB4FF0500383F31188FE
:103AB000BFF36F8FBFF34F8FFB6000BFFEE73B6923
:103AC0001B68002B0AD04FF0500383F31188BFF31B
:103AD0006F8FBFF34F8FBB6000BFFEE73B695B6832
:103AE000DB0F03F00103DBB2002B1CD03B691B682A
:103AF000002B18D13B695B6823F000423B695A6098
:103B000001F0DCF83B695A68094B1B681344084A0A
:103B10001360386900F06CF8064B1B680133054AE6
:103B2000136001F0D9F800BF1837BD4680BD00BF53
:103B3000043601201036012080B485B000AF4FF468
:103B40009633BB60254BFB60FB6803F00703002B3B
:103B50000CD0FB680733FB60FB6823F00703FB60B6
:103B6000BA68FB68D31A1D4A1344BB60FB687B60CC
:103B70001B4A7B6813601A4B00225A607B68BA6844
:103B80001344FB600822FB689B1AFB60FB6823F070
:103B90000703FB60FB68134A1360124B1B6800228B
:103BA0005A60104B1B6800221A607B683B603B68C0
:103BB000FA68D21A3B685A600A4B1A683B681A6066
:103BC0003B685B68084A13603B685B68074A1360A0
:103BD00000BF1437BD465DF8047B7047F80900202C
:103BE000F835012000360120083601200436012076
:103BF00080B485B000AF7860284BFB6002E0FB68C2
:103C00001B68FB60FB681B687A689A42F7D8FB6800
:103C1000BB60FB685B68BA6813447A689A4208D153
:103C2000FB685A687B685B681A44FB685A60FB68EB
:103C30007B607B68BB607B685B68BA681A44FB6822
:103C40001B689A4218D1FB681A68154B1B689A4288
:103C50000DD07B685A68FB681B685B681A447B68F8
:103C60005A60FB681B681A687B681A6008E00C4B96
:103C70001A687B681A6003E0FB681A687B681A6040
:103C8000FA687B689A4202D0FB687A681A6000BFC3
:103C90001437BD465DF8047B704700BFF83501203E
:103CA0000036012080B586B000AF7860396001230E
:103CB0007B617B683B613B69002B0AD14FF050036D
:103CC00083F31188BFF36F8FBFF34F8FFB6000BF8B
:103CD000FEE73B69002B5DD03B69DB6B002B59D0C5
:103CE0003B691A6C3B69DB6B0021A3FB0223002BB1
:103CF00000D001210B46002B4CD1FFF725FD3B697D
:103D00001A683B69DB6B3969096C01FB03F31A44E0
:103D10003B699A603B6900229A633B691A683B6978
:103D20005A603B691A683B69DB6B013B3969096C76
:103D300001FB03F31A443B69DA603B69FF2283F815
:103D400044203B69FF2283F845203B68002B14D1B7
:103D50003B691B69002B1AD03B691033184601F0F0
:103D6000A3FA0346002B12D0154B4FF080521A6075
:103D7000BFF34F8FBFF36F8F09E03B6910331846D5
:103D8000FFF7FCFA3B6924331846FFF7F7FAFFF711
:103D90000BFD01E000237B617B69002B0AD14FF012
:103DA000500383F31188BFF36F8FBFF34F8FBB6056
:103DB00000BFFEE77B6918461837BD4680BD00BFCF
:103DC00004ED00E080B58AB002AFF860B960134638
:103DD000FB710023FB61FB68002B2ED00021BA6829
:103DE000FB68A3FB0223002B00D001210B46002B14
:103DF00023D1FB68BA6802FB03F313F1510F1CD8FF
:103E0000FB68BA6802FB03F3BB61BB695033184619
:103E1000FFF77CFDF861FB69002B1CD0FB697B611F
:103E20007B6950337B61FA79FB69009313467A69A9
:103E3000B968F86800F014F80DE0FB69002B0AD1AE
:103E40004FF0500383F31188BFF36F8FBFF34F8F91
:103E50003B6100BFFEE7FB6918462037BD4680BDC9
:103E600080B584B000AFF860B9607A60FB70BB6861
:103E7000002B03D1BB69BA691A6002E0BB697A689A
:103E80001A60BB69FA68DA63BB69BA681A6401210F
:103E9000B869FFF707FFBB69FA7883F84C2000BFC9
:103EA0001037BD4680BD000080B58EB000AFF86011
:103EB000B9607A603B6000237B63FB683B633B6BCC
:103EC000002B0AD14FF0500383F31188BFF36F8F9B
:103ED000BFF34F8FBB6200BFFEE7BB68002B03D16F
:103EE0003B6B1B6C002B01D1012300E00023002B56
:103EF0000AD14FF0500383F31188BFF36F8FBFF3E4
:103F00004F8F7B6200BFFEE73B68022B03D13B6B08
:103F1000DB6B012B01D1012300E00023002B0AD130
:103F20004FF0500383F31188BFF36F8FBFF34F8FB0
:103F30003B6200BFFEE701F0C7FB0346002B02D146
:103F40007B68002B01D1012300E00023002B0AD164
:103F50004FF0500383F31188BFF36F8FBFF34F8F80
:103F6000FB6100BFFEE7FFF7EFFB3B6B9A6B3B6B20
:103F7000DB6B9A4202D33B68022B29D13A68B968BD
:103F8000386B00F085FAF8623B6B5B6A002B10D04F
:103F90003B6B2433184601F087F90346002B13D0FE
:103FA0003F4B4FF080521A60BFF34F8FBFF36F8FBC
:103FB0000AE0FB6A002B07D0394B4FF080521A60A1
:103FC000BFF34F8FBFF36F8FFFF7EEFB012363E06B
:103FD0007B68002B03D1FFF7E7FB00235CE07B6BE2
:103FE000002B06D107F11403184601F033FA012320
:103FF0007B63FFF7D9FB00F061FEFFF7A5FB3B6B8E
:1040000093F844305BB2B3F1FF3F03D13B6B002226
:1040100083F844203B6B93F845305BB2B3F1FF3F2C
:1040200003D13B6B002283F84520FFF7BDFB3A1D0F
:1040300007F114031146184601F022FA0346002B3B
:1040400024D1386B00F01CFB0346002B18D03B6BCF
:1040500010337A681146184601F0BCF8386B00F04E
:10406000A7FA00F039FE0346002B7FF47CAF0C4B1F
:104070004FF080521A60BFF34F8FBFF36F8F72E71C
:10408000386B00F095FA00F027FE6CE7386B00F013
:104090008FFA00F021FE002318463837BD4680BD58
:1040A00004ED00E080B58CB000AFF860B9607A60D4
:1040B0000023FB62FB68BB62BB6A002B0AD14FF096
:1040C000500383F31188BFF36F8FBFF34F8F3B62B1
:1040D00000BFFEE7BB68002B03D1BB6A1B6C002B43
:1040E00001D1012300E00023002B0AD14FF050033F
:1040F00083F31188BFF36F8FBFF34F8FFB6100BF56
:10410000FEE701F0E1FA0346002B02D17B68002BA9
:1041100001D1012300E00023002B0AD14FF050030E
:1041200083F31188BFF36F8FBFF34F8FBB6100BF65
:10413000FEE7FFF709FBBB6A9B6B7B627B6A002B88
:104140001FD0B968B86A00F00DFA7B6A5A1EBB6AC4
:104150009A63BB6A1B69002B0FD0BB6A10331846E9
:1041600001F0A2F80346002B07D03D4B4FF08052E0
:104170001A60BFF34F8FBFF36F8FFFF715FB01235B
:1041800069E07B68002B03D1FFF70EFB002362E0A0
:10419000FB6A002B06D107F11003184601F05AF90B
:1041A0000123FB62FFF700FB00F088FDFFF7CCFA6C
:1041B000BB6A93F844305BB2B3F1FF3F03D1BB6AF3
:1041C000002283F84420BB6A93F845305BB2B3F118
:1041D000FF3F03D1BB6A002283F84520FFF7E4FAD2
:1041E0003A1D07F110031146184601F049F903463C
:1041F000002B23D1B86A00F02DFA0346002B17D00C
:10420000BB6A24337A681146184600F0E3FFB86AA7
:1042100000F0CEF900F060FD0346002B89D1104B71
:104220004FF080521A60BFF34F8FBFF36F8F80E75C
:10423000B86A00F0BDF900F04FFD7AE7B86A00F007
:10424000B7F900F049FDB86A00F004FA0346002B04
:104250003FF46FAF002318463037BD4680BD00BF26
:1042600004ED00E080B58CB000AF786039600023C9
:10427000FB627B687B620023BB627B6A002B0AD1F6
:104280004FF0500383F31188BFF36F8FBFF34F8F4D
:10429000BB6100BFFEE77B6A1B6C002B0AD04FF0AE
:1042A000500383F31188BFF36F8FBFF34F8F7B6190
:1042B00000BFFEE701F008FA0346002B02D13B687D
:1042C000002B01D1012300E00023002B0AD14FF085
:1042D000500383F31188BFF36F8FBFF34F8F3B61A0
:1042E00000BFFEE7FFF730FA7B6A9B6B3B623B6ADD
:1042F000002B24D03B6A5A1E7B6A9A637B6A1B6838
:10430000002B04D101F0F8FB02467B6A9A607B6ABD
:104310001B69002B0FD07B6A1033184600F0C4FFD6
:104320000346002B07D04D4B4FF080521A60BFF36D
:104330004F8FBFF36F8FFFF737FA012389E03B6898
:10434000002B03D1FFF730FA002382E0FB6A002B39
:1043500006D107F10803184601F07CF80123FB623F
:10436000FFF722FA00F0AAFCFFF7EEF97B6A93F858
:1043700044305BB2B3F1FF3F03D17B6A002283F884
:1043800044207B6A93F845305BB2B3F1FF3F03D121
:104390007B6A002283F84520FFF706FA3A4607F1C8
:1043A00008031146184601F06BF80346002B32D182
:1043B000786A00F04FF90346002B26D07B6A1B6811
:1043C000002B09D1FFF7C0F97B6A9B68184601F002
:1043D00099F9B862FFF7E8F97B6A24333A68114625
:1043E000184600F0F7FE786A00F0E2F800F074FC7E
:1043F0000346002B7FF476AF184B4FF080521A60C3
:10440000BFF34F8FBFF36F8F6CE7786A00F0D0F87F
:1044100000F062FC66E7786A00F0CAF800F05CFC25
:10442000786A00F017F90346002B3FF45BAFBB6AD4
:10443000002B0DD0FFF788F9786A00F011F8F861C9
:104440007B6A9B68F969184601F09EFAFFF7ACF9A0
:10445000002318463037BD4680BD00BF04ED00E0A4
:1044600080B485B000AF78607B685B6A002B06D0B3
:104470007B681B6B1B68C3F10503FB6001E0002335
:10448000FB60FB6818461437BD465DF8047B704737
:1044900080B586B000AFF860B9607A6000237B61B8
:1044A000FB689B6B3B61FB681B6C002B0DD1FB68B1
:1044B0001B68002B4DD1FB689B68184601F0C0F9C2
:1044C0007861FB6800229A6043E07B68002B19D179
:1044D000FB685868FB681B6C1A46B968FCF75EFA03
:1044E000FB685A68FB681B6C1A44FB685A60FB68DF
:1044F0005A68FB689B689A422BD3FB681A68FB6872
:104500005A6026E0FB68D868FB681B6C1A46B968DD
:10451000FCF744FAFB68DA68FB681B6C5B421A44E0
:10452000FB68DA60FB68DA68FB681B689A4207D2AE
:10453000FB689A68FB681B6C5B421A44FB68DA6094
:104540007B68022B05D13B69002B02D03B69013B04
:104550003B613B695A1CFB689A637B6918461837B4
:10456000BD4680BD80B582B000AF786039607B68A1
:104570001B6C002B18D07B68DA687B681B6C1A44B4
:104580007B68DA607B68DA687B689B689A4203D351
:104590007B681A687B68DA607B68D9687B681B6C0B
:1045A0001A463868FCF7FAF900BF0837BD4680BDE7
:1045B00080B584B000AF7860FFF7C6F87B6893F8E9
:1045C0004530FB7311E07B685B6A002B12D07B687F
:1045D0002433184600F068FE0346002B01D000F09B
:1045E000B5FFFB7B013BDBB2FB7397F90F30002B70
:1045F000E9DC00E000BF7B68FF2283F84520FFF77D
:10460000D3F8FFF7A1F87B6893F84430BB7311E04F
:104610007B681B69002B12D07B681033184600F0B2
:1046200043FE0346002B01D000F090FFBB7B013B13
:10463000DBB2BB7397F90E30002BE9DC00E000BF62
:104640007B68FF2283F84420FFF7AEF800BF1037E5
:10465000BD4680BD80B584B000AF7860FFF774F8C8
:104660007B689B6B002B02D10123FB6001E00023E0
:10467000FB60FFF799F8FB6818461037BD4680BD10
:1046800080B584B000AF7860FFF75EF87B689A6B06
:104690007B68DB6B9A4202D10123FB6001E00023BF
:1046A000FB60FFF781F8FB6818461037BD4680BDF8
:1046B00080B487B000AF7860396000233B617B68CD
:1046C000002B0AD14FF0500383F31188BFF36F8F93
:1046D000BFF34F8FFB6000BFFEE73B68002B24D089
:1046E00000237B611EE0184A7B69DB0013445B6892
:1046F0007A689A4205D17B69DB00134A13443B6117
:1047000013E03B69002B0AD10F4A7B6952F8333022
:10471000002B04D17B69DB000B4A13443B617B69AE
:1047200001337B617B69072BDDD93B69002B05D009
:104730003B693A681A603B697A685A6000BF1C3767
:10474000BD465DF8047B70471436012080B586B005
:1047500000AFF860B9607A60FB687B61FEF7F4FF38
:104760007B6993F844305BB2B3F1FF3F03D17B69BF
:10477000002283F844207B6993F845305BB2B3F1A3
:10478000FF3F03D17B69002283F84520FFF70CF837
:104790007B699B6B002B06D17B6924337A68B968EF
:1047A000184600F03BFD7869FFF702FF00BF18379D
:1047B000BD4680BD80B58CB004AFF860B9603B6089
:1047C0001346FB80FB889B001846FFF79FF8786133
:1047D0007B69002B13D05820FFF798F8F861FB692C
:1047E000002B08D058220021F86901F077FEFB6900
:1047F0007A691A6305E07869FFF742F901E000235E
:10480000FB61FB69002B13D0FA8800230393FB693B
:104810000293FB6A0193BB6A00933B68B968F8682E
:1048200000F00EF8F86900F099F80123BB6102E08E
:104830004FF0FF33BB61BB6918462037BD4680BDD2
:1048400080B588B000AFF860B9607A603B603B6BC0
:10485000186B7B689B001A46A52101F03FFE3B6B5D
:104860001A6B7B6803F18043013B9B001344BB61DF
:10487000BB6923F00703BB61BB6903F00703002B8F
:104880000AD04FF0500383F31188BFF36F8FBFF34B
:104890004F8F7B6100BFFEE7BB68002B1ED000235B
:1048A000FB6112E0BA68FB69134419783A6BFB6943
:1048B000134434330A461A70BA68FB6913441B78F0
:1048C000002B06D0FB690133FB61FB69092BE9D999
:1048D00000E000BF3B6B002283F83D20BB6A042B45
:1048E0000AD94FF0500383F31188BFF36F8FBFF3E2
:1048F0004F8F3B6100BFFEE7BB6A042B01D9042345
:10490000BB623B6BBA6ADA623B6BBA6A9A643B6B16
:1049100004331846FEF752FD3B6B18331846FEF77A
:104920004DFD3B6B3A6B1A61BB6AC3F105023B6BF1
:104930009A613B6B3A6B5A623A68F968B869FEF75C
:10494000D1FD02463B6B1A60FB6A002B02D0FB6A6A
:104950003A6B1A6000BF2037BD4680BD80B584B079
:1049600000AF7860FEF7F0FE404B1B6801333F4A12
:1049700013603F4B1B68002B09D13D4A7B681360D5
:104980003A4B1B68012B10D100F004FE0DE0394BAF
:104990001B68002B09D1364B1B68DA6A7B68DB6A1F
:1049A0009A4202D8324A7B681360334B1B6801334A
:1049B000314A1360304B1A687B681A647B68DB6A83
:1049C00001229A402D4B1B6813432C4A13607B68CD
:1049D000DA6A2B4913469B0013449B000B440433B3
:1049E0001B68FB607B68FA689A60FB689A687B6862
:1049F000DA60FB689B687A6804325A607B681A1D2B
:104A0000FB689A607B68DA6A13469B0013449B003C
:104A10001B4A1A447B685A617B68DA6A1849134654
:104A20009B0013449B000B441B68591C14481346FD
:104A30009B0013449B0003441960FEF7B5FE0D4B29
:104A40001B68002B0ED00A4B1B68DA6A7B68DB6A96
:104A50009A4207D20B4B4FF080521A60BFF34F8F30
:104A6000BFF36F8F00BF1037BD4680BD2C370120CC
:104A700054360120383701204837012034370120CF
:104A80005836012004ED00E080B584B000AF7860B6
:104A9000FEF75AFE7B68002B02D13B4B1B6800E0FF
:104AA0007B68FB60FB6804331846FEF7F1FC0346A5
:104AB000002B15D1FB68DA6A344913469B00134476
:104AC0009B000B441B68002B0AD1FB68DB6A0122A8
:104AD00002FA03F3DA432E4B1B6813402C4A13608F
:104AE000FB689B6A002B04D0FB6818331846FEF75E
:104AF000CFFC284B1B680133264A1360224B1B68EE
:104B0000FA689A420BD1FB68043319462248FEF733
:104B100062FC224B1B680133204A136006E0204BE5
:104B20001B68013B1E4A136000F0B2FDFEF73CFE1D
:104B3000154B1B68FA689A4202D0F86800F098FD9D
:104B4000184B1B68002B1BD00F4B1B68FA689A424E
:104B500016D1154B1B68002B0AD04FF0500383F37E
:104B60001188BFF36F8FBFF34F8FBB6000BFFEE7AD
:104B70000E4B4FF080521A60BFF34F8FBFF36F8F11
:104B800000BF1037BD4680BD543601205836012085
:104B90003437012048370120003701201437012025
:104BA0002C370120383701205437012004ED00E074
:104BB00080B584B000AF78600023FB607B68002B79
:104BC00017D0134B1B68002B0AD04FF0500383F310
:104BD0001188BFF36F8FBFF34F8FBB6000BFFEE73D
:104BE00000F06CF80021786800F09AFF00F074F88B
:104BF000F860FB68002B07D1064B4FF080521A601B
:104C0000BFF34F8FBFF36F8F00BF1037BD4680BD1E
:104C10005437012004ED00E080B586B002AF204B90
:104C2000019300230093002382221E491E48FFF7B0
:104C3000C1FDF860FB68012B02D100F0F1FFF860C4
:104C4000FB68012B16D14FF0500383F31188BFF39B
:104C50006F8FBFF34F8FBB6000BF144B4FF0FF321D
:104C60001A60134B01221A60124B00221A60FEF7E1
:104C7000C9FC0EE0FB68B3F1FF3F0AD14FF05003CF
:104C800083F31188BFF36F8FBFF34F8F7B6000BF3B
:104C9000FEE7094B1B6800BF1037BD4680BD00BF53
:104CA0005037012070C50008655500084C370120B9
:104CB00038370120303701200800002080B400AFD1
:104CC000044B1B680133034A136000BFBD465DF807
:104CD000047B70475437012080B588B000AF0023B3
:104CE000FB610023BB61714B1B68002B0AD14FF0A5
:104CF000500383F31188BFF36F8FBFF34F8F7B6037
:104D000000BFFEE7FEF720FD684B1B68013B674ACA
:104D10001360664B1B68002B40F0C080644B1B681F
:104D2000002B00F0BB808AE0624BDB68DB68FB6134
:104D3000FB699B6A3B61FB69DB69FA69126A9A60ED
:104D4000FB691B6AFA69D2695A603B695A68FB6958
:104D500018339A4203D1FB691A6A3B695A60FB69AE
:104D600000229A623B691B685A1E3B691A60FB6904
:104D70005B69FB60FB699B68FA69D2689A60FB69B2
:104D8000DB68FA6992685A60FB685A68FB69043309
:104D90009A4203D1FB69DA68FB685A60FB6900221A
:104DA0005A61FB681B685A1EFB681A60FB69DB6A64
:104DB00001229A40404B1B6813433F4A1360FB6932
:104DC000DA6A3E4913469B0013449B000B440433AC
:104DD0001B68BB60FB69BA689A60BB689A68FB692C
:104DE000DA60BB689B68FA6904325A60FB691A1D75
:104DF000BB689A60FB69DA6A13469B0013449B0008
:104E00002E4A1A44FB695A61FB69DA6A2B49134638
:104E10009B0013449B000B441B68591C27481346F6
:104E20009B0013449B0003441960FB69DA6A244B1E
:104E30001B68DB6A9A4202D3224B01221A601D4B87
:104E40001B68002B7FF470AFFB69002B01D000F0D2
:104E50001FFC1D4B1B687B617B69002B10D000F091
:104E600047F80346002B02D0164B01221A607B69DB
:104E7000013B7B617B69002BF1D1134B00221A604F
:104E8000104B1B68002B09D00123BB610F4B4FF067
:104E900080521A60BFF34F8FBFF36F8FFEF784FC11
:104EA000BB6918462037BD4680BD00BF543701207E
:104EB0002C370120EC3601203437012058360120F0
:104EC00054360120403701203C37012004ED00E03A
:104ED00080B483B000AF054B1B687B607B681846CD
:104EE0000C37BD465DF8047B704700BF30370120AA
:104EF00080B58AB000AF00237B627D4B1B68002B1E
:104F000040F0EC807B4B1B6801333B62794A3B6A83
:104F100013603B6A002B20D1774B1B681B68002B6A
:104F20000AD04FF0500383F31188BFF36F8FBFF3A4
:104F30004F8F7B6000BFFEE76F4B1B68FB616F4BC1
:104F40001B686D4A13606D4AFB6913606C4B1B68EC
:104F500001336B4A136000F09BFB6A4B1B683A6A93
:104F60009A42C0F0A680644B1B681B68002B04D1DA
:104F7000644B4FF0FF321A609BE05F4B1B68DB68AD
:104F8000DB68BB61BB695B687B613A6A7B699A429B
:104F900003D25C4A7B6913608BE0BB695B693B6150
:104FA000BB699B68BA69D2689A60BB69DB68BA69F9
:104FB00092685A603B695A68BB6904339A4203D1CC
:104FC000BB69DA683B695A60BB6900225A613B6978
:104FD0001B685A1E3B691A60BB699B6A002B1ED076
:104FE000BB699B6AFB60BB69DB69BA69126A9A603C
:104FF000BB691B6ABA69D2695A60FB685A68BB69A7
:1050000018339A4203D1BB691A6AFB685A60BB69BC
:1050100000229A62FB681B685A1EFB681A60BB6913
:10502000DB6A01229A40384B1B681343364A1360EF
:10503000BB69DA6A354913469B0013449B000B4455
:1050400004331B68BB60BB69BA689A60BB689A6826
:10505000BB69DA60BB689B68BA6904325A60BB6995
:105060001A1DBB689A60BB69DA6A13469B00134439
:105070009B00264A1A44BB695A61BB69DA6A234914
:1050800013469B0013449B000B441B68591C1F488C
:1050900013469B0013449B0003441960BB69DA6A02
:1050A0001B4B1B68DB6A9A427FF65DAF01237B6274
:1050B00059E7174B1B68DA6A144913469B001344DF
:1050C0009B000B441B68012B01D901237B62114B10
:1050D0001B68002B07D001237B6204E00E4B1B688A
:1050E00001330D4A13607B6A18462837BD4680BDE0
:1050F0005437012030370120E4360120E836012002
:10510000443701204C370120343701205836012024
:1051100054360120403701203C37012080B487B04D
:1051200000AF274B1B68002B03D0264B01221A60CF
:105130003FE0244B00221A60234B1B68FB60FB6896
:10514000B3FA83F3FB72FB7AC3F11F037B611F4940
:105150007A6913469B0013449B000B441B68002B89
:105160000AD14FF0500383F31188BFF36F8FBFF361
:105170004F8F7B6000BFFEE77A6913469B001344A4
:105180009B00124A13443B613B695B685A683B6968
:105190005A603B695A683B6908339A4204D13B69BB
:1051A0005B685A683B695A603B695B68DB68084A20
:1051B000136000BF1C37BD465DF8047B704700BF1D
:1051C0005437012040370120343701205836012060
:1051D0005436012080B584B000AF786039607B68B8
:1051E000002B0AD14FF0500383F31188BFF36F8F68
:1051F000BFF34F8FFB6000BFFEE7074B1B68183300
:1052000019467868FEF70BF90121386800F088FC30
:1052100000BF1037BD4680BD5436012080B586B032
:1052200000AFF860B9607A60FB68002B0AD14FF0DC
:10523000500383F31188BFF36F8FBFF34F8F3B6130
:1052400000BFFEE7FB685B687B61164B1B687A69F1
:10525000DA61144B1B687A6992681A62114B1A68FA
:105260007B699B6818325A600E4B1B6803F1180269
:105270007B699A600B4B1B68FA689A62FB681B6833
:105280005A1CFB681A607B68002B02D04FF0FF337A
:10529000BB607968B86800F043FC00BF1837BD46B2
:1052A00080BD00BF5436012080B48BB000AF786061
:1052B0007B68DB68DB683B623B6A002B0AD14FF0FE
:1052C000500383F31188BFF36F8FBFF34F8FFB60E1
:1052D00000BFFEE73B6A9B6AFB613B6ADB693A6A97
:1052E000126A9A603B6A1B6A3A6AD2695A60FB6921
:1052F0005A683B6A18339A4203D13B6A1A6AFB69BF
:105300005A603B6A00229A62FB691B685A1EFB695D
:105310001A604A4B1B68002B5ED13B6A5B697B615C
:105320003B6A9B683A6AD2689A603B6ADB683A6A71
:1053300092685A607B695A683B6A04339A4203D187
:105340003B6ADA687B695A603B6A00225A617B6972
:105350001B685A1E7B691A603B6ADB6A01229A400D
:10536000374B1B681343364A13603B6ADA6A354988
:1053700013469B0013449B000B4404331B683B61A2
:105380003B6A3A699A603B699A683B6ADA603B69B2
:105390009B683A6A04325A603B6A1A1D3B699A60FC
:1053A0003B6ADA6A13469B0013449B00254A1A4461
:1053B0003B6A5A613B6ADA6A224913469B001344EE
:1053C0009B000B441B68591C1E4813469B0013444A
:1053D0009B00034419601BE01B4B5B68BB613B6A8D
:1053E000BA69DA61BB699A683B6A1A62BB699B68F1
:1053F0003A6A18325A603B6A03F11802BB699A6034
:105400003B6A114A9A62104B1B6801330E4A1360C3
:105410003B6ADA6A0D4B1B68DB6A9A4205D90123A5
:105420007B620B4B01221A6001E000237B627B6AE6
:1054300018462C37BD465DF8047B70475437012071
:105440003437012058360120EC3601205436012033
:105450004037012080B483B000AF7860064B1A68F3
:105460007B681A60054B1A687B685A6000BF0C376E
:10547000BD465DF8047B704744370120303701207A
:1054800080B588B000AF786039607B68002B0AD1A6
:105490004FF0500383F31188BFF36F8FBFF34F8F2B
:1054A0003B6100BFFEE73B68002B0AD14FF0500381
:1054B00083F31188BFF36F8FBFF34F8FFB6000BF83
:1054C000FEE7FEF741F91F4B1B68BB617B685B6819
:1054D000BA69D31A7B613B681B68B3F1FF3F02D105
:1054E0000023FB6126E07B681A68174B1B689A4211
:1054F0000AD07B685B68BA699A4205D30123FB61D5
:105500003B6800221A6015E03B681B687A699A4282
:105510000BD23B681A687B69D21A3B681A607868BC
:10552000FFF798FF0023FB6104E03B6800221A604C
:105530000123FB61FEF738F9FB6918462037BD46A9
:1055400080BD00BF303701204437012080B400AF58
:10555000034B01221A6000BFBD465DF8047B704713
:105560004037012080B582B000AF786000F052F87B
:10557000064B1B68012BF9D9054B4FF080521A607E
:10558000BFF34F8FBFF36F8FF0E700BF5836012096
:1055900004ED00E080B582B000AF00237B600CE03A
:1055A0007A6813469B0013449B00124A1344184622
:1055B000FDF7E4FE7B6801337B607B68042BEFD949
:1055C0000D48FDF7DBFE0D48FDF7D8FE0C48FDF752
:1055D000D5FE0C48FDF7D2FE0B48FDF7CFFE0B4B76
:1055E000054A1A600A4B054A1A6000BF0837BD46D3
:1055F00080BD00BF58360120BC360120D0360120C6
:10560000EC3601200037012018370120E436012054
:10561000E836012080B582B000AF19E0FEF794F8BB
:10562000104BDB68DB687B607B6804331846FDF752
:105630002FFF0D4B1B68013B0B4A13600B4B1B6884
:10564000013B0A4A1360FEF7AFF8786800F010F8E3
:10565000064B1B68002BE1D100BF00BF0837BD46D9
:1056600080BD00BF003701202C37012014370120F6
:1056700080B582B000AF78607B681B6B1846FEF780
:10568000FFF97868FEF7FCF900BF0837BD4680BD1A
:1056900080B400AF0A4B1B681B68002B04D1094B78
:1056A0004FF0FF321A6005E0054B1B68DB681B6892
:1056B000044A136000BFBD465DF8047B704700BF1D
:1056C000E43601204C37012080B483B000AF0B4B8F
:1056D0001B68002B02D101237B6008E0084B1B688C
:1056E000002B02D102237B6001E000237B607B68FA
:1056F00018460C37BD465DF8047B704738370120EB
:105700005437012080B586B000AF78607B683B617C
:1057100000237B617B68002B00F087803B69DA6A9D
:10572000444B1B68DB6A9A4276D23B699B69002B2B
:1057300006DB404B1B68DB6AC3F105023B699A61DB
:105740003B6959693B69DA6A13469B0013449B0025
:10575000394A1344994257D13B6904331846FDF73F
:1057600097FE0346002B0AD13B69DB6A012202FA4D
:1057700003F3DA43314B1B681340304A13602D4B5F
:105780001B68DA6A3B69DA623B69DB6A01229A408C
:105790002A4B1B681343294A13603B69DA6A26497E
:1057A00013469B0013449B000B4404331B68FB60AF
:1057B0003B69FA689A60FB689A683B69DA60FB6843
:1057C0009B683A6904325A603B691A1DFB689A600B
:1057D0003B69DA6A13469B0013449B00164A1A443D
:1057E0003B695A613B69DA6A134913469B001344CB
:1057F0009B000B441B68591C0F4813469B00134425
:105800009B000344196004E00A4B1B68DA6A3B6999
:10581000DA6201237B6108E03B699A6C054B1B68E7
:10582000DB6A9A4201D201237B617B6918461837F3
:10583000BD4680BD54360120583601203437012042
:1058400080B588B000AF78607B68BB610023FB61E6
:105850007B68002B00F08C80484B1B68BA699A4229
:105860000AD04FF0500383F31188BFF36F8FBFF35B
:105870004F8F3B6100BFFEE7BB69DB6C002B0AD199
:105880004FF0500383F31188BFF36F8FBFF34F8F37
:10589000FB6000BFFEE7BB69DB6C5A1EBB69DA64C4
:1058A000BB69DA6ABB699B6C9A4261D0BB69DB6CED
:1058B000002B5DD1BB6904331846FDF7E9FD0346B3
:1058C000002B0AD1BB69DB6A012202FA03F3DA4337
:1058D0002B4B1B6813402A4A1360BB699A6CBB6947
:1058E000DA62BB69DB6AC3F10502BB699A61BB6915
:1058F000DB6A01229A40224B1B681343204A136043
:10590000BB69DA6A1F4913469B0013449B000B4492
:1059100004331B687B61BB697A699A607B699A680A
:10592000BB69DA607B699B68BA6904325A60BB69FB
:105930001A1D7B699A60BB69DA6A13469B0013449F
:105940009B00104A1A44BB695A61BB69DA6A0D4967
:1059500013469B0013449B000B441B68591C0948C9
:1059600013469B0013449B00034419600123FB6111
:10597000FB6918462037BD4680BD00BF5436012064
:10598000343701205836012080B58AB000AF7860E6
:1059900039607B683B620123FB617B68002B00F070
:1059A000A1803B6ADB6C002B0AD14FF0500383F3DC
:1059B0001188BFF36F8FBFF34F8F3B6100BFFEE7CE
:1059C0003B6A9B6C3A689A4202D93B687B6202E070
:1059D0003B6A9B6C7B623B6ADB6A7A6A9A4200F0A4
:1059E00081803B6ADB6CFA699A427BD13F4B1B6832
:1059F0003A6A9A420AD14FF0500383F31188BFF3F9
:105A00006F8FBFF34F8FFB6000BFFEE73B6ADB6A1F
:105A1000BB613B6A7A6ADA623B6A9B69002B04DBF2
:105A20007B6AC3F105023B6A9A613B6A5969BA69AC
:105A300013469B0013449B002D4A1344994251D1B5
:105A40003B6A04331846FDF723FD0346002B0AD1B9
:105A50003B6ADB6A012202FA03F3DA43254B1B6837
:105A60001340244A13603B6ADB6A01229A40214BAF
:105A70001B6813431F4A13603B6ADA6A1C491346CA
:105A80009B0013449B000B4404331B687B613B6AFF
:105A90007A699A607B699A683B6ADA607B699B687D
:105AA0003A6A04325A603B6A1A1D7B699A603B6A03
:105AB000DA6A13469B0013449B000D4A1A443B6A62
:105AC0005A613B6ADA6A0A4913469B0013449B00F9
:105AD0000B441B68591C064813469B0013449B004B
:105AE0000344196000BF2837BD4680BD54360120ED
:105AF000583601203437012080B400AF074B1B68B3
:105B0000002B04D0054B1B68DA6C0132DA64034BBE
:105B10001B681846BD465DF8047B7047543601206B
:105B200080B586B000AF78603960364B1B687B610A
:105B3000354B1B6804331846FDF7AAFC0346002BBF
:105B40000BD1314B1B68DB6A012202FA03F3DA4303
:105B50002E4B1B6813402D4A13607B68B3F1FF3F47
:105B600024D13B68002B21D0294B5B683B61264B3D
:105B70001B683A699A60244B1B683A699268DA603C
:105B8000214B1A683B699B6804325A601E4B1B68A4
:105B90001A1D3B699A601C4B1B681D4A5A611C4BBD
:105BA0001B6801331A4A136000BF26E07A697B68DC
:105BB0001344FB60144B1B68FA685A60FA687B69EF
:105BC0009A4209D2134B1A680F4B1B6804331946CB
:105BD0001046FDF724FC10E00F4B1A680A4B1B68B7
:105BE000043319461046FDF71AFC0C4B1B68FA6883
:105BF0009A4202D2094AFB68136000BF1837BD46BB
:105C000080BD00BF303701205436012034370120D9
:105C100018370120E8360120E43601204C370120F6
:105C200080B584B002AF00237B6000F047FA114BCF
:105C30001B68002B0BD0104B019302230093002311
:105C40004FF482720D490E48FEF7B4FD78607B6810
:105C5000002B0AD14FF0500383F31188BFF36F8FED
:105C6000BFF34F8F3B6000BFFEE77B6818460837E5
:105C7000BD4680BD883701208C37012078C50008DB
:105C8000295D000880B584B000AFF860B9607A6023
:105C900008E0FB689B69BA681344BB60FB681B6A39
:105CA000F8689847FB689A69BB68D118BB687A683E
:105CB000F86800F0DDF80346002BEAD100BF00BF12
:105CC0001037BD4680BD000080B584B000AF78605D
:105CD0003960144B1B68DB68DB68FB60FB680433CE
:105CE0001846FDF7D5FBFB6893F8283003F0040352
:105CF000002B05D03A687968F868FFF7C3FF08E021
:105D0000FB6893F8283023F00103DAB2FB6883F8CC
:105D10002820FB681B6AF868984700BF1037BD460B
:105D200080BD00BF8037012080B584B000AF7860AF
:105D300007F10803184600F057F8F860BB681946E9
:105D4000F86800F003F800F0D5F8F1E780B584B00A
:105D500000AF78603960FEF7B1FF07F1080318461D
:105D600000F066F8F860BB68002B30D13B68002B70
:105D70000AD17A68FB689A4206D8FEF7ADFFF96847
:105D80007868FFF7A1FF24E03B68002B08D0134B95
:105D90001B681B68002B01D1012300E000233B603E
:105DA0000F4B18687A68FB68D31A3A681946FEF7F1
:105DB000CDFCFEF791FF0346002B0AD1094B4FF0B3
:105DC00080521A60BFF34F8FBFF36F8F01E0FEF771
:105DD00083FF00BF1037BD4680BD00BF8437012060
:105DE0008837012004ED00E080B485B000AF786012
:105DF0000E4B1B681B68002B01D1012200E0002222
:105E00007B681A607B681B68002B05D1074B1B68F9
:105E1000DB681B68FB6001E00023FB60FB68184641
:105E20001437BD465DF8047B704700BF8037012002
:105E300080B584B000AF7860FFF74AF8F8600B4B8C
:105E40001B68FA689A4205D200F012F97B680122B9
:105E50001A6002E07B6800221A60044AFB68136043
:105E6000FB6818461037BD4680BD00BF9037012043
:105E700080B586B000AFF860B9607A603B600023FF
:105E80007B61FB68BA685A60FB68FA681A61BA6895
:105E90007B689A4212D87A683B68D21AFB689B6981
:105EA0009A4202D301237B611BE0104B1A68FB6806
:105EB000043319461046FDF7B2FA12E07A683B68DF
:105EC0009A4206D2BA683B689A4202D301237B61A8
:105ED00007E0074B1A68FB68043319461046FDF7C4
:105EE0009EFA7B6918461837BD4680BD843701206D
:105EF0008037012080B588B000AFA6E0BB68002BDA
:105F0000C0F2A2803B69FB61FB695B69002B04D096
:105F1000FB6904331846FDF7BBFA3B1D1846FFF733
:105F200087FFB861BB68013B082B00F28E8001A29D
:105F300052F823F0595F0008595F0008C15F00085C
:105F4000D55F00081F600008595F0008595F00080E
:105F5000C15F0008D55F0008FB6993F8283043F063
:105F60000103DAB2FB6983F82820FA68FB699B69B0
:105F7000D118FB68BA69F869FFF77AFF0346002B6E
:105F800063D0FB6993F8283003F00403002B09D099
:105F9000FA68FB699B691344BA691946F869FFF707
:105FA00071FE08E0FB6993F8283023F00103DAB2B0
:105FB000FB6983F82820FB691B6AF869984744E06D
:105FC000FB6993F8283023F00103DAB2FB6983F808
:105FD00028203AE0FB6993F8283043F00103DAB255
:105FE000FB6983F82820FA68FB699A61FB699B6961
:105FF000002B0AD14FF0500383F31188BFF36F8F4A
:10600000BFF34F8F7B6100BFFEE7FB699A69BB69F5
:10601000D118BB69BA69F869FFF72AFF15E0FB6977
:1060200093F8283003F00203002B03D1F869FDF741
:1060300027FD0AE0FB6993F8283023F00103DAB268
:10604000FB6983F8282000E000BF084B1B6807F1BC
:10605000080100221846FEF725F80346002B7FF4BE
:106060004DAF00BF00BF2037BD4680BD883701203F
:1060700080B582B000AF09E00E4B1B68DB681B687F
:106080003B604FF0FF313868FFF71EFE094B1B687D
:106090001B68002BF0D1074B1B687B60064B1B680D
:1060A000044A1360044A7B68136000BF0837BD468A
:1060B00080BD00BF803701208437012080B500AF4C
:1060C000FDF742FB124B1B68002B1DD11148FDF759
:1060D00055F91148FDF752F9104B0E4A1A60104B52
:1060E0000D4A1A6000220C210A20FDF76BFE0346C0
:1060F000074A1360064B1B68002B05D0044B1B6836
:1061000008491846FEF7D4FAFDF74EFB00BF80BDE4
:1061100088370120583701206C3701208037012053
:106120008437012080C5000880B586B000AF1D4BC4
:106130001B6B1C4A43F0010313631A4B1B6B194A78
:1061400043F004031363174B1B6B164A43F08003A1
:1061500013630023BB6001237B600223FB600323E6
:106160003B613B1D19461048FBF716FC08237B607A
:106170000123FB603B1D19460C48FBF70DFC042373
:106180007B603B1D19460948FBF706FC4FF40053A2
:106190007B603B1D19460648FBF7FEFB00BF183726
:1061A000BD4680BD0038024000000240001C024095
:1061B0000008024080B586B000AF114B1B6B104A3F
:1061C00043F0020313630123BB6001237B600123BF
:1061D000FB6003233B613B1D19460A48FBF7DCFBD0
:1061E00002237B603B1D19460648FBF7D5FB00F0F8
:1061F00017F800F021F800BF1837BD4680BD00BF7A
:10620000003802400004024080B500AF00220121A6
:106210000248FBF77DFD00BF80BD00BF00040240C7
:1062200080B500AF012201210248FBF771FD00BFDC
:1062300080BD00BF0004024080B500AF01220221F2
:106240000248FBF765FD00BF80BD00BF00040240AF
:1062500080B500AF01210248FBF773FD00BF80BD90
:106260000004024080B500AF02210248FBF769FD3F
:1062700000BF80BD0004024080B500AF074B1B6823
:106280001B6903F00103012B06D1FFF7E1FF034B6C
:106290001B686FF001021A6100BF80BD94370120B6
:1062A00080B582B000AF78600D4B0E4A1A600C4B7F
:1062B0000C225A610A4A7B685360094B00229A619A
:1062C000074B00221A61064B0022DA60044B0022C1
:1062D0009A600348FCF768FA00BF0837BD4680BDE6
:1062E000D03701200010014080B588B000AF786041
:1062F0007B681B68214A93423BD1214B1B6B204A90
:1063000043F0010313631E4B5B6C1D4A43F0100303
:10631000536402233B610323BB614FF40073FB60B2
:106320000723FB6107F10C0319461648FBF734FB02
:106330004FF48063FB6007F10C0319461148FBF72B
:106340002BFB114B1B68DA680F4B1B6842F02002D5
:10635000DA600D4B1B68DA680B4B1B6842F01002C9
:10636000DA602520FBF7FDFA022202212520FBF747
:10637000DCFA00BF2037BD4680BD00BF00100140E1
:106380000038024000000240D037012080B582B0C2
:1063900000AF2648FCF7AEFB244B1B681B6803F0DC
:1063A0002003202B23D1F91D4FF47A7301221F48BB
:1063B000FCF7E8FA1E4BB3F800311A46F9791C4B8A
:1063C00099541B4BB3F8003101339AB2184BA3F820
:1063D0000021174BB3F80031FF2B03D9144B0022D7
:1063E000A3F80021114B1B686FF020021A600F4BBD
:1063F0001B681B6803F01003102B13D10C4BB3F870
:1064000000311A460A4B00219954094B012283F8A6
:106410000221064B1B681B683B60044B1B685B68D2
:106420003B603B6800BF0837BD4680BDD0370120C8
:10643000103801200EB480B5B7B000AF786007F116
:10644000E803C7F8D03007F10803D7F8D020D7F811
:10645000E410184601F002FE07F108031846FAF7A7
:106460004FFB0346A7F8D630B7F8D62007F108014E
:106470004FF47A737868FCF7DCF900BFDC37BD466F
:10648000BDE8804003B07047014B1868704700BFFB
:106490000C00002070B50D4E0D4D761BB61006D0C9
:1064A000002455F8043B01349847A642F9D1094E1F
:1064B000094D761B06F00EF8B61006D0002455F8EC
:1064C000043B01349847A642F9D170BDA0C9000829
:1064D000A0C90008A8C90008A0C90008830730B5F2
:1064E00048D0541E002A3FD0CAB2034601E0013C06
:1064F0003AD303F8012B9D07F9D1032C2DD9CDB246
:1065000045EA05250F2C45EA054536D9A4F11002C8
:1065100022F00F0C03F1200EE6444FEA121C03F1A7
:10652000100242E9045542E9025510327245F8D191
:106530000CF1010214F00C0F03EB021204F00F0C2B
:1065400013D0ACF1040323F003030433134442F8E3
:10655000045B9342FBD10CF003042CB1CAB21C447F
:1065600003F8012B9C42FBD130BD64461346002C3E
:10657000F4D1F9E703461446BFE71A46A446E0E71C
:106580002DE9F04F2DED0A8BCFB00C4691460AEE67
:10659000101A09930AEE900A02F02EFF0368139373
:1065A0001846FAF7ADFAA38912901A0603D52369A3
:1065B000002B00F0A8874D469FEDA77B2B78002489
:1065C00025AACDE92344CDE91544CDE917448DED45
:1065D000107B1AEE909A0E94229290461494059491
:1065E000002B00F0F081AB4604E01BF8013F002BCC
:1065F00000F01B81252BF8D1BBEB050640F019817B
:106600009BF80030002B00F0DE8100234FF0FF32BA
:106610009BF801708DF86B3006930BF1010B04921F
:106620009A462B2420210BF1010BA7F120035A2BB2
:1066300000F24081DFE813F0D9023E013E01D402AE
:106640003E013E013E016A003E013E016902020335
:106650003E017402E8023E01E3025B005B005B0066
:106660005B005B005B005B005B005B003E013E018A
:106670003E013E013E013E013E01D6013E013A028D
:106680008500D601D601D6013E013E013E013E0104
:10669000CF023E013E01C6003E013E013E014402E2
:1066A0003E0179023E013E0157073E013E013E0197
:1066B0003E013E013E013E013E01D6013E013A024D
:1066C0008700D601D601D601C202870080003E01B4
:1066D000B5023E019D02C8008B0280003E014402CB
:1066E0007D0032073E013E0136073E017D00A7F1E5
:1066F000300300221BF8017B02EB820203EB420213
:10670000A7F13003092BF5D906928EE7484602F02F
:1067100073FE436817931846FAF7F2F91890064685
:10672000484602F069FE836815932021002E40F050
:10673000CA859BF8007076E79BF800704AF0200A43
:1067400071E74AF0100A1AF0200F099B00F09E81B1
:10675000073323F007031A465B6852F8084B099287
:106760001E46002BC0F27385049B013301F042806A
:106770002AF08003039354EA060300F0EF840A2C06
:1067800076F1000380F0988730340123DDF80CA007
:106790008DF8374107930DF23715049907989DF846
:1067A0006B3081424FF00002B8BF0146089203915E
:1067B0000C920F920D92002B00F08D80039A013203
:1067C000039288E04AF0100A1AF0200600F04F8188
:1067D000099B073323F007035E6853F8084B0993BE
:1067E0002AF480630393002300228DF86B20049A1F
:1067F0001146013100F02982039921F0800A54EA00
:10680000060140F02082002A41F03080002B40F049
:10681000AB84039B13F00103079300F049853023F9
:106820008DF837310DF23715B7E7BBEB050600F0F1
:10683000CA80249B33442493239B0133072BC8E94C
:10684000005623930CDC08F10808059B334405939C
:10685000D6E600BFAFF3008000000000000000009B
:106860001AEE101A22AA484603F0BEFC90B90DF1A8
:106870009408EAE71AEE101A22AA484603F0B4FC7C
:10688000002800F09180089B23B108991AEE900A25
:1068900002F0ACFC1AEE103A9B8913F0400F059BF6
:1068A00018BF4FF0FF33059305984FB0BDEC0A8B2E
:1068B000BDE8F08F002F00F0868000238DF8D470A3
:1068C0008DF86B300122CDE90723039204930C93DA
:1068D0000F930D9335AD1AF002020A9202D0039A7B
:1068E000023203921AF084020B9205D1069A0399A0
:1068F000561A002E00F30F83249C8BB1239B0DF1BD
:106900006B0201330134C8F80020072B4FF001025D
:1069100024942393C8F8042000F3358308F1080871
:106920000A9B83B1239B1BAA01330234C8F80020C1
:10693000072B4FF0020224942393C8F8042000F39D
:106940002F8308F108080B9B802B00F01182049B19
:10695000079A9E1A002E00F352821AF4807F40F0AC
:10696000AD81079BC8F804301C44239BC8F8005035
:106970000133072B2494239300F3C08208F1080805
:106980001AF0040F05D0069B039A9D1A002D00F300
:106990001483DDE9053203998A42ACBF9B185B186A
:1069A0000593002C7FF466AF00232393089B1BB153
:1069B0000899484602F01AFC0DF194085D462B78C0
:1069C000002B7FF410AE249B002B3FF463AF1AEE34
:1069D000104A1AEE101A1AEE900A22AA03F004FCCA
:1069E000A3895AE7099B073323F00703B3EC027B23
:1069F0008DED107BDDE91012099322F000430BEEC0
:106A0000101A0BEE903A4FF0FF32B0EE4B9AF0EEC8
:106A10006B9AA64B51EC190BFAF7BAF9002840F023
:106A20006B84A24B51EC190B4FF0FF32FAF792F93D
:106A3000002840F06184DDE9100100220023FAF70C
:106A40007FF9002840F0A8879DF86B30984D994A4F
:106A50002AF0800A0321472FC8BF1546002208925A
:106A60000391079104920C920F920D92A3E61AF0F3
:106A7000100340F03B841AF0400200F05E87099A50
:106A800052F8044B09921E46A4B2A9E653F8044BEF
:106A900009931AF0100F40F012841AF0400F00F022
:106AA0000A8444F3C036334624B25AE6099A0023D6
:106AB00052F8041B8DF86B308DF8D410099201E761
:106AC000099C049A54F8045B00268DF86B60002D35
:106AD00000F0DC861346013300F049853146284634
:106AE000FAF77EF80890002801F07D80089B049654
:106AF000591B079121EAE1719DF86B3009940391CC
:106B000008960C960F960D9655E6099B53F8042BA4
:106B10000692002A80F2C783069A0993524206928F
:106B20009BF800704AF0040A7DE54AF010030393D5
:106B3000039B13F0200600F07783099B073323F0B3
:106B400007035E6853F8084B099301234CE6099B41
:106B500053F8044B099330234AF0020278278DF84A
:106B60006C30554B149303928DF86D700026022300
:106B70003AE61AF0200F40F086841AF0100F40F029
:106B80007C861AF0400F40F04F871AF4007F00F027
:106B90007486099B059953F8042B099311705D467F
:106BA0000DE79BF800706C2F03BF9BF801704AF053
:106BB000200A0BF1010B4AF0100A34E59BF8007033
:106BC000682F03BF9BF801704AF4007A0BF1010BA8
:106BD0004AF0400A27E59BF800704AF0080A22E5CF
:106BE0009BF800704AF0010A1DE59DF86B30002B00
:106BF0007FF49FAD9BF800708DF86B1013E59BF848
:106C000000704AF0800A0EE55A4612F8017B2A2FDE
:106C100001F0F781A7F13003092B934698BF0022BA
:106C200000F2F7871BF8017B02EB820203EB4202C2
:106C3000A7F13003092BF5D90492F6E49BF8007014
:106C40008DF86B40EFE4CDF80CA0012B3FF497AD2D
:106C5000022B4EAD12D1149A04F00F032409D35C19
:106C600005F8013D44EA0674360954EA0603F3D1F7
:106C70004EAB5B1BDDF80CA007938EE504F0070319
:106C8000E40844EA4674F608303354EA06012A461A
:106C900005F8013DF2D103990846C00700F14F8283
:106CA0004EAB5B1B8A46079377E500BFFFFFEF7F84
:106CB0009CC50008A0C50008ACC50008652F40F3BE
:106CC000D780DDE9100100220023FAF72FF8002811
:106CD00000F0B481239BBC4AC8F800200133013482
:106CE0000122072B24942393C8F8042000F38685FF
:106CF00008F108081C9B0E9A934280F2CF82129BE7
:106D0000139A1C44C8E90023239B24940133072BC6
:106D1000239300F3EB8308F108080E9B5D1E002D02
:106D20007FF72EAE102D239B41F34981A74F0A9781
:106D3000224610261AEE104A05E008F10808103D18
:106D4000102D40F3698501331032072BC8E9007616
:106D5000CDE92332F1DD22AA2146484603F044FA68
:106D600000287FF490ADDDE923320DF19408E6E7C9
:106D7000069B039A9E1A002E7FF7E9AD102E239BE7
:106D800041F3508091490B9522461AEE105A0A9110
:106D90000C4604E0103E102E08F1080819DD0133FE
:106DA00010321021072BCDE92332C8F80040C8F873
:106DB0000410EFDD22AA294648460DF1940803F09D
:106DC00013FA00287FF45FAD103E102EDDE9233268
:106DD000E5DC0B9D144601330A9AC8F800203444C0
:106DE000072BCDE92334C8F8046000F33185049BF8
:106DF000079A9E1A002E08F108087FF7AEAD102EF4
:106E0000239B40F3C58571480A90424621461AEEFD
:106E1000108A044604E0103E102E02F1080216DD2E
:106E2000013310311020072BCDE92331146050605D
:106E3000F1DD22AA4146484603F0D6F900287FF446
:106E400022AD103E102EDDE9233125AAE8DC904664
:106E50000C4601330A9AC8F800203444072BCDE9C8
:106E60002334C8F8046000F3D18108F1080874E500
:106E70000E9B012B40F37E81239EC8F80050013603
:106E800001340123072E24942396C8F8043000F31C
:106E9000E98108F10808129B139A01361C44072E59
:106EA000C8E90023CDE9236400F3EA8108F108086A
:106EB000DDE9100100220023F9F738FF002840F037
:106EC00078810E9B0136013B01351C44072EC8F822
:106ED00000502396C8F80430249400F35C8108F134
:106EE0000808169BC8F8043001361C44072E1EAB58
:106EF000CDE92364C8F800307FF740AD1AEE101AD0
:106F000022AA484603F070F900287FF4BCAC249C08
:106F10000DF1940834E5102EDDE9233222DD1995B8
:106F200010241AEE105A04E0103E102E08F1080842
:106F300017DD013326491032072BC8E90014CDE9CB
:106F40002332F1DD22AA294648460DF1940803F0C8
:106F50004BF900287FF497AC103E102EDDE9233268
:106F6000E7DC199DC8F804600133B418072B184AF0
:106F7000C8F80020CDE9233400F3E3839DF86B309B
:106F800008F10808B9E41AEE101A22AA484603F0DC
:106F90002BF900287FF477AC249C0DF19408BFE412
:106FA0001AEE101A22AA484603F01EF900287FF4B0
:106FB0006AAC249C0DF19408C5E4102D239B26DDBA
:106FC0001AEE107A10260AE0DCC50008F0C50008A9
:106FD000E0C50008103D102D08F1080817DD013349
:106FE000C04A1034072BC8E90026CDE92334F1DD6F
:106FF00022AA394648460DF1940803F0F5F8002816
:107000007FF441AC103D102DDDE92334E7DC013382
:10701000B44AC8F804502C44072BCDE92334C8F8EF
:1070200000207FF7B6AC1AEE101A22AA484603F0E9
:10703000DBF800287FF427AC249CAAE41C9A002AE1
:1070400040F39883DDE90D329342A8BF1346002B2D
:107050001F460BDD1C44C8E90053239B24940133D5
:10706000072B239300F35C8508F108080D9B002F84
:10707000A8BFDB1B002B1E4600F353820D9B1AF4A6
:10708000806F2B44079340F083821C9B0E9A93429F
:1070900003DB1AF0010F00F0B784129A139914441D
:1070A000C8E90012239A24940132072A239200F39C
:1070B000758508F108080E9A0799AE18761AD51A40
:1070C000AE42A8BF2E46002E0DDD239BC8F800104F
:1070D00001333444072BC8F804602494239300F34D
:1070E0009C8508F10808002EA8BFAD1B002D7FF776
:1070F00047AC102D239B40F362877B4F0A972246B3
:1071000010261AEE104A05E008F10808103D102D6F
:1071100040F3828301331032072BC8E90076CDE9B2
:107120002332F1DD22AA2146484603F05DF800280B
:107130007FF4A9ABDDE923320DF19408E6E7302BAB
:107140003FF496AD3023023A05F8013C4EAB9B1A52
:10715000DDF80CA007931546FFF71FBB049B002B1F
:107160007FF412ABDDF80CA00023049307934EAD1F
:10717000FFF713BB1AF0010F7FF47EAE239EC8F811
:107180000050013601340123072E24942396C8F8B9
:1071900004307FF7A4AE1AEE101A22AA484603F074
:1071A00023F800287FF46FABDDE923640DF1940828
:1071B00097E60E9B5D1E002D7FF793AE102D40F3DA
:1071C0001587494ACDF810A023461AEE10AA0A9254
:1071D0001027144605E008F10808103D102D40F373
:1071E0009C8301361033072EC8E90047CDE923639D
:1071F000F1DD22AA5146484602F0F6FF00287FF44E
:1072000042ABDDE923630DF19408E6E71AEE101AAC
:1072100022AA484602F0E8FF00287FF434AB249C01
:107220000DF19408FFF799BB039B13F0100340F096
:107230002381039A12F0400200F09A83099A52F8CF
:10724000044B09921E46A4B20123FFF7CDBA2D23A9
:1072500064428DF86B3066EB4606CDF80CA0012336
:10726000FFF7C5BA1AEE101A22AA484602F0BCFF70
:1072700000287FF408ABDDE923640DF194080AE6E9
:107280001AEE101A22AA484602F0AEFF00287FF438
:10729000FAAADDE923640DF1940809E61AF0010F5A
:1072A0003FF46EAB2BE59BF800700993FFF7BBB979
:1072B0004EADFFF772BA1AF4007F40F0AF83E617C5
:1072C0003346FFF74EBA159B002B3FF432AA159BAD
:1072D0001B78002B3FF42DAA9BF800704AF4806ABB
:1072E000FFF7A1B9E0C50008F0C50008099B53F8F5
:1072F000044B0993FFF774BADDE9100102460B460F
:10730000F9F746FD002840F0C285612F00F0858521
:10731000412F00F09384049B013327F02003039353
:1073200000F0A883472B00F08185DDE910014AF4C5
:107330008072002907924FF00003C0F2238541ECD0
:10734000180B0A930893039B462B00F0F783452BF9
:1073500000F04D85B0EE480AF0EE680A20AB0193CC
:107360001DAB0093049A1CAB0221484600F038FF85
:10737000039B472B054640F069861AF0010F5646DD
:10738000DDF81CA040F00A85209B5B1B0E93039B3D
:10739000472B00F08A83039B462B00F00E841C9B36
:1073A0000D930D9B039A013B412A1C9300F0D68557
:1073B000FAB20021002BB8BF0D9B8DF87820BABF20
:1073C000C3F101032D222B22092B8DF8792040F3E4
:1073D000B6850DF18704DFF898C3224610468CFB72
:1073E0000321DA17C2EBA10202EB8201A3EB4101F8
:1073F000303100F8011C19466329134600F1FF32B1
:10740000ECDC3033D9B2831E9C4202F8011C40F2FE
:10741000048613460DF17A0201E013F8011B02F80D
:10742000011B9C42F9D10DF189030DF17A021B1A5F
:1074300013441EAA9B1A16930E9B169A012B1A44EC
:10744000079240F3B785079B129A13440793079A54
:10745000002326F4806622EAE27246F4807A0C93D6
:1074600003920F930D930A9B002B40F044830493E7
:107470009DF86B30FFF79FB9099B53F8044B0993B4
:107480000123FFF7B1B9099B059853F8041B099331
:10749000C217C1E900025D46FFF791BACDF80CA012
:1074A000FFF746BBAF4B14931AF0200600F0EF80B5
:1074B000099B073323F007035E6853F8084B0993D1
:1074C0001AF0010F09D054EA060306D030238DF8D4
:1074D0006D704AF0020A8DF86C302AF480630393D1
:1074E0000223FFF781B9A04B1493DDE71AEE101ABF
:1074F00022AA484602F078FE00287FF4C4A9249C02
:107500000DF1940809E41AEE900A402101F080FF81
:1075100020602061002800F0848540236361FFF72C
:107520004AB8102E239B40F3698590480A90424642
:1075300021461AEE108A1027044604E00832103E55
:10754000102E40F32E8201331031072BC2E9004781
:10755000CDE92331F2DD22AA4146484602F044FE3D
:1075600000287FF490A9DDE9233125AAE7E7284622
:1075700004960994F9F7C4FA20EAE0719DF86B309B
:107580000790039108960C960F960D96FFF713B986
:107590000E9BCDF828B0DDF83CB0079E159FCDF8C6
:1075A0001CA0EB1804934246DDF860A00C9B0B95E1
:1075B0001AEE108AA446BBF1000F30D093BB013FF6
:1075C0000BF1FF3B179BC2E9003A239B0133D444E4
:1075D000072BCDF890C0239362DC0832049B3878E7
:1075E0009B1B8342A8BF0346002B1C460CDD23983F
:1075F00001309C440728C2E90063CDF890C0239075
:1076000000F3198138780832002CACBF051B054601
:10761000002D0BDC06440C9BBBF1000FCED1002BE0
:1076200000F032820C9B013B0C93CBE7102D23988A
:107630001FDD1024634604E0103D102D02F1080206
:1076400016DD0130494910330728C2E90014CDE99D
:107650002303F1DD22AA4146484602F0C5FD002879
:107660007FF411A9103D102DDDE9230325AAE8DCE4
:107670009C4601303D4B5560AC440728CDE9230CB6
:10768000136000F33F82387808320644C3E71AF0EB
:10769000100300F0A480099B53F8044B09930FE7F3
:1076A00022AA4146484602F09FFD00287FF4EBA83D
:1076B000DDF890C025AA91E7039B079703F4806348
:1076C000002209EE109ACDF82080DDF854900DF5D7
:1076D0009C7A174698460CE00023204631460A2241
:1076E000F9F794FB0A2C76F100031CD304460E46EE
:1076F000AA4620460A2200233146F9F787FB30329A
:107700000AF1FF3501370AF8012CB8F1000FE3D078
:1077100099F800309F42DFD1FF2FDDD00A2C76F19F
:10772000000380F04F814EAB5B1BCDF854900E9759
:1077300019EE109ADDE90778DDF80CA00793FFF742
:107740002CB81AEE101A22AA484602F04DFD002865
:107750007FF499A89DF86B30249C0DF19408FFF7F5
:10776000CCB800BFACC50008C0C50008F0C5000813
:1077700067666666239BC149C8F80010013301346F
:107780000121072B24942393C8F8041000F32E81C1
:1077900008F10808002A40F089800E9A0AF00103D7
:1077A00013433FF4EDA8129B139A1C44C8E900232D
:1077B000239B24940133072B239300F33E8108F18C
:1077C00008080E9AC8F8005001331444072BCDE97D
:1077D0002334C8F804207FF7D1A8FFF78FBB1AF035
:1077E000400200F0B880099A52F8044B09921E46F4
:1077F000A4B265E6CDF80CA0FEF7C1BF1AEE101AD0
:1078000022AA484602F0F0FC00287FF43CA8249C01
:107810000DF19408FFF76EBA144601330A9AC8F8BE
:1078200000202C44072BC8F80450CDE923347FF7FF
:10783000A5A8FFF763BB22AA4146484602F0D4FC44
:1078400000287FF420A83878DDF890C025AADBE670
:107850001AEE101A22AA484602F0C6FC00287FF44D
:1078600012A8249C0DF19408FFF771B8012BCDF8F4
:107870000CA07FF4EDA9FEF787BF099B059953F88B
:10788000042B5D4611600993FFF799B8062A294633
:1078900028BF0622049508952B460392784D09943B
:1078A00007920C910F910D91FEF785BF129B1399D2
:1078B0001C44C8E90013239B24940133072B239312
:1078C00000F3BB8008F10808002ABFF67AAF5642E1
:1078D000103280F2AF836B480A902146424610274F
:1078E0001AEE108A044604E00832103E102E40F3CF
:1078F000AF8201331031072BC2E90047CDE92331B4
:10790000F2DD22AA4146484602F06EFC00287EF4D1
:10791000BAAFDDE9233125AAE7E7DDF810A01C4660
:1079200001360A9BC8F800302C44072ECDE92364A9
:10793000C8F804507FF7D3AA2DE4099B1AF4007607
:1079400014BF53F8044B53F8044B09931CBF16465D
:10795000E4B2FEF745BF099B1AF4007614BF53F852
:10796000044B53F8044B09931CBF1646E4B2A7E539
:10797000039B13F40076099B14BF53F8044B53F890
:10798000044B09931CBF1646E4B20123FEF72CBF3B
:107990003C4A0A92FFF75DBA2D238DF86B30FFF752
:1079A00055B890460C4601330A9AC8F80020344472
:1079B000072BCDE92334C8F804604DDC08F1080832
:1079C000FFF75CBB189B1799ED1A1A46284602F080
:1079D000D9FB99F801300BB109F101092046314674
:1079E0000A2200230027F9F711FA7FE61AEE101A8F
:1079F00022AA484602F0F8FB00287EF444AF1C9A05
:107A0000249C0DF19408C5E60E9A0799AE18761AD3
:107A1000D51AAE42A8BF2E46FFF765BB44F3C01689
:107A2000334664B2FEF79DBE099B059953F8042BBB
:107A3000099311805D46FEF7C2BF1AEE101A22AA02
:107A4000484602F0D1FB00287EF41DAFDDE9233467
:107A50001C9A0DF1940837E71AEE101A22AA48462C
:107A600002F0C2FB00287EF40EAF249C0DF19408B6
:107A7000FFF704BB0623049357E400BFDCC50008EE
:107A8000D4C50008F0C500080B9D0E9BDDF81CA0B6
:107A9000DDF828B01597EB189E429046324628BF75
:107AA0001A4664460792FFF7F0BA1C9B0D93DA1C46
:107AB00002DB049A934204DD023F27F02003039384
:107AC0006FE4DDE90D318B42C0F29980F70740F198
:107AD000DB81129A13440793740503D50D9B002B89
:107AE00000F3FF81079B23EAE373039367270023D7
:107AF0000C930F93B7E42D2300228DF86B30049282
:107B0000FEF75CBE22AA4146484602F06DFB002803
:107B10007EF4B9AE3878DDF890C025AA06447AE53F
:107B20001AEE101A22AA484602F05EFB00287EF4E4
:107B3000AAAE249C0DF19408FFF798BA20AB0193EC
:107B40001DAB0093049AB0EE480AF0EE680A1CAB35
:107B50000321484600F044FB0378302B054600F033
:107B600003821C9B049A56461344DDF81CA0EC18B3
:107B700051EC180B00220023F9F7D8F808B123467E
:107B800003E4209BA342BFF400AC30215A1C209296
:107B90001970209B9C42F9D8FFF7F7BB1AEE101A18
:107BA00022AA484602F020FB00287EF46CAE1C9B03
:107BB000249C0DF19408FFF77EBA1C9A0D92002ABE
:107BC00040F30082049906F001030B4340F0B181B9
:107BD0000D9B07936627730500F18481079B23EAB9
:107BE000E373039383E7049B0393079309949DF83E
:107BF0006B3004900C900F900D90FEF7DCBD0E9B47
:107C0000129A9A180D9B0792002B40F3BB816727AD
:107C1000E1E700230493FEF708BD1AEE101A22AA2A
:107C2000484602F0E1FA00287EF42DAE1C9D0E9B22
:107C3000249C5D1B0DF19408FFF755BA30238DF895
:107C40006C3058238DF86D30049B632B4AF002048E
:107C500000F3A7800023089335ADDDE910124AF444
:107C600081730793002A27F02003A2460393C0F2F2
:107C70008A80002342EC181B0A93612F00F01581C3
:107C8000412F7FF460ABB0EE480AF0EE680A1CA802
:107C900002F030FA00224FF07F5351EC100BF8F74E
:107CA0006BFC02460B4643EC192B00220023F9F72C
:107CB0003DF808B101231C93B74B0B93049B199516
:107CC000CDE90CB7CDE90EA80CEE109ADDF82CB07A
:107CD00059EC198B5E1E2C4605E000220023013E64
:107CE000F9F724F8E0B9AD4B002240464946F8F7D1
:107CF00043FC89468046F9F761F80546F8F7D2FB60
:107D00000B46024649464046F8F77EFA1BF8053016
:107D1000A24604F8013B731C374680468946DCD1F5
:107D200049EC198B9E4BDDF830B0DDF83C80CDF886
:107D300030A051EC190B00223E46DDF838A00D9F13
:107D40000D951CEE109A199DF9F718F898BB51EC97
:107D5000190B934B0022F8F7E9FF10B10D9BD907DF
:107D600029D4002E334606DB01332344302204F8A5
:107D7000012BA342FBD1631B56460E93DDF81CA0DA
:107D8000FFF705BB0893DDE9103408EE103A04F163
:107D9000004308EE903A2D230A936EE7049BEC18FB
:107DA000E6E6591C484601F033FB0546002800F082
:107DB0004481089051E70C9B20930B9B14F8012CF5
:107DC000D97B8A42234609D1302003F8010C209B3D
:107DD0005A1E209213F8012C9142F6D0392A0BBF7B
:107DE0000B9A0132927AD2B203F8012CC3E7049BBA
:107DF000B0EE480AF0EE680A5C1C20AB01931DABA4
:107E0000009322461CAB0221484600F0E9F90546E2
:107E100056462C44DDF81CA0AAE630238DF86C30C1
:107E200078230FE75F4A0A92FEF7D5BF049B002B29
:107E300008BF01230493119B4AF48072002B079220
:107E4000C0F2DA809DED108B08900A90FFF782BA9D
:107E50000C46904601330A9AC8F800203444072B98
:107E6000CDE92334C8F804607FF7A9AC1AEE101AE4
:107E700022AA484602F0B8F900287EF404ADDDE9F4
:107E800023340DF194089CE40D9B079324E6119B89
:107E9000454D464A002BB6BF2D239DF86B308DF81B
:107EA0006B302AF0800AFEF7D5BD1CA8B0EE480A58
:107EB000F0EE680A02F01EF900224FF07F5351ECF9
:107EC000100BF8F759FB02460B4643EC192B002226
:107ED0000023F8F72BFF08B101231C93344B0B93BD
:107EE000ECE6672715990B78FF2B00F0B180002492
:107EF0000D9A204603E001300131FF2B08D0934258
:107F000006DAD21A4B78002BF5D10B780134F4E75E
:107F100015910D920F900C940C9A0F9B1899134485
:107F2000079A01FB0323079323EAE3730393FFF705
:107F30009ABA129BD3181944079166274BE6002979
:107F400057D130228DF87A200DF17B02303302F8C0
:107F5000013B1EABD31A1693FFF76EBA07F10F025F
:107F6000D2B20121FFF726BA51EC180B00220023F0
:107F7000F8F7DCFE00287FF4F4AD049BC3F10103A5
:107F80001C93EFE5C3F101031A4422EAE27307925E
:107F900003936727ABE500BFC0C500080000304071
:107FA0000000E03FF0C50008A4C50008A8C500080F
:107FB000ACC50008F3077FF54AAAFFF744BA264A82
:107FC0000A922AE4049A06F001061346334304D1C8
:107FD000012303936627079389E5129B01331A4413
:107FE00022EAE27307920393662780E51A4B0A930D
:107FF00096E40DF17A02A9E70890C4E6164A0A92BF
:10800000D1E4099B9BF80170934653F8042B099324
:1080100042EAE2720492FEF706BB02231693FFF7D0
:108020000BBA1AEE902A0C2313604FF0FF3305931E
:10803000FEF73ABC084A0A920CE71AEE101A8B892E
:1080400043F0400213468A81FEF727BC049CDFE61A
:1080500000230C930F935FE7F0C5000870B50B4E3B
:108060009AB004466FF00045CDE9044513460094EC
:108070000A463068064C029569460394FEF780FA7A
:10808000009B00221A701AB070BD00BF0C000020C7
:108090000802FFFF024B13B1024800F005B8704719
:1080A0000000000021910008002301461A461846EE
:1080B00002F016B92DE9F04F03690C69A34283B0B1
:1080C000C0F28780013C01F11405A30000F11408FF
:1080D000009355F8243058F82420013381469A4201
:1080E00008EB840005EB84070190B2FBF3F63BD369
:1080F0000023AE4640469B465EF804AB02681FFA7A
:108100008AFC06FB0C334FEA134C4FEA1A4A06FB73
:108110000ACA1FFA83FCABEB0C0C1FFA8AF31CFA99
:1081200082FCC3EB124202EB2C421FFA8CFC4CEA9D
:108130000243774540F8043B4FEA224B4FEA1A438B
:10814000DAD2009B58F8033073B9019B043B984581
:1081500004D307E0984504F1FF3403D253F804290F
:10816000002AF7D0C9F81040484601F093FE0028D5
:108170002BDB01364046002355F8041BD0F800C025
:108180008AB29A1A0B0C12FA8CF2C3EB1C4303EB63
:10819000224392B242EA0342AF4240F8042B4FEA34
:1081A0002343E9D258F8242008EB84036AB9043B3E
:1081B000984504D307E0984504F1FF3403D253F8FF
:1081C0000429002AF7D0C9F81040304603B0BDE8B2
:1081D000F08F002003B0BDE8F08F00BF000000006A
:1081E0002DE9F04F2DED068B95B08DED020B019131
:1081F000016C249D099259EC108B0446069341B101
:10820000426C4A60012393408B6001F0E3FB002342
:108210002364B9F1000AB4BF012300232B607C4B17
:10822000BCBF2AF0004ACDF80CA033EA0A0300F0E4
:10823000B2809DED027B002251EC170BB0EE479A05
:10824000F0EE679A0023F8F771FD074680B1069AB1
:1082500001231360259B002B00F0DC826D48186021
:10826000431E0093009815B0BDEC068BBDE8F08F5F
:1082700012AA13A92046B0EE490AF0EE690A01F0ED
:10828000D1FEB0EE498AF0EE698A5FEA1A560546D9
:1082900040F09980DDE912763E4406F23240202813
:1082A00040F3AD83C0F140000AFA00FA06F2124032
:1082B00028FA00F04AEA0000F8F7E4F80123013E4A
:1082C0000D93A1F1F871544B0022F7F79DFF4AA3DB
:1082D000D3E90023F8F750F949A3D3E90023F7F7CE
:1082E00095FF804630468946F8F7DCF846A3D3E987
:1082F0000023F8F741F902460B4640464946F7F796
:1083000085FF80468946F8F759FD00228346002301
:1083100040464946F8F714FD002840F06E82BBF154
:10832000160F00F25D823D4B03EBCB03D3E9002334
:1083300051EC190BF8F704FD002875D00023BE1B83
:108340000C93731E0BF1FF3B049300F1508200234A
:108350000893BBF1000F6EDA089BCDF814B0A3EBC5
:108360000B030893CBF100030B93019B092B4FF0F8
:10837000000B69D8052B40F34083043B0193002692
:10838000019B023B032B00F29B86DFE813F05004B5
:108390004D0445042804069A42F20F73CAF3130AE7
:1083A00013605AEA08031DD1259B002B00F07F863D
:1083B0001B4B00930833259A0098136015B0BDEC51
:1083C000068BBDE8F08F18EE903AC3F3130351EC1F
:1083D000190B43F07F510D97A6F2FF36129F41F41F
:1083E000401170E7259B002B40F0DD830D4B00937F
:1083F00038E700BFAFF3008061436F63A787D23FC8
:10840000B3C8608B288AC63FFB799F501344D33F83
:108410000000F07FDDC500080000F83F50C70008ED
:1084200004C6000800C60008BE1B731E049300F1BA
:108430009C840C900890049B5B44CDE9043B002392
:108440000B93019B092B95D9002301264FF0FF3296
:1084500001930A9607920993079B0F930021616489
:10846000204601F091FA0090002800F03186009B30
:108470002364079B0E2B00F2F980002E00F0F6809B
:108480000599002940F37384BD4B01F00F0203EB03
:10849000C2034FEA2118C905D3E9006740F10584FA
:1084A000B84B51EC190BD3E90823F8F78FF941ECDD
:1084B000180B08F00F084FF0030AB8F1000F13D0A3
:1084C000DFF8C09218F0010F09D030463946D9E9DB
:1084D0000023F8F751F80AF1010A06460F465FEA51
:1084E000680809F10809EDD151EC180B32463B46FA
:1084F000F8F76CF941EC1A0B0C9B5BB157EC1A6B5B
:10850000A14B1AEE100A00223946F8F719FC002890
:1085100040F054855046F7F7C5FF53EC1A2BF8F797
:108520002BF89A4B0022F7F771FE079B8046A1F1CA
:108530005079002B00F0F583059B1093079B0E9359
:108540000A9B002B00F0C2840E9A8D4B9049DDF8F7
:1085500000A003EBC20353E902230020F8F736F929
:1085600042464B46F7F750FE59EC1A8B41EC180B7C
:1085700049461AEE100AF8F721FC0746F7F792FF72
:1085800002460B461AEE100A4946F7F73DFE303711
:108590000AF8017B53EC182B06460F46F8F7D0FB80
:1085A000002840F057854FF000080AEE105ACDF829
:1085B00044B055465BEC18AB08EE104A44462AE03E
:1085C0000E9B01349C424BDA724B504659460022B6
:1085D000F7F7D2FF6F4B002282468B463046394672
:1085E000F7F7CAFF89468046F8F7E8FB0746F7F732
:1085F00059FF02460B4640464946F7F705FE30371D
:1086000005F8017B52465B4606460F46F8F798FB95
:10861000002840F01A8532463B465B490020F7F7B8
:10862000F3FD52465B46F8F78BFB0028C8D0109B41
:10863000009A0593AA4618EE104A1AEE105A02E064
:10864000924500F0EC84D1461AF8013D392BF7D061
:108650000133DBB28AF80030059B01330593ACE1AE
:10866000DDF844B01AEE105A18EE104A139B002B96
:10867000C0F29480059A0E2A00F39080404B03EBE1
:10868000C203D3E90089099B002B1BDA079B002B4F
:1086900018DC40F05F83404B002240464946F7F724
:1086A0006BFF02460B4651EC190BF8F753FBDDF854
:1086B0001CA05646002800F0D282099BDDF80080FD
:1086C000DF43D4E242464B4651EC190BF8F77EF8F3
:1086D000F8F774FB06468346F7F7E4FE42464B463E
:1086E000F7F74AFF0B46024651EC190BF7F78CFDE2
:1086F000DDF800A0334630330AF8013B079B012B1D
:1087000000F090834FF0010B08EE105A08EE904AEB
:108710001D465446DA461DE042464B463046394631
:10872000F8F754F8F8F74AFB8346F7F7BBFE4246E2
:108730004B46F7F721FF0AF1010A0B46024639467C
:108740003046F7F761FD0BF13003AA4504F8013B11
:1087500000F063830F4B0022F7F70EFF0022002387
:1087600006460F46F8F7E2FA0028D5D0A24618EEE2
:10877000105A18EE904A059B01330593D1461CE12F
:1087800050C7000828C700080000F03F00001C4048
:108790000000E03F00002440000014400A9A002A34
:1087A00040D0019A012A40F39E82079B03F1FF38D3
:1087B0000B9B4345C0F27082A3EB0808079B002B7C
:1087C000C0F26883049A1146089A194417461A445D
:1087D000049108920121204601F0AAF9064625E0FD
:1087E0000123BE1B0C93731E04937FF5B0ADC6F13D
:1087F0000103089300230493ABE55846F7F752FEB4
:1088000042464B46F8F792FA00287FF488AD0BF108
:10881000FF3B84E5874B0093009815B0BDEC068BB9
:10882000BDE8F08FDDF82C80089F0A9E002F0CDD3C
:10883000049A002A09DD0899BA421346A8BF3B46AC
:10884000C91AFF1AD31A089104930B9BDBB10A9B38
:10885000002B00F08382B8F1000F0FDD3146424655
:10886000204601F03FFA2A4601460646204601F01E
:108870008DF929460546204601F0ACF80B9BB3EB79
:10888000080240F001830121204601F051F9BBF1BB
:10889000000F824600F3B880019B012B40F38781D3
:1088A0004FF000080120BBF1000F40F0B980049A9E
:1088B000104410F01F0000F09780C0F12003042B3B
:1088C00040F3F983089BC0F11C0003440244089361
:1088D00007440492089B002B05DD29461A462046D2
:1088E00001F060FA0546049B002B05DD51461A464F
:1088F000204601F057FA82460C9B002B40F038814D
:10890000079B002B40F31F810A9B002B40F0A280A5
:10891000059B01330593DDF80080DDF81C900127ED
:1089200007E0294600230A22204601F05DF80137BE
:10893000054651462846FFF7BDFB4F4500F1300084
:1089400008F8010BEDDB079A002AC8BF9346009A8E
:10895000D8BF4FF0010B034693440027294601225C
:108960002046019301F01EFA5146054601F092FAA5
:10897000002840F3A6811BF8013C009A0BF1FF3B55
:1089800004E05A4500F0A8811BF8013D392B0BF19A
:108990000109F6D001338BF800305146204601F032
:1089A00019F856B12FB1B74203D03946204601F02D
:1089B00011F83146204601F00DF82946204601F015
:1089C00009F8002389F80030069B1A46059B1360BE
:1089D000259B002B3FF446AC0098C3F8009015B0DF
:1089E000BDEC068BBDE8F08F1C20089B0344089368
:1089F000049B0344074404936CE70126C0E4C0F1E0
:108A0000200008FA00F057E401465A46204601F0DB
:108A100069F9019B012B824640F3D5814FF0000894
:108A2000DAF810300AEB8303186901F031F8C0F16D
:108A300020003CE7DCC50008314600230A2220461E
:108A400000F0D2FF0F9B002B064640F32383CDF8A6
:108A500014900793002F00F31881B8F1000F40F035
:108A6000FC81B046029B009F079903F001027B1E28
:108A70001944019B0A9213430891099351462846D1
:108A8000FFF718FB31468346284601F003FA4246B9
:108A900051468146204601F01FFAC26801460BF19B
:108AA0003003002A42D104902846079301F0F2F9DE
:108AB00004990290204600F08DFF029A079B1AB994
:108AC0000999002900F0D682B9F1000FC0F2878120
:108AD000019949EA01090A9951EA090100F07F81E7
:108AE000002A00F3E781089A3B7007F101099742D9
:108AF000CB4600F0E581294600230A22204600F0FB
:108B000073FF4645054631464FF000034FF00A0219
:108B1000204612D000F068FF4146064600230A2294
:108B2000204600F061FF4F468046A7E720460293AB
:108B300000F050FF029B0122C6E700F055FF4F46B0
:108B4000064680469AE7019B022B77DC0A9B002BA6
:108B500080D1059B5146013328460593FFF7AAFAB9
:108B6000DDF800B000F130030BF8013B0027F5E61B
:108B70005146284601F08EF90028BFF6C1AE2946BD
:108B800000230A22204600F02FFF059B03F1FF3946
:108B90000A9B0546002B7FF44FAF0F9B002B40F341
:108BA00070820793B7E6BD4B0093033303E4DDE91E
:108BB000021200297FF474AEC2F31303002B7FF47A
:108BC0006FAEB74B1340002B00F03D82089B013382
:108BD0000893049B013304934FF0010862E60123DC
:108BE0000A93099B059A13440F930133012B1F46E7
:108BF0000793B8BF01270021172F61647FF730ACBE
:108C0000012204235B0003F11400B842114602F173
:108C10000102F7D9616423E401230A93099F002F1D
:108C20004ADD0F970797E6E700230A93D9E7002369
:108C30000A93F3E70F9BCDF814900793079B002B43
:108C40007FF43BAD51460522204600F0CDFE0146A3
:108C50008246284601F01EF900287FF72EAD0098C5
:108C6000059F3123804600F8013B013700905146B3
:108C7000204600F0AFFE7B1CDDF800900593CDF898
:108C80000080002E7FF495AE97E631463A462046A6
:108C900001F088F80646E0E60B9BCDF82C80A8EBA7
:108CA00003039B444FF0000888E54FF0020AB0EE42
:108CB000498AF0EE698A00E4012309930793FFF7DC
:108CC000CBBB03D1019BDB073FF555AED9461BF863
:108CD000013D302BFAD060E6059B009A01330593E5
:108CE0003123137059E60D9A002A00F0638103F2D4
:108CF0003343049ADDF82C801A440492089A1746EC
:108D00001A44089266E55046F7F7CCFB53EC1A2B51
:108D1000F7F732FC634B0022F7F778FA8046A1F1AF
:108D20005079614B002251EC1A0BF7F76DFA42466D
:108D30004B4606460F46F8F721F8002840F07F81A1
:108D400030463946424609F10043F7F7F9FF00285B
:108D50003FF48CAC4FF0000A5646AEE429460B9A1D
:108D6000204600F0BFFF05468DE50C903FE500F082
:108D70004E81059A4D4B564206F00F0203EBC2039B
:108D8000D3E9002351EC190BF7F7F6FB361141EC50
:108D90001A0B00F08881464F00234FF0020AF207B9
:108DA00006D5D7E90023F7F7E7FB0AF1010A01230B
:108DB000761007F10807F2D1002B3FF49DAB41EC90
:108DC0001A0BFFF799BB029B002B7FF427AEDDE95E
:108DD0000212C2F31303002B3FF4F3AE1EE6002A87
:108DE00012DD294601222046019300F0DBFF5146A7
:108DF000054601F04FF80028019B40F33581392BDF
:108E000000F013810BF13103B94609F8013B059BD2
:108E10000133374605934646BFE5A24618EE105A81
:108E200018EE904A02460B46F7F7F0F942464B46D9
:108E300006460F46F7F7A2FF60B942464B4630465A
:108E40003946F7F773FF00283FF495AC5FEACB7122
:108E50007FF591AC009AFFF7F6BB7168204600F0F1
:108E600093FD0746002800F03A81336902339A00E7
:108E700006F10C010C30F7F791FD3946012220462E
:108E800000F090FF8046EDE52946204600F02AFFDD
:108E90000546F8E4DDE907239F1A9BE400C60008B5
:108EA0000000F07F00001C400000144050C7000884
:108EB00028C70008392B00F0B880B9460133A4E771
:108EC000059A013237460592464647E50E988D4988
:108ED00001EBC00142464B4651E90201F7F74CFB5A
:108EE0005AEC1A9B41EC180B51461AEE100AF7F790
:108EF00065FF0746F7F7D6FA02460B461AEE100A48
:108F00005146F7F781F906460E98DDF800803037B4
:108F1000012808F8017B0F4600F0BA800E9B009AEA
:108F2000CDF838B013449B46C246774B00223046FA
:108F30003946F7F721FB89468046F7F73FFF07469A
:108F4000F7F7B0FA303702460B4640464946F7F786
:108F50005BF90AF8017BDA4506460F46E5D1DA46A9
:108F6000DDF838B0694B59EC188B002218EE100A66
:108F70004946F7F74BF932463B46F7F7E1FE002842
:108F80006DD118EE102A4B4660490020F7F73CF9E6
:108F900032463B46F7F7F2FE00283FF467ABD14676
:108FA0000AF1FF3A19F8013C302BF8D0109B01333D
:108FB000059302E5129BC3F136039AE6079B002B4B
:108FC0003FF4A1AE0F9B002B7FF750AB059A0E9399
:108FD000013A4D4B10921AEE100A39460022F7F76B
:108FE000CBFA024616460F460AF10100F7F75AFA85
:108FF00032463B46F7F7C0FA454B0022F7F706F931
:1090000047EC1A6B8046A1F15079FFF799BA4FF0FF
:10901000020AB0EE49AAF0EE69AAFFF76DBA059B05
:10902000013305933123FFF715BB059BBB46013385
:109030000593392337460BF8013B46469DE44FF034
:10904000000A56460BE698462CE4AA4618EE104A4B
:109050001AEE105A109B01330593D146ADE4109BD4
:10906000009A0593FFF7EFBA7FF4CEAEDA077FF5EB
:10907000CBAEC4E6392BD8D0B9F1000F3FF7C2AE62
:10908000C2E6019B022B3FF7D5ADCDF8149060E509
:10909000C24667E7019B022B3FF7CCAD0F9BCDF893
:1090A00014900793D6E44FF0020AFFF725BA194B44
:1090B0000093FFF7D7B83FF40DACC0F13C0094E447
:1090C000002666643146204600F05EFC009068B9D8
:1090D000114B124800224FF4D57101F047F90E4BA5
:1090E0000E483A4640F2EA2101F040F9009B236421
:1090F00001224FF0FF3309960F930A920793FFF76F
:10910000B5BA00BF50C70008000024400000E03F8F
:1091100000001C4004C6000810C6000824C6000851
:1091200038B5084B084D5B1B9C1007D0043B1D4411
:10913000013C55F804399847002CF9D1BDE8384076
:1091400003F0CEB9ACC90008A8C90008F8B5244F8F
:109150000C46064600F00CFCBA685568C4F57E6300
:109160000F3325F003052B4423F47F6323F00F0313
:10917000A3F58054B4F5805F07DB0021304600F092
:10918000EFFFBB682B44984204D0304600F0F6FB5A
:109190000020F8BD6142304600F0E2FF01300DD002
:1091A000104ABB682D1B45F001055D601368304611
:1091B0001B1B136000F0E2FB0120F8BD00213046CC
:1091C00000F0CEFFBA68831A0F2BDEDD43F00103F7
:1091D0005360054B03491B68C01A0860D5E700BF00
:1091E0003C0400202439012044080020002961D0DB
:1091F000F8B50C46064600F0BBFB54F8042C7B4F38
:10920000A4F1080522F0010105EB010CB868DCF8B7
:109210000430604523F0030300F08B80D207CCF8C4
:10922000043032D454F8082CAD1A1144AA6807F15E
:10923000080082426AD00CEB0304D4F804E0EC6826
:10924000D4601EF0010FA26000F0978041F001038E
:109250006B60CCF80010B1F5007F35D27A68CB088E
:1092600048090121013381401143796007EBC302B2
:1092700057F83310083AC5E9021247F83350CD6069
:109280003046BDE8F84000F079BB0CEB03025268B1
:10929000D00710D4194407F10800DCF808308342E5
:1092A00073D0DCF80C20DA60936041F001036B604E
:1092B0006950D0E7704741F00103B1F5007F44F8F1
:1092C000043CCCF80010C9D3B1F5206F4FEA51230C
:1092D00048D28B0903F1390003F13802C300F818B2
:1092E000FB580838984259D05A6822F003028A4243
:1092F00002D99B689842F7D1D868C5E902308560E9
:10930000DD603046BDE8F84000F038BB0CEB0302EE
:109310005268D20763D40B44DCE90212CA60916040
:1093200043F001026A603046EB50BDE8F84000F0BF
:1093300025BB0B44D10707D454F8082CAD1A1344AD
:10934000D5E90212CA60916043F001026A60284ABE
:10935000BD6012689A4293D8264B30461968FFF7D1
:10936000F5FE8DE7142B0AD9542B1FD80B0B03F1F4
:109370006F0003F16E02C300B1E719448DE703F1FA
:109380005C0003F15B02C300A9E741F00103C7E9F8
:109390000455C5E902006B60695071E77968921065
:1093A000012404FA02F20A437A60A6E7B3F5AA7F21
:1093B00006D8CB0B03F1780003F17702C3008EE7E8
:1093C00040F25452934206D88B0C03F17D0003F116
:1093D0007C02C30083E74FF47E737E227FE741F077
:1093E00001036B60CCF800104AE700BF3C0400208A
:1093F0004808002054390120004870473C090020EB
:10940000704700BF704700BF704700BF704700BF84
:109410002DE9F04F01F10B06162E83B0044624D837
:10942000102900F2BA8000F0A3FA102618220220B8
:10943000B54F3A44A2F1080153688B4200F0BA805C
:109440005A68D96822F003021A449D68E9608D6069
:10945000516841F001012046516003F1080500F018
:109460008DFA284603B0BDE8F08F36F0070600F10C
:109470009480B14200F2918000F07AFAB6F5FC7F58
:10948000C0F09A81730A00F08F80042B00F26F8184
:10949000B30903F1390003F1380CC3009A4F3B4480
:1094A000A3F108055B689D4206D10CE0002980F21B
:1094B0002781DB689D4206D05A6822F00302911B87
:1094C0000F29F3DD60463D69DFF850C265457CD069
:1094D0006A6822F00302931B0F2B00F37B81002BA1
:1094E000C7E904CC80F26C81B2F5007F80F01A816C
:1094F000D308796801334FEA521E012202FA0EF2B4
:109500000A4357F833E0C5F808E007EBC301083910
:10951000E9607A6047F83350CEF80C50831001218F
:109520009940914257D8114206D120F003004900DA
:10953000114200F10400FAD007EBC0094D468646FF
:10954000D5F80C80454508D11DE1002B80F224811F
:10955000D8F80C80454500F01681D8F8042022F098
:109560000302931B0F2BF0DD2046D8E9025408EBD1
:10957000060146F00106C8F80460EC60A56043F0FF
:109580000104C7E90411C1E902CC4C6048F802307B
:1095900000F0F4F908F1080502E00C23236000252F
:1095A000284603B0BDE8F08F4FF4007340204FF021
:1095B0003F0C73E7D3689A4208BF02307FF440AF94
:1095C0003D69DFF858C1654582D17A688310012171
:1095D00099409142A7D9BD686B6823F003094E45B5
:1095E00003D8A9EB06030F2B7ADCDFF834B1474B25
:1095F000DBF800201B680132334405EB090A00F058
:10960000338103F580530F3323F47F6828F00F086C
:109610004146204600F0A4FD411C024600F0F380C4
:10962000824500F2EE803A4B1968414419600846C1
:1096300000F04E81DBF80010019301311BBFA2EB5B
:109640000A0A5044CBF80020186012F0070B00F013
:109650001781CBF108010A44CBF5805190440831C1
:10966000A1EB0801C1F30B0A51462046009200F01D
:1096700077FD421CDDE9002300F04F81801A00EBEA
:109680000A081968BA6048F001005144BD425060B0
:10969000196000F02981B9F10F0F40F22781686845
:1096A000A9F10C0C2CF0070C00F0010040EA0C00B2
:1096B00068604FF0050E05EB0C00BCF10F0FC0E920
:1096C00001EE00F2328150681546124B1A688A4248
:1096D00038BF1960104B1A688A4238BF196094E08D
:1096E000AA1943F0010346F001066E602046BA60F5
:1096F000536000F043F90835284603B0BDE8F08F09
:10970000D9681A44A1E600BF3C0400205439012066
:10971000243901204C390120503901204404002013
:1097200044080020B2F5206F4FEA522363D3142B74
:1097300000F2B78003F15C01C9005B3307EB010E57
:109740007958AEF1080E8E4500F091804B6823F0F9
:109750000303934202D989688E45F7D1D1F80CE012
:109760007A68C5E9021ECEF80850CD60D6E6142B03
:1097700059D9542B00F29D80330B03F16F0003F194
:109780006E0CC3008AE60EF1010E1EF0030F05F108
:1097900008057FF4D5AE51E0424445465368D8F8F9
:1097A0000C1043F00103536055F8083F2046D96080
:1097B0008B6000F0E3F8F3E6F00806F1080237E604
:1097C0002A442046536843F001035360083500F0F3
:1097D000D5F8E5E6A919204646F0010643F0010454
:1097E0006E60C7E90411C1E902CC4C60AB5000F0D7
:1097F000C5F80835D4E6930903F13901C9003833B7
:109800009CE7BD425FD0BD68686820F0030846450C
:10981000A8EB060302D80F2B3FF762AF204600F0FB
:10982000ADF80025BCE603F15C0003F15B0CC3005E
:1098300034E659F808394B4540F0968010F0030F94
:1098400000F1FF30F5D17B6823EA01037B6049001A
:1098500099423FF6C0AE19B9BDE649000EF1040EBB
:109860001942FAD0704667E603F11008D0E69A1064
:109870004FF001087B6808FA02F21A437A6070E739
:1098800002EB08014942C1F30B0A514620460092FF
:1098900000F066FC431CDDE900237FF4EFAEDA46FE
:1098A000EFE6542B25D8130B03F16F01C9006E337B
:1098B00044E7B3F5AA7F25D8F30B03F1780003F151
:1098C000770CC300EAE5294B186840441860B1E6FC
:1098D000CAF30B0CBCF1000F7FF4ACAEBD68C844FA
:1098E00048F001006860F0E61546EEE6012353609B
:1098F00094E7B3F5AA7F23D8D30B03F17801C9000D
:1099000077331BE740F25452934223D8B30C03F150
:109910007D0003F17C0CC300C0E5ABF1080BD8441B
:10992000A8EB02084FF0000AABE605F1080120465B
:109930000093FFF75BFCBD68009B68681968C4E68C
:1099400040F254518B420BD8930C03F17D01C900B6
:109950007C33F3E64FF47E737F204FF07E0C9DE561
:109960004FF47E717E23E9E67B6870E7243901209D
:109970000148FFF749BD00BF183901200148FFF732
:1099800045BD00BF18390120C36C70B505460C46B3
:109990004BB153F8240080B1026843F8242000231F
:1099A000C0E9033370BD2122042100F0FFFC03460F
:1099B000E8640028EDD1002070BD012101FA04F611
:1099C000721D9200284600F0F1FC0028F3D0C0E997
:1099D0000146E4E731B1C36C4A6853F822000860DD
:1099E00043F82210704700BFF0B50C69064683B0FB
:1099F0000D4601F1140E0020DEF800101FFA81FC64
:109A000002FB0C334FEA134C090C02FB01CC013072
:109A10009BB203EB0C4384424EF8043B4FEA1C43D9
:109A2000EADC3BB1AA68A24207DD05EB84020134FF
:109A300053612C61284603B0F0BD69680193013180
:109A40003046FFF7A1FF019B0746B8B12A69019391
:109A5000023205F10C0192000C30F6F79FFFF26C18
:109A60006968019B52F82100286042F821503D4668
:109A700005EB8402013453612C61DBE7024B0348A0
:109A80003A46B52100F072FC10C60008A4C60008D2
:109A9000030C1B04D3B90004102310F07F4F04BF44
:109AA0000002083310F0704F04BF0001043310F0BF
:109AB000404F04BF80000233002805DB10F0804FC8
:109AC00003F1010308BF2023184670470023E4E791
:109AD000036813F00702014607D0DA071FD498077E
:109AE00021D55B080B600120704798B2A0B11046E9
:109AF000DAB20AB908301B0A1A0704BF1B0904307E
:109B00009A0704BF9B080230DA0703D45B0800F110
:109B1000010006D00B6070471B0C1020E8E7002006
:109B20007047202070479B080B600220704700BFE1
:109B300038B5C36C04460D464BB15868B0B10268E5
:109B40005A6000220123C0E90435C26038BD2122D9
:109B5000042100F02BFC0346E0640028EDD1094B02
:109B6000094800224FF4A07100F000FC1C220121E2
:109B7000204600F01BFC0028F1D001220223C0E99E
:109B80000123DEE710C60008A4C600082DE9F04F47
:109B90000E691569AE4285B08846144605DB2A4633
:109BA000234635460C4616469846A3686168AF19A9
:109BB000BB42B8BF0131FFF7E7FE0190002800F07B
:109BC0008680019B03F1140909EB870AD14505D270
:109BD0004B46002243F8042B9A45FBD808F11408A1
:109BE00008EB860B04F11403D8451A4603EB8505F0
:109BF0005FD22B1B153B23F0030304331534A5421E
:109C000038BF0423CDE902A7AC461F46924605E0C3
:109C1000000C29D1C34509F1040948D958F8040BAF
:109C200085B2002DF4D056464C46002356F8040B5E
:109C3000216882B21FFA81FE05FB02EE000C0A0CBD
:109C4000734405FB002202EB13429BB243EA02433A
:109C5000B44544F8043B4FEA1243E7D849F80730CB
:109C600058F8040C000CD5D0D9F8003054461946E9
:109C70004D4600222688090C00FB06110A449BB2BF
:109C800043EA024345F8043B54F8046B2968360C58
:109C90008BB200FB063303EB1243A4454FEA134299
:109CA000E8D8C34549F8073009F10409B6D8DDE919
:109CB00002A7002F02DC05E0013F03D05AF8043D63
:109CC000002BF9D00198076105B0BDE8F08F034B78
:109CD0000348019A40F25D1100F048FB10C60008ED
:109CE000A4C6000812F003032DE9F041144606460D
:109CF00032D10D46A41020D0D6F84880B8F1000F1C
:109D000033D0E3074FF0000707D4641015D0D8F81C
:109D10000000A8B18046E307F7D542462946304601
:109D2000FFF734FFB5B16968F36C641053F8212074
:109D30002A6043F821500546E9D12846BDE8F08164
:109D4000424641463046FFF721FFC8F80000076051
:109D50008046E0E70546D8E7013B0F4A52F823204A
:109D60000023FFF741FE0546C4E701213046FFF717
:109D70000BFE804640B1012340F27122C0E904325B
:109D80000023B0640360BCE7044B054842464FF42F
:109D9000A07100F0EBFA00BF18C8000810C6000858
:109DA000A4C600082DE9F0470C4690462669A36832
:109DB000496806EB6216751C9D4207464FEA621918
:109DC00004DD5B009D4201F10101FADC3846FFF73A
:109DD000DBFD8446002851D0B9F1000F00F11400DA
:109DE0000EDD09F105024FEA820E03460CEB8202FA
:109DF000002143F8041B9342FBD1AEF11403184435
:109E0000216904F1140318F01F0803EB81012DD020
:109E1000C8F1200986464FF0000A1A6802FA08F2D3
:109E200042EA0A024EF8042B53F8042B994222FA14
:109E300009FAF2D80B1B153B23F00303043304F19A
:109E40001502914238BF0423BAF1000F18BF2E4605
:109E500040F803A0FB6C6268CCF8106053F8221045
:109E60002160604643F82240BDE8F087043853F88B
:109E7000042B40F8042F9942F9D8EBE7034B044830
:109E8000624640F2D91100F071FA00BF10C6000816
:109E9000A4C600080B6984460069C01A16D10CF1EB
:109EA000140C14310CEB830210B401EB830301E0BA
:109EB000944508D252F8044D53F8041D8C42F7D053
:109EC00005D24FF0FF305DF8044B7047704701201A
:109ED0005DF8044B704700BF2DE9F84F0F69136917
:109EE000FF1A002F0E4690467AD101F11405143264
:109EF00002EB830205EB830301E09D4273D253F82A
:109F0000041D52F8044DA142F7D064D37168FFF7E5
:109F10003BFD8146002872D03569D8F81020C76013
:109F200008F1140E06F1140009F1140A06F1100CE0
:109F30000EEB820200EB8507564600215EF8044BCB
:109F40005CF804BFA3B211FA8BF1CB1A210CC1EB60
:109F50001B4101EB23419BB243EA0143724546F8A2
:109F6000043B4FEA2141E9D8A2EB0804153C08F173
:109F70001508424524F0030606F1040638BF0426FE
:109F8000304424F0030238BF002287425244B244D6
:109F900016D95646044654F8043B11FA83F10A14C4
:109FA00002EB134289B241EA0243A74246F8043B5E
:109FB0004FEA2241EFD87A1E101A20F003025244D1
:109FC00023B952F8043D013D002BFAD0C9F81050D6
:109FD0004846BDE8F88F334601274646984695E740
:109FE000F9DB002792E70021FFF7CEFC814668B13C
:109FF00001220023C9E904234846BDE8F88F074B36
:10A0000007484A464FF4107100F0B0F9034B04487A
:10A010004A4640F2322100F0A9F900BF10C60008FC
:10A02000A4C600082DE9F043884683B0012157EC0F
:10A03000106B1546FFF7A8FC044600284FD0C7F365
:10A040000A59C7F31303B9F1000F01D043F4801389
:10A05000002E019324D068460096FFF739FD0028B2
:10A0600039D0DDE90013C0F1200203FA02F20A43FD
:10A07000C34062610193002B14BF02220122A3613D
:10A080002261B9F1000F16D0A9F233430344C0F1A5
:10A090003500C8F800302860204603B0BDE8F083E2
:10A0A00001A8FFF715FD019B6361012220302261A9
:10A0B000B9F1000FE8D104EB8203A0F23240C8F8F6
:10A0C00000001869FFF7E4FCC0EB4210286020464E
:10A0D00003B0BDE8F083009B6361019BCBE7034BBA
:10A0E0000348224640F20A3100F040F910C6000849
:10A0F000A4C6000853EC102B70B5164E23F0004197
:10A100000025B1420446056021DC10EE106A0E43C2
:10A110001DD0114E1E40184666B91946002210EE99
:10A12000100A0E4BF6F728FA6FF03505024608467E
:10A1300021F0004120F0FF40091520F4E000A1F2D9
:10A14000FE3140F07F53294443F40013216043EC77
:10A15000102B70BDFFFFEF7F0000F07F0000504329
:10A1600038B5074D0022044608462A60F7F718FA6A
:10A17000431C00D038BD2B68002BFBD0236038BDBA
:10A180005839012030B540EA0104A30701D1032A60
:10A190000FD8844601F1FF3E07E01EF8011F03F8C7
:10A1A000011B541EC1B19C4622466346002AF4D1CD
:10A1B00030BD0B468446194653F8045BA5F10134C3
:10A1C00024EA050414F0803FE4D1043A032A4CF851
:10A1D000045B1946EFD8DDE76244002CE8D003F8B1
:10A1E000011B9342FBD130BD2DE9F04F936883B042
:10A1F0009146002B6ED017688D6880460C46086823
:10A20000083744E0A38913F4906F2ED0D4E90415E5
:10A21000A0EB010A05EB450505EBD5750AEB060039
:10A220006D100130A8422A4684BF05462A465B05C8
:10A2300037D511464046FFF7EBF800283BD0524691
:10A2400021690190F6F7AAFBA289019B22F4906292
:10A2500042F08002A281A5EB0A0203EB0A006561CD
:10A26000A260236120603546B2465946524600F04E
:10A27000FDF8A068D9F808102368451B8E1B03EB76
:10A280000A00A5602060C9F808601EB3083757E9C6
:10A2900002B6002EFAD0B542AA46B3D93546B24628
:10A2A000E3E7404600F05EF903460028D3D1216978
:10A2B0004046FEF79BFF0C23C8F80030A38900221C
:10A2C00043F040034FF0FF30A381C9E9012203B0FE
:10A2D000BDE8F08F0020C9F8040003B0BDE8F08F9E
:10A2E0002DE9F047DFF880A00646DAF8000098462E
:10A2F0000F469146FFF788F81A4B1B68D3F8484180
:10A3000024B365681F2D26DC5EB96B1C0235DAF8B4
:10A310000000636044F82570FFF778F80020BDE87E
:10A32000F08704EB85010123C1F88890D4F88821D7
:10A33000AB401A43022EC4F88821C1F80881E4D149
:10A34000D4F88C211343C4F88C31DEE703F5A674EE
:10A35000C3F84841D5E7DAF80000FFF757F84FF0A7
:10A36000FF30DCE798C500083804002000B50B4C2E
:10A3700025681446EE681A4685B003460D464CB172
:10A3800007490095CDE901143046064900F03EF832
:10A3900001F0C2FA04490C46F3E700BF0C000020AC
:10A3A00024C8000834C8000830C8000810B502FBF3
:10A3B00001F1FFF72DF8044668B150F8042C22F0A3
:10A3C0000302043A242A18D8132A06D80246002386
:10A3D000C2E900339360204610BD00231B2AC0E968
:10A3E00000330FD9242AC0E9023311BF00F1100253
:10A3F000036100F118024361E9E70021FCF76EF800
:10A40000204610BD00F10802E1E700BF0EB410B510
:10A4100083B005AB064C53F8042B0193014620682A
:10A4200000F0C8FA03B0BDE8104003B0704700BFA9
:10A430000C000020014B93F8280170474C080020C5
:10A4400082B049B15AB16BB113780B601278101E0B
:10A4500018BF012002B0704701A9002AF3D11046AD
:10A4600002B070476FF00100F4E700BF88420DD9D9
:10A470008B1883420AD900EB020CBAB1624613F87A
:10A4800001CD02F801CD9942F9D170470F2A0ED8BB
:10A49000034602F1FF3C4AB10CF1010C013B8C4434
:10A4A00011F8012B03F8012F6145F9D1704740EAFB
:10A4B00001039B0750D1A2F1100370B501F1200CEC
:10A4C00023F00F0501F1100E00F11004AC441B093C
:10A4D0005EF8105C44F8105C5EF80C5C44F80C5CB0
:10A4E0005EF8085C44F8085C5EF8045C44F8045CC0
:10A4F0000EF1100EE64504F11004E9D1013312F01B
:10A500000C0F01EB031102F00F0400EB031327D033
:10A51000043C24F003064FEA940C1E441C1F8E4694
:10A520005EF8045B44F8045FB442F9D10CF1010415
:10A5300002F0030203EB840301EB840102F1FF3C10
:10A540004AB10CF1010C013B8C4411F8012B03F8CA
:10A55000012F6145F9D170BD02F1FF3C03469BE735
:10A560002246EBE72DE9F84F1746002900F09880C6
:10A5700007F10B0580460C46FFF7FAF9162D5DD85A
:10A5800010252A46AF425ED854F8041C21F0030679
:10A590009642A4F1080962DABC4BD3F808C009EB73
:10A5A0000600844500F09780D0F804C02CF0010329
:10A5B00003445B68DB0768D42CF0030C06EB0C0348
:10A5C000934247DACB0710D454F8083CA9EB030AAE
:10A5D000DAF8043023F003018C44B444944580F24B
:10A5E00011817318934280F2E88039464046FEF7A5
:10A5F0000FFF0746E0B154F8043C23F001034B443D
:10A60000A0F10802934200F0D280321F242A00F207
:10A61000F580132A00F2AC800346224611681960C7
:10A620005168596092689A6021464046FEF7DEFD07
:10A630004046FFF7A3F93846BDE8F88F25F0070537
:10A64000002D2A469EDA0C23C8F800300027384631
:10A65000BDE8F88F1E46D0E90223D3609A60731BD1
:10A660000F2B22D8D9F8043003F0010333434E44B2
:10A67000C9F80430736843F001037360404627460D
:10A68000FFF77CF93846BDE8F88FC907ADD454F818
:10A69000083CA9EB030ADAF8041021F00301A0E753
:10A6A000BDE8F84F1146FEF7B3BED9F8041001F02B
:10A6B00001012943C9F8041009EB05014E4443F098
:10A6C00001034B60736843F0010308317360404637
:10A6D000FEF78CFDD2E7DCF8040020F0030B06EB5C
:10A6E0000B0C05F1100084454DDAC9073FF57DAF2D
:10A6F00054F8081CA9EB010ADAF8041021F0030150
:10A700008B44B34458453FF76CAF5746DAF80C100A
:10A7100057F8080F321F242AC160886000F2DB80DE
:10A72000132A40F2D6802168CAF808106168CAF876
:10A730000C101B2A00F2DF8008340AF11002216895
:10A74000116061685160A16891600AEB0501ABEB93
:10A75000050242F0010299604A60DAF8043003F021
:10A7600001031D434046CAF80450FFF707F96EE79E
:10A7700023680360636843601B2A68D804F10802F9
:10A7800000F108034AE709EB05029A60ACEB050308
:10A7900043F00103536054F8043C03F001031D43EC
:10A7A000404644F8045CFFF7E9F827464FE750F8C5
:10A7B000043C23F003031E4451E75746DAF80C101B
:10A7C00057F8080F321F242AC16088604CD8132A1A
:10A7D00048D92168CAF808106168CAF80C101B2A09
:10A7E00056D808340AF110021E46236813606368C5
:10A7F0005360A3689360D1463C4630E72146FFF79B
:10A8000035FE11E7D0E902135746CB60996057F83F
:10A81000081FDAF80C30CB60321F242A99602DD83B
:10A82000132A29D92368CAF808306368CAF80C309B
:10A830001B2A42D808340AF1100322681A606268A1
:10A840005A60A2689A606646D1463C4607E7A3680C
:10A850008360E368C360242A26D004F1100200F16B
:10A860001003DBE63A46BFE7214638461E46D1468E
:10A87000FFF7FCFD3C46F2E63B46DEE72146384664
:10A880006646D146FFF7F2FD3C46E8E63C04002070
:10A89000A168CAF81010E168CAF81410242A20D060
:10A8A00010340AF118029FE723690361616941616D
:10A8B00004F1180200F11803B0E6A368CAF81030DA
:10A8C000E368CAF81430242A21D010340AF118039E
:10A8D000B3E73A4633E721463846FFF7C7FD164B44
:10A8E00033E72269CAF818206269CAF81C201834B4
:10A8F0000AF1200278E7A168CAF81010E168CAF8E6
:10A900001410242A0DD010340AF1180217E7236915
:10A91000CAF818306369CAF81C3018340AF12003E9
:10A920008BE72269CAF818206269CAF81C2018341B
:10A930000AF1200203E700BF3C0400202DE9F84F94
:10A940004B6E9C0490462DD59368126843B38B469A
:10A95000064602F1080959E9025A5FEA9A0715D03A
:10A96000043D002401E0A7420ED055F8041F5A46CA
:10A97000304601F08BF9431C04F10104F3D10023AC
:10A98000C8E90133BDE8F88FD8F808302AF0030A87
:10A99000A3EB0A03C8F8083009F10809002BDAD143
:10A9A0000020ECE701F0A6F90023C8E90133BDE877
:10A9B000F88F00BF2DE9F04F2DED028BBBB008EEF4
:10A9C000101A08EE900A1C461746039318B1836BC1
:10A9D000002B00F09C8218EE102A536EDE0740F127
:10A9E0009E81B2F90C108AB2900409D441F400524D
:10A9F00018EE101A4B6E8A8123F4005392B24B6604
:10AA0000110740F1F88018EE103A1B69002B00F096
:10AA1000F28002F01A030A2B00F0FE8011AB0E93B5
:10AA20000023CDE90F33CDE9083306930DF1440936
:10AA3000079302933B78002B00F05B813C4604E0D7
:10AA400014F8013F002B00F03481252BF8D1E51BD1
:10AA500040F031812378002B00F04B814FF0000350
:10AA600000258DF83330671C637801954FF0FF3B6C
:10AA70002B240137A3F120025A2A00F26181DFE87A
:10AA800012F0AB025F015F01A7025F015F015F018E
:10AA90006A005F015F0149027E025F015402B90250
:10AAA0005F01B5025B005B005B005B005B005B006D
:10AAB0005B005B005B005F015F015F015F015F01A5
:10AAC0005F015F015F015F01360284005F015F018A
:10AAD0005F015F015F015F015F015F015F015F0176
:10AAE000E5005F015F015F011A025F016C025F0117
:10AAF0005F0148055F015F015F015F015F015F0169
:10AB00005F015F015F015F01360286005F015F0147
:10AB10005F016202860080005F0158025F019402BB
:10AB2000E700820280005F011A027E0068055F0173
:10AB30005F016A055F017E00A3F13002002117F872
:10AB4000013B01EB810102EB4101A3F13002092A33
:10AB5000F5D901918EE718EE900AFEF74DFC436897
:10AB600008931846F5F7CCFF0990064618EE900AB0
:10AB7000FEF742FC83680793002E40F0A5843B78E3
:10AB800077E73B7845F0200573E745F01005AC0604
:10AB9000039E40F18281073626F00706324673682D
:10ABA00052F8086B03929846002BC0F25584BBF113
:10ABB000FF3F00F03A8556EA080325F0800A00F0CE
:10ABC00030840A2E78F1000380F0E78430360123C8
:10ABD0008DF8E760554600930DF1E704009A9DF863
:10ABE00033305A45B8BF5A469046002B00F0B78024
:10ABF00002F10108B3E018EE101A18EE900A18EEF0
:10AC0000105A00F01FFE002840F0A885AA8902F023
:10AC10001A030A2B7FF402AF18EE101AB1F90E30A6
:10AC2000002BFFF6FBAE4B6EDE0702D4950540F11C
:10AC3000738518EE101A18EE900A23463A463BB078
:10AC4000BDEC028BBDE8F04F00F0AEBD45F0100545
:10AC500015F0200800F01281039E073626F0070643
:10AC60003346D6F8048053F8086B039325F4806AC2
:10AC700000234FF000028DF83320BBF1FF3F00F0BE
:10AC8000D38156EA08022AF0800540F0CC81BBF15E
:10AC9000000F40F0CD84002B40F0C8831AF0010370
:10ACA000009300F0F88330238DF8E7300DF1E704CE
:10ACB00094E7E51B1DD00F9B109A01332A44072B04
:10ACC000C9E9007510920F9305DC09F10809029B90
:10ACD0002B440293BEE6002A00F09F8318EE101A60
:10ACE00018EE900A0EAAFFF729FE40B90DF14409AB
:10ACF000EDE7109B002B40F0208500230F9318EE0A
:10AD0000102A536ED90740F1AE8093895B0600F19B
:10AD10002E8502983BB0BDEC028BBDE8F08FB2F9F6
:10AD20000C108D0518EE103A8AB23FF55DAE18EEA4
:10AD3000105A986DFEF768FBB5F90C108AB253E60D
:10AD4000002BD6D08DF884304FF001084FF000036F
:10AD50008DF83330CDF8008021AC4FF0000B15F0AA
:10AD60000203049318BF08F1020815F08403059349
:10AD700005D1019BA3EB0806002E00F37F82DDE9DD
:10AD80000F21501C9DF833608EB10DF1330201315B
:10AD9000C9F8002007284FF00102CDE90F01C9F8DA
:10ADA000042000F34C82024609F108090130049B9B
:10ADB000EBB10DAB0231C9F8003007284FF00203A8
:10ADC000CDE90F01C9F8043040F35382002900F0A7
:10ADD0001F8318EE101A18EE900A0EAAFFF7AEFDA8
:10ADE00000288CD1DDE90F210DF14409501C059B91
:10ADF000802B00F05A81009BABEB0306002E00F382
:10AE0000BD81009BC9F8004019440728CDE90F0116
:10AE1000C9F8043040F34681002900F0858218EE1D
:10AE2000101A18EE900A0EAAFFF788FD00287FF48A
:10AE300066AF10990DF14409680705D5019BA3EB96
:10AE40000804002C00F37A82DDE901234245ACBFFF
:10AE50009B1843440293002940F0E08100230F93A4
:10AE60000DF14409E6E593899A053FF54FAF18EED9
:10AE7000104AA06DFEF7CAFAA38947E715F0100340
:10AE800040F03A8315F0400200F0F983039A52F83B
:10AE9000046B03929846B6B2E8E656F8043B039674
:10AEA000E80600F10483690640F1FE8243F3C038EE
:10AEB0001EB2434678E6039E56F8044B4FF000035B
:10AEC0008DF83330002C00F0C183BBF1FF3F00F060
:10AED00045835A4600212046F5F782FE002800F0FF
:10AEE0002084031B009303964FF0000B76E6039E2D
:10AEF0004FF000038DF833304FF0010856F8043B53
:10AF00008DF884300396CDF8008021AC25E700F061
:10AF1000D7FD60E5039B53F8042B0192002A80F2D1
:10AF2000B682019A0393524201923B7845F00405A0
:10AF30009FE53B786C2B03BF7B7845F020050137FC
:10AF400045F0100595E53B78682B03BF7B7845F409
:10AF50000075013745F040058BE545F0100A1AF001
:10AF6000200800F06A82039E073626F00706334663
:10AF7000D6F8048053F8086B0393012379E63B78F5
:10AF80008DF8334075E5039B53F8046B039330232E
:10AF90008DF8343078238DF83530C14B069345F069
:10AFA000020A4FF00008022363E6AE0600F19A821F
:10AFB000EC0600F14383680600F1A083A90540F187
:10AFC0003D83039E029A56F8043B03961A7031E5BE
:10AFD0003B7845F001054CE59DF83330002B7FF4BC
:10AFE000CEAD20238DF833303B7842E53B7845F0F9
:10AFF00080053EE5394611F8013B2A2B00F0C0835D
:10B00000A3F13002092A0F464FF0000B3FF632AD94
:10B0100017F8013B0BEB8B0B02EB4B0BA3F1300250
:10B02000092AF5D926E5AA46012B3FF4CAAD022B21
:10B030003AAC12D1069A06F00F033609D35C04F835
:10B04000013D46EA08764FEA181856EA0803F2D19D
:10B050003AAB1B1B55460093C0E506F00703F60804
:10B0600046EA48764FEAD808303356EA08012246C5
:10B0700004F8013DF1D11AF0010FE9D0302BE7D0EF
:10B080003023023A04F8013C3AAB9B1A5546009330
:10B090001446A3E5009911940123129110910F9386
:10B0A0000DF1440909F10809C6E6019BA3EB080666
:10B0B000002E7FF7A0AE102E40F35E83DFF8E4A1F0
:10B0C0005346CDE90445BA4618EE904A18EE105A98
:10B0D000084696461F4607E00EF1020C09F10809E2
:10B0E0009646103E102E1FDD0EF101021030102387
:10B0F000072ACDE90F20C9F80070C9F80430EBDD4C
:10B100000EAA002800F09580294620460DF144093A
:10B11000FFF714FC00287FF4F2ADDDE90FE0103EEC
:10B12000102E0EF1010CDFDCDDE904453B46014643
:10B1300057469A463144BCF1070FCDE90FC1C9F813
:10B1400000A0C9F8046040F3A981002900F0C6827C
:10B1500018EE101A18EE900A0EAAFFF7EFFB00285F
:10B160007FF4CDAD009BDDE90F21ABEB0306002E94
:10B1700002F101000DF144097FF743AE102EDFF814
:10B1800024A137DD5346CDE90445BA4618EE904A6E
:10B1900018EE105A4FF0100B084694461F4607E071
:10B1A0000CF1020E09F108099446103E102E1ADD2A
:10B1B0000CF101021030072AC9E9007BCDE90F200C
:10B1C000EEDD0EAA20B3294620460DF14409FFF713
:10B1D000B5FB00287FF493ADDDE90FC0103E102EC3
:10B1E0000CF1010EE4DCDDE904453B46014657461F
:10B1F00070469A4631440728CDE90F01C9F800A0EE
:10B20000C9F8046000F3EE8009F108090130F8E59F
:10B210004FF0010E84460DF14409C6E718EE101AEE
:10B2200018EE900A0EAAFFF789FB00283FF416AE2D
:10B2300065E54FF0010C86460DF1440951E7002900
:10B2400000F0E38018EE101A18EE900A0EAAFFF72D
:10B2500075FB00287FF453ADDDE90F210DF14409A2
:10B26000501CA4E502210DAB1291119301200DF1A8
:10B270004409024609F10809501CB8E5102E40F3B4
:10B280005682DDE90FC1DFF820A0CDE90A45102381
:10B29000544618EE105A18EE90AA08460EE000BF69
:10B2A000ACC5000884C8000874C800080CF1020E80
:10B2B00009F108099446103E102E1CDD0CF1010224
:10B2C0001030072AC9E90043CDE90F20EEDD0EAAB0
:10B2D00020B3294650460DF14409FFF72FFB002803
:10B2E0007FF40DADDDE90FC0103E102E0CF1010E04
:10B2F0004FF01003E2DCA2460B9D0A9C0146724609
:10B300003144072ACDE90F21C9F800A0C9F804602B
:10B3100000F3AB8009F10809501C33E584464FF077
:10B32000010E0DF14409C6E76C070F9152D5019B40
:10B33000A3EB0804002C4DDD0DF14409102C40F363
:10B340000882DFF85CA40F9A0B46BB464946574675
:10B3500018EE109A18EE90AA102505E0901C0831FE
:10B360003246103C102C18DD561C1033072EC1E954
:10B370000075CDE90F63F1DD0EAA3BB34946504697
:10B38000FFF7DCFA00287FF4BAACDDE90F23103CAC
:10B39000102C02F1010011A9E6DC8946BA461946D3
:10B3A0005F4621440728C9E900A4CDE90F017FF7D2
:10B3B0004BAD79B118EE101A18EE900A0EAAFFF7ED
:10B3C000BDFA00287FF49BAC10993DE501201A4698
:10B3D00011A9C6E7DDE901234245ACBF9B184344F0
:10B3E00002933BE500293FF455AE18EE101A18EE13
:10B3F000900A0EAAFFF7A2FA00287FF480AC0F98FB
:10B40000109901300DF14409FBE4049B002B79D124
:10B4100001200A460DF14409E9E40F920DF14409B7
:10B4200055E4BBF1000F7FF4D1AB55464FF0000B54
:10B43000CDF800B03AACFFF7D1BB1AF010033CD105
:10B440001AF0400200F00C81039A52F8046B039248
:10B450009846B6B201230CE42D2376428DF83330A2
:10B4600068EB4808AA46012307E400297FD018EEBC
:10B47000101A18EE900A0EAAFFF760FA00287FF45F
:10B480003EACDDE90F210DF14409501C7AE4039331
:10B490003B78FFF7EEBA3AACFFF7A0BB09F1080919
:10B4A0000CF101006246A6E4AA0500F12F814FEAE3
:10B4B000E3781E464346FFF777BB039B53F8046BC4
:10B4C00003930123FFF7D5BB079B002B3FF457AB3A
:10B4D000079B1B78002B3FF452AB3B7845F480650B
:10B4E000FFF7C7BADDE9021656F8042B0396CB170F
:10B4F000C2E90013FFF79EBA039B53F8046B039352
:10B50000FFF7B4BB02210DAB129111930DF1440969
:10B51000B0E6A04A069215F0200836D0039E073602
:10B5200026F007063246D6F8048052F8086B0392DC
:10B53000EA0709D556EA080206D08DF835303023DF
:10B5400045F002058DF8343025F4806A0223FFF7B8
:10B5500090BBAA4603E5904A0692DCE72046039694
:10B56000F5F7CEFA4FF0000B0090FFF737BB9DF8D0
:10B570003320002A00F0B88001200DF13302129030
:10B5800011920DF1440901460DE415F0100242D06C
:10B59000039A52F8046B0392CAE70AF48063CDF869
:10B5A00000A0CDF81090BA46DDF81C9000253AAC0A
:10B5B0001F4609E030464146F5F728FC0A2E78F18F
:10B5C00000031BD306468846304641460A22002324
:10B5D000F5F71CFC1146303104F8011C0A22002347
:10B5E000013C0135002FE5D099F80010A942E1D1C6
:10B5F000FF2DDFD00A2E78F100035BD257463AAB1D
:10B60000DDF800A0CDF81C901B1BDDF81090009316
:10B610005546FFF7E3BA15F040013ED0039951F8C3
:10B62000046B03919046B6B282E7AA46FFF7C9BA07
:10B63000012BAA467FF4FBACFFF7C8BA039E029A1F
:10B6400056F8043B1A600396FFF7F4B95B46062BE5
:10B6500028BF0623514C009303969846FFF77DBB05
:10B66000039B1AF4007814BF53F8046B53F8046B6F
:10B6700003931CBF9046F6B20123FFF7FABA039B6F
:10B6800015F4007814BF53F8046B53F8046B03935C
:10B690001CBF9046F6B2FFF7E9BA039A15F400789A
:10B6A00014BF52F8046B52F8046B03921CBF884617
:10B6B000F6B23DE7099B0899E41A1A462046FEF7C0
:10B6C00061FD99F801300BB109F10109304641469D
:10B6D0000A2200230025F5F799FB73E701200A46AB
:10B6E0000DF14409FFF787BB049B002B7FF4BAAD33
:10B6F0000A4601200DF14409FFF77DBB039E029A23
:10B7000056F8043B03961A80FFF794B943F3C01828
:10B710005EB24346FFF748BA886DFDF777FEFFF744
:10B7200088BACDF800B003968346FFF757BA0F9A50
:10B730001099DFF86CA00132E2E518EE101A18EE4D
:10B74000900A0EAAFFF7FAF800283FF4D6AAFFF7EE
:10B75000D6BA0F98DFF848A0013022E66B6EDB07FF
:10B7600005D4AB899F0502D4A86DFDF74FFE4FF0BD
:10B77000FF330293FFF7CDBADFF828A08446D9E45F
:10B78000039A7B780F4652F8041B039241EAE17B4F
:10B79000FFF76FB9C0C50008ACC50008D4C50008E4
:10B7A00074C8000884C8000870B50C468989ADF5D6
:10B7B0008E6D21F00201ADF81410616E1B91E189CC
:10B7C000ADF81610E1690991616A0B911CA902910B
:10B7D00006914FF4806106460491079118A8002154
:10B7E000CDE900320891FDF70BFEDDE9003202A938
:10B7F0003046FFF7DFF8051E07DB02A9304600F0F0
:10B800002BF9002818BF4FF0FF35BDF814305B0648
:10B8100003D5A38943F04003A3811898FDF7F2FDF7
:10B8200028460DF58E6D70BD49B1FF2A02D80A7009
:10B83000012070478A2303604FF0FF3070470846AD
:10B84000704700BF38B5334B1B6805460C460BB13B
:10B850009A6B12B3B4F90C3018079AB225D5216946
:10B8600000292DD012F0010007D00020A0606069EF
:10B870004042A06139B1002038BD950758BF6069CA
:10B88000A0600029F7D1120658BF0846F4D543F04E
:10B890004003A3814FF0FF3038BD184600F010F987
:10B8A000B4F90C3018079AB2D9D4D1062AD5520768
:10B8B00014D4216943F00803A3819AB20029D1D19D
:10B8C00002F42070B0F5007FCCD02146284600F06D
:10B8D000ADFBB4F90C3021699AB2C3E7216B51B1C9
:10B8E00004F14002914204D02846FDF77FFCB4F9F0
:10B8F0000C300022226321690022C4E9001223F0E7
:10B900002403D7E7092243F040032A604FF0FF30B9
:10B91000A38138BD0C00002008B5062000F0F6FB1E
:10B920000120F5F7C6FD00BFB1F90C202DE9F0416B
:10B930000C461107804647D4636842F40062002B2E
:10B94000A2815EDDA56A002D58D00023D8F80060E2
:10B95000C8F8003093B212F4805256D10123E16945
:10B960004046A847431C67D0A389A56A5F0705D551
:10B970006368C01A236B0BB1E36BC01AE16902461E
:10B9800000234046A847411C41D1D8F80030002B85
:10B990003DD01D2B01D0162B56D1A38922692260E0
:10B9A00023F4006300216160A381216BC8F800606B
:10B9B00021B304F14003994202D04046FDF716FC42
:10B9C00000202063BDE8F0812669BEB193B22568EE
:10B9D00026609A070CBF63690023AD1BA3600BE0D0
:10B9E0002B463246E169676A4046B847B0F1000C21
:10B9F000A5EB0C05664417DD002DF1DC0020BDE849
:10BA0000F081E36B002B9DDCF8E7206DAEE7B4F925
:10BA10000C302269226023F40063A3810022DB043E
:10BA20006260C2D52065C0E7A38943F040034FF0B0
:10BA3000FF30A381BDE8F081D8F80030002B93D00F
:10BA40001D2B06D0162B04D0A38943F04003A381FD
:10BA5000D5E7C8F80060D1E738B50C46054608B10F
:10BA6000836BA3B1B4F90C00B8B1636EDB0701D4EA
:10BA7000810515D528462146FFF756FF636EDA0784
:10BA8000054602D4A3899B050ED5284638BD00F093
:10BA900017F8B4F90C000028E7D10546284638BD50
:10BAA000A06DFDF7B1FCE5E7A06DFDF7AFFC284602
:10BAB00038BD00BF014900F095BA00BF61C300085E
:10BAC0002DE9F04782463948FDF79EFCDAF8384008
:10BAD000002C66D1DAF80450354ACAF83C2003231A
:10BAE000CAE9B843DFF8DC90DFF8DC80314F324E32
:10BAF00004230AF53B72CAF8E8222146C5E902434D
:10BB0000C5E90044C5E904446C660822AC6105F14E
:10BB10005C00FAF7E3FCC5E90759C5E90987EE625D
:10BB200005F15800FDF76CFCDAF80850234BEB6088
:10BB30002146C5E90044C5E904446C66AC60AC61CB
:10BB4000082205F15C00FAF7C9FCC5E90759C5E907
:10BB50000987EE6205F15800FDF752FCDAF80C5047
:10BB6000174BEB602146C5E90044C5E904446C6607
:10BB7000AC60AC61082205F15C00FAF7AFFC05F19E
:10BB80005800C5E90759C5E90A76C5F82480FDF7CC
:10BB900037FC0123CAF838300448BDE8F047FDF708
:10BBA00035BCBDE8F0470148FDF730BC2039012025
:10BBB000B5BA0008FDC100081DC200080900010057
:10BBC0001200020099C10008BDC100080148FDF73C
:10BBD0001BBC00BF1C3901200148FDF717BC00BF8A
:10BBE0001C3901202DE9F04782B082468846144670
:10BBF000FEF720FC012803D108F1FF33FE2B36D9D4
:10BC0000424604F15C0301A9504600F063FB421C6C
:10BC1000064632D030B39DF804C00DF10509002569
:10BC200009E023685A1C226083F800C00135B54240
:10BC300018D219F801CBA368013B002BA360F0DAFE
:10BC4000A769BB4261462246504602DBBCF10A0F9F
:10BC5000E7D100F0E7FA431CE8D10646304602B0CF
:10BC6000BDE8F0874646304602B0BDE8F0875FFA8F
:10BC700088FC8DF804C00646CFE7A389304643F020
:10BC80004003A38102B0BDE8F08700BF30B5536E1A
:10BC900013F0010FB2F90C30144683B005469AB286
:10BCA00001D198051CD5900406D4626E43F400536C
:10BCB00042F40052A381626622462846FFF792FFB3
:10BCC000636EDA07054602D4A3899B0502D5284690
:10BCD00003B030BDA06DFDF799FB284603B030BD21
:10BCE000A06D0191FDF790FBB4F90C3001999AB267
:10BCF000D9E700BF9368002B00F085802DE9F04F55
:10BD0000B1F90C300C461907804683B0174698B23B
:10BD100025D523691BB310F002033D682DD04FF0E9
:10BD2000000ADFF8BCB25646B9465E453346524675
:10BD300028BF5B464046002E52D0E169676AB8478B
:10BD4000002856DDD9F808301B1A8244361AC9F883
:10BD50000830002BE9D1002003B0BDE8F08F214668
:10BD60004046FFF76FFD002840F03681B4F90C30F3
:10BD70003D6898B210F00203D1D110F0010944D10E
:10BD80004E46009746B38205D4F808B040F1838050
:10BD9000B3455A4600F2B28010F4906F40F0BF8075
:10BDA000206801924946FEF761FBA368019AA3EB64
:10BDB0000B012368A1601344B24623600026009B58
:10BDC0009868A0EB0A00D14498600028C3D0B4F969
:10BDD0000C0080B2002ED6D1D5E900960835D1E707
:10BDE000D5E900A60835A0E721464046FFF734FE16
:10BDF00080B3B4F90C3043F040034FF0FF30A3811F
:10BE000003B0BDE8F08F002070471E46AA46994651
:10BE100018461D46009756B388B34A46D4E9041322
:10BE20002068B24228BF3246884205D9A16803EB98
:10BE3000010B5A4500F3A680934263DCE169676A0F
:10BE40002A464046B847B0F1000BD2DDB9EB0B09EA
:10BE5000CAD00120009A9368A3EB0B035D44A6EBC4
:10BE60000B069360002B3FF476AF002ED4D10AF17D
:10BE7000080353E902569A460833002EF9D0324699
:10BE80000A212846F4F7ACFE002800F09C8001301F
:10BE9000A0EB0509C1E720682369984216D86369B9
:10BEA000B34213D86FF00042B24228BF3246E16974
:10BEB00092FBF3F2676A02FB03F340464A46B84737
:10BEC000B0F1000A95DDA6EB0A0678E7B345DA463D
:10BED00028BFB24652464946FEF7C8FAA368226810
:10BEE000A3EB0A035244A3602260002BEBD121464E
:10BEF0004046FFF7B1FD0028E5D07AE72068B34659
:10BF000032464EE729460192FEF7B0FA019AA3683D
:10BF10009B1AA360236813442360934696E7236823
:10BF20002169A3EB010B636903EB430A0AEBDA7A9D
:10BF30000BF101034FEA6A0A33445345524684BF6A
:10BF40009A46524643052CD511464046FDF760FA05
:10BF500000283BD05A4621690190F4F71FFDA289C1
:10BF6000019B22F4906242F08002A28103EB0B005D
:10BF70002361AAEB0B03C4F814A0A3602060B346AE
:10BF800032460EE729465A46FEF770FA23685B44AC
:10BF9000236021464046FFF75FFD00283FF456AF7F
:10BFA00027E74046FEF7DEFA03460028DED1216986
:10BFB0004046FDF71BF9B4F90C300C2223F0800346
:10BFC000C8F8002017E7721C914627E70C22B4F945
:10BFD0000C30C8F800200EE74FF0FF30BCE600BF81
:10BFE00000FCFF7F2DE9F8430746884600F53876C8
:10BFF0004FF00009D6E90154013D11D4A389012B6A
:10C0000005F1FF3508D9B4F90E300133214603D0CC
:10C010003846C04749EA00096B1C04F16804EDD1B9
:10C020003668002EE6D14846BDE8F8832DE9F04198
:10C030008B890C46990796B008D504F14303012279
:10C04000C4E90432236016B0BDE8F081B4F90E10E3
:10C050000029064627DB6A4600F0E8F9002821DBC4
:10C06000019D05F47045A5F50055B5FA85F54FF429
:10C0700080686D094FF4006741463046FDF7C8F906
:10C08000B4F90C30F0B1204AF26343F08003C4F8F5
:10C090001480A3812060206135BB3B43A38116B08F
:10C0A000BDE8F081A38913F0800519D04FF0400856
:10C0B00041463046FDF7ACF90025B4F90C302F4667
:10C0C0000028E0D19A05BED423F0030304F1430213
:10C0D00043F002030121C4E90421A3812260B2E7F5
:10C0E0004FF480682F46C7E7B4F90E10304600F0D1
:10C0F000B3F910B9B4F90C30CFE7A38923F00303E7
:10C1000043F001031BB2C8E7B5BA000838B5154BB8
:10C110001F281D6820D8D5F8DC22044662B152F8E9
:10C1200020304BB1012B15D0591C0FD0002542F8FF
:10C1300020509847284638BD284600F02BF8224664
:10C1400001462846BDE8384000F00EB816232B60A3
:10C15000012038BD002038BD16232B604FF0FF3082
:10C1600038BD00BF0C00002070B50C46084D0346DA
:10C170000026204611461C462E60F5F78AF9431C1E
:10C1800000D070BD2B68002BFBD0236070BD00BFBA
:10C1900058390120F5F775B910B50C46B1F90E10F4
:10C1A00000F082F9002803DB236D0344236510BDF2
:10C1B000A38923F48053A38110BD00BF2DE9F04172
:10C1C0000C46B1F90C101F46CB05054616460BD49C
:10C1D00021F48051A1813B46B4F90E103246284625
:10C1E000BDE8F04100F094B8B4F90E10022300222B
:10C1F00000F044F9B4F90C10EAE700BF10B50C46A2
:10C20000B1F90E1000F03AF9A389421C0EBF23F4D5
:10C21000805343F480532065A38110BDB1F90E1003
:10C2200000F08CB8F8B50D461446064610B1836B85
:10C23000002B43D0B4F90C20A369A360170790B278
:10C240001BD52369CBB1EDB281042F4622D52268DC
:10C250006169D31A994229DD0133A1680139A160CE
:10C26000511C2160157062699A422AD0A389DB07AC
:10C2700001D50A2D25D03846F8BD21463046FFF7B6
:10C28000E1FA20BBB4F90C20236990B2EDB281042D
:10C290002F46DCD442F40052A281626E616922F41E
:10C2A000005262662268D31A9942D5DC2146304694
:10C2B000FFF7D2FB58B922680123CEE7FFF700FC55
:10C2C000B8E721463046FFF7C7FB0028D3D04FF030
:10C2D000FF37D0E770B5054684B01C4639B10B4E28
:10C2E000D6F8E060B047431C09D004B070BD0A46E0
:10C2F0000649D1F8E06001A9B047431CF5D10022FE
:10C300008A2322602B6004B070BD00BF4C0800205F
:10C3100038B50C46084D8446114620461A4600237F
:10C320002B606446F5F7ECF8431C00D038BD2B6851
:10C33000002BFBD0236038BD5839012038B5074D9C
:10C340000022044608462A60F5F7F6F8431C00D0A0
:10C3500038BD2B68002BFBD0236038BD5839012035
:10C3600070B500294BD006460C4610B1836B002BEC
:10C3700048D0636ED80734D5B4F90C30002B3ED0CA
:10C3800021463046FFF7D0FAE36A054633B1E1694A
:10C39000304698470028B8BF4FF0FF35A3891A06EA
:10C3A0003BD4216B41B104F14003994202D03046A5
:10C3B000FCF71CFF00232363616C21B13046FCF7BE
:10C3C00015FF00236364FFF701FC636E0022DB07A7
:10C3D000A28127D5A06DFDF715F8FFF7FDFB2846D4
:10C3E00070BDA3899905CBD4A06DFDF70DF8B4F904
:10C3F0000C30002BC4D1656E15F0010508D0002566
:10C40000284670BDFFF75CFB636ED807B4D4E8E73D
:10C41000A06DFCF7FBFF284670BD21693046FCF794
:10C42000E5FEBEE7A06DFCF7F1FFD3E770B50C4663
:10C43000084D03460026204611461C462E60F5F79F
:10C4400087F8431C00D070BD2B68002BFBD0236005
:10C4500070BD00BF5839012038B5074D0022044691
:10C4600008462A60F5F784F8431C00D038BD2B68D5
:10C47000002BFBD0236038BD5839012038B50C465D
:10C48000084D8446114620461A4600232B60644618
:10C49000F5F779F8431C00D038BD2B68002BFBD092
:10C4A000236038BD5839012038B50C46084D844604
:10C4B000114620461A4600232B606446F5F703F820
:10C4C000431C00D038BD2B68002BFBD0236038BD47
:10C4D00058390120F8B500BFF8BC08BC9E4670472B
:0CC4E000F8B500BFF8BC08BC9E467047D1
:10C4F00073756363657373006661696C65640000DE
:10C50000676976652062696E6172792073656D6115
:10C5100070686F72652025730D0A00006C65645F9A
:10C520007461736B0000000063726561746520259F
:10C53000732025730D0A000074616B655F7461736D
:10C540006B000000676976655F7461736B000000C3
:10C5500062696E6172795F73656D6170686F726533
:10C560000000000073746172745F7461736B00008B
:10C5700049444C4500000000546D7220537663001E
:10C58000546D72510000000000000000010203041D
:10C59000010203040607080910000020494E460066
:10C5A000696E66004E414E006E616E00303132336E
:10C5B00034353637383961626364656600000000DF
:10C5C00030313233343536373839414243444546C9
:10C5D00000000000286E756C6C290000300000001F
:10C5E000202020202020202020202020202020204B
:10C5F000303030303030303030303030303030303B
:10C600004E614E00496E66696E69747900000000E3
:10C6100042616C6C6F632073756363656564656408
:10C62000000000002F6D6E742F776F726B73706156
:10C6300063652F776F726B73706163652F47434338
:10C640002D31302D706970656C696E652F6A656E6D
:10C650006B696E732D4743432D31302D70697065C2
:10C660006C696E652D34385F32303230313132349E
:10C670005F313630363138303634312F7372632FB4
:10C680006E65776C69622F6E65776C69622F6C6975
:10C6900062632F7374646C69622F64746F612E63BC
:10C6A000000000002F6D6E742F776F726B737061D6
:10C6B00063652F776F726B73706163652F474343B8
:10C6C0002D31302D706970656C696E652F6A656EED
:10C6D0006B696E732D4743432D31302D7069706542
:10C6E0006C696E652D34385F32303230313132341E
:10C6F0005F313630363138303634312F7372632F34
:10C700006E65776C69622F6E65776C69622F6C69F4
:10C7100062632F7374646C69622F6D707265632E2F
:10C7200063000000000000000080E03779C341434F
:10C73000176E05B5B5B89346F5F93FE9034F384D87
:10C74000321D30F94877825A3CBF737FDD4F157533
:10C75000000000000000F03F000000000000244046
:10C7600000000000000059400000000000408F4021
:10C77000000000000088C34000000000006AF8408C
:10C780000000000080842E4100000000D0126341B0
:10C790000000000084D797410000000065CDCD4126
:10C7A000000000205FA00242000000E87648374207
:10C7B000000000A2941A6D42000040E59C30A242A5
:10C7C0000000901EC4BCD64200003426F56B0C431A
:10C7D0000080E03779C3414300A0D88557347643C1
:10C7E00000C84E676DC1AB43003D9160E458E14322
:10C7F000408CB5781DAF154450EFE2D6E41A4B4497
:10C8000092D54D06CFF08044F64AE1C7022DB544DB
:10C81000B49DD9794378EA4405000000190000006E
:10C820007D0000002C2066756E6374696F6E3A207F
:10C8300000000000617373657274696F6E202225B9
:10C840007322206661696C65643A2066696C6520B4
:10C85000222573222C206C696E65202564257325A2
:10C86000730A000043000000504F53495800000075
:10C870002E0000002020202020202020202020200A
:10C8800020202020303030303030303030303030E8
:10C890003030303000202020202020202020282868
:10C8A0002828282020202020202020202020202070
:10C8B00020202020208810101010101010101010B0
:10C8C00010101010100404040404040404040410E0
:10C8D000101010101010414141414141010101016E
:10C8E0000101010101010101010101010101010138
:10C8F0001010101010104242424242420202020244
:10C900000202020202020202020202020202020207
:10C9100010101010200000000000000000000000B7
:10C920000000000000000000000000000000000007
:10C9300000000000000000000000000000000000F7
:10C9400000000000000000000000000000000000E7
:10C9500000000000000000000000000000000000D7
:10C9600000000000000000000000000000000000C7
:10C9700000000000000000000000000000000000B7
:10C9800000000000000000000000000000000000A7
:08C9900000000000000000009F
:08C99800A444FF7F0100000030
:08C9A00095800008E501000884
:04C9A800C1010008C1
:10C9AC000024F400AAAAAAAA040000001000002087
:10C9BC0000000000FC02002064030020CC030020D7
:10C9CC00000000000000000000000000000000005B
:10C9DC00000000000000000000000000000000004B
:10C9EC00000000000000000000000000000000003B
:10C9FC00000000000000000000000000000000002B
:10CA0C00000000000000000000000000000000001A
:10CA1C00000000000000000000000000000000000A
:10CA2C0000000000000000000000000000000000FA
:10CA3C0000000000000000000000000000000000EA
:10CA4C0000000000000000000000000000000000DA
:10CA5C0000000000000000000100000000000000C9
:10CA6C000E33CDAB34126DE6ECDE05000B0000008E
:10CA7C0000000000000000000000000000000000AA
:10CA8C00000000000000000000000000000000009A
:10CA9C00000000000000000000000000000000008A
:10CAAC00000000000000000000000000000000007A
:10CABC00000000000000000000000000000000006A
:10CACC00000000000000000000000000000000005A
:10CADC00000000000000000000000000000000004A
:10CAEC00000000000000000000000000000000003A
:10CAFC00000000000000000000000000000000002A
:10CB0C000000000000000000000000000000000019
:10CB1C000000000000000000000000000000000009
:10CB2C0000000000000000000000000000000000F9
:10CB3C0000000000000000000000000000000000E9
:10CB4C0000000000000000000000000000000000D9
:10CB5C0000000000000000000000000000000000C9
:10CB6C0000000000000000000000000000000000B9
:10CB7C0000000000000000000000000000000000A9
:10CB8C000000000000000000000000000000000099
:10CB9C000000000000000000000000000000000089
:10CBAC000000000000000000000000000000000079
:10CBBC000000000000000000000000000000000069
:10CBCC000000000000000000000000000000000059
:10CBDC000000000000000000000000000000000049
:10CBEC000000000000000000000000000000000039
:10CBFC000000000000000000000000000000000029
:10CC0C000000000000000000000000000000000018
:10CC1C000000000000000000000000000000000008
:10CC2C0000000000000000000000000000000000F8
:10CC3C0000000000000000000000000000000000E8
:10CC4C0000000000000000000000000000000000D8
:10CC5C0000000000000000000000000000000000C8
:10CC6C0000000000000000000000000000000000B8
:10CC7C0000000000000000000000000000000000A8
:10CC8C000000000000000000000000000000000098
:10CC9C000000000000000000000000000000000088
:10CCAC000000000000000000000000000000000078
:10CCBC000000000000000000000000000000000068
:10CCCC000000000000000000000000000000000058
:10CCDC000000000000000000000000000000000048
:10CCEC000000000000000000000000000000000038
:10CCFC000000000000000000000000000000000028
:10CD0C000000000000000000000000000000000017
:10CD1C000000000000000000000000000000000007
:10CD2C0000000000000000000000000000000000F7
:10CD3C0000000000000000000000000000000000E7
:10CD4C0000000000000000000000000000000000D7
:10CD5C0000000000000000000000000000000000C7
:10CD6C0000000000000000000000000000000000B7
:10CD7C0000000000000000000000000000000000A7
:10CD8C000000000000000000000000000000000097
:10CD9C000000000000000000000000000000000087
:10CDAC000000000000000000000000000000000077
:10CDBC000000000000000000000000000000000067
:10CDCC000000000000000000000000000000000057
:10CDDC0000000000000000001439012000000000D9
:10CDEC00000000003C0400203C040020440400200F
:10CDFC00440400204C0400204C0400205404002067
:10CE0C00540400205C0400205C0400206404002016
:10CE1C00640400206C0400206C04002074040020C6
:10CE2C00740400207C0400207C0400208404002076
:10CE3C00840400208C0400208C0400209404002026
:10CE4C00940400209C0400209C040020A4040020D6
:10CE5C00A4040020AC040020AC040020B404002086
:10CE6C00B4040020BC040020BC040020C404002036
:10CE7C00C4040020CC040020CC040020D4040020E6
:10CE8C00D4040020DC040020DC040020E404002096
:10CE9C00E4040020EC040020EC040020F404002046
:10CEAC00F4040020FC040020FC04002004050020F5
:10CEBC00040500200C0500200C05002014050020A2
:10CECC00140500201C0500201C0500202405002052
:10CEDC00240500202C0500202C0500203405002002
:10CEEC00340500203C0500203C05002044050020B2
:10CEFC00440500204C0500204C0500205405002062
:10CF0C00540500205C0500205C0500206405002011
:10CF1C00640500206C0500206C05002074050020C1
:10CF2C00740500207C0500207C0500208405002071
:10CF3C00840500208C0500208C0500209405002021
:10CF4C00940500209C0500209C050020A4050020D1
:10CF5C00A4050020AC050020AC050020B405002081
:10CF6C00B4050020BC050020BC050020C405002031
:10CF7C00C4050020CC050020CC050020D4050020E1
:10CF8C00D4050020DC050020DC050020E405002091
:10CF9C00E4050020EC050020EC050020F405002041
:10CFAC00F4050020FC050020FC05002004060020F0
:10CFBC00040600200C0600200C060020140600209D
:10CFCC00140600201C0600201C060020240600204D
:10CFDC00240600202C0600202C06002034060020FD
:10CFEC00340600203C0600203C06002044060020AD
:10CFFC00440600204C0600204C060020540600205D
:10D00C00540600205C0600205C060020640600200C
:10D01C00640600206C0600206C06002074060020BC
:10D02C00740600207C0600207C060020840600206C
:10D03C00840600208C0600208C060020940600201C
:10D04C00940600209C0600209C060020A4060020CC
:10D05C00A4060020AC060020AC060020B40600207C
:10D06C00B4060020BC060020BC060020C40600202C
:10D07C00C4060020CC060020CC060020D4060020DC
:10D08C00D4060020DC060020DC060020E40600208C
:10D09C00E4060020EC060020EC060020F40600203C
:10D0AC00F4060020FC060020FC06002004070020EB
:10D0BC00040700200C0700200C0700201407002098
:10D0CC00140700201C0700201C0700202407002048
:10D0DC00240700202C0700202C07002034070020F8
:10D0EC00340700203C0700203C07002044070020A8
:10D0FC00440700204C0700204C0700205407002058
:10D10C00540700205C0700205C0700206407002007
:10D11C00640700206C0700206C07002074070020B7
:10D12C00740700207C0700207C0700208407002067
:10D13C00840700208C0700208C0700209407002017
:10D14C00940700209C0700209C070020A4070020C7
:10D15C00A4070020AC070020AC070020B407002077
:10D16C00B4070020BC070020BC070020C407002027
:10D17C00C4070020CC070020CC070020D4070020D7
:10D18C00D4070020DC070020DC070020E407002087
:10D19C00E4070020EC070020EC070020F407002037
:10D1AC00F4070020FC070020FC07002004080020E6
:10D1BC00040800200C0800200C0800201408002093
:10D1CC00140800201C0800201C0800202408002043
:10D1DC00240800202C0800202C08002034080020F3
:10D1EC0034080020FFFFFFFF000002004300000096
:10D1FC000000000000000000000000000000000023
:10D20C0000000000000000000000000043000000CF
:10D21C000000000000000000000000000000000002
:10D22C0000000000000000000000000043000000AF
:10D23C0000000000000000000000000000000000E2
:10D24C00000000000000000000000000430000008F
:10D25C0000000000000000000000000000000000C2
:10D26C00000000000000000000000000430000006F
:10D27C0000000000000000000000000000000000A2
:10D28C00000000000000000000000000430000004F
:10D29C000000000000000000000000000000000082
:10D2AC00000000000000000000000000430000002F
:10D2BC000000000000000000000000000000000062
:10D2CC0000000000000000000000000029B8000869
:10D2DC0041A400080000000094C8000870C80008B1
:10D2EC0030C8000830C8000830C8000830C8000832
:10D2FC0030C8000830C8000830C8000830C8000822
:10D30C0030C80008FFFFFFFFFFFFFFFFFFFFFFFF1D
:10D31C00FFFF000001004153434949000000000099
:10D32C0000000000000000000000000000000000F1
:10D33C000000000000004153434949000000000078
:10D34C0000000000000000000000000000000000D1
:08D35C000000000000000000C9
:040000050800167960
:00000001FF
