:020000040800F2
:100000000000032091150008551300085B13000839
:1000100061130008671300086D130008000000005A
:100020000000000000000000000000009134000803
:100030007313000800000000E13600088113000877
:10004000E1150008E1150008E1150008E1150008B8
:10005000E1150008E1150008E1150008E1150008A8
:10006000E1150008E1150008E1150008E115000898
:10007000E1150008E1150008E1150008E115000888
:10008000E1150008E1150008E1150008E115000878
:10009000E1150008E1150008E1150008E115000868
:1000A000E1150008E1150008E1150008E115000858
:1000B000E1150008255F0008E1150008E1150008BA
:1000C000E1150008E1150008E1150008E115000838
:1000D000E115000839600008E1150008E115000885
:1000E000E1150008E1150008E1150008E115000818
:1000F000E1150008E1150008E1150008E115000808
:10010000E1150008E1150008E1150008E1150008F7
:10011000E1150008E1150008E1150008E1150008E7
:10012000E1150008E1150008E1150008E1150008D7
:10013000E1150008E1150008E1150008E1150008C7
:10014000E1150008E1150008E1150008E1150008B7
:10015000E1150008E1150008E1150008E1150008A7
:10016000E1150008E1150008E1150008E115000897
:10017000E1150008E1150008E11500080000000085
:10018000E1150008E1150008E1150008E115000877
:10019000E1150008E1150008E1150008E115000867
:0C01A000E1150008E1150008E115000859
:1001C00010B5054C237833B9044B13B10448AFF391
:1001D00000800123237010BDB8090020000000003A
:1001E00084C1000808B5034B1BB103490348AFF3B2
:1001F000008008BD00000000BC09002084C1000888
:1002000081F0004102E000BF83F0004330B54FEAC7
:1002100041044FEA430594EA050F08BF90EA020F34
:100220001FBF54EA000C55EA020C7FEA645C7FEAC7
:10023000655C00F0E2804FEA5454D4EB5555B8BFEA
:100240006D420CDD2C4480EA020281EA030382EA5B
:10025000000083EA010180EA020281EA0303362DED
:1002600088BF30BD11F0004F4FEA01314FF4801CC0
:100270004CEA113102D0404261EB410113F0004FD2
:100280004FEA03334CEA133302D0524263EB430389
:1002900094EA050F00F0A780A4F10104D5F1200E27
:1002A0000DDB02FA0EFC22FA05F2801841F1000182
:1002B00003FA0EF2801843FA05F359410EE0A5F156
:1002C00020050EF1200E012A03FA0EFC28BF4CF087
:1002D000020C43FA05F3C01851EBE37101F000453D
:1002E00007D54FF0000EDCF1000C7EEB00006EEB4A
:1002F0000101B1F5801F1BD3B1F5001F0CD34908D4
:100300005FEA30004FEA3C0C04F101044FEA44522A
:1003100012F5800F80F09A80BCF1004F08BF5FEAB1
:10032000500C50F1000041EB045141EA050130BD91
:100330005FEA4C0C404141EB0101013C28BFB1F5A3
:10034000801FE9D291F0000F04BF01460020B1FAEE
:1003500081F308BF2033A3F10B03B3F120020CDAC1
:100360000C3208DD02F1140CC2F10C0201FA0CF09F
:1003700021FA02F10CE002F11402D8BFC2F1200C04
:1003800001FA02F120FA0CFCDCBF41EA0C019040BA
:10039000E41AA2BF01EB0451294330BD6FEA040403
:1003A0001F3C1CDA0C340EDC04F11404C4F12002EE
:1003B00020FA04F001FA02F340EA030021FA04F300
:1003C00045EA030130BDC4F10C04C4F1200220FA57
:1003D00002F001FA04F340EA0300294630BD21FA95
:1003E00004F0294630BD94F0000F83F4801306BF5B
:1003F00081F480110134013D4EE77FEA645C18BF4F
:100400007FEA655C29D094EA050F08BF90EA020FE5
:1004100005D054EA000C04BF1946104630BD91EADD
:10042000030F1EBF0021002030BD5FEA545C05D1E0
:100430004000494128BF41F0004130BD14F580041F
:100440003CBF01F5801130BD01F0004545F0FE4193
:1004500041F470014FF0000030BD7FEA645C1ABFC8
:10046000194610467FEA655C1CBF0B46024650EAFF
:10047000013406BF52EA033591EA030F41F400212B
:1004800030BD00BF90F0000F04BF0021704730B5B1
:100490004FF4806404F132044FF000054FF0000186
:1004A00050E700BF90F0000F04BF0021704730B547
:1004B0004FF4806404F1320410F0004548BF40421C
:1004C0004FF000013EE700BF42004FEAE2014FEA71
:1004D00031014FEA02701FBF12F07F4393F07F4F4C
:1004E00081F06051704732F07F4208BF704793F04F
:1004F0007F4F04BF41F40021704730B54FF4607462
:1005000001F0004521F000411CE700BF50EA010264
:1005100008BF704730B54FF000050AE050EA01020D
:1005200008BF704730B511F0004502D5404261EB7D
:1005300041014FF4806404F132045FEA915C3FF4BE
:10054000D8AE4FF003025FEADC0C18BF03325FEA5B
:10055000DC0C18BF033202EBDC02C2F1200300FA0C
:1005600003FC20FA02F001FA03FE40EA0E0021FA31
:1005700002F11444BDE600BF70B54FF0FF0C4CF41F
:10058000E06C1CEA11541DBF1CEA135594EA0C0FD1
:1005900095EA0C0F00F0DEF82C4481EA030621EA0C
:1005A0004C5123EA4C5350EA013518BF52EA033547
:1005B00041F4801143F4801338D0A0FB02CE4FF0F9
:1005C0000005E1FB02E506F00042E0FB03E54FF029
:1005D0000006E1FB03569CF0000F18BF4EF0010E21
:1005E000A4F1FF04B6F5007F64F5407404D25FEA1D
:1005F0004E0E6D4146EB060642EAC62141EA5551D0
:100600004FEAC52040EA5E504FEACE2EB4F1FD0C11
:1006100088BFBCF5E06F1ED8BEF1004F08BF5FEA8F
:10062000500E50F1000041EB045170BD06F0004641
:1006300046EA010140EA020081EA0301B4EB5C04EE
:10064000C2BFD4EB0C0541EA045170BD41F48011E6
:100650004FF0000E013C00F3AB8014F1360FDEBF0B
:10066000002001F0004170BDC4F10004203C35DAE7
:100670000C341BDC04F11404C4F1200500FA05F36A
:1006800020FA04F001FA05F240EA020001F000420B
:1006900021F0004110EBD37021FA04F642EB060181
:1006A0005EEA430E08BF20EAD37070BDC4F10C04AB
:1006B000C4F1200500FA04F320FA05F001FA04F26F
:1006C00040EA020001F0004110EBD37041F100015B
:1006D0005EEA430E08BF20EAD37070BDC4F1200566
:1006E00000FA05F24EEA020E20FA04F301FA05F2CE
:1006F00043EA020321FA04F001F0004121FA04F276
:1007000020EA020000EBD3705EEA430E08BF20EA45
:10071000D37070BD94F0000F0FD101F0004640007F
:1007200041EB010111F4801F08BF013CF7D041EA01
:10073000060195F0000F18BF704703F00046520005
:1007400043EB030313F4801F08BF013DF7D043EAD6
:100750000603704794EA0C0F0CEA135518BF95EA8C
:100760000C0F0CD050EA410618BF52EA4306D1D113
:1007700081EA030101F000414FF0000070BD50EA32
:10078000410606BF1046194652EA430619D094EABC
:100790000C0F02D150EA013613D195EA0C0F05D1A6
:1007A00052EA03361CBF104619460AD181EA0301FA
:1007B00001F0004141F0FE4141F470014FF00000B2
:1007C00070BD41F0FE4141F4780170BD70B54FF04D
:1007D000FF0C4CF4E06C1CEA11541DBF1CEA1355CD
:1007E00094EA0C0F95EA0C0F00F0A7F8A4EB0504AF
:1007F00081EA030E52EA03354FEA013100F08880A6
:100800004FEA03334FF0805545EA131343EA12636E
:100810004FEA022245EA111545EA10654FEA002623
:100820000EF000419D4208BF964244F1FD0404F5DC
:10083000407402D25B084FEA3202B61A65EB030538
:100840005B084FEA32024FF480104FF4002CB6EBF5
:10085000020E75EB030E22BFB61A754640EA0C0075
:100860005B084FEA3202B6EB020E75EB030E22BFB5
:10087000B61A754640EA5C005B084FEA3202B6EBF6
:10088000020E75EB030E22BFB61A754640EA9C00B5
:100890005B084FEA3202B6EB020E75EB030E22BF85
:1008A000B61A754640EADC0055EA060E18D04FEA43
:1008B000051545EA16754FEA06164FEAC30343EAE3
:1008C00052734FEAC2025FEA1C1CC0D111F4801FB0
:1008D0000BD141EA00014FF000004FF0004CB6E7A9
:1008E00011F4801F04BF01430020B4F1FD0C88BF48
:1008F000BCF5E06F3FF6AFAEB5EB030C04BFB6EB53
:10090000020C5FEA500C50F1000041EB045170BD45
:100910000EF0004E4EEA113114EB5C04C2BFD4EB72
:100920000C0541EA045170BD41F480114FF0000EF6
:10093000013C90E645EA060E8DE60CEA135594EA72
:100940000C0F08BF95EA0C0F3FF43BAF94EA0C0F75
:100950000AD150EA01347FF434AF95EA0C0F7FF4EA
:1009600025AF104619462CE795EA0C0F06D152EA3E
:1009700003353FF4FDAE1046194622E750EA410622
:1009800018BF52EA43067FF4C5AE50EA41047FF433
:100990000DAF52EA43057FF4EBAE12E7844641EA1D
:1009A000000313F003036DD1403A41D351F8043BE7
:1009B00040F8043B51F8043B40F8043B51F8043B39
:1009C00040F8043B51F8043B40F8043B51F8043B29
:1009D00040F8043B51F8043B40F8043B51F8043B19
:1009E00040F8043B51F8043B40F8043B51F8043B09
:1009F00040F8043B51F8043B40F8043B51F8043BF9
:100A000040F8043B51F8043B40F8043B51F8043BE8
:100A100040F8043B51F8043B40F8043B51F8043BD8
:100A200040F8043B51F8043B40F8043B403ABDD247
:100A3000303211D351F8043B40F8043B51F8043BE9
:100A400040F8043B51F8043B40F8043B51F8043BA8
:100A500040F8043B103AEDD20C3205D351F8043B78
:100A600040F8043B043AF9D2043208D0D2071CBF44
:100A700011F8013B00F8013B01D30B88038060466D
:100A8000704700BF082A13D38B078DD010F00303E3
:100A90008AD0C3F10403D21ADB071CBF11F8013B53
:100AA00000F8013B80D331F8023B20F8023B7BE7A2
:100AB000043AD9D3013A11F8013B00F8013BF9D2CD
:100AC0000B7803704B7843708B7883706046704767
:100AD0000000000000000000000000000000000016
:100AE0000000000000000000000000000000000006
:100AF00000000000000000000000000000000000F6
:100B000090F800F06DE9024520F007016FF0000C4D
:100B100010F0070491F820F040F049804FF00004F5
:100B20006FF00700D1E9002391F840F000F10800D0
:100B300082FA4CF2A4FA8CF283FA4CF3A2FA8CF308
:100B40004BBBD1E9022382FA4CF200F10800A4FA6F
:100B50008CF283FA4CF3A2FA8CF3E3B9D1E90423C3
:100B600082FA4CF200F10800A4FA8CF283FA4CF3FA
:100B7000A2FA8CF37BB9D1E9062301F1200182FAB4
:100B80004CF200F10800A4FA8CF283FA4CF3A2FABA
:100B90008CF3002BC6D0002A04BF04301A4612BAC8
:100BA000B2FA82F2FDE8024500EBD2007047D1E9CB
:100BB000002304F00305C4F100004FEAC50514F05A
:100BC000040F91F840F00CFA05F562EA05021CBF2B
:100BD00063EA050362464FF00004A9E70000000045
:100BE00001F0FF01102A2BDB10F0070F08D010F8DE
:100BF000013B013A8B422DD010F0070F42B3F6D1E2
:100C0000F0B441EA012141EA014122F007047FF0FA
:100C100000070023F0E80256083C85EA010586EA51
:100C2000010685FA47F5A3FA87F586FA47F6A5FA8D
:100C300087F68EB9EED1F0BC01F0FF0102F0070299
:100C400032B110F8013B013A83EA010313B1F8D144
:100C50000020704701387047002D06BF3546033825
:100C6000073815F0010F07D1013015F4807F02BF5E
:100C7000013015F4C03F0130F0BC0138704700BFAF
:100C80004FF0FF3C06E000BF4FF0010C02E000BF58
:100C90004FF0010C4DF804CD4FEA410C7FEA6C5C3B
:100CA0004FEA430C18BF7FEA6C5C1BD001B050EADE
:100CB000410C0CBF52EA430C91EA030F02BF90EAC9
:100CC000020F0020704710F1000F91EA030F58BF88
:100CD000994208BF90422CBFD8176FEAE37040F0EA
:100CE000010070474FEA410C7FEA6C5C02D150EA88
:100CF000013C07D14FEA430C7FEA6C5CD6D152EA43
:100D0000033CD3D05DF8040B704700BF8446104607
:100D100062468C461946634600E000BF01B5FFF706
:100D2000B7FF002848BF10F1000F01BD4DF808EDD6
:100D3000FFF7F4FF0CBF012000205DF808FB00BFA7
:100D40004DF808EDFFF7EAFF34BF012000205DF801
:100D500008FB00BF4DF808EDFFF7E0FF94BF01204E
:100D600000205DF808FB00BF4DF808EDFFF7CEFF4F
:100D700094BF012000205DF808FB00BF4DF808ED8E
:100D8000FFF7C4FF34BF012000205DF808FB00BF5F
:100D90004FEA410C7FEA6C5C02D150EA013C0AD177
:100DA0004FEA430C7FEA6C5C02D152EA033C02D169
:100DB0004FF0000070474FF0010070474FEA4102CA
:100DC00012F5001215D211D56FF47873B3EB62529D
:100DD00012D94FEAC12343F0004343EA505311F0C4
:100DE000004F23FA02F018BF404270474FF0000056
:100DF000704750EA013005D111F0004008BF6FF094
:100E0000004070474FF00000704700BF53B94AB927
:100E1000002908BF00281CBF4FF0FF314FF0FF3002
:100E200000F074B9ADF1080C6DE904CE00F006F8DD
:100E3000DDF804E0DDE9022304B070472DE9F04756
:100E4000089D04468E46002B4DD18A42944669D9AE
:100E5000B2FA82F252B101FA02F3C2F1200120FA91
:100E600001F10CFA02FC41EA030E94404FEA1C48DF
:100E7000210CBEFBF8F61FFA8CF708FB16E341EADB
:100E8000034306FB07F199420AD91CEB030306F161
:100E9000FF3080F01F81994240F21C81023E634482
:100EA0005B1AA4B2B3FBF8F008FB103344EA034426
:100EB00000FB07F7A7420AD91CEB040400F1FF333B
:100EC00080F00A81A74240F207816444023840EA78
:100ED0000640E41B00261DB1D4400023C5E90043B1
:100EE0003146BDE8F0878B4209D9002D00F0EF8034
:100EF0000026C5E9000130463146BDE8F087B3FA67
:100F000083F6002E4AD18B4202D3824200F2F9804E
:100F1000841A61EB030301209E46002DE0D0C5E951
:100F2000004EDDE702B9FFDEB2FA82F2002A40F09D
:100F30009280A1EB0C014FEA1C471FFA8CFE0126A0
:100F4000200CB1FBF7F307FB131140EA01410EFB44
:100F500003F0884208D91CEB010103F1FF3802D2EB
:100F6000884200F2CB804346091AA4B2B1FBF7F0E5
:100F700007FB101144EA01440EFB00FEA64508D908
:100F80001CEB040400F1FF3102D2A64500F2BB8045
:100F90000846A4EB0E0440EA03409CE7C6F1200794
:100FA000B34022FA07FC4CEA030C20FA07F401FADA
:100FB00006F31C43F9404FEA1C4900FA06F3B1FB63
:100FC000F9F8200C1FFA8CFE09FB181140EA0141C8
:100FD00008FB0EF0884202FA06F20BD91CEB010165
:100FE00008F1FF3A80F08880884240F28580A8F1BD
:100FF00002086144091AA4B2B1FBF9F009FB10110F
:1010000044EA014100FB0EFE8E4508D91CEB0101AC
:1010100000F1FF346CD28E456AD90238614440EA4F
:101020000840A0FB0294A1EB0E01A142C846A646CF
:1010300056D353D05DB1B3EB080261EB0E0101FA58
:1010400007F722FA06F3F1401F43C5E900710026B5
:101050003146BDE8F087C2F12003D8400CFA02FC0B
:1010600021FA03F3914001434FEA1C471FFA8CFE1B
:10107000B3FBF7F007FB10360B0C43EA064300FB0B
:101080000EF69E4204FA02F408D91CEB030300F1A9
:10109000FF382FD29E422DD9023863449B1B89B260
:1010A000B3FBF7F607FB163341EA034106FB0EF3E9
:1010B0008B4208D91CEB010106F1FF3816D28B4296
:1010C00014D9023E6144C91A46EA004638E72E4662
:1010D000284605E70646E3E61846F8E64B45A9D25A
:1010E000B9EB020864EB0C0E0138A3E74646EAE7C9
:1010F000204694E74046D1E7D0467BE7023B614477
:1011000032E7304609E76444023842E7704700BFDF
:1011100080B400AF084B1B6B074A43F08003136396
:10112000054B1B6B044A43F00103136300BFBD462C
:101130005DF8047B704700BF0038024090B587B06F
:1011400002AF78600123FB6002F06EFA284B009337
:101150000123002241F28831264804F04DFB03466A
:10116000254A1360244B1B68002B01D0234B00E061
:10117000234B204A2349244804F0B2FF234B009319
:10118000022301224FF47A71214804F035FB034613
:10119000204A13601F4B1B68002B01D0174B00E047
:1011A000174B1B4A1749184804F09AFF124B1C684A
:1011B00003F0A6FD024600230093002301212046F0
:1011C00004F074FB134B1C6803F09AFD02460023E5
:1011D000009300230121204604F068FB002003F067
:1011E0009FFB02F051FA00BF1437BD4690BD00BF0F
:1011F000FD5E0008A0C10008D8090020A8C10008B1
:10120000B0C10008B8C10008C8370120115F00084C
:10121000C8C10008DC09002080B582B002AF00F030
:10122000E1F900F01DF8FFF773FF04F025FE04F06C
:10123000DDFD4FF4E13004F089FE064B01930123FC
:101240000093002380220449044803F0FFF903F0CF
:10125000FBFBFEE7D4090020D0C100083D110008C7
:1012600080B592B000AF07F1180330220021184674
:1012700004F08AFF3B1D00221A605A609A60DA600F
:101280001A61244B1B6C234A43F080531364224B96
:101290001B68214A43F4404313600123BB610123CF
:1012A000FB6102233B634FF480037B630F23BB632B
:1012B000D823FB6302233B6404237B6407F11803F8
:1012C000184600F031FD0346002B01D000F026F84F
:1012D00000F0BEFC0346002B01D000F01FF80F23E6
:1012E0007B600223BB600023FB604FF4A0533B6193
:1012F0004FF480537B613B1D0521184600F066FFCB
:101300000346002B01D000F009F800BF4837BD4666
:1013100080BD00BF003802400070004080B400AFC4
:1013200072B600BFFEE7000080B400AF084B5B6CF4
:10133000074A43F480435364054B1B6C044A43F053
:101340008053136400BFBD465DF8047B704700BF47
:101350000038024080B400AFFEE780B400AFFEE783
:1013600080B400AFFEE780B400AFFEE780B400AF0A
:10137000FEE780B400AF00BFBD465DF8047B704758
:1013800080B500AF04F0C4F80346012B01D002F091
:10139000DBF900F065F900BF80BD80B400AF012328
:1013A0001846BD465DF8047B704780B582B000AF3B
:1013B0007860396004F0BEFE034616221A604FF0D2
:1013C000FF3318460837BD4680BD80B582B000AFF8
:1013D00078604FF0FF317868FFF7E7FFFEE780B5F0
:1013E00086B000AFF860B9607A6000237B610AE0E4
:1013F000AFF300800146BB685A1CBA60CAB21A70CB
:101400007B6901337B617A697B689A42F0DB7B6898
:1014100018461837BD4680BD80B586B000AFF8606D
:10142000B9607A6000237B6109E0BB685A1CBA602E
:101430001B781846AFF300807B6901337B617A69C2
:101440007B689A42F1DB7B6818461837BD4680BD41
:1014500080B483B000AF78604FF0FF3318460C378C
:10146000BD465DF8047B704780B483B000AF786000
:1014700039603B684FF400525A60002318460C371D
:10148000BD465DF8047B704780B483B000AF7860E0
:10149000012318460C37BD465DF8047B704780B4C5
:1014A00085B000AFF860B9607A6000231846143741
:1014B000BD465DF8047B704780B586B000AF7860AC
:1014C000144A154BD31A7B617B693B61134B1B6834
:1014D000002B02D1114B124A1A60104B1A687B681C
:1014E00013443A699A4207D204F024FE03460C22C0
:1014F0001A604FF0FF3309E0084B1B68FB60074B95
:101500001A687B681344054A1360FB68184618374D
:10151000BD4680BD0000032000040000E00900205B
:101520005839012080B400AF164BD3F88830154AE3
:1015300043F47003C2F88830134B1B68124A43F01F
:1015400001031360104B00229A600F4B1B680E4A78
:1015500023F0847323F4803313600B4B0B4A5A60DF
:10156000094B1B68084A23F480231360064B0022B2
:10157000DA60044B4FF000629A6000BFBD465DF830
:10158000047B704700ED00E000380240103000247A
:10159000DFF834D0002103E00C4B5B58435004319A
:1015A0000B480C4B42189A42F6D30B4A02E0002338
:1015B00042F8043B094B9A42F9D3FFF7B3FF04F01A
:1015C000BFFDFFF729FE70470000032014C6000886
:1015D00000000020B8090020B8090020543901207B
:1015E000FEE7000080B500AF0E4B1B680D4A43F4C8
:1015F000007313600B4B1B680A4A43F4806313604B
:10160000084B1B68074A43F480731360032000F003
:101610000DF90F2000F008F8FFF786FE00231846AA
:1016200080BD00BF003C024080B582B000AF786052
:1016300000F0B6FF0346094AA2FB03239B091846A4
:1016400000F029F9002279684FF0FF3000F0F9F836
:10165000002318460837BD4680BD00BFD34D621039
:1016600080B400AF044B1B680133034A136000BF12
:10167000BD465DF8047B7047E409002080B400AFEC
:10168000034B1B681846BD465DF8047B704700BFDE
:10169000E409002080B485B000AF78607B6803F077
:1016A0000703FB600C4BDB68BB60BA684FF6FF03B7
:1016B0001340BB60FB681A02BB68134343F0BF636F
:1016C00043F40033BB60044ABB68D36000BF1437E7
:1016D000BD465DF8047B704700ED00E080B400AFCC
:1016E000044BDB681B0A03F007031846BD465DF890
:1016F000047B704700ED00E080B483B000AF034688
:10170000FB71FB7903F01F03012202FA03F1064A81
:1017100097F907305B0942F8231000BF0C37BD462C
:101720005DF8047B704700BF00E100E080B483B047
:1017300000AF03463960FB7197F90730002B0BDAD5
:101740003B68DAB20C49FB7903F00F03043B12014A
:10175000D2B20B441A7609E03B68DAB2074997F92E
:1017600007301201D2B20B4483F8002300BF0C37BC
:10177000BD465DF8047B704700ED00E000E100E04D
:1017800080B489B000AFF860B9607A60FB6803F09C
:101790000703FB61FB69C3F10703042B28BF042384
:1017A000BB61FB690433062B02D9FB69033B00E0F4
:1017B00000237B610122BB6902FA03F3013B1A4655
:1017C000BB681A407B699A4001217B6901FA03F3E7
:1017D000013B19467B680B40134318462437BD462E
:1017E0005DF8047B7047000080B582B000AF786080
:1017F0007B68013BB3F1807F01D301230FE00A4AEC
:101800007B68013B53600F214FF0FF30FFF78EFFE5
:10181000054B00229A60044B07221A6000231846E9
:101820000837BD4680BD00BF10E000E080B582B043
:1018300000AF78607868FFF72DFF00BF0837BD461E
:1018400080BD80B586B000AF0346B9607A60FB7397
:1018500000237B61FFF742FF78617A68B968786995
:10186000FFF78EFF024697F90F3011461846FFF733
:101870005DFF00BF1837BD4680BD80B582B000AFA8
:101880000346FB7197F907301846FFF735FF00BF95
:101890000837BD4680BD80B582B000AF78607868FB
:1018A000FFF7A2FF034618460837BD4680BD00007B
:1018B00080B487B000AF786039600023FB600023FC
:1018C000BB6000233B6100237B616FE101227B69E8
:1018D00002FA03F3FB603B681B68FA681340BB60C5
:1018E000BA68FB689A4240F05E813B685B68022BF5
:1018F00003D03B685B68122B23D17B69DA087B68D5
:10190000083253F822303B617B6903F007039B00E8
:101910000F2202FA03F3DB433A6913403B613B6851
:101920001A697B6903F007039B0002FA03F33A6923
:1019300013433B617B69DA087B680832396943F8F5
:1019400022107B681B683B617B695B00032202FA03
:1019500003F3DB433A6913403B613B685B6803F088
:1019600003027B695B0002FA03F33A6913433B61AC
:101970007B683A691A603B685B68012B0BD03B6857
:101980005B68022B07D03B685B68112B03D03B6878
:101990005B68122B30D17B689B683B617B695B0085
:1019A000032202FA03F3DB433A6913403B613B68CD
:1019B000DA687B695B0002FA03F33A6913433B611F
:1019C0007B683A699A607B685B683B6101227B694E
:1019D00002FA03F3DB433A6913403B613B685B68FF
:1019E0001B0903F001027B6902FA03F33A6913430E
:1019F0003B617B683A695A607B68DB683B617B6965
:101A00005B00032202FA03F3DB433A6913403B61B4
:101A10003B689A687B695B0002FA03F33A691343F7
:101A20003B617B683A69DA603B685B6803F080532E
:101A3000002B00F0B880634B5B6C624A43F4804338
:101A40005364614A7B699B08023352F823303B613F
:101A50007B6903F003039B000F2202FA03F3DB43CD
:101A60003A6913403B617B68584A934237D07B68A0
:101A7000574A934231D07B68564A93422BD07B68B9
:101A8000554A934225D07B68544A93421FD07B68C5
:101A9000534A934219D07B68524A934213D07B68D1
:101AA000514A93420DD07B68504A934207D07B68DD
:101AB0004F4A934201D1092312E00A2310E0082380
:101AC0000EE007230CE006230AE0052308E00423C8
:101AD00006E0032304E0022302E0012300E00023E8
:101AE0007A6902F00302920093403A6913433B6122
:101AF00035497B699B0802333A6941F823203D4B05
:101B00001B683B61BB68DB433A6913403B613B6840
:101B10005B6803F48033002B03D03A69BB6813433E
:101B20003B61344A3B691360324B5B683B61BB6885
:101B3000DB433A6913403B613B685B6803F4003365
:101B4000002B03D03A69BB6813433B61294A3B69C8
:101B50005360284B9B683B61BB68DB433A69134089
:101B60003B613B685B6803F48013002B03D03A6948
:101B7000BB6813433B611F4A3B6993601D4BDB68A5
:101B80003B61BB68DB433A6913403B613B685B6880
:101B900003F40013002B03D03A69BB6813433B6185
:101BA000144A3B69D3607B6901337B617B690F2BEE
:101BB0007FF68CAE00BF00BF1C37BD465DF8047BCE
:101BC000704700BF0038024000380140000002406A
:101BD0000004024000080240000C024000100240D5
:101BE0000014024000180240001C02400020024085
:101BF00000240240003C014080B483B000AF786014
:101C00000B467B8013467B707B78002B03D07A8851
:101C10007B689A6103E07B881A047B689A6100BF45
:101C20000C37BD465DF8047B704780B483B000AFCD
:101C300078600B467B807B685A697B885A407B685A
:101C40005A6100BF0C37BD465DF8047B7047000049
:101C500080B58AB000AF00237B62314B1B6C304AE9
:101C600043F0805313644FF48033BB61BB6993FA34
:101C7000A3F37B617B693B623B6AB3FA83F3FB614D
:101C8000FB69DBB29B0003F1844303F560231A4632
:101C900001231360FFF7F2FC786209E0FFF7EEFC26
:101CA00002467B6AD31AB3F57A7F01D9032333E066
:101CB0001C4B5B6803F48033B3F5803FEED14FF4E7
:101CC0000033BB60BB6893FAA3F37B607B683B6126
:101CD0003B69B3FA83F3FB60FB68DBB29B0003F163
:101CE000844303F560231A4601231360FFF7C6FC03
:101CF000786209E0FFF7C2FC02467B6AD31AB3F5AB
:101D00007A7F01D9032307E0064B5B6803F40033B5
:101D1000B3F5003FEED1002318462837BD4680BDFD
:101D2000003802400070004080B598B000AF786085
:101D30000023FB657B681B6803F00103002B66D062
:101D40009C4B9B6803F00C03042B0CD0994B9B68B5
:101D500003F00C03082B12D1964B5B6803F480034D
:101D6000B3F5800F0BD1934B1B6803F40033002BAA
:101D70004CD07B685B68002B48D101231AE28E4B64
:101D800000221A70FFF77AFCF86508E0FFF776FC8E
:101D90000246FB6DD31A642B01D903230AE2854B5B
:101DA0001B6803F40033002BF0D17B685A68824B28
:101DB000D2B21A707B685B68002B13D0FFF75EFC11
:101DC000F86508E0FFF75AFC0246FB6DD31A642B56
:101DD00001D90323EEE1774B1B6803F40033002B9A
:101DE000F0D014E0FFF74AFCF86508E0FFF746FC86
:101DF0000246FB6DD31A642B01D90323DAE16D4B44
:101E00001B6803F40033002BF0D100E000BF7B68B7
:101E10001B6803F00203002B7FD0664B9B6803F026
:101E20000C03002B0BD0634B9B6803F00C03082BB7
:101E30002AD1604B5B6803F48003002B24D15D4BF7
:101E40001B6803F00203002B05D07B68DB68012BC5
:101E500001D00123AEE1574B1B6823F0F8027B68E9
:101E60001B69F8213965396D91FAA1F1F964F96CB2
:101E7000B965B96DB1FA81F17965796DC9B28B40F7
:101E80004C4913430B6048E07B68DB68002B2ED085
:101E90004A4B01221A60FFF7F1FBF86508E0FFF7F3
:101EA000EDFB0246FB6DD31A642B01D9032381E1BC
:101EB000404B1B6803F00203002BF0D03D4B1B6826
:101EC00023F0F8027B681B69F8213964396C91FAB8
:101ED000A1F1F963F96BB964B96CB1FA81F1796474
:101EE000796CC9B28B40334913430B6015E0334B17
:101EF00000221A60FFF7C2FBF86508E0FFF7BEFB9F
:101F00000246FB6DD31A642B01D9032352E1294BFE
:101F10001B6803F00203002BF0D17B681B6803F001
:101F20000803002B30D07B685B69002B16D0244B54
:101F300001221A60FFF7A2FBF86508E0FFF79EFB9D
:101F40000246FB6DD31A642B01D9032332E1194BEE
:101F50005B6F03F00203002BF0D015E0184B00225A
:101F60001A60FFF78BFBF86508E0FFF787FB024676
:101F7000FB6DD31A642B01D903231BE10D4B5B6F5F
:101F800003F00203002BF0D17B681B6803F004030D
:101F9000002B74D0074B1B6C064A43F0805313642C
:101FA000084B1B68074A43F480731360FFF766FB16
:101FB000F86512E000380240023802400000474253
:101FC000800E474200700040FFF758FB0246FB6D51
:101FD000D31A642B01D90323ECE0784B1B6803F47C
:101FE0008073002BF0D0764B00221A70FFF746FB6F
:101FF000F8650AE0FFF742FB0246FB6DD31A41F297
:102000008832934201D90323D4E06E4B1B6F03F057
:102010000203002BEED17B689A68694BD2B21A702A
:102020007B689B68012B15D1FFF728FBF8650AE058
:10203000FFF724FB0246FB6DD31A41F2883293422C
:1020400001D90323B6E05F4B1B6F03F00203002BA3
:10205000EED014E0FFF712FBF8650AE0FFF70EFB85
:102060000246FB6DD31A41F28832934201D9032311
:10207000A0E0544B1B6F03F00203002BEED17B68F2
:102080009B69002B00F095804E4B9B6803F00C037E
:10209000082B00F08C807B689B69022B70D14A4B27
:1020A00000221A60FFF7EAFAF86508E0FFF7E6FA9F
:1020B0000246FB6DD31A642B01D903237AE0414B0E
:1020C0001B6803F00073002BF0D17B681A6A7B68F1
:1020D0005B6A47F6C0713961396991FAA1F1F9601B
:1020E000F968B961B969B1FA81F179617969C9B2FF
:1020F0008B401A437B689B6A5B08013B4FF440317D
:102100003962396A91FAA1F1F961F969B962B96A7A
:10211000B1FA81F17962796AC9B28B401A437B685E
:10212000DB691A437B68DB6A4FF070613963396B96
:1021300091FAA1F1F962F96AB963B96BB1FA81F167
:102140007963796BC9B28B4013431E4A43F0005345
:1021500053601D4B01221A60FFF790FAF86508E002
:10216000FFF78CFA0246FB6DD31A642B01D90323C7
:1021700020E0144B1B6803F00073002BF0D018E034
:10218000114B00221A60FFF779FAF86508E0FFF7B3
:1021900075FA0246FB6DD31A642B01D9032309E0BB
:1021A000084B1B6803F00073002BF0D101E0012302
:1021B00000E0002318466037BD4680BD0070004037
:1021C00070380240003802406000474280B584B059
:1021D00000AF786039600023FB60924B1B6803F00E
:1021E0000F033A689A4240F28F808E4B3A68D2B21F
:1021F0001A708C4B1B6803F00F033A689A4201D0A7
:10220000012336E17B681B6803F00203002B08D032
:10221000854B9B6823F0F0027B689B6882491343DF
:102220008B607B681B6803F00103002B00F0FE80CD
:102230007B685B68012B07D17B4B1B6803F4003381
:10224000002B15D1012314E17B685B68022B07D1B9
:10225000754B1B6803F00073002B09D1012308E1C3
:10226000714B1B6803F00203002B01D1012300E135
:102270006D4B9B6823F003027B685B686A491343DC
:102280008B60FFF7FBF9F8607B685B68012B12D16C
:102290000AE0FFF7F3F90246FB68D31A41F28832ED
:1022A000934201D90323E4E05F4B9B6803F00C03E6
:1022B000042BEED1BAE07B685B68022B1DD10AE0EB
:1022C000FFF7DCF90246FB68D31A41F288329342E9
:1022D00001D90323CDE0544B9B6803F00C03082B7A
:1022E000EED1A3E0FFF7CAF90246FB68D31A41F228
:1022F0008832934201D90323BBE04B4B9B6803F028
:102300000C03002BEED191E07B681B6803F0020305
:10231000002B08D0444B9B6823F0F0027B689B683D
:10232000414913438B607B681B6803F00103002B5A
:102330006AD07B685B68012B07D13B4B1B6803F4B9
:102340000033002B15D1012393E07B685B68022BDF
:1023500007D1354B1B6803F00073002B09D1012313
:1023600087E0314B1B6803F00203002B01D10123EE
:102370007FE02D4B9B6823F003027B685B682A4952
:1023800013438B60FFF77AF9F8607B685B68012B79
:1023900012D10AE0FFF772F90246FB68D31A41F244
:1023A0008832934201D9032363E01F4B9B6803F0FB
:1023B0000C03042BEED127E07B685B68022B1DD158
:1023C0000AE0FFF75BF90246FB68D31A41F2883254
:1023D000934201D903234CE0134B9B6803F00C0399
:1023E000082BEED110E0FFF749F90246FB68D31A3B
:1023F00041F28832934201D903233AE00A4B9B68A9
:1024000003F00C03002BEED1064B3A68D2B21A70DF
:10241000044B1B6803F00F033A689A4206D001236D
:1024200027E000BF003C0240003802407B681B6888
:1024300003F00403002B08D0104B9B6823F4E052F8
:102440007B68DB680D4913438B607B681B6803F076
:102450000803002B09D0094B9B6823F460427B687A
:102460001B69DB00054913438B600F20FFF7DCF885
:10247000002318461037BD4680BD00BF003802401B
:1024800080B491B000AF00237B630023FB63002383
:102490003B630023BB633F4B9B6803F00C03082B9B
:1024A0000CD0082B6BD8002B02D0042B03D066E095
:1024B000394BBB6366E0394BBB6363E0354B5B680C
:1024C00003F03F037B63334B5B6803F48003002B13
:1024D0001CD0324A7B6BB2FBF3F22E4B596847F6A5
:1024E000C0730B4047F6C0717962796A91FAA1F125
:1024F0003962396AF962F96AB1FA81F1B962B96A85
:10250000C9B2CB4002FB03F3FB631BE0224A7B6BA7
:10251000B2FBF3F21F4B596847F6C0730B4047F606
:10252000C0717961796991FAA1F139613969F9610B
:10253000F969B1FA81F1B961B969C9B2CB4002FB5D
:1025400003F3FB63134B5B6803F440334FF44032F7
:102550007A607A6892FAA2F23A603A68FA60FA68A7
:10256000B2FA82F2BA60BA68D2B2D34001335B00E9
:102570003B63FA6B3B6BB2FBF3F3BB6302E0064BCE
:10258000BB6300BFBB6B18464437BD465DF8047B98
:10259000704700BF003802400024F40040787D01FD
:1025A00080B584B000AFFFF76BFF01460F4B9B680F
:1025B00003F0F003F0227A607A6892FAA2F23A60AD
:1025C0003A68FA60FA68B2FA82F2BA60BA68D2B2CD
:1025D000D340074AD35C21FA03F3064A1360054B44
:1025E0001B6818461037BD4680BD00BF003802404A
:1025F000F4C100080000002080B584B000AFFFF7F0
:10260000CFFF01460D4B9B6803F4E0534FF4E052BB
:102610007A607A6892FAA2F23A603A68FA60FA68E6
:10262000B2FA82F2BA60BA68D2B2D340044AD35C3A
:1026300021FA03F318461037BD4680BD003802402A
:10264000F4C1000880B584B000AFFFF7A9FF0146D0
:102650000D4B9B6803F460434FF460427A607A68E4
:1026600092FAA2F23A603A68FA60FA68B2FA82F232
:10267000BA60BA68D2B2D340044AD35C21FA03F3F9
:1026800018461037BD4680BD00380240F4C100082E
:1026900080B582B000AF78607B68002B01D1012348
:1026A00037E07B6893F83930DBB2002B02D17868D1
:1026B00003F070FC7B68022283F839207B681B687A
:1026C000DA687B681B6822F40052DA60786800F0F0
:1026D0005DFC7B681B681A697B681B6822F490426A
:1026E0001A617B681B685A697B681B6822F02A02A2
:1026F0005A617B681B68DA687B681B6842F4005289
:10270000DA607B680022DA637B68012283F8392073
:10271000002318460837BD4680BD80B586B000AF9F
:10272000F860B9603B601346FB8000237B61FB6867
:1027300093F83930DBB27B617B69012B03D07B6975
:10274000222B40F08E80BB68002B02D0FB88002B30
:1027500001D1012386E0FB6893F83830012B01D1C9
:1027600002237FE0FB68012283F83820FB68002207
:10277000DA63FB6893F83930DBB2222B04D1FB68B3
:10278000322283F8392003E0FB68122283F83920D3
:10279000FB68FA889A84FB68FA88DA843DE0FB6873
:1027A000DB8C013B9AB2FB68DA84FB689B68B3F56B
:1027B000805F20D13B6800228021F86800F029FA70
:1027C0000346002B01D003234CE0BB683B613B690F
:1027D0001B881A46FB681B68C2F308025A60FB6834
:1027E0001B69002B03D1BB680233BB6015E0BB68DB
:1027F0000133BB6011E03B6800228021F86800F0E3
:1028000008FA0346002B01D003232BE0BB685A1CB7
:10281000BA601A78FB681B685A60FB68DB8C002B77
:10282000BDD13B6800224021F86800F0F2F9034670
:10283000002B01D0032315E0FB6893F83930DBB29D
:10284000322B04D1FB68222283F8392003E0FB6895
:10285000012283F83920FB68002283F83820002306
:1028600000E0022318461837BD4680BD80B586B00B
:1028700000AFF860B9603B601346FB8000237B61CA
:10288000FB6893F83930DBB27B617B69012B03D0A5
:102890007B69122B40F09D80BB68002B02D0FB8827
:1028A000002B01D1012395E0FB6893F83830012B10
:1028B00001D102238EE0FB68012283F83820FB68F7
:1028C0000022DA63FB6893F83930DBB2122B04D1B3
:1028D000FB68322283F8392003E0FB68222283F868
:1028E0003920FB68FA889A85FB68FA88DA8557E010
:1028F000FB68DB8D013B9AB2FB68DA85FB689B685D
:10290000B3F5805F29D13B6800222021F86800F0F0
:1029100080F90346002B01D003235BE0BB683B61D9
:10292000FB681B69002B0CD1FB681B685B689BB2C2
:10293000C3F308039AB23B691A80BB680233BB60D9
:102940002EE0FB681B685B689BB2DBB29AB23B6906
:102950001A80BB680133BB6022E03B680022202163
:10296000F86800F056F90346002B01D0032331E04C
:10297000FB681B69002B08D1FB681B685968BB68A2
:102980005A1CBA60CAB21A700AE0FB681B685B681E
:10299000DAB2BB68591CB96002F07F02D2B21A7079
:1029A000FB68DB8D002BA3D1FB6893F83930DBB2D9
:1029B000322B04D1FB68122283F8392003E0FB6834
:1029C000012283F83920FB68002283F83820002395
:1029D00000E0022318461837BD4680BD80B588B098
:1029E00000AF78600023FB610023BB617B681B683C
:1029F0001B6803F00103012B0CBF01230023DBB292
:102A0000FB617B681B68DB6803F48073BB61FB6957
:102A1000002B11D0BB69002B0ED07B681B681B6894
:102A20007B617B681B685B687B617B697B68DB6BB8
:102A300043F001027B68DA637B681B681B6803F064
:102A40000203022B0CBF01230023DBB2FB617B6876
:102A50001B685B6903F00103BB61FB69002B11D0AC
:102A6000BB69002B0ED07B681B681B683B617B68D1
:102A70001B685B683B613B697B68DB6B43F004026E
:102A80007B68DA637B681B681B6803F00403042B14
:102A90000CBF01230023DBB2FB617B681B685B6911
:102AA00003F00103BB61FB69002B11D0BB69002B54
:102AB0000ED07B681B681B68FB607B681B685B68CB
:102AC000FB60FB687B68DB6B43F002027B68DA63C8
:102AD0007B681B681B6803F00803082B0CBF0123ED
:102AE0000023DBB2FB617B681B685B6903F00103B9
:102AF000BB61FB69002B11D0BB69002B0ED07B683A
:102B00001B681B68BB607B681B685B68BB60BB683D
:102B10007B68DB6B43F008027B68DA637B681B68C9
:102B20001B6803F02003202B0CBF01230023DBB222
:102B3000FB617B681B68DB6803F02003BB61FB69FA
:102B4000002B05D0BB69002B02D0786800F08AF911
:102B50007B681B681B6803F08003802B0CBF01237C
:102B60000023DBB2FB617B681B68DB6803F080033A
:102B7000BB61FB69002B05D0BB69002B02D07868D4
:102B800000F0E0F87B681B681B6803F04003402BF3
:102B90000CBF01230023DBB2FB617B681B68DB6891
:102BA00003F04003BB61FB69002B05D0BB69002B20
:102BB00002D0786800F023F97B68DB6B002B06D02D
:102BC0007B68012283F83920786800F018F800BF8C
:102BD0002037BD4680BD80B483B000AF786000BFB1
:102BE0000C37BD465DF8047B704780B483B000AFFE
:102BF000786000BF0C37BD465DF8047B704780B439
:102C000083B000AF786000BF0C37BD465DF8047B31
:102C1000704780B586B000AFF860B9603B6013467E
:102C2000FB7100237B61FEF729FD7861FB79002BA6
:102C30007BD138E03B68B3F1FF3F34D03B68002BD9
:102C400007D0FEF71BFD02467B69D31A3A689A4209
:102C500029D2FB681B68DA68FB681B6822F08002D7
:102C6000DA60FB681B68DA68FB681B6822F02002E8
:102C7000DA60FB681B68DA68FB681B6822F4807204
:102C8000DA60FB681B685A69FB681B6822F0010266
:102C90005A61FB68012283F83920FB68002283F81F
:102CA000382003234AE0FB681B681A68BB6813409E
:102CB000BA689A42BED140E03B68B3F1FF3F34D0DE
:102CC0003B68002B07D0FEF7D9FC02467B69D31A7C
:102CD0003A689A4229D2FB681B68DA68FB681B686D
:102CE00022F08002DA60FB681B68DA68FB681B6808
:102CF00022F02002DA60FB681B68DA68FB681B6858
:102D000022F48072DA60FB681B685A69FB681B68F2
:102D100022F001025A61FB68012283F83920FB6826
:102D2000002283F83820032308E0FB681B681A6838
:102D3000BB681340BA689A42BED0002318461837C1
:102D4000BD4680BD80B485B000AF78600023FB60D5
:102D50007B6893F83930DBB2FB60FB68122B02D042
:102D6000FB68322B44D17B689B68B3F5805F1AD136
:102D70007B681B6ABB60BB681B881A467B681B6844
:102D8000C2F308025A607B681B69002B05D17B687F
:102D90001B6A9A1C7B681A620EE07B681B6A5A1CCD
:102DA0007B681A6208E07B681B6A591C7A681162AA
:102DB0001A787B681B685A607B68DB8C013B9AB28F
:102DC0007B68DA847B68DB8C002B0FD17B681B6807
:102DD000DA687B681B6822F08002DA607B681B6817
:102DE000DA687B681B6842F04002DA60002300E08A
:102DF000022318461437BD465DF8047B704780B542
:102E000082B000AF78607B681B68DA687B681B68FB
:102E100022F04002DA607B6893F83930DBB2322B63
:102E200004D17B68222283F8392013E07B681B6879
:102E3000DA687B681B6822F48072DA607B681B6842
:102E40005A697B681B6822F001025A617B68012283
:102E500083F839207868FFF7BEFE0023184608374C
:102E6000BD4680BD80B584B000AF78600023FB60B4
:102E70007B6893F83930DBB2FB60FB68222B02D011
:102E8000FB68322B7CD17B689B68B3F5805F23D1D4
:102E90007B689B6ABB607B681B69002B0ED17B68DB
:102EA0001B685B689BB2C3F308039AB2BB681A80C5
:102EB0007B689B6A9A1C7B689A6229E07B681B6826
:102EC0005B689BB2DBB29AB2BB681A807B689B6A74
:102ED0005A1C7B689A621BE07B681B69002B0AD135
:102EE0007B681B6858687B689B6A591C7A6891628A
:102EF000C2B21A700CE07B681B685B68DAB27B6850
:102F00009B6A581C7968886202F07F02D2B21A70FC
:102F10007B68DB8D013B9AB27B68DA857B68DB8D51
:102F2000002B2BD17B681B68DA687B681B6822F05A
:102F30002002DA607B6893F83930DBB2322B04D19F
:102F40007B68122283F8392013E07B681B68DA68FB
:102F50007B681B6822F48072DA607B681B685A69A0
:102F60007B681B6822F001025A617B68012283F8AA
:102F700039207868FFF739FE002302E0002300E0E3
:102F8000022318461037BD4680BD0000B0B584B09E
:102F900000AF78600023FB607B681B681B69FB60E7
:102FA000FB6823F44053FB607B68DB68FA681343DB
:102FB000FB607B681B68FA681A617B681B68DB68CA
:102FC000FB60FB6823F4164323F00C03FB607B6873
:102FD0009A687B681B691A437B685B691A437B6844
:102FE000DB691343FA681343FB607B681B68FA686C
:102FF000DA607B681B685B69FB60FB6823F44073E5
:10300000FB607B689B69FA681343FB607B681B6805
:10301000FA685A617B68DB69B3F5004F40F08C8039
:103020007B681B688C4A934204D07B681B688B4A80
:10303000934240D1FFF706FB024613469B00134420
:103040009A001A447B685B685B00B2FBF3F3844A26
:10305000A2FB03235B091C01FFF7F4FA02461346A7
:103060009B0013449A001A447B685B685B00B2FBC8
:10307000F3F5FFF7E7FA024613469B0013449A0064
:103080001A447B685B685B00B2FBF3F3744AA2FBF3
:1030900003235B09642202FB03F3EB1A1B013233A7
:1030A0006F4AA2FB03235B0903F00F027B681B68D6
:1030B00022439A60CCE0FFF79FFA024613469B003A
:1030C00013449A001A447B685B685B00B2FBF3F31D
:1030D000634AA2FB03235B091C01FFF78DFA02463A
:1030E00013469B0013449A001A447B685B685B009C
:1030F000B2FBF3F5FFF780FA024613469B00134438
:103100009A001A447B685B685B00B2FBF3F3544A95
:10311000A2FB03235B09642202FB03F3EB1A1B01EE
:1031200032334F4AA2FB03235B0903F00F027B6893
:103130001B6822439A608BE07B681B68464A934277
:1031400004D07B681B68454A934240D1FFF77AFA66
:10315000024613469B0013449A001A447B685B683E
:103160009B00B2FBF3F33E4AA2FB03235B091C0165
:10317000FFF768FA024613469B0013449A001A446C
:103180007B685B689B00B2FBF3F5FFF75BFA0246D6
:1031900013469B0013449A001A447B685B689B00AB
:1031A000B2FBF3F32E4AA2FB03235B09642202FB6A
:1031B00003F3EB1A1B013233294AA2FB03235B09F9
:1031C00003F00F027B681B6822439A6040E0FFF720
:1031D00013FA024613469B0013449A001A447B6874
:1031E0005B689B00B2FBF3F31D4AA2FB03235B0960
:1031F0001C01FFF701FA024613469B0013449A0094
:103200001A447B685B689B00B2FBF3F5FFF7F4F9A7
:10321000024613469B0013449A001A447B685B687D
:103220009B00B2FBF3F30E4AA2FB03235B0964226B
:1032300002FB03F3EB1A1B013233094AA2FB0323FF
:103240005B0903F00F027B681B6822439A60FFE76B
:1032500000BF1037BD46B0BD001001400014014052
:103260001F85EB5180B483B000AF78607B6803F1B9
:1032700008027B685A607B684FF0FF329A607B6877
:1032800003F108027B68DA607B6803F108027B685F
:103290001A617B6800221A6000BF0C37BD465DF8DA
:1032A000047B704780B483B000AF78607B680022F5
:1032B0001A6100BF0C37BD465DF8047B704780B4CF
:1032C00085B000AF786039607B685B68FB603B6805
:1032D000FA685A60FB689A683B689A60FB689B686A
:1032E0003A685A60FB683A689A603B687A681A6183
:1032F0007B681B685A1C7B681A6000BF1437BD4688
:103300005DF8047B704780B485B000AF78603960A9
:103310003B681B68BB60BB68B3F1FF3F03D17B68B0
:103320001B69FB600CE07B680833FB6002E0FB6814
:103330005B68FB60FB685B681B68BA689A42F6D200
:10334000FB685A683B685A603B685B683A689A60F9
:103350003B68FA689A60FB683A685A603B687A682A
:103360001A617B681B685A1C7B681A6000BF14379F
:10337000BD465DF8047B704780B485B000AF7860CF
:103380007B681B69FB607B685B687A6892689A60FF
:103390007B689B687A6852685A60FB685B687A68E9
:1033A0009A4203D17B689A68FB685A607B68002266
:1033B0001A61FB681B685A1EFB681A60FB681B6871
:1033C00018461437BD465DF8047B704780B485B05D
:1033D00000AFF860B9607A60FB68043BFB60FB6893
:1033E0004FF080721A60FB68043BFB60BB6823F0FF
:1033F0000102FB681A60FB68043BFB600C4AFB6837
:103400001A60FB68143BFB607A68FB681A60FB6813
:10341000043BFB60FB686FF002021A60FB68203B14
:10342000FB60FB6818461437BD465DF8047B7047A7
:103430003534000880B485B000AF00237B60124BA8
:103440001B68B3F1FF3F0AD04FF0500383F311889C
:10345000BFF36F8FBFF34F8FFB6000BFFEE74FF0EE
:10346000500383F31188BFF36F8FBFF34F8FBB609F
:1034700000BF00BF7B68002BFCD000BF00BF14372B
:10348000BD465DF8047B704704000020000000008A
:10349000074B19680868B0E8F04F80F30988BFF35C
:1034A0006F8F4FF0000080F311887047AFF30080FA
:1034B0004C36012000BF00BF08480068006880F358
:1034C00008884FF0000080F3148862B661B6BFF33D
:1034D0004F8FBFF36F8F00DF00BF000008ED00E0EB
:1034E00000BF00BF80B586B000AF464B1B68464AA0
:1034F00093420AD14FF0500383F31188BFF36F8FCB
:10350000BFF34F8F3B6100BFFEE73E4B1B683F4A56
:1035100093420AD14FF0500383F31188BFF36F8FAA
:10352000BFF34F8FFB6000BFFEE7394B7B617B69C8
:103530001B78DBB27B607B69FF221A707B691B788A
:10354000DBB2FB70FB78DBB203F05003DAB2314B35
:103550001A70314B07221A6009E02F4B1B68013BA0
:103560002D4A1360FB78DBB25B00DBB2FB70FB78AB
:10357000DBB203F08003802BEFD0274B1B68C3F135
:103580000703042B0AD04FF0500383F31188BFF3D5
:103590006F8FBFF34F8FBB6000BFFEE71E4B1B68F2
:1035A0001B021D4A13601C4B1B6803F4E0631A4A9C
:1035B00013607B68DAB27B691A70184B1B68174A74
:1035C00043F470031360154B1B68144A43F07043B7
:1035D000136000F0DBF8124B00221A6000F0FAF8DA
:1035E000104B1B680F4A43F040431360FFF764FF22
:1035F00001F0B8FCFFF71EFF002318461837BD4640
:1036000080BD00BF00ED00E071C20F4170C20F41EC
:1036100000E400E0E8090020EC09002020ED00E0D3
:103620000400002034EF00E080B483B000AF4FF01E
:10363000500383F31188BFF36F8FBFF34F8F7B600D
:1036400000BF0F4B1B6801330D4A13600C4B1B6806
:10365000012B0FD10B4B1B68DBB2002B0AD04FF0B4
:10366000500383F31188BFF36F8FBFF34F8F3B601D
:1036700000BFFEE700BF0C37BD465DF8047B704716
:103680000400002004ED00E080B483B000AF124BD2
:103690001B68002B0AD14FF0500383F31188BFF34E
:1036A0006F8FBFF34F8F7B6000BFFEE70A4B1B6835
:1036B000013B094A1360084B1B68002B05D100230E
:1036C0003B603B6883F3118800BF00BF0C37BD46E9
:1036D0005DF8047B704700BF04000020000000007C
:1036E000EFF30980BFF36F8F154B1A681EF0100FB0
:1036F00008BF20ED108A20E9F04F10602DE9090085
:103700004FF0500080F31188BFF34F8FBFF36F8FDE
:1037100001F028FC4FF0000080F3118809BC196803
:103720000868B0E8F04F1EF0100F08BFB0EC108A28
:1037300080F30988BFF36F8F704700BFAFF300803D
:103740004C36012000BF00BF80B582B000AF4FF003
:10375000500383F31188BFF36F8FBFF34F8F7B60EC
:1037600000BF01F0E9FA0346002B03D0064B4FF0EF
:1037700080521A6000233B603B6883F3118800BFCE
:1037800000BF0837BD4680BD04ED00E080B400AF47
:103790000B4B00221A600B4B00221A600A4B1B686D
:1037A0000A4AA2FB03239B09094A013B1360044B0D
:1037B00007221A6000BFBD465DF8047B704700BF5A
:1037C00010E000E018E000E000000020D34D62109F
:1037D00014E000E0DFF80C00016841F470010160C2
:1037E0007047000088ED00E000BF00BF80B485B0E6
:1037F00000AFEFF30583FB60FB680F2B14D9174A6A
:10380000FB6813441B78FB72154B1B78FA7A9A42BB
:103810000AD24FF0500383F31188BFF36F8FBFF3C9
:103820004F8F7B6000BFFEE70E4B1B6803F4E06226
:103830000D4B1B689A420AD94FF0500383F311884D
:10384000BFF36F8FBFF34F8F3B6000BFFEE700BF3A
:103850001437BD465DF8047B704700BFF0E300E01D
:10386000E80900200CED00E0EC09002080B58AB0EA
:1038700000AF78600023FB6101F038F9534B1B68FF
:10388000002B01D100F008F97B68002B12D0082230
:103890007B6803F00703D31A0833BB61BB69DB43C2
:1038A0007A689A4204D87A68BB6913447B6001E065
:1038B00000237B607B68002B70DB7B68002B6DD066
:1038C000434B1B687A689A4268D8424B3B62414B33
:1038D0001B687B6204E07B6A3B627B6A1B687B62DD
:1038E0007B6A5B687A689A4203D97B6A1B68002B03
:1038F000F1D1364B1B687A6A9A424FD03B6A1B68FB
:1039000008221344FB617B6A1A683B6A1A607B6A6F
:103910005A687B68D21A08235B009A421FD97A6AD8
:103920007B6813447B617B6903F00703002B0AD09B
:103930004FF0500383F31188BFF36F8FBFF34F8FA6
:103940003B6100BFFEE77B6A5A687B68D21A7B69DD
:103950005A607B6A7A685A60786900F0F9F81C4B03
:103960001A687B6A5B68D31A194A1360184B1A6885
:10397000194B1B689A4203D2154B1B68164A1360F9
:103980007B6A5B6843F000427B6A5A607B6A002274
:103990001A60124B1B680133104A136001F0B4F82F
:1039A000FB6903F00703002B0AD04FF0500383F3A9
:1039B0001188BFF36F8FBFF34F8FFB6000BFFEE72F
:1039C000FB6918462837BD4680BD00BFF835012089
:1039D000FC350120F035012000360120043601209D
:1039E00080B586B000AF78607B687B617B68002B18
:1039F00049D008235B427A6913447B617B693B6150
:103A00003B695B68002B0ADB4FF0500383F311889E
:103A1000BFF36F8FBFF34F8FFB6000BFFEE73B69C3
:103A20001B68002B0AD04FF0500383F31188BFF3BB
:103A30006F8FBFF34F8FBB6000BFFEE73B695B68D2
:103A4000DB0F03F00103DBB2002B1CD03B691B68CA
:103A5000002B18D13B695B6823F000423B695A6038
:103A600001F044F83B695A68094B1B681344084A43
:103A70001360386900F06CF8064B1B680133054A87
:103A8000136001F041F800BF1837BD4680BD00BF8C
:103A9000FC3501200836012080B485B000AF4FF41A
:103AA0009633BB60254BFB60FB6803F00703002BDC
:103AB0000CD0FB680733FB60FB6823F00703FB6057
:103AC000BA68FB68D31A1D4A1344BB60FB687B606D
:103AD0001B4A7B6813601A4B00225A607B68BA68E5
:103AE0001344FB600822FB689B1AFB60FB6823F011
:103AF0000703FB60FB68134A1360124B1B6800222C
:103B00005A60104B1B6800221A607B683B603B6860
:103B1000FA68D21A3B685A600A4B1A683B681A6006
:103B20003B685B68084A13603B685B68074A136040
:103B300000BF1437BD465DF8047B7047F0090020D4
:103B4000F0350120F835012000360120FC35012038
:103B500080B485B000AF7860284BFB6002E0FB6862
:103B60001B68FB60FB681B687A689A42F7D8FB68A1
:103B7000BB60FB685B68BA6813447A689A4208D1F4
:103B8000FB685A687B685B681A44FB685A60FB688C
:103B90007B607B68BB607B685B68BA681A44FB68C3
:103BA0001B689A4218D1FB681A68154B1B689A4229
:103BB0000DD07B685A68FB681B685B681A447B6899
:103BC0005A60FB681B681A687B681A6008E00C4B37
:103BD0001A687B681A6003E0FB681A687B681A60E1
:103BE000FA687B689A4202D0FB687A681A6000BF64
:103BF0001437BD465DF8047B704700BFF0350120E7
:103C0000F835012080B586B000AF786039600123B7
:103C10007B617B683B613B69002B0AD14FF050030D
:103C200083F31188BFF36F8FBFF34F8FFB6000BF2B
:103C3000FEE73B69002B5DD03B69DB6B002B59D065
:103C40003B691A6C3B69DB6B0021A3FB0223002B51
:103C500000D001210B46002B4CD1FFF7E5FC3B695E
:103C60001A683B69DB6B3969096C01FB03F31A4481
:103C70003B699A603B6900229A633B691A683B6919
:103C80005A603B691A683B69DB6B013B3969096C17
:103C900001FB03F31A443B69DA603B69FF2283F8B6
:103CA00044203B69FF2283F845203B68002B14D158
:103CB0003B691B69002B1AD03B691033184601F091
:103CC00017FA0346002B12D0154B4FF080521A60A2
:103CD000BFF34F8FBFF36F8F09E03B691033184676
:103CE000FFF7C0FA3B6924331846FFF7BBFAFFF72A
:103CF000CBFC01E000237B617B69002B0AD14FF0F4
:103D0000500383F31188BFF36F8FBFF34F8FBB60F6
:103D100000BFFEE77B6918461837BD4680BD00BF6F
:103D200004ED00E080B58AB002AFF860B9601346D8
:103D3000FB710023FB61FB68002B2ED00021BA68C9
:103D4000FB68A3FB0223002B00D001210B46002BB4
:103D500023D1FB68BA6802FB03F313F1510F1CD89F
:103D6000FB68BA6802FB03F3BB61BB6950331846BA
:103D7000FFF77CFDF861FB69002B1CD0FB697B61C0
:103D80007B6950337B61FA79FB69009313467A694A
:103D9000B968F86800F014F80DE0FB69002B0AD14F
:103DA0004FF0500383F31188BFF36F8FBFF34F8F32
:103DB0003B6100BFFEE7FB6918462037BD4680BD6A
:103DC00080B584B000AFF860B9607A60FB70BB6802
:103DD000002B03D1BB69BA691A6002E0BB697A683B
:103DE0001A60BB69FA68DA63BB69BA681A640121B0
:103DF000B869FFF707FFBB69FA7883F84C2000BF6A
:103E00001037BD4680BD000080B58EB000AFF860B1
:103E1000B9607A603B6000237B63FB683B633B6B6C
:103E2000002B0AD14FF0500383F31188BFF36F8F3B
:103E3000BFF34F8FBB6200BFFEE7BB68002B03D10F
:103E40003B6B1B6C002B01D1012300E00023002BF6
:103E50000AD14FF0500383F31188BFF36F8FBFF384
:103E60004F8F7B6200BFFEE73B68022B03D13B6BA9
:103E7000DB6B012B01D1012300E00023002B0AD1D1
:103E80004FF0500383F31188BFF36F8FBFF34F8F51
:103E90003B6200BFFEE701F03BFB0346002B02D173
:103EA0007B68002B01D1012300E00023002B0AD105
:103EB0004FF0500383F31188BFF36F8FBFF34F8F21
:103EC000FB6100BFFEE7FFF7AFFB3B6B9A6B3B6B01
:103ED000DB6B9A4202D33B68022B29D13A68B9685E
:103EE000386B00F021FAF8623B6B5B6A002B10D054
:103EF0003B6B2433184601F0FBF80346002B13D02C
:103F00003F4B4FF080521A60BFF34F8FBFF36F8F5C
:103F10000AE0FB6A002B07D0394B4FF080521A6041
:103F2000BFF34F8FBFF36F8FFFF7AEFB012363E04B
:103F30007B68002B03D1FFF7A7FB00235CE07B6BC2
:103F4000002B06D107F11403184601F0A7F901234D
:103F50007B63FFF799FB00F0C9FDFFF765FB3B6B47
:103F600093F844305BB2B3F1FF3F03D13B6B0022C7
:103F700083F844203B6B93F845305BB2B3F1FF3FCD
:103F800003D13B6B002283F84520FFF77DFB3A1DF0
:103F900007F114031146184601F096F90346002B69
:103FA00024D1386B00F0B8FA0346002B18D03B6BD5
:103FB00010337A681146184601F030F8386B00F07B
:103FC00043FA00F0A1FD0346002B7FF47CAF0C4BBD
:103FD0004FF080521A60BFF34F8FBFF36F8F72E7BD
:103FE000386B00F031FA00F08FFD6CE7386B00F0B1
:103FF0002BFA00F089FD002318463837BD4680BDF6
:1040000004ED00E080B592B000AFF860B9607A606E
:104010003B60FB683B643B6C002B0AD14FF05003C4
:1040200083F31188BFF36F8FBFF34F8FFB6200BF25
:10403000FEE7BB68002B03D13B6C1B6C002B01D14E
:10404000012300E00023002B0AD14FF0500383F33B
:104050001188BFF36F8FBFF34F8FBB6200BFFEE7C6
:104060003B68022B03D13B6CDB6B012B01D101239D
:1040700000E00023002B0AD14FF0500383F3118896
:10408000BFF36F8FBFF34F8F7B6200BFFEE7FFF779
:10409000ADFBEFF311824FF0500383F31188BFF3B0
:1040A0006F8FBFF34F8F3A62FB613B6AFB633B6CE0
:1040B0009A6B3B6CDB6B9A4202D33B68022B46D176
:1040C0003B6C93F8453087F83B303B6C9B6B7B63D4
:1040D0003A68B968386C00F027F997F93B30B3F1CA
:1040E000FF3F12D13B6C5B6A002B2DD03B6C24331D
:1040F000184600F0FDFF0346002B25D07B68002BFF
:1041000022D07B6801221A601EE000F009FE3863AD
:1041100097F93B303A6B9A4216D997F93B307F2B8F
:104120000AD14FF0500383F31188BFF36F8FBFF3B1
:104130004F8FBB6100BFFEE797F83B300133DBB226
:104140005AB23B6C83F8452001237B6401E00023D5
:104150007B64FB6B7B617B6983F3118800BF7B6CA5
:1041600018464837BD4680BD80B58CB000AFF860BA
:10417000B9607A600023FB62FB68BB62BB6A002BFC
:104180000AD14FF0500383F31188BFF36F8FBFF351
:104190004F8F3B6200BFFEE7BB68002B03D1BB6AB9
:1041A0001B6C002B01D1012300E00023002B0AD15E
:1041B0004FF0500383F31188BFF36F8FBFF34F8F1E
:1041C000FB6100BFFEE701F0A3F90346002B02D11B
:1041D0007B68002B01D1012300E00023002B0AD1D2
:1041E0004FF0500383F31188BFF36F8FBFF34F8FEE
:1041F000BB6100BFFEE7FFF717FABB6A9B6B7B62F0
:104200007B6A002B1FD0B968B86A00F0F7F87B6AA8
:104210005A1EBB6A9A63BB6A1B69002B0FD0BB6A2C
:104220001033184600F064FF0346002B07D03D4BC7
:104230004FF080521A60BFF34F8FBFF36F8FFFF7BD
:1042400023FA012369E07B68002B03D1FFF71CFAF6
:10425000002362E0FB6A002B06D107F11003184629
:1042600001F01CF80123FB62FFF70EFA00F03EFCA0
:10427000FFF7DAF9BB6A93F844305BB2B3F1FF3F62
:1042800003D1BB6A002283F84420BB6A93F845300F
:104290005BB2B3F1FF3F03D1BB6A002283F8452034
:1042A000FFF7F2F93A1D07F110031146184601F025
:1042B0000BF80346002B23D1B86A00F017F9034628
:1042C000002B17D0BB6A24337A681146184600F0D9
:1042D000A5FEB86A00F0B8F800F016FC0346002B03
:1042E00089D1104B4FF080521A60BFF34F8FBFF34C
:1042F0006F8F80E7B86A00F0A7F800F005FC7AE756
:10430000B86A00F0A1F800F0FFFBB86A00F0EEF820
:104310000346002B3FF46FAF002318463037BD46ED
:1043200080BD00BF04ED00E080B586B000AFF8604E
:10433000B9607A6000237B61FB689B6B3B61FB6823
:104340001B6C002B0DD1FB681B68002B4DD1FB684B
:104350009B68184601F0FAF87861FB6800229A60C1
:1043600043E07B68002B19D1FB685868FB681B6C25
:104370001A46B968FCF712FBFB685A68FB681B6CAD
:104380001A44FB685A60FB685A68FB689B689A424B
:104390002BD3FB681A68FB685A6026E0FB68D86874
:1043A000FB681B6C1A46B968FCF7F8FAFB68DA6818
:1043B000FB681B6C5B421A44FB68DA60FB68DA68D6
:1043C000FB681B689A4207D2FB689A68FB681B6C03
:1043D0005B421A44FB68DA607B68022B05D13B69BB
:1043E000002B02D03B69013B3B613B695A1CFB68D7
:1043F0009A637B6918461837BD4680BD80B582B088
:1044000000AF786039607B681B6C002B18D07B682C
:10441000DA687B681B6C1A447B68DA607B68DA6850
:104420007B689B689A4203D37B681A687B68DA6072
:104430007B68D9687B681B6C1A463868FCF7AEFA53
:1044400000BF0837BD4680BD80B584B000AF78603E
:10445000FFF7EAF87B6893F84530FB7311E07B685F
:104460005B6A002B12D07B682433184600F040FEB4
:104470000346002B01D000F08DFFFB7B013BDBB23C
:10448000FB7397F90F30002BE9DC00E000BF7B687D
:10449000FF2283F84520FFF7F7F8FFF7C5F87B68A0
:1044A00093F84430BB7311E07B681B69002B12D07A
:1044B0007B681033184600F01BFE0346002B01D02A
:1044C00000F068FFBB7B013BDBB2BB7397F90E309A
:1044D000002BE9DC00E000BF7B68FF2283F844206A
:1044E000FFF7D2F800BF1037BD4680BD80B584B05D
:1044F00000AF7860FFF798F87B689B6B002B02D1C8
:104500000123FB6001E00023FB60FFF7BDF8FB68BF
:1045100018461037BD4680BD80B584B000AF7860C6
:10452000FFF782F87B689A6B7B68DB6B9A4202D15B
:104530000123FB6001E00023FB60FFF7A5F8FB68A7
:1045400018461037BD4680BD80B487B000AF786094
:10455000396000233B617B68002B0AD14FF0500388
:1045600083F31188BFF36F8FBFF34F8FFB6000BFE2
:10457000FEE73B68002B24D000237B611EE0184A35
:104580007B69DB0013445B687A689A4205D17B69DA
:10459000DB00134A13443B6113E03B69002B0AD153
:1045A0000F4A7B6952F83330002B04D17B69DB0062
:1045B0000B4A13443B617B6901337B617B69072BA9
:1045C000DDD93B69002B05D03B693A681A603B692D
:1045D0007A685A6000BF1C37BD465DF8047B70479F
:1045E0000C36012080B586B000AFF860B9607A6003
:1045F000FB687B61FFF718F87B6993F844305BB286
:10460000B3F1FF3F03D17B69002283F844207B692B
:1046100093F845305BB2B3F1FF3F03D17B690022D1
:1046200083F84520FFF730F87B699B6B002B06D1A0
:104630007B6924337A68B968184600F013FD7869FD
:10464000FFF702FF00BF1837BD4680BD80B58CB0B4
:1046500004AFF860B9603B601346FB80FB889B00A9
:104660001846FFF703F978617B69002B13D05820B7
:10467000FFF7FCF8F861FB69002B08D058220021F5
:10468000F86901F081FDFB697A691A6305E07869D0
:10469000FFF7A6F901E00023FB61FB69002B13D0B3
:1046A000FA8800230393FB690293FB6A0193BB6AB8
:1046B00000933B68B968F86800F00EF8F86900F0FC
:1046C00099F80123BB6102E04FF0FF33BB61BB6986
:1046D00018462037BD4680BD80B588B000AFF86071
:1046E000B9607A603B603B6B186B7B689B001A4635
:1046F000A52101F049FD3B6B1A6B7B6803F18043F8
:10470000013B9B001344BB61BB6923F00703BB6102
:10471000BB6903F00703002B0AD04FF0500383F36B
:104720001188BFF36F8FBFF34F8F7B6100BFFEE730
:10473000BB68002B1ED00023FB6112E0BA68FB6946
:10474000134419783A6BFB69134434330A461A70E0
:10475000BA68FB6913441B78002B06D0FB69013350
:10476000FB61FB69092BE9D900E000BF3B6B00222C
:1047700083F83D20BB6A042B0AD94FF0500383F322
:104780001188BFF36F8FBFF34F8F3B6100BFFEE710
:10479000BB6A042B01D90423BB623B6BBA6ADA62A1
:1047A0003B6BBA6A9A643B6B04331846FEF77AFD9A
:1047B0003B6B18331846FEF775FD3B6B3A6B1A617D
:1047C000BB6AC3F105023B6B9A613B6B3A6B5A6261
:1047D0003A68F968B869FEF7F9FD02463B6B1A6062
:1047E000FB6A002B02D0FB6A3A6B1A6000BF2037CD
:1047F000BD4680BD80B584B000AF7860FEF714FF81
:10480000404B1B6801333F4A13603F4B1B68002B32
:1048100009D13D4A7B6813603A4B1B68012B10D1CC
:1048200000F0DCFD0DE0394B1B68002B09D1364B45
:104830001B68DA6A7B68DB6A9A4202D8324A7B6874
:104840001360334B1B680133314A1360304B1A68D5
:104850007B681A647B68DB6A01229A402D4B1B68D7
:1048600013432C4A13607B68DA6A2B4913469B007A
:1048700013449B000B4404331B68FB607B68FA689D
:104880009A60FB689A687B68DA60FB689B687A6864
:1048900004325A607B681A1DFB689A607B68DA6A8A
:1048A00013469B0013449B001B4A1A447B685A61C1
:1048B0007B68DA6A184913469B0013449B000B443B
:1048C0001B68591C144813469B0013449B00034467
:1048D0001960FEF7D9FE0D4B1B68002B0ED00A4B5A
:1048E0001B68DA6A7B68DB6A9A4207D20B4B4FF08F
:1048F00080521A60BFF34F8FBFF36F8F00BF103726
:10490000BD4680BD243701204C36012030370120C0
:10491000403701202C3701205036012004ED00E003
:1049200080B584B000AF7860FEF77EFE7B68002B18
:1049300002D13B4B1B6800E07B68FB60FB680433E3
:104940001846FEF719FD0346002B15D1FB68DA6AFD
:10495000344913469B0013449B000B441B68002BF7
:104960000AD1FB68DB6A012202FA03F3DA432E4B19
:104970001B6813402C4A1360FB689B6A002B04D011
:10498000FB6818331846FEF7F7FC284B1B68013309
:10499000264A1360224B1B68FA689A420BD1FB68C7
:1049A000043319462248FEF78AFC224B1B68013368
:1049B000204A136006E0204B1B68013B1E4A13602F
:1049C00000F08AFDFEF760FE154B1B68FA689A42FC
:1049D00002D0F86800F070FD184B1B68002B1BD04C
:1049E0000F4B1B68FA689A4216D1154B1B68002BB7
:1049F0000AD04FF0500383F31188BFF36F8FBFF3DA
:104A00004F8FBB6000BFFEE70E4B4FF080521A6025
:104A1000BFF34F8FBFF36F8F00BF1037BD4680BD10
:104A20004C360120503601202C3701204037012020
:104A3000F83601200C3701202437012030370120BF
:104A40004C37012004ED00E080B586B002AF204B6A
:104A5000019300230093002382221E491E48FFF782
:104A6000F5FDF860FB68012B02D100F093FEF860C1
:104A7000FB68012B16D14FF0500383F31188BFF36D
:104A80006F8FBFF34F8FBB6000BF144B4FF0FF32EF
:104A90001A60134B01221A60124B00221A60FEF7B3
:104AA00021FD0EE0FB68B3F1FF3F0AD14FF0500348
:104AB00083F31188BFF36F8FBFF34F8F7B6000BF0D
:104AC000FEE7094B1B6800BF1037BD4680BD00BF25
:104AD00048370120DCC10008AD53000844370120ED
:104AE00030370120283701200800002080B400AFB3
:104AF000044B1B680133034A136000BFBD465DF8D9
:104B0000047B70474C37012080B588B000AF00238C
:104B1000FB610023BB61714B1B68002B0AD14FF076
:104B2000500383F31188BFF36F8FBFF34F8F7B6008
:104B300000BFFEE7FEF778FD684B1B68013B674A44
:104B40001360664B1B68002B40F0C080644B1B68F1
:104B5000002B00F0BB808AE0624BDB68DB68FB6106
:104B6000FB699B6A3B61FB69DB69FA69126A9A60BF
:104B7000FB691B6AFA69D2695A603B695A68FB692A
:104B800018339A4203D1FB691A6A3B695A60FB6980
:104B900000229A623B691B685A1E3B691A60FB69D6
:104BA0005B69FB60FB699B68FA69D2689A60FB6984
:104BB000DB68FA6992685A60FB685A68FB690433DB
:104BC0009A4203D1FB69DA68FB685A60FB690022EC
:104BD0005A61FB681B685A1EFB681A60FB69DB6A36
:104BE00001229A40404B1B6813433F4A1360FB6904
:104BF000DA6A3E4913469B0013449B000B4404337E
:104C00001B68BB60FB69BA689A60BB689A68FB69FD
:104C1000DA60BB689B68FA6904325A60FB691A1D46
:104C2000BB689A60FB69DA6A13469B0013449B00D9
:104C30002E4A1A44FB695A61FB69DA6A2B4913460A
:104C40009B0013449B000B441B68591C27481346C8
:104C50009B0013449B0003441960FB69DA6A244BF0
:104C60001B68DB6A9A4202D3224B01221A601D4B59
:104C70001B68002B7FF470AFFB69002B01D000F0A4
:104C80002BFC1D4B1B687B617B69002B10D000F057
:104C900053F80346002B02D0164B01221A607B69A1
:104CA000013B7B617B69002BF1D1134B00221A6021
:104CB000104B1B68002B09D00123BB610F4B4FF039
:104CC00080521A60BFF34F8FBFF36F8FFEF7DCFC8B
:104CD000BB6918462037BD4680BD00BF4C37012058
:104CE00024370120E43601202C37012050360120E2
:104CF0004C360120383701203437012004ED00E024
:104D000080B483B000AF054B1B687B607B6818469E
:104D10000C37BD465DF8047B704700BF2837012083
:104D200080B400AF034B1B681846BD465DF8047B9A
:104D3000704700BF2437012080B58AB000AF002340
:104D40007B627D4B1B68002B40F0EC807B4B1B682B
:104D500001333B62794A3B6A13603B6A002B20D1E6
:104D6000774B1B681B68002B0AD04FF0500383F36E
:104D70001188BFF36F8FBFF34F8F7B6000BFFEE7DB
:104D80006F4B1B68FB616F4B1B686D4A13606D4A6C
:104D9000FB6913606C4B1B6801336B4A136000F0B6
:104DA0009BFB6A4B1B683A6A9A42C0F0A680644B30
:104DB0001B681B68002B04D1644B4FF0FF321A6054
:104DC0009BE05F4B1B68DB68DB68BB61BB695B68B2
:104DD0007B613A6A7B699A4203D25C4A7B691360C1
:104DE0008BE0BB695B693B61BB699B68BA69D26850
:104DF0009A60BB69DB68BA6992685A603B695A6815
:104E0000BB6904339A4203D1BB69DA683B695A60D3
:104E1000BB6900225A613B691B685A1E3B691A60D4
:104E2000BB699B6A002B1ED0BB699B6AFB60BB6998
:104E3000DB69BA69126A9A60BB691B6ABA69D2698E
:104E40005A60FB685A68BB6918339A4203D1BB6940
:104E50001A6AFB685A60BB6900229A62FB681B6889
:104E60005A1EFB681A60BB69DB6A01229A40384B04
:104E70001B681343364A1360BB69DA6A3549134627
:104E80009B0013449B000B4404331B68BB60BB694D
:104E9000BA689A60BB689A68BB69DA60BB689B684D
:104EA000BA6904325A60BB691A1DBB689A60BB6953
:104EB000DA6A13469B0013449B00264A1A44BB69D6
:104EC0005A61BB69DA6A234913469B0013449B006D
:104ED0000B441B68591C1F4813469B0013449B003E
:104EE00003441960BB69DA6A1B4B1B68DB6A9A4290
:104EF0007FF65DAF01237B6259E7174B1B68DA6AC7
:104F0000144913469B0013449B000B441B68012B60
:104F100001D901237B62114B1B68002B07D00123B1
:104F20007B6204E00E4B1B6801330D4A13607B6A01
:104F300018462837BD4680BD4C3701202837012050
:104F4000DC360120E03601203C37012044370120C7
:104F50002C370120503601204C36012038370120F3
:104F60003437012080B487B000AF274B1B68002B7B
:104F700003D0264B01221A603FE0244B00221A6026
:104F8000234B1B68FB60FB68B3FA83F3FB72FB7A6D
:104F9000C3F11F037B611F497A6913469B001344C9
:104FA0009B000B441B68002B0AD14FF0500383F386
:104FB0001188BFF36F8FBFF34F8F7B6000BFFEE799
:104FC0007A6913469B0013449B00124A13443B61C9
:104FD0003B695B685A683B695A603B695A683B6940
:104FE00008339A4204D13B695B685A683B695A604E
:104FF0003B695B68DB68084A136000BF1C37BD462D
:105000005DF8047B704700BF4C3701203837012022
:105010002C370120503601204C36012080B584B059
:1050200000AF786039607B68002B0AD14FF05003E5
:1050300083F31188BFF36F8FBFF34F8FFB6000BF07
:10504000FEE7074B1B68183319467868FEF75BF9D3
:105050000121386800F01EFB00BF1037BD4680BD3F
:105060004C36012080B586B000AFF860B9607A6038
:10507000FB68002B0AD14FF0500383F31188BFF374
:105080006F8FBFF34F8F3B6100BFFEE7FB685B682C
:105090007B61164B1B687A69DA61144B1B687A696D
:1050A00092681A62114B1A687B699B6818325A60C1
:1050B0000E4B1B6803F118027B699A600B4B1B684F
:1050C000FA689A62FB681B685A1CFB681A607B6866
:1050D000002B02D04FF0FF33BB607968B86800F056
:1050E000D9FA00BF1837BD4680BD00BF4C3601203D
:1050F00080B48BB000AF78607B68DB68DB683B62B4
:105100003B6A002B0AD14FF0500383F31188BFF3A1
:105110006F8FBFF34F8FFB6000BFFEE73B6A9B6A58
:10512000FB613B6ADB693A6A126A9A603B6A1B6AF6
:105130003A6AD2695A60FB695A683B6A18339A42E4
:1051400003D13B6A1A6AFB695A603B6A00229A6281
:10515000FB691B685A1EFB691A604A4B1B68002BCF
:105160005ED13B6A5B697B613B6A9B683A6AD26845
:105170009A603B6ADB683A6A92685A607B695A684F
:105180003B6A04339A4203D13B6ADA687B695A600E
:105190003B6A00225A617B691B685A1E7B691A6050
:1051A0003B6ADB6A01229A40374B1B681343364A3D
:1051B00013603B6ADA6A354913469B0013449B002F
:1051C0000B4404331B683B613B6A3A699A603B6954
:1051D0009A683B6ADA603B699B683A6A04325A60B3
:1051E0003B6A1A1D3B699A603B6ADA6A13469B0068
:1051F00013449B00254A1A443B6A5A613B6ADA6AA7
:10520000224913469B0013449B000B441B68591C06
:105210001E4813469B0013449B00034419601BE087
:105220001B4B5B68BB613B6ABA69DA61BB699A6810
:105230003B6A1A62BB699B683A6A18325A603B6AD9
:1052400003F11802BB699A603B6A114A9A62104BDB
:105250001B6801330E4A13603B6ADA6A0D4B1B6808
:10526000DB6A9A4205D901237B620B4B01221A604B
:1052700001E000237B627B6A18462C37BD465DF84F
:10528000047B70474C3701202C3701205036012019
:10529000E43601204C3601203837012080B483B039
:1052A00000AF7860064B1A687B681A60054B1A6875
:1052B0007B685A6000BF0C37BD465DF8047B7047C1
:1052C0003C3701202837012080B588B000AF7860D6
:1052D00039607B68002B0AD14FF0500383F31188AB
:1052E000BFF36F8FBFF34F8F3B6100BFFEE73B689B
:1052F000002B0AD14FF0500383F31188BFF36F8F57
:10530000BFF34F8FFB6000BFFEE7FEF78DF91F4B29
:105310001B68BB617B685B68BA69D31A7B613B68B9
:105320001B68B3F1FF3F02D10023FB6126E07B68DD
:105330001A68174B1B689A420AD07B685B68BA6987
:105340009A4205D30123FB613B6800221A6015E0F5
:105350003B681B687A699A420BD23B681A687B6982
:10536000D21A3B681A607868FFF798FF0023FB6148
:1053700004E03B6800221A600123FB61FEF784F918
:10538000FB6918462037BD4680BD00BF2837012085
:105390003C37012080B400AF034B01221A6000BFEC
:1053A000BD465DF8047B70473837012080B582B078
:1053B00000AF786000F052F8064B1B68012BF9D95A
:1053C000054B4FF080521A60BFF34F8FBFF36F8FC2
:1053D000F0E700BF5036012004ED00E080B582B058
:1053E00000AF00237B600CE07A6813469B001344F7
:1053F0009B00124A13441846FDF734FF7B680133C3
:105400007B607B68042BEFD90D48FDF72BFF0D481F
:10541000FDF728FF0C48FDF725FF0C48FDF722FF9C
:105420000B48FDF71FFF0B4B054A1A600A4B054A54
:105430001A6000BF0837BD4680BD00BF503601204E
:10544000B4360120C8360120E4360120F8360120A8
:1054500010370120DC360120E036012080B582B013
:1054600000AF19E0FEF7E0F8104BDB68DB687B600B
:105470007B6804331846FDF77FFF0D4B1B68013B2B
:105480000B4A13600B4B1B68013B0A4A1360FEF783
:10549000FBF8786800F010F8064B1B68002BE1D190
:1054A00000BF00BF0837BD4680BD00BFF8360120F1
:1054B000243701200C37012080B582B000AF78601E
:1054C0007B681B6B1846FEF78BFA7868FEF788FA44
:1054D00000BF0837BD4680BD80B400AF0A4B1B68D3
:1054E0001B68002B04D1094B4FF0FF321A6005E016
:1054F000054B1B68DB681B68044A136000BFBD4690
:105500005DF8047B704700BFDC3601204437012082
:1055100080B483B000AF0B4B1B68002B02D101237A
:105520007B6008E0084B1B68002B02D102237B60E4
:1055300001E000237B607B6818460C37BD465DF8B0
:10554000047B7047303701204C37012080B588B08C
:1055500000AF78607B68BB610023FB617B68002B38
:1055600000F08C80484B1B68BA699A420AD04FF011
:10557000500383F31188BFF36F8FBFF34F8F3B61ED
:1055800000BFFEE7BB69DB6C002B0AD14FF0500374
:1055900083F31188BFF36F8FBFF34F8FFB6000BFA2
:1055A000FEE7BB69DB6C5A1EBB69DA64BB69DA6A69
:1055B000BB699B6C9A4261D0BB69DB6C002B5DD1EF
:1055C000BB6904331846FDF7D7FE0346002B0AD10A
:1055D000BB69DB6A012202FA03F3DA432B4B1B6837
:1055E00013402A4A1360BB699A6CBB69DA62BB69D3
:1055F000DB6AC3F10502BB699A61BB69DB6A012200
:105600009A40224B1B681343204A1360BB69DA6A35
:105610001F4913469B0013449B000B4404331B6833
:105620007B61BB697A699A607B699A68BB69DA6059
:105630007B699B68BA6904325A60BB691A1D7B6931
:105640009A60BB69DA6A13469B0013449B00104AB8
:105650001A44BB695A61BB69DA6A0D4913469B005B
:1056600013449B000B441B68591C094813469B00BC
:1056700013449B00034419600123FB61FB69184636
:105680002037BD4680BD00BF4C3601202C3701209D
:105690005036012080B586B000AF78603960364B57
:1056A0001B687B61354B1B6804331846FDF764FEAD
:1056B0000346002B0BD1314B1B68DB6A012202FA37
:1056C00003F3DA432E4B1B6813402D4A13607B68AB
:1056D000B3F1FF3F24D13B68002B21D0294B5B68FD
:1056E0003B61264B1B683A699A60244B1B683A69F8
:1056F0009268DA60214B1A683B699B6804325A60F1
:105700001E4B1B681A1D3B699A601C4B1B681D4A87
:105710005A611C4B1B6801331A4A136000BF26E014
:105720007A697B681344FB60144B1B68FA685A6003
:10573000FA687B699A4209D2134B1A680F4B1B68AF
:10574000043319461046FDF7DEFD10E00F4B1A68D2
:105750000A4B1B68043319461046FDF7D4FD0C4B69
:105760001B68FA689A4202D2094AFB68136000BFBC
:105770001837BD4680BD00BF283701204C360120B8
:105780002C37012010370120E0360120DC360120C3
:105790004437012080B584B002AF00237B6000F065
:1057A000EFFA114B1B68002B0BD0104B0193022317
:1057B000009300234FF482720D490E48FEF746FF16
:1057C00078607B68002B0AD14FF0500383F3118877
:1057D000BFF36F8FBFF34F8F3B6000BFFEE77B6867
:1057E00018460837BD4680BD803701208437012028
:1057F000E4C10008ED59000880B588B002AFF86038
:10580000B9607A603B602C20FEF730F878617B69E4
:10581000002B0DD07B69002283F828207B6901933F
:105820003B6A00933B687A68B968F86800F005F84D
:105830007B6918461837BD4680BD80B586B000AF7D
:10584000F860B9607A603B60BB68002B0AD14FF00A
:10585000500383F31188BFF36F8FBFF34F8F7B61CA
:1058600000BFFEE700F08CFA7B6AFA681A607B6A78
:10587000BA689A617B6A3A68DA617B6A3A6A1A6244
:105880007B6A04331846FDF70DFD7B68002B08D0BA
:105890007B6A93F8283043F00403DAB27B6A83F81A
:1058A000282000BF1837BD4680BD000080B58AB0F3
:1058B00000AFF860B9607A603B6000237B62FB68F0
:1058C000002B0AD14FF0500383F31188BFF36F8F81
:1058D000BFF34F8F3B6200BFFEE71A4B1B68002BE4
:1058E0002AD0BB687B617B68BB61FB68FB61BB68DE
:1058F000052B18DCFFF70CFE0346022B09D1114BD8
:10590000186807F1140100233A6BFEF77DFA7862FC
:1059100012E00C4B186807F1140100230022FEF777
:1059200073FA786208E0074B186807F11401002346
:105930003A68FEF767FB78627B6A18462837BD46EF
:1059400080BD00BF8037012080B584B000AFF86013
:10595000B9607A6008E0FB689B69BA681344BB6071
:10596000FB681B6AF8689847FB689A69BB68D1189E
:10597000BB687A68F86800F0DDF80346002BEAD1CE
:1059800000BF00BF1037BD4680BD000080B584B0A9
:1059900000AF78603960144B1B68DB68DB68FB6024
:1059A000FB6804331846FDF7E7FCFB6893F82830E2
:1059B00003F00403002B05D03A687968F868FFF714
:1059C000C3FF08E0FB6893F8283023F00103DAB244
:1059D000FB6883F82820FB681B6AF868984700BFBB
:1059E0001037BD4680BD00BF7837012080B584B038
:1059F00000AF786007F10803184600F057F8F86028
:105A0000BB681946F86800F003F800F0D5F8F1E734
:105A100080B584B000AF78603960FFF767F807F1B0
:105A20000803184600F066F8F860BB68002B30D118
:105A30003B68002B0AD17A68FB689A4206D8FFF7C8
:105A400063F8F9687868FFF7A1FF24E03B68002B52
:105A500008D0134B1B681B68002B01D1012300E009
:105A600000233B600F4B18687A68FB68D31A3A68CA
:105A70001946FEF7B7FDFFF747F80346002B0AD19A
:105A8000094B4FF080521A60BFF34F8FBFF36F8FF7
:105A900001E0FFF739F800BF1037BD4680BD00BFF9
:105AA0007C3701208037012004ED00E080B485B010
:105AB00000AF78600E4B1B681B68002B01D10122E0
:105AC00000E000227B681A607B681B68002B05D110
:105AD000074B1B68DB681B68FB6001E00023FB6071
:105AE000FB6818461437BD465DF8047B704700BF5D
:105AF0007837012080B584B000AF7860FFF700F9F7
:105B0000F8600B4B1B68FA689A4205D200F012F954
:105B10007B6801221A6002E07B6800221A60044A56
:105B2000FB681360FB6818461037BD4680BD00BF98
:105B30008837012080B586B000AFF860B9607A6020
:105B40003B6000237B61FB68BA685A60FB68FA68B7
:105B50001A61BA687B689A4212D87A683B68D21A8E
:105B6000FB689B699A4202D301237B611BE0104BC7
:105B70001A68FB68043319461046FDF7C4FB12E0AF
:105B80007A683B689A4206D2BA683B689A4202D366
:105B900001237B6107E0074B1A68FB680433194651
:105BA0001046FDF7B0FB7B6918461837BD4680BD2F
:105BB0007C3701207837012080B588B000AFA6E09F
:105BC000BB68002BC0F2A2803B69FB61FB695B698B
:105BD000002B04D0FB6904331846FDF7CDFB3B1DB9
:105BE0001846FFF787FFB861BB68013B082B00F23E
:105BF0008E8001A252F823F01D5C00081D5C000895
:105C0000855C0008995C0008E35C00081D5C0008E6
:105C10001D5C0008855C0008995C0008FB6993F82E
:105C2000283043F00103DAB2FB6983F82820FA68D0
:105C3000FB699B69D118FB68BA69F869FFF77AFFBD
:105C40000346002B63D0FB6993F8283003F004036C
:105C5000002B09D0FA68FB699B691344BA6919469D
:105C6000F869FFF771FE08E0FB6993F8283023F02C
:105C70000103DAB2FB6983F82820FB691B6AF86923
:105C8000984744E0FB6993F8283023F00103DAB227
:105C9000FB6983F828203AE0FB6993F8283043F049
:105CA0000103DAB2FB6983F82820FA68FB699A617C
:105CB000FB699B69002B0AD14FF0500383F31188D5
:105CC000BFF36F8FBFF34F8F7B6100BFFEE7FB69B0
:105CD0009A69BB69D118BB69BA69F869FFF72AFFED
:105CE00015E0FB6993F8283003F00203002B03D181
:105CF000F869FDF775FE0AE0FB6993F8283023F098
:105D00000103DAB2FB6983F8282000E000BF084BEA
:105D10001B6807F1080100221846FEF725FA034622
:105D2000002B7FF44DAF00BF00BF2037BD4680BDC4
:105D30008037012080B582B000AF09E00E4B1B68B0
:105D4000DB681B683B604FF0FF313868FFF71EFED1
:105D5000094B1B681B68002BF0D1074B1B687B604D
:105D6000064B1B68044A1360044A7B68136000BF3B
:105D70000837BD4680BD00BF783701207C37012041
:105D800080B500AFFDF750FC124B1B68002B1DD1F6
:105D90001148FDF767FA1148FDF764FA104B0E4AF7
:105DA0001A60104B0D4A1A6000220C210A20FDF7E0
:105DB000B9FF0346074A1360064B1B68002B05D04A
:105DC000044B1B6808491846FEF7BEFBFDF75CFC58
:105DD00000BF80BD8037012050370120643701208B
:105DE000783701207C370120ECC1000880B586B0EF
:105DF00000AF1D4B1B6B1C4A43F0010313631A4B8E
:105E00001B6B194A43F004031363174B1B6B164AB1
:105E100043F0800313630023BB6001237B600223F4
:105E2000FB6003233B613B1D19461048FBF740FD17
:105E300008237B600123FB603B1D19460C48FBF7E0
:105E400037FD04237B603B1D19460948FBF730FDF5
:105E50004FF400537B603B1D19460648FBF728FDB5
:105E600000BF1837BD4680BD003802400000024028
:105E7000001C02400008024080B586B000AF114B04
:105E80001B6B104A43F0020313630123BB60012321
:105E90007B600123FB6003233B613B1D19460A48DD
:105EA000FBF706FD02237B603B1D19460648FBF706
:105EB000FFFC00F00BF800F015F800BF1837BD46E6
:105EC00080BD00BF003802400004024080B500AF32
:105ED000012201210248FBF78FFE00BF80BD00BFF9
:105EE0000004024080B500AF012202210248FBF706
:105EF00083FE00BF80BD00BF0004024080B500AF3C
:105F000001210248FBF791FE00BF80BD0004024062
:105F100080B500AF02210248FBF787FE00BF80BDBD
:105F20000004024080B500AF074B1B681B6903F0FB
:105F30000103012B06D1FFF7E1FF034B1B686FF054
:105F400001021A6100BF80BD8C37012080B582B08C
:105F500000AF78600D4B0E4A1A600C4B0C225A6150
:105F60000A4A7B685360094B00229A61074B002262
:105F70001A61064B0022DA60044B00229A60034843
:105F8000FCF786FB00BF0837BD4680BDC83701203F
:105F90000010014080B588B000AF78607B681B6856
:105FA000214A93423BD1214B1B6B204A43F0010312
:105FB00013631E4B5B6C1D4A43F0100353640223B2
:105FC0003B610323BB614FF40073FB600723FB615C
:105FD00007F10C0319461648FBF76AFC4FF480637F
:105FE000FB6007F10C0319461148FBF761FC114BEC
:105FF0001B68DA680F4B1B6842F02002DA600D4B19
:106000001B68DA680B4B1B6842F01002DA6025202F
:10601000FBF733FC022202212520FBF712FC00BF14
:106020002037BD4680BD00BF00100140003802404F
:1060300000000240C837012080B582B000AF26487A
:10604000FCF7CCFC244B1B681B6803F02003202BBF
:1060500023D1F91D4FF47A7301221F48FCF706FC87
:106060001E4BB3F800311A46F9791C4B99541B4B5F
:10607000B3F8003101339AB2184BA3F80021174B43
:10608000B3F80031FF2B03D9144B0022A3F80021F1
:10609000114B1B686FF020021A600F4B1B681B68C6
:1060A00003F01003102B13D10C4BB3F800311A4638
:1060B0000A4B00219954094B012283F80221064B17
:1060C0001B681B683B60044B1B685B683B603B685C
:1060D00000BF0837BD4680BDC83701200838012001
:1060E0000EB480B5B7B000AF786007F1E803C7F829
:1060F000D03007F10803D7F8D020D7F8E4101846BD
:1061000001F004FE07F108031846FAF7F9FC03460C
:10611000A7F8D630B7F8D62007F108014FF47A7304
:106120007868FCF7FAFA00BFDC37BD46BDE880406E
:1061300003B07047014B1868704700BF0C00002087
:1061400070B50D4E0D4D761BB61006D0002455F8D7
:10615000043B01349847A642F9D1094E094D761BFC
:1061600006F010F8B61006D0002455F8043B0134B0
:106170009847A642F9D170BD08C6000808C60008B5
:1061800010C6000808C60008830730B548D0541E62
:10619000002A3FD0CAB2034601E0013C3AD303F8DB
:1061A000012B9D07F9D1032C2DD9CDB245EA052548
:1061B0000F2C45EA054536D9A4F1100222F00F0C48
:1061C00003F1200EE6444FEA121C03F1100242E9EB
:1061D000045542E9025510327245F8D10CF1010222
:1061E00014F00C0F03EB021204F00F0C13D0ACF1FF
:1061F000040323F003030433134442F8045B934283
:10620000FBD10CF003042CB1CAB21C4403F8012BDF
:106210009C42FBD130BD64461346002CF4D1F9E713
:1062200003461446BFE71A46A446E0E70000000014
:106230002DE9F04F2DED0A8BCFB00C4691460AEEBA
:10624000101A09930AEE900A02F02EFF03681393C6
:106250001846FAF755FCA38912901A0603D523694C
:10626000002B00F0A8874D469FEDA77B2B780024DC
:1062700025AACDE92344CDE91544CDE917448DED98
:10628000107B1AEE909A0E942292904614940594E4
:10629000002B00F0F081AB4604E01BF8013F002B1F
:1062A00000F01B81252BF8D1BBEB050640F01981CE
:1062B0009BF80030002B00F0DE8100234FF0FF320E
:1062C0009BF801708DF86B3006930BF1010B049273
:1062D0009A462B2420210BF1010BA7F120035A2B06
:1062E00000F24081DFE813F0D9023E013E01D40202
:1062F0003E013E013E016A003E013E016902020389
:106300003E017402E8023E01E3025B005B005B00B9
:106310005B005B005B005B005B005B003E013E01DD
:106320003E013E013E013E013E01D6013E013A02E0
:106330008500D601D601D6013E013E013E013E0157
:10634000CF023E013E01C6003E013E013E01440235
:106350003E0179023E013E0157073E013E013E01EA
:106360003E013E013E013E013E01D6013E013A02A0
:106370008700D601D601D601C202870080003E0107
:10638000B5023E019D02C8008B0280003E0144021E
:106390007D0032073E013E0136073E017D00A7F138
:1063A000300300221BF8017B02EB820203EB420266
:1063B000A7F13003092BF5D906928EE7484602F083
:1063C00073FE436817931846FAF79AFB189006462F
:1063D000484602F069FE836815932021002E40F0A4
:1063E000CA859BF8007076E79BF800704AF0200A97
:1063F00071E74AF0100A1AF0200F099B00F09E8105
:10640000073323F007031A465B6852F8084B0992DA
:106410001E46002BC0F27385049B013301F04280BD
:106420002AF08003039354EA060300F0EF840A2C59
:1064300076F1000380F0988730340123DDF80CA05A
:106440008DF8374107930DF23715049907989DF899
:106450006B3081424FF00002B8BF014608920391B1
:106460000C920F920D92002B00F08D80039A013256
:10647000039288E04AF0100A1AF0200600F04F81DB
:10648000099B073323F007035E6853F8084B099311
:106490002AF480630393002300228DF86B20049A72
:1064A0001146013100F02982039921F0800A54EA53
:1064B000060140F02082002A41F03080002B40F09D
:1064C000AB84039B13F00103079300F0498530234D
:1064D0008DF837310DF23715B7E7BBEB050600F045
:1064E000CA80249B33442493239B0133072BC8E9A0
:1064F000005623930CDC08F10808059B33440593F0
:10650000D6E600BFAFF300800000000000000000EE
:106510001AEE101A22AA484603F0BEFC90B90DF1FB
:106520009408EAE71AEE101A22AA484603F0B4FCCF
:10653000002800F09180089B23B108991AEE900A78
:1065400002F0ACFC1AEE103A9B8913F0400F059B49
:1065500018BF4FF0FF33059305984FB0BDEC0A8B81
:10656000BDE8F08F002F00F0868000238DF8D470F6
:106570008DF86B300122CDE90723039204930C932D
:106580000F930D9335AD1AF002020A9202D0039ACE
:10659000023203921AF084020B9205D1069A0399F3
:1065A000561A002E00F30F83249C8BB1239B0DF110
:1065B0006B0201330134C8F80020072B4FF00102B1
:1065C00024942393C8F8042000F3358308F10808C5
:1065D0000A9B83B1239B1BAA01330234C8F8002015
:1065E000072B4FF0020224942393C8F8042000F3F1
:1065F0002F8308F108080B9B802B00F01182049B6D
:10660000079A9E1A002E00F352821AF4807F40F0FF
:10661000AD81079BC8F804301C44239BC8F8005088
:106620000133072B2494239300F3C08208F1080858
:106630001AF0040F05D0069B039A9D1A002D00F353
:106640001483DDE9053203998A42ACBF9B185B18BD
:106650000593002C7FF466AF00232393089B1BB1A6
:106660000899484602F01AFC0DF194085D462B7813
:10667000002B7FF410AE249B002B3FF463AF1AEE87
:10668000104A1AEE101A1AEE900A22AA03F004FC1D
:10669000A3895AE7099B073323F00703B3EC027B76
:1066A0008DED107BDDE91012099322F000430BEE13
:1066B000101A0BEE903A4FF0FF32B0EE4B9AF0EE1C
:1066C0006B9AA64B51EC190BFAF762FB002840F0CD
:1066D0006B84A24B51EC190B4FF0FF32FAF73AFBE7
:1066E000002840F06184DDE9100100220023FAF760
:1066F00027FB002840F0A8879DF86B30984D994AF9
:106700002AF0800A0321472FC8BF154600220892AD
:106710000391079104920C920F920D92A3E61AF046
:10672000100340F03B841AF0400200F05E87099AA3
:1067300052F8044B09921E46A4B2A9E653F8044B42
:1067400009931AF0100F40F012841AF0400F00F075
:106750000A8444F3C036334624B25AE6099A002329
:1067600052F8041B8DF86B308DF8D410099201E7B4
:10677000099C049A54F8045B00268DF86B60002D88
:1067800000F0DC861346013300F049853146284687
:10679000FAF726FA0890002801F07D80089B0496FD
:1067A000591B079121EAE1719DF86B30099403911F
:1067B00008960C960F960D9655E6099B53F8042BF8
:1067C0000692002A80F2C783069A099352420692E3
:1067D0009BF800704AF0040A7DE54AF01003039329
:1067E000039B13F0200600F07783099B073323F007
:1067F00007035E6853F8084B099301234CE6099B95
:1068000053F8044B099330234AF0020278278DF89D
:106810006C30554B149303928DF86D700026022353
:106820003AE61AF0200F40F086841AF0100F40F07C
:106830007C861AF0400F40F04F871AF4007F00F07A
:106840007486099B059953F8042B099311705D46D2
:106850000DE79BF800706C2F03BF9BF801704AF0A6
:10686000200A0BF1010B4AF0100A34E59BF8007086
:10687000682F03BF9BF801704AF4007A0BF1010BFB
:106880004AF0400A27E59BF800704AF0080A22E522
:106890009BF800704AF0010A1DE59DF86B30002B53
:1068A0007FF49FAD9BF800708DF86B1013E59BF89B
:1068B00000704AF0800A0EE55A4612F8017B2A2F32
:1068C00001F0F781A7F13003092B934698BF00220E
:1068D00000F2F7871BF8017B02EB820203EB420216
:1068E000A7F13003092BF5D90492F6E49BF8007068
:1068F0008DF86B40EFE4CDF80CA0012B3FF497AD81
:10690000022B4EAD12D1149A04F00F032409D35C6C
:1069100005F8013D44EA0674360954EA0603F3D14A
:106920004EAB5B1BDDF80CA007938EE504F007036C
:10693000E40844EA4674F608303354EA06012A466D
:1069400005F8013DF2D103990846C00700F14F82D6
:106950004EAB5B1B8A46079377E500BFFFFFEF7FD7
:1069600008C200080CC2000818C20008652F40F3D6
:10697000D780DDE9100100220023FAF7D7F90028BB
:1069800000F0B481239BBC4AC8F8002001330134D5
:106990000122072B24942393C8F8042000F3868552
:1069A00008F108081C9B0E9A934280F2CF82129B3A
:1069B000139A1C44C8E90023239B24940133072B1A
:1069C000239300F3EB8308F108080E9B5D1E002D56
:1069D0007FF72EAE102D239B41F34981A74F0A97D5
:1069E000224610261AEE104A05E008F10808103D6C
:1069F000102D40F3698501331032072BC8E900766A
:106A0000CDE92332F1DD22AA2146484603F044FABB
:106A100000287FF490ADDDE923320DF19408E6E71C
:106A2000069B039A9E1A002E7FF7E9AD102E239B3A
:106A300041F3508091490B9522461AEE105A0A9163
:106A40000C4604E0103E102E08F1080819DD013351
:106A500010321021072BCDE92332C8F80040C8F8C6
:106A60000410EFDD22AA294648460DF1940803F0F0
:106A700013FA00287FF45FAD103E102EDDE92332BB
:106A8000E5DC0B9D144601330A9AC8F80020344413
:106A9000072BCDE92334C8F8046000F33185049B4B
:106AA000079A9E1A002E08F108087FF7AEAD102E47
:106AB000239B40F3C58571480A90424621461AEE51
:106AC000108A044604E0103E102E02F1080216DD82
:106AD000013310311020072BCDE9233114605060B1
:106AE000F1DD22AA4146484603F0D6F900287FF49A
:106AF00022AD103E102EDDE9233125AAE8DC9046B8
:106B00000C4601330A9AC8F800203444072BCDE91B
:106B10002334C8F8046000F3D18108F1080874E553
:106B20000E9B012B40F37E81239EC8F80050013656
:106B300001340123072E24942396C8F8043000F36F
:106B4000E98108F10808129B139A01361C44072EAC
:106B5000C8E90023CDE9236400F3EA8108F10808BD
:106B6000DDE9100100220023FAF7E0F8002840F0E8
:106B700078810E9B0136013B01351C44072EC8F875
:106B800000502396C8F80430249400F35C8108F187
:106B90000808169BC8F8043001361C44072E1EABAB
:106BA000CDE92364C8F800307FF740AD1AEE101A23
:106BB00022AA484603F070F900287FF4BCAC249C5C
:106BC0000DF1940834E5102EDDE9233222DD19950C
:106BD00010241AEE105A04E0103E102E08F1080896
:106BE00017DD013326491032072BC8E90014CDE91F
:106BF0002332F1DD22AA294648460DF1940803F01C
:106C00004BF900287FF497AC103E102EDDE92332BB
:106C1000E7DC199DC8F804600133B418072B184A43
:106C2000C8F80020CDE9233400F3E3839DF86B30EE
:106C300008F10808B9E41AEE101A22AA484603F02F
:106C40002BF900287FF477AC249C0DF19408BFE465
:106C50001AEE101A22AA484603F01EF900287FF403
:106C60006AAC249C0DF19408C5E4102D239B26DD0D
:106C70001AEE107A10260AE048C200085CC200082A
:106C80004CC20008103D102D08F1080817DD013333
:106C9000C04A1034072BC8E90026CDE92334F1DDC2
:106CA00022AA394648460DF1940803F0F5F8002869
:106CB0007FF441AC103D102DDDE92334E7DC0133D6
:106CC000B44AC8F804502C44072BCDE92334C8F843
:106CD00000207FF7B6AC1AEE101A22AA484603F03D
:106CE000DBF800287FF427AC249CAAE41C9A002A35
:106CF00040F39883DDE90D329342A8BF1346002B81
:106D00001F460BDD1C44C8E90053239B2494013328
:106D1000072B239300F35C8508F108080D9B002FD7
:106D2000A8BFDB1B002B1E4600F353820D9B1AF4F9
:106D3000806F2B44079340F083821C9B0E9A9342F2
:106D400003DB1AF0010F00F0B784129A1399144470
:106D5000C8E90012239A24940132072A239200F3EF
:106D6000758508F108080E9A0799AE18761AD51A93
:106D7000AE42A8BF2E46002E0DDD239BC8F80010A2
:106D800001333444072BC8F804602494239300F3A0
:106D90009C8508F10808002EA8BFAD1B002D7FF7C9
:106DA00047AC102D239B40F362877B4F0A97224606
:106DB00010261AEE104A05E008F10808103D102DC3
:106DC00040F3828301331032072BC8E90076CDE906
:106DD0002332F1DD22AA2146484603F05DF800285F
:106DE0007FF4A9ABDDE923320DF19408E6E7302BFF
:106DF0003FF496AD3023023A05F8013C4EAB9B1AA6
:106E0000DDF80CA007931546FFF71FBB049B002B72
:106E10007FF412ABDDF80CA00023049307934EAD72
:106E2000FFF713BB1AF0010F7FF47EAE239EC8F864
:106E30000050013601340123072E24942396C8F80C
:106E400004307FF7A4AE1AEE101A22AA484603F0C7
:106E500023F800287FF46FABDDE923640DF194087B
:106E600097E60E9B5D1E002D7FF793AE102D40F32D
:106E70001587494ACDF810A023461AEE10AA0A92A7
:106E80001027144605E008F10808103D102D40F3C6
:106E90009C8301361033072EC8E90047CDE92363F0
:106EA000F1DD22AA5146484602F0F6FF00287FF4A1
:106EB00042ABDDE923630DF19408E6E71AEE101A00
:106EC00022AA484602F0E8FF00287FF434AB249C55
:106ED0000DF19408FFF799BB039B13F0100340F0EA
:106EE0002381039A12F0400200F09A83099A52F823
:106EF000044B09921E46A4B20123FFF7CDBA2D23FD
:106F000064428DF86B3066EB4606CDF80CA0012389
:106F1000FFF7C5BA1AEE101A22AA484602F0BCFFC3
:106F200000287FF408ABDDE923640DF194080AE63C
:106F30001AEE101A22AA484602F0AEFF00287FF48B
:106F4000FAAADDE923640DF1940809E61AF0010FAD
:106F50003FF46EAB2BE59BF800700993FFF7BBB9CC
:106F60004EADFFF772BA1AF4007F40F0AF83E61718
:106F70003346FFF74EBA159B002B3FF432AA159B00
:106F80001B78002B3FF42DAA9BF800704AF4806A0E
:106F9000FFF7A1B94CC200085CC20008099B53F876
:106FA000044B0993FFF774BADDE9100102460B4662
:106FB000F9F7EEFE002840F0C285612F00F08585CC
:106FC000412F00F09384049B013327F020030393A7
:106FD00000F0A883472B00F08185DDE910014AF419
:106FE0008072002907924FF00003C0F2238541EC24
:106FF000180B0A930893039B462B00F0F783452B4D
:1070000000F04D85B0EE480AF0EE680A20AB01931F
:107010001DAB0093049A1CAB0221484600F038FFD8
:10702000039B472B054640F069861AF0010F564630
:10703000DDF81CA040F00A85209B5B1B0E93039B90
:10704000472B00F08A83039B462B00F00E841C9B89
:107050000D930D9B039A013B412A1C9300F0D685AA
:10706000FAB20021002BB8BF0D9B8DF87820BABF73
:10707000C3F101032D222B22092B8DF8792040F337
:10708000B6850DF18704DFF898C3224610468CFBC5
:107090000321DA17C2EBA10202EB8201A3EB41014B
:1070A000303100F8011C19466329134600F1FF3204
:1070B000ECDC3033D9B2831E9C4202F8011C40F252
:1070C000048613460DF17A0201E013F8011B02F861
:1070D000011B9C42F9D10DF189030DF17A021B1AB3
:1070E00013441EAA9B1A16930E9B169A012B1A4440
:1070F000079240F3B785079B129A13440793079AA8
:10710000002326F4806622EAE27246F4807A0C9329
:1071100003920F930D930A9B002B40F0448304933A
:107120009DF86B30FFF79FB9099B53F8044B099307
:107130000123FFF7B1B9099B059853F8041B099384
:10714000C217C1E900025D46FFF791BACDF80CA065
:10715000FFF746BBAF4B14931AF0200600F0EF8008
:10716000099B073323F007035E6853F8084B099324
:107170001AF0010F09D054EA060306D030238DF827
:107180006D704AF0020A8DF86C302AF48063039324
:107190000223FFF781B9A04B1493DDE71AEE101A12
:1071A00022AA484602F078FE00287FF4C4A9249C55
:1071B0000DF1940809E41AEE900A402101F080FFD5
:1071C00020602061002800F0848540236361FFF780
:1071D0004AB8102E239B40F3698590480A90424696
:1071E00021461AEE108A1027044604E00832103EA9
:1071F000102E40F32E8201331031072BC2E90047D5
:10720000CDE92331F2DD22AA4146484602F044FE90
:1072100000287FF490A9DDE9233125AAE7E7284675
:1072200004960994F9F76CFC20EAE0719DF86B3044
:107230000790039108960C960F960D96FFF713B9D9
:107240000E9BCDF828B0DDF83CB0079E159FCDF819
:107250001CA0EB1804934246DDF860A00C9B0B9534
:107260001AEE108AA446BBF1000F30D093BB013F49
:107270000BF1FF3B179BC2E9003A239B0133D44437
:10728000072BCDF890C0239362DC0832049B38783A
:107290009B1B8342A8BF0346002B1C460CDD239892
:1072A00001309C440728C2E90063CDF890C02390C8
:1072B00000F3198138780832002CACBF051B054655
:1072C000002D0BDC06440C9BBBF1000FCED1002B34
:1072D00000F032820C9B013B0C93CBE7102D2398DE
:1072E0001FDD1024634604E0103D102D02F108025A
:1072F00016DD0130494910330728C2E90014CDE9F1
:107300002303F1DD22AA4146484602F0C5FD0028CC
:107310007FF411A9103D102DDDE9230325AAE8DC37
:107320009C4601303D4B5560AC440728CDE9230C09
:10733000136000F33F82387808320644C3E71AF03E
:10734000100300F0A480099B53F8044B09930FE746
:1073500022AA4146484602F09FFD00287FF4EBA890
:10736000DDF890C025AA91E7039B079703F480639B
:10737000002209EE109ACDF82080DDF854900DF52A
:107380009C7A174698460CE00023204631460A2294
:10739000F9F73CFD0A2C76F100031CD304460E4697
:1073A000AA4620460A2200233146F9F72FFD303243
:1073B0000AF1FF3501370AF8012CB8F1000FE3D0CC
:1073C00099F800309F42DFD1FF2FDDD00A2C76F1F3
:1073D000000380F04F814EAB5B1BCDF854900E97AD
:1073E00019EE109ADDE90778DDF80CA00793FFF796
:1073F0002CB81AEE101A22AA484602F04DFD0028B9
:107400007FF499A89DF86B30249C0DF19408FFF748
:10741000CCB800BF18C200082CC200085CC200082B
:1074200067666666239BC149C8F8001001330134C2
:107430000121072B24942393C8F8041000F32E8114
:1074400008F10808002A40F089800E9A0AF001032A
:1074500013433FF4EDA8129B139A1C44C8E9002380
:10746000239B24940133072B239300F33E8108F1DF
:1074700008080E9AC8F8005001331444072BCDE9D0
:107480002334C8F804207FF7D1A8FFF78FBB1AF088
:10749000400200F0B880099A52F8044B09921E4647
:1074A000A4B265E6CDF80CA0FEF7C1BF1AEE101A23
:1074B00022AA484602F0F0FC00287FF43CA8249C55
:1074C0000DF19408FFF76EBA144601330A9AC8F812
:1074D00000202C44072BC8F80450CDE923347FF753
:1074E000A5A8FFF763BB22AA4146484602F0D4FC98
:1074F00000287FF420A83878DDF890C025AADBE6C4
:107500001AEE101A22AA484602F0C6FC00287FF4A0
:1075100012A8249C0DF19408FFF771B8012BCDF847
:107520000CA07FF4EDA9FEF787BF099B059953F8DE
:10753000042B5D4611600993FFF799B8062A294686
:1075400028BF0622049508952B460392784D09948E
:1075500007920C910F910D91FEF785BF129B139925
:107560001C44C8E90013239B24940133072B239365
:1075700000F3BB8008F10808002ABFF67AAF564234
:10758000103280F2AF836B480A90214642461027A2
:107590001AEE108A044604E00832103E102E40F322
:1075A000AF8201331031072BC2E90047CDE9233107
:1075B000F2DD22AA4146484602F06EFC00287EF425
:1075C000BAAFDDE9233125AAE7E7DDF810A01C46B4
:1075D00001360A9BC8F800302C44072ECDE92364FD
:1075E000C8F804507FF7D3AA2DE4099B1AF400765B
:1075F00014BF53F8044B53F8044B09931CBF1646B1
:10760000E4B2FEF745BF099B1AF4007614BF53F8A5
:10761000044B53F8044B09931CBF1646E4B2A7E58C
:10762000039B13F40076099B14BF53F8044B53F8E3
:10763000044B09931CBF1646E4B20123FEF72CBF8E
:107640003C4A0A92FFF75DBA2D238DF86B30FFF7A5
:1076500055B890460C4601330A9AC8F800203444C5
:10766000072BCDE92334C8F804604DDC08F1080885
:10767000FFF75CBB189B1799ED1A1A46284602F0D3
:10768000D9FB99F801300BB109F1010920463146C7
:107690000A2200230027F9F7B9FB7FE61AEE101A39
:1076A00022AA484602F0F8FB00287EF444AF1C9A58
:1076B000249C0DF19408C5E60E9A0799AE18761A27
:1076C000D51AAE42A8BF2E46FFF765BB44F3C016DD
:1076D000334664B2FEF79DBE099B059953F8042B0F
:1076E000099311805D46FEF7C2BF1AEE101A22AA56
:1076F000484602F0D1FB00287EF41DAFDDE92334BB
:107700001C9A0DF1940837E71AEE101A22AA48467F
:1077100002F0C2FB00287EF40EAF249C0DF1940809
:10772000FFF704BB0623049357E400BF48C20008D8
:1077300040C200085CC200080B9D0E9BDDF81CA037
:10774000DDF828B01597EB189E429046324628BFC8
:107750001A4664460792FFF7F0BA1C9B0D93DA1C99
:1077600002DB049A934204DD023F27F020030393D7
:107770006FE4DDE90D318B42C0F29980F70740F1EB
:10778000DB81129A13440793740503D50D9B002BDC
:1077900000F3FF81079B23EAE3730393672700232A
:1077A0000C930F93B7E42D2300228DF86B300492D5
:1077B000FEF75CBE22AA4146484602F06DFB002857
:1077C0007EF4B9AE3878DDF890C025AA06447AE593
:1077D0001AEE101A22AA484602F05EFB00287EF438
:1077E000AAAE249C0DF19408FFF798BA20AB019340
:1077F0001DAB0093049AB0EE480AF0EE680A1CAB89
:107800000321484600F044FB0378302B054600F086
:1078100003821C9B049A56461344DDF81CA0EC1806
:1078200051EC180B00220023F9F780FA08B1234627
:1078300003E4209BA342BFF400AC30215A1C2092E9
:107840001970209B9C42F9D8FFF7F7BB1AEE101A6B
:1078500022AA484602F020FB00287EF46CAE1C9B56
:10786000249C0DF19408FFF77EBA1C9A0D92002A11
:1078700040F30082049906F001030B4340F0B1810C
:107880000D9B07936627730500F18481079B23EA0C
:10789000E373039383E7049B0393079309949DF891
:1078A0006B3004900C900F900D90FEF7DCBD0E9B9A
:1078B000129A9A180D9B0792002B40F3BB81672701
:1078C000E1E700230493FEF708BD1AEE101A22AA7E
:1078D000484602F0E1FA00287EF42DAE1C9D0E9B76
:1078E000249C5D1B0DF19408FFF755BA30238DF8E9
:1078F0006C3058238DF86D30049B632B4AF00204E2
:1079000000F3A7800023089335ADDDE910124AF497
:1079100081730793002A27F02003A2460393C0F245
:107920008A80002342EC181B0A93612F00F0158116
:10793000412F7FF460ABB0EE480AF0EE680A1CA855
:1079400002F030FA00224FF07F5351EC100BF8F7A1
:1079500013FE02460B4643EC192B00220023F9F7D5
:10796000E5F908B101231C93B74B0B93049B1995C0
:10797000CDE90CB7CDE90EA80CEE109ADDF82CB0CD
:1079800059EC198B5E1E2C4605E000220023013EB7
:10799000F9F7CCF9E0B9AD4B002240464946F8F77B
:1079A000EBFD89468046F9F709FA0546F8F77AFDB6
:1079B0000B46024649464046F8F726FC1BF80530C0
:1079C000A24604F8013B731C374680468946DCD149
:1079D00049EC198B9E4BDDF830B0DDF83C80CDF8DA
:1079E00030A051EC190B00223E46DDF838A00D9F67
:1079F0000D951CEE109A199DF9F7C0F998BB51EC42
:107A0000190B934B0022F9F791F910B10D9BD9078F
:107A100029D4002E334606DB01332344302204F8F8
:107A2000012BA342FBD1631B56460E93DDF81CA02D
:107A3000FFF705BB0893DDE9103408EE103A04F1B6
:107A4000004308EE903A2D230A936EE7049BEC184E
:107A5000E6E6591C484601F033FB0546002800F0D5
:107A60004481089051E70C9B20930B9B14F8012C48
:107A7000D97B8A42234609D1302003F8010C209B90
:107A80005A1E209213F8012C9142F6D0392A0BBFCE
:107A90000B9A0132927AD2B203F8012CC3E7049B0D
:107AA000B0EE480AF0EE680A5C1C20AB01931DABF7
:107AB000009322461CAB0221484600F0E9F9054636
:107AC00056462C44DDF81CA0AAE630238DF86C3015
:107AD00078230FE75F4A0A92FEF7D5BF049B002B7D
:107AE00008BF01230493119B4AF48072002B079274
:107AF000C0F2DA809DED108B08900A90FFF782BAF1
:107B00000C46904601330A9AC8F800203444072BEB
:107B1000CDE92334C8F804607FF7A9AC1AEE101A37
:107B200022AA484602F0B8F900287EF404ADDDE947
:107B300023340DF194089CE40D9B079324E6119BDC
:107B4000454D464A002BB6BF2D239DF86B308DF86E
:107B50006B302AF0800AFEF7D5BD1CA8B0EE480AAB
:107B6000F0EE680A02F01EF900224FF07F5351EC4C
:107B7000100BF8F701FD02460B4643EC192B0022CF
:107B80000023F9F7D3F808B101231C93344B0B936E
:107B9000ECE6672715990B78FF2B00F0B1800024E5
:107BA0000D9A204603E001300131FF2B08D09342AB
:107BB00006DAD21A4B78002BF5D10B780134F4E7B2
:107BC00015910D920F900C940C9A0F9B18991344D9
:107BD000079A01FB0323079323EAE3730393FFF759
:107BE0009ABA129BD3181944079166274BE60029CD
:107BF00057D130228DF87A200DF17B02303302F814
:107C0000013B1EABD31A1693FFF76EBA07F10F02B2
:107C1000D2B20121FFF726BA51EC180B0022002343
:107C2000F9F784F800287FF4F4AD049BC3F1010355
:107C30001C93EFE5C3F101031A4422EAE2730792B1
:107C400003936727ABE500BF2CC20008000030405B
:107C50000000E03F5CC2000810C2000814C2000827
:107C600018C20008F3077FF54AAAFFF744BA264A6C
:107C70000A922AE4049A06F001061346334304D11B
:107C8000012303936627079389E5129B01331A4466
:107C900022EAE27307920393662780E51A4B0A9360
:107CA00096E40DF17A02A9E70890C4E6164A0A9212
:107CB000D1E4099B9BF80170934653F8042B099378
:107CC00042EAE2720492FEF706BB02231693FFF724
:107CD0000BBA1AEE902A0C2313604FF0FF33059372
:107CE000FEF73ABC084A0A920CE71AEE101A8B8982
:107CF00043F0400213468A81FEF727BC049CDFE66E
:107D000000230C930F935FE75CC2000870B50B4E25
:107D10009AB004466FF00045CDE90445134600943F
:107D20000A463068064C029569460394FEF780FACD
:107D3000009B00221A701AB070BD00BF0C0000201A
:107D40000802FFFF024B13B1024800F005B870476C
:107D500000000000D18D0008002301461A46184695
:107D600002F016B92DE9F04F03690C69A34283B004
:107D7000C0F28780013C01F11405A30000F1140852
:107D8000009355F8243058F82420013381469A4254
:107D900008EB840005EB84070190B2FBF3F63BD3BC
:107DA0000023AE4640469B465EF804AB02681FFACD
:107DB0008AFC06FB0C334FEA134C4FEA1A4A06FBC7
:107DC0000ACA1FFA83FCABEB0C0C1FFA8AF31CFAED
:107DD00082FCC3EB124202EB2C421FFA8CFC4CEAF1
:107DE0000243774540F8043B4FEA224B4FEA1A43DF
:107DF000DAD2009B58F8033073B9019B043B9845D5
:107E000004D307E0984504F1FF3403D253F8042962
:107E1000002AF7D0C9F81040484601F093FE002828
:107E20002BDB01364046002355F8041BD0F800C078
:107E30008AB29A1A0B0C12FA8CF2C3EB1C4303EBB6
:107E4000224392B242EA0342AF4240F8042B4FEA87
:107E50002343E9D258F8242008EB84036AB9043B91
:107E6000984504D307E0984504F1FF3403D253F852
:107E70000429002AF7D0C9F81040304603B0BDE805
:107E8000F08F002003B0BDE8F08F00BF00000000BD
:107E90002DE9F04F2DED068B95B08DED020B019184
:107EA000016C249D099259EC108B0446069341B154
:107EB000426C4A60012393408B6001F0E3FB002396
:107EC0002364B9F1000AB4BF012300232B607C4B6B
:107ED000BCBF2AF0004ACDF80CA033EA0A0300F038
:107EE000B2809DED027B002251EC170BB0EE479A59
:107EF000F0EE679A0023F8F719FF074680B1069A5B
:107F000001231360259B002B00F0DC826D48186074
:107F1000431E0093009815B0BDEC068BBDE8F08FB2
:107F200012AA13A92046B0EE490AF0EE690A01F040
:107F3000D1FEB0EE498AF0EE698A5FEA1A5605462C
:107F400040F09980DDE912763E4406F23240202866
:107F500040F3AD83C0F140000AFA00FA06F2124085
:107F600028FA00F04AEA0000F8F78CFA0123013EF3
:107F70000D93A1F1F871544B0022F8F745F94AA38B
:107F8000D3E90023F8F7F8FA49A3D3E90023F8F777
:107F90003DF9804630468946F8F784FA46A3D3E98E
:107FA0000023F8F7E9FA02460B4640464946F8F73F
:107FB0002DF980468946F8F701FF00228346002309
:107FC00040464946F8F7BCFE002840F06E82BBF1FF
:107FD000160F00F25D823D4B03EBCB03D3E9002388
:107FE00051EC190BF8F7ACFE002875D00023BE1B2E
:107FF0000C93731E0BF1FF3B049300F1508200239E
:108000000893BBF1000F6EDA089BCDF814B0A3EB18
:108010000B030893CBF100030B93019B092B4FF04B
:10802000000B69D8052B40F34083043B01930026E5
:10803000019B023B032B00F29B86DFE813F0500408
:108040004D0445042804069A42F20F73CAF3130A3A
:1080500013605AEA08031DD1259B002B00F07F8690
:108060001B4B00930833259A0098136015B0BDECA4
:10807000068BBDE8F08F18EE903AC3F3130351EC72
:10808000190B43F07F510D97A6F2FF36129F41F472
:10809000401170E7259B002B40F0DD830D4B0093D2
:1080A00038E700BFAFF3008061436F63A787D23F1B
:1080B000B3C8608B288AC63FFB799F501344D33FD7
:1080C0000000F07F49C200080000F83FB8C3000874
:1080D00070C200086CC20008BE1B731E049300F13E
:1080E0009C840C900890049B5B44CDE9043B0023E6
:1080F0000B93019B092B95D9002301264FF0FF32EA
:1081000001930A9607920993079B0F9300216164DC
:10811000204601F091FA0090002800F03186009B83
:108120002364079B0E2B00F2F980002E00F0F680EE
:108130000599002940F37384BD4B01F00F0203EB56
:10814000C2034FEA2118C905D3E9006740F105844D
:10815000B84B51EC190BD3E90823F8F737FB41EC86
:10816000180B08F00F084FF0030AB8F1000F13D0F6
:10817000DFF8C09218F0010F09D030463946D9E92E
:108180000023F8F7F9F90AF1010A06460F465FEAFB
:10819000680809F10809EDD151EC180B32463B464D
:1081A000F8F714FB41EC1A0B0C9B5BB157EC1A6B04
:1081B000A14B1AEE100A00223946F8F7C1FD00283B
:1081C00040F054855046F8F76DF953EC1A2BF8F748
:1081D000D3F99A4B0022F8F719F8079B8046A1F1D2
:1081E0005079002B00F0F583059B1093079B0E93AD
:1081F0000A9B002B00F0C2840E9A8D4B9049DDF84B
:1082000000A003EBC20353E902230020F8F7DEFAD3
:1082100042464B46F7F7F8FF59EC1A8B41EC180B26
:1082200049461AEE100AF8F7C9FD0746F8F73AF979
:1082300002460B461AEE100A4946F7F7E5FF3037BB
:108240000AF8017B53EC182B06460F46F8F778FD29
:10825000002840F057854FF000080AEE105ACDF87C
:1082600044B055465BEC18AB08EE104A44462AE091
:108270000E9B01349C424BDA724B50465946002209
:10828000F8F77AF96F4B002282468B463046394622
:10829000F8F772F989468046F8F790FD0746F8F737
:1082A00001F902460B4640464946F7F7ADFF303725
:1082B00005F8017B52465B4606460F46F8F740FD3F
:1082C000002840F01A8532463B465B490020F7F70C
:1082D0009BFF52465B46F8F733FD0028C8D0109B41
:1082E000009A0593AA4618EE104A1AEE105A02E0B8
:1082F000924500F0EC84D1461AF8013D392BF7D0B5
:108300000133DBB28AF80030059B01330593ACE101
:10831000DDF844B01AEE105A18EE104A139B002BE9
:10832000C0F29480059A0E2A00F39080404B03EB34
:10833000C203D3E90089099B002B1BDA079B002BA2
:1083400018DC40F05F83404B002240464946F8F776
:1083500013F902460B4651EC190BF8F7FBFCDDF85C
:108360001CA05646002800F0D282099BDDF8008050
:10837000DF43D4E242464B4651EC190BF8F726FA9C
:10838000F8F71CFD06468346F8F78CF842464B4644
:10839000F8F7F2F80B46024651EC190BF7F734FFE9
:1083A000DDF800A0334630330AF8013B079B012B70
:1083B00000F090834FF0010B08EE105A08EE904A3F
:1083C0001D465446DA461DE042464B463046394685
:1083D000F8F7FCF9F8F7F2FC8346F8F763F8424641
:1083E0004B46F8F7C9F80AF1010A0B46024639462E
:1083F0003046F7F709FF0BF13003AA4504F8013BBB
:1084000000F063830F4B0022F8F7B6F80022002338
:1084100006460F46F8F78AFC0028D5D0A24618EE8B
:10842000105A18EE904A059B01330593D1461CE182
:10843000B8C3000890C300080000F03F00001C40D3
:108440000000E03F00002440000014400A9A002A87
:1084500040D0019A012A40F39E82079B03F1FF3826
:108460000B9B4345C0F27082A3EB0808079B002BCF
:10847000C0F26883049A1146089A194417461A44B0
:10848000049108920121204601F0AAF9064625E050
:108490000123BE1B0C93731E04937FF5B0ADC6F190
:1084A0000103089300230493ABE55846F7F7FAFF5E
:1084B00042464B46F8F73AFC00287FF488AD0BF1B2
:1084C000FF3B84E5874B0093009815B0BDEC068B0D
:1084D000BDE8F08FDDF82C80089F0A9E002F0CDD90
:1084E000049A002A09DD0899BA421346A8BF3B4600
:1084F000C91AFF1AD31A089104930B9BDBB10A9B8C
:10850000002B00F08382B8F1000F0FDD31464246A8
:10851000204601F03FFA2A4601460646204601F071
:108520008DF929460546204601F0ACF80B9BB3EBCC
:10853000080240F001830121204601F051F9BBF10E
:10854000000F824600F3B880019B012B40F3878126
:108550004FF000080120BBF1000F40F0B980049AF1
:10856000104410F01F0000F09780C0F12003042B8E
:1085700040F3F983089BC0F11C00034402440893B4
:1085800007440492089B002B05DD29461A46204625
:1085900001F060FA0546049B002B05DD51461A46A2
:1085A000204601F057FA82460C9B002B40F03881A0
:1085B000079B002B40F31F810A9B002B40F0A280F9
:1085C000059B01330593DDF80080DDF81C90012741
:1085D00007E0294600230A22204601F05DF8013712
:1085E000054651462846FFF7BDFB4F4500F13000D8
:1085F00008F8010BEDDB079A002AC8BF9346009AE2
:10860000D8BF4FF0010B03469344002729460122AF
:108610002046019301F01EFA5146054601F092FAF8
:10862000002840F3A6811BF8013C009A0BF1FF3BA8
:1086300004E05A4500F0A8811BF8013D392B0BF1ED
:108640000109F6D001338BF800305146204601F085
:1086500019F856B12FB1B74203D03946204601F080
:1086600011F83146204601F00DF82946204601F068
:1086700009F8002389F80030069B1A46059B136011
:10868000259B002B3FF446AC0098C3F8009015B032
:10869000BDEC068BBDE8F08F1C20089B03440893BB
:1086A000049B0344074404936CE70126C0E4C0F133
:1086B000200008FA00F057E401465A46204601F02F
:1086C00069F9019B012B824640F3D5814FF00008E8
:1086D000DAF810300AEB8303186901F031F8C0F1C1
:1086E00020003CE748C20008314600230A22204609
:1086F00000F0D2FF0F9B002B064640F32383CDF8FA
:1087000014900793002F00F31881B8F1000F40F088
:10871000FC81B046029B009F079903F001027B1E7B
:108720001944019B0A921343089109935146284624
:10873000FFF718FB31468346284601F003FA42460C
:1087400051468146204601F01FFAC26801460BF1EE
:108750003003002A42D104902846079301F0F2F931
:1087600004990290204600F08DFF029A079B1AB9E7
:108770000999002900F0D682B9F1000FC0F2878173
:10878000019949EA01090A9951EA090100F07F813A
:10879000002A00F3E781089A3B7007F1010997422C
:1087A000CB4600F0E581294600230A22204600F04E
:1087B00073FF4645054631464FF000034FF00A026D
:1087C000204612D000F068FF4146064600230A22E8
:1087D000204600F061FF4F468046A7E720460293FF
:1087E00000F050FF029B0122C6E700F055FF4F4604
:1087F000064680469AE7019B022B77DC0A9B002BFA
:1088000080D1059B5146013328460593FFF7AAFA0C
:10881000DDF800B000F130030BF8013B0027F5E66E
:108820005146284601F08EF90028BFF6C1AE294610
:1088300000230A22204600F02FFF059B03F1FF3999
:108840000A9B0546002B7FF44FAF0F9B002B40F394
:1088500070820793B7E6BD4B0093033303E4DDE971
:10886000021200297FF474AEC2F31303002B7FF4CD
:108870006FAEB74B1340002B00F03D82089B0133D5
:108880000893049B013304934FF0010862E601232F
:108890000A93099B059A13440F930133012B1F463A
:1088A0000793B8BF01270021172F61647FF730AC11
:1088B000012204235B0003F11400B842114602F1C7
:1088C0000102F7D9616423E401230A93099F002F71
:1088D0004ADD0F970797E6E700230A93D9E70023BD
:1088E0000A93F3E70F9BCDF814900793079B002B97
:1088F0007FF43BAD51460522204600F0CDFE0146F7
:108900008246284601F01EF900287FF72EAD009818
:10891000059F3123804600F8013B01370090514606
:10892000204600F0AFFE7B1CDDF800900593CDF8EB
:108930000080002E7FF495AE97E631463A462046F9
:1089400001F088F80646E0E60B9BCDF82C80A8EBFA
:1089500003039B444FF0000888E54FF0020AB0EE95
:10896000498AF0EE698A00E4012309930793FFF72F
:10897000CBBB03D1019BDB073FF555AED9461BF8B6
:10898000013D302BFAD060E6059B009A0133059338
:108990003123137059E60D9A002A00F0638103F227
:1089A0003343049ADDF82C801A440492089A17463F
:1089B0001A44089266E55046F7F774FD53EC1A2BFB
:1089C000F7F7DAFD634B0022F7F720FC8046A1F1B0
:1089D0005079614B002251EC1A0BF7F715FC424617
:1089E0004B4606460F46F8F7C9F9002840F07F814C
:1089F00030463946424609F10043F8F7A1F900280C
:108A00003FF48CAC4FF0000A5646AEE429460B9A70
:108A1000204600F0BFFF05468DE50C903FE500F0D5
:108A20004E81059A4D4B564206F00F0203EBC203EE
:108A3000D3E9002351EC190BF7F79EFD361141ECF9
:108A40001A0B00F08881464F00234FF0020AF2070C
:108A500006D5D7E90023F7F78FFD0AF1010A0123B4
:108A6000761007F10807F2D1002B3FF49DAB41ECE3
:108A70001A0BFFF799BB029B002B7FF427AEDDE9B1
:108A80000212C2F31303002B3FF4F3AE1EE6002ADA
:108A900012DD294601222046019300F0DBFF5146FA
:108AA000054601F04FF80028019B40F33581392B32
:108AB00000F013810BF13103B94609F8013B059B26
:108AC0000133374605934646BFE5A24618EE105AD5
:108AD00018EE904A02460B46F7F798FB42464B4683
:108AE00006460F46F8F74AF960B942464B4630460B
:108AF0003946F8F71BF900283FF495AC5FEACB71D3
:108B00007FF591AC009AFFF7F6BB7168204600F044
:108B100093FD0746002800F03A81336902339A003A
:108B200006F10C010C30F7F739FF394601222046D7
:108B300000F090FF8046EDE52946204600F02AFF30
:108B40000546F8E4DDE907239F1A9BE46CC20008A0
:108B50000000F07F00001C4000001440B8C3000873
:108B600090C30008392B00F0B880B9460133A4E760
:108B7000059A013237460592464647E50E988D49DB
:108B800001EBC00142464B4651E90201F7F7F4FC04
:108B90005AEC1A9B41EC180B51461AEE100AF8F7E2
:108BA0000DF90746F7F77EFC02460B461AEE100A4F
:108BB0005146F7F729FB06460E98DDF8008030375E
:108BC000012808F8017B0F4600F0BA800E9B009A3E
:108BD000CDF838B013449B46C246774B002230464E
:108BE0003946F7F7C9FC89468046F8F7E7F80746A3
:108BF000F7F758FC303702460B4640464946F7F730
:108C000003FB0AF8017BDA4506460F46E5D1DA4652
:108C1000DDF838B0694B59EC188B002218EE100AB9
:108C20004946F7F7F3FA32463B46F8F789F8002849
:108C30006DD118EE102A4B4660490020F7F7E4FA90
:108C400032463B46F8F79AF800283FF467ABD14626
:108C50000AF1FF3A19F8013C302BF8D0109B013390
:108C6000059302E5129BC3F136039AE6079B002B9E
:108C70003FF4A1AE0F9B002B7FF750AB059A0E93EC
:108C8000013A4D4B10921AEE100A39460022F7F7BE
:108C900073FC024616460F460AF10100F7F702FC84
:108CA00032463B46F7F768FC454B0022F7F7AEFA31
:108CB00047EC1A6B8046A1F15079FFF799BA4FF053
:108CC000020AB0EE49AAF0EE69AAFFF76DBA059B59
:108CD000013305933123FFF715BB059BBB460133D9
:108CE0000593392337460BF8013B46469DE44FF088
:108CF000000A56460BE698462CE4AA4618EE104A9F
:108D00001AEE105A109B01330593D146ADE4109B27
:108D1000009A0593FFF7EFBA7FF4CEAEDA077FF53E
:108D2000CBAEC4E6392BD8D0B9F1000F3FF7C2AEB5
:108D3000C2E6019B022B3FF7D5ADCDF8149060E55C
:108D4000C24667E7019B022B3FF7CCAD0F9BCDF8E6
:108D500014900793D6E44FF0020AFFF725BA194B97
:108D60000093FFF7D7B83FF40DACC0F13C0094E49A
:108D7000002666643146204600F05EFC009068B92B
:108D8000114B124800224FF4D57101F047F90E4BF8
:108D90000E483A4640F2EA2101F040F9009B236474
:108DA00001224FF0FF3309960F930A920793FFF7C2
:108DB000B5BA00BFB8C30008000024400000E03F7F
:108DC00000001C4070C200087CC2000890C200086D
:108DD00038B5084B084D5B1B9C1007D0043B1D4465
:108DE000013C55F804399847002CF9D1BDE83840CA
:108DF00003F0CEB914C6000810C60008F8B5244F19
:108E00000C46064600F00CFCBA685568C4F57E6353
:108E10000F3325F003052B4423F47F6323F00F0366
:108E2000A3F58054B4F5805F07DB0021304600F0E5
:108E3000EFFFBB682B44984204D0304600F0F6FBAD
:108E40000020F8BD6142304600F0E2FF01300DD055
:108E5000104ABB682D1B45F001055D601368304664
:108E60001B1B136000F0E2FB0120F8BD002130461F
:108E700000F0CEFFBA68831A0F2BDEDD43F001034A
:108E80005360054B03491B68C01A0860D5E700BF53
:108E90003C0400201C39012044080020002961D036
:108EA000F8B50C46064600F0BBFB54F8042C7B4F8B
:108EB000A4F1080522F0010105EB010CB868DCF80B
:108EC0000430604523F0030300F08B80D207CCF818
:108ED000043032D454F8082CAD1A1144AA6807F1B2
:108EE000080082426AD00CEB0304D4F804E0EC687A
:108EF000D4601EF0010FA26000F0978041F00103E2
:108F00006B60CCF80010B1F5007F35D27A68CB08E1
:108F100048090121013381401143796007EBC30205
:108F200057F83310083AC5E9021247F83350CD60BC
:108F30003046BDE8F84000F079BB0CEB0302526804
:108F4000D00710D4194407F10800DCF80830834238
:108F500073D0DCF80C20DA60936041F001036B60A1
:108F60006950D0E7704741F00103B1F5007F44F844
:108F7000043CCCF80010C9D3B1F5206F4FEA51235F
:108F800048D28B0903F1390003F13802C300F81805
:108F9000FB580838984259D05A6822F003028A4296
:108FA00002D99B689842F7D1D868C5E9023085603C
:108FB000DD603046BDE8F84000F038BB0CEB030242
:108FC0005268D20763D40B44DCE90212CA60916094
:108FD00043F001026A603046EB50BDE8F84000F013
:108FE00025BB0B44D10707D454F8082CAD1A134401
:108FF000D5E90212CA60916043F001026A60284A12
:10900000BD6012689A4293D8264B30461968FFF724
:10901000F5FE8DE7142B0AD9542B1FD80B0B03F147
:109020006F0003F16E02C300B1E719448DE703F14D
:109030005C0003F15B02C300A9E741F00103C7E94B
:109040000455C5E902006B60695071E779689210B8
:10905000012404FA02F20A437A60A6E7B3F5AA7F74
:1090600006D8CB0B03F1780003F17702C3008EE73B
:1090700040F25452934206D88B0C03F17D0003F169
:109080007C02C30083E74FF47E737E227FE741F0CA
:1090900001036B60CCF800104AE700BF3C040020DD
:1090A000480800204C390120004870473C09002046
:1090B000704700BF704700BF704700BF704700BFD8
:1090C0002DE9F04F01F10B06162E83B0044624D88B
:1090D000102900F2BA8000F0A3FA1026182202200C
:1090E000B54F3A44A2F1080153688B4200F0BA80B0
:1090F0005A68D96822F003021A449D68E9608D60BD
:10910000516841F001012046516003F1080500F06B
:109110008DFA284603B0BDE8F08F36F0070600F15F
:109120009480B14200F2918000F07AFAB6F5FC7FAB
:10913000C0F09A81730A00F08F80042B00F26F81D7
:10914000B30903F1390003F1380CC3009A4F3B44D3
:10915000A3F108055B689D4206D10CE0002980F26E
:109160002781DB689D4206D05A6822F00302911BDA
:109170000F29F3DD60463D69DFF850C265457CD0BC
:109180006A6822F00302931B0F2B00F37B81002BF4
:10919000C7E904CC80F26C81B2F5007F80F01A81BF
:1091A000D308796801334FEA521E012202FA0EF207
:1091B0000A4357F833E0C5F808E007EBC301083964
:1091C000E9607A6047F83350CEF80C5083100121E3
:1091D0009940914257D8114206D120F0030049002E
:1091E000114200F10400FAD007EBC0094D46864653
:1091F000D5F80C80454508D11DE1002B80F2248173
:10920000D8F80C80454500F01681D8F8042022F0EB
:109210000302931B0F2BF0DD2046D8E9025408EB24
:10922000060146F00106C8F80460EC60A56043F052
:109230000104C7E90411C1E902CC4C6048F80230CE
:1092400000F0F4F908F1080502E00C232360002582
:10925000284603B0BDE8F08F4FF4007340204FF074
:109260003F0C73E7D3689A4208BF02307FF440AFE7
:109270003D69DFF858C1654582D17A6883100121C4
:1092800099409142A7D9BD686B6823F003094E4508
:1092900003D8A9EB06030F2B7ADCDFF834B1474B78
:1092A000DBF800201B680132334405EB090A00F0AB
:1092B000338103F580530F3323F47F6828F00F08C0
:1092C0004146204600F0A4FD411C024600F0F38018
:1092D000824500F2EE803A4B196841441960084615
:1092E00000F04E81DBF80010019301311BBFA2EBAF
:1092F0000A0A5044CBF80020186012F0070B00F067
:109300001781CBF108010A44CBF580519044083114
:10931000A1EB0801C1F30B0A51462046009200F070
:1093200077FD421CDDE9002300F04F81801A00EB3D
:109330000A081968BA6048F001005144BD42506003
:10934000196000F02981B9F10F0F40F22781686898
:10935000A9F10C0C2CF0070C00F0010040EA0C0005
:1093600068604FF0050E05EB0C00BCF10F0FC0E973
:1093700001EE00F2328150681546124B1A688A429B
:1093800038BF1960104B1A688A4238BF196094E0E0
:10939000AA1943F0010346F001066E602046BA6048
:1093A000536000F043F90835284603B0BDE8F08F5C
:1093B000D9681A44A1E600BF3C0400204C390120C2
:1093C0001C3901204439012048390120440400207F
:1093D00044080020B2F5206F4FEA522363D3142BC8
:1093E00000F2B78003F15C01C9005B3307EB010EAB
:1093F0007958AEF1080E8E4500F091804B6823F04D
:109400000303934202D989688E45F7D1D1F80CE065
:109410007A68C5E9021ECEF80850CD60D6E6142B56
:1094200059D9542B00F29D80330B03F16F0003F1E7
:109430006E0CC3008AE60EF1010E1EF0030F05F15B
:1094400008057FF4D5AE51E0424445465368D8F84C
:109450000C1043F00103536055F8083F2046D960D3
:109460008B6000F0E3F8F3E6F00806F1080237E657
:109470002A442046536843F001035360083500F046
:10948000D5F8E5E6A919204646F0010643F00104A7
:109490006E60C7E90411C1E902CC4C60AB5000F02A
:1094A000C5F80835D4E6930903F13901C90038330A
:1094B0009CE7BD425FD0BD68686820F00308464560
:1094C000A8EB060302D80F2B3FF762AF204600F04F
:1094D000ADF80025BCE603F15C0003F15B0CC300B2
:1094E00034E659F808394B4540F0968010F0030FE8
:1094F00000F1FF30F5D17B6823EA01037B6049006E
:1095000099423FF6C0AE19B9BDE649000EF1040E0E
:109510001942FAD0704667E603F11008D0E69A10B7
:109520004FF001087B6808FA02F21A437A6070E78C
:1095300002EB08014942C1F30B0A51462046009252
:1095400000F066FC431CDDE900237FF4EFAEDA4651
:10955000EFE6542B25D8130B03F16F01C9006E33CE
:1095600044E7B3F5AA7F25D8F30B03F1780003F1A4
:10957000770CC300EAE5294B186840441860B1E64F
:10958000CAF30B0CBCF1000F7FF4ACAEBD68C8444D
:1095900048F001006860F0E61546EEE601235360EE
:1095A00094E7B3F5AA7F23D8D30B03F17801C90060
:1095B00077331BE740F25452934223D8B30C03F1A4
:1095C0007D0003F17C0CC300C0E5ABF1080BD8446F
:1095D000A8EB02084FF0000AABE605F108012046AF
:1095E0000093FFF75BFCBD68009B68681968C4E6E0
:1095F00040F254518B420BD8930C03F17D01C9000A
:109600007C33F3E64FF47E737F204FF07E0C9DE5B4
:109610004FF47E717E23E9E67B6870E71C390120F8
:109620000148FFF749BD00BF103901200148FFF78D
:1096300045BD00BF10390120C36C70B505460C460E
:109640004BB153F8240080B1026843F82420002372
:10965000C0E9033370BD2122042100F0FFFC034662
:10966000E8640028EDD1002070BD012101FA04F664
:10967000721D9200284600F0F1FC0028F3D0C0E9EA
:109680000146E4E731B1C36C4A6853F82200086030
:1096900043F82210704700BFF0B50C69064683B04E
:1096A0000D4601F1140E0020DEF800101FFA81FCB7
:1096B00002FB0C334FEA134C090C02FB01CC0130C6
:1096C0009BB203EB0C4384424EF8043B4FEA1C432D
:1096D000EADC3BB1AA68A24207DD05EB8402013453
:1096E00053612C61284603B0F0BD696801930131D4
:1096F0003046FFF7A1FF019B0746B8B12A690193E5
:10970000023205F10C0192000C30F7F747F9F26CC8
:109710006968019B52F82100286042F821503D46BB
:1097200005EB8402013453612C61DBE7024B0348F3
:109730003A46B52100F072FC7CC2000810C3000854
:10974000030C1B04D3B90004102310F07F4F04BF97
:109750000002083310F0704F04BF0001043310F012
:10976000404F04BF80000233002805DB10F0804F1B
:1097700003F1010308BF2023184670470023E4E7E4
:10978000036813F00702014607D0DA071FD49807D1
:1097900021D55B080B600120704798B2A0B110463C
:1097A000DAB20AB908301B0A1A0704BF1B090430D1
:1097B0009A0704BF9B080230DA0703D45B0800F164
:1097C000010006D00B6070471B0C1020E8E700205A
:1097D0007047202070479B080B600220704700BF35
:1097E00038B5C36C04460D464BB15868B0B1026839
:1097F0005A6000220123C0E90435C26038BD21222D
:10980000042100F02BFC0346E0640028EDD1094B55
:10981000094800224FF4A07100F000FC1C22012135
:10982000204600F01BFC0028F1D001220223C0E9F1
:109830000123DEE77CC2000810C300082DE9F04FC9
:109840000E691569AE4285B08846144605DB2A4686
:10985000234635460C4616469846A3686168AF19FC
:10986000BB42B8BF0131FFF7E7FE0190002800F0CE
:109870008680019B03F1140909EB870AD14505D2C3
:109880004B46002243F8042B9A45FBD808F11408F4
:1098900008EB860B04F11403D8451A4603EB850543
:1098A0005FD22B1B153B23F0030304331534A54271
:1098B00038BF0423CDE902A7AC461F46924605E017
:1098C000000C29D1C34509F1040948D958F8040B03
:1098D00085B2002DF4D056464C46002356F8040BB2
:1098E000216882B21FFA81FE05FB02EE000C0A0C11
:1098F000734405FB002202EB13429BB243EA02438E
:10990000B44544F8043B4FEA1243E7D849F807301E
:1099100058F8040C000CD5D0D9F80030544619463C
:109920004D4600222688090C00FB06110A449BB212
:1099300043EA024345F8043B54F8046B2968360CAB
:109940008BB200FB063303EB1243A4454FEA1342EC
:10995000E8D8C34549F8073009F10409B6D8DDE96C
:1099600002A7002F02DC05E0013F03D05AF8043DB6
:10997000002BF9D00198076105B0BDE8F08F034BCB
:109980000348019A40F25D1100F048FB7CC20008D8
:1099900010C3000812F003032DE9F04114460646F7
:1099A00032D10D46A41020D0D6F84880B8F1000F6F
:1099B00033D0E3074FF0000707D4641015D0D8F870
:1099C0000000A8B18046E307F7D542462946304655
:1099D000FFF734FFB5B16968F36C641053F82120C8
:1099E0002A6043F821500546E9D12846BDE8F081B8
:1099F000424641463046FFF721FFC8F800000760A5
:109A00008046E0E70546D8E7013B0F4A52F823209D
:109A10000023FFF741FE0546C4E701213046FFF76A
:109A20000BFE804640B1012340F27122C0E90432AE
:109A30000023B0640360BCE7044B054842464FF482
:109A4000A07100F0EBFA00BF80C400087CC20008DF
:109A500010C300082DE9F0470C4690462669A3681C
:109A6000496806EB6216751C9D4207464FEA62196B
:109A700004DD5B009D4201F10101FADC3846FFF78D
:109A8000DBFD8446002851D0B9F1000F00F114002D
:109A90000EDD09F105024FEA820E03460CEB82024D
:109AA000002143F8041B9342FBD1AEF11403184488
:109AB000216904F1140318F01F0803EB81012DD074
:109AC000C8F1200986464FF0000A1A6802FA08F227
:109AD00042EA0A024EF8042B53F8042B994222FA68
:109AE00009FAF2D80B1B153B23F00303043304F1EE
:109AF0001502914238BF0423BAF1000F18BF2E4659
:109B000040F803A0FB6C6268CCF8106053F8221098
:109B10002160604643F82240BDE8F087043853F8DE
:109B2000042B40F8042F9942F9D8EBE7034B044883
:109B3000624640F2D91100F071FA00BF7CC2000801
:109B400010C300080B6984460069C01A16D10CF1D5
:109B5000140C14310CEB830210B401EB830301E00D
:109B6000944508D252F8044D53F8041D8C42F7D0A6
:109B700005D24FF0FF305DF8044B7047704701206D
:109B80005DF8044B704700BF2DE9F84F0F6913696A
:109B9000FF1A002F0E4690467AD101F114051432B7
:109BA00002EB830205EB830301E09D4273D253F87D
:109BB000041D52F8044DA142F7D064D37168FFF739
:109BC0003BFD8146002872D03569D8F81020C76067
:109BD00008F1140E06F1140009F1140A06F1100C34
:109BE0000EEB820200EB8507564600215EF8044B1F
:109BF0005CF804BFA3B211FA8BF1CB1A210CC1EBB4
:109C00001B4101EB23419BB243EA0143724546F8F5
:109C1000043B4FEA2141E9D8A2EB0804153C08F1C6
:109C20001508424524F0030606F1040638BF042651
:109C3000304424F0030238BF002287425244B24429
:109C400016D95646044654F8043B11FA83F10A1417
:109C500002EB134289B241EA0243A74246F8043BB1
:109C60004FEA2241EFD87A1E101A20F00302524424
:109C700023B952F8043D013D002BFAD0C9F8105029
:109C80004846BDE8F88F334601274646984695E793
:109C9000F9DB002792E70021FFF7CEFC814668B18F
:109CA00001220023C9E904234846BDE8F88F074B89
:109CB00007484A464FF4107100F0B0F9034B0448CE
:109CC0004A4640F2322100F0A9F900BF7CC20008E8
:109CD00010C300082DE9F043884683B0012157ECFA
:109CE000106B1546FFF7A8FC044600284FD0C7F3B9
:109CF0000A59C7F31303B9F1000F01D043F48013DD
:109D0000002E019324D068460096FFF739FD002805
:109D100039D0DDE90013C0F1200203FA02F20A4350
:109D2000C34062610193002B14BF02220122A36190
:109D30002261B9F1000F16D0A9F233430344C0F1F8
:109D40003500C8F800302860204603B0BDE8F08335
:109D500001A8FFF715FD019B6361012220302261FC
:109D6000B9F1000FE8D104EB8203A0F23240C8F849
:109D700000001869FFF7E4FCC0EB421028602046A1
:109D800003B0BDE8F083009B6361019BCBE7034B0D
:109D90000348224640F20A3100F040F97CC2000834
:109DA00010C3000853EC102B70B5164E23F0004181
:109DB0000025B1420446056021DC10EE106A0E4316
:109DC0001DD0114E1E40184666B91946002210EEED
:109DD000100A0E4BF6F7D0FB6FF035050246084629
:109DE00021F0004120F0FF40091520F4E000A1F22D
:109DF000FE3140F07F53294443F40013216043ECCB
:109E0000102B70BDFFFFEF7F0000F07F000050437C
:109E100038B5074D0022044608462A60F7F74CFB88
:109E2000431C00D038BD2B68002BFBD0236038BD0D
:109E30005039012030B540EA0104A30701D1032ABB
:109E40000FD8844601F1FF3E07E01EF8011F03F81A
:109E5000011B541EC1B19C4622466346002AF4D120
:109E600030BD0B468446194653F8045BA5F1013416
:109E700024EA050414F0803FE4D1043A032A4CF8A4
:109E8000045B1946EFD8DDE76244002CE8D003F804
:109E9000011B9342FBD130BD2DE9F04F936883B095
:109EA0009146002B6ED017688D6880460C46086876
:109EB000083744E0A38913F4906F2ED0D4E9041539
:109EC000A0EB010A05EB450505EBD5750AEB06008D
:109ED0006D100130A8422A4684BF05462A465B051C
:109EE00037D511464046FFF7EBF800283BD05246E5
:109EF00021690190F6F752FDA289019B22F490623C
:109F000042F08002A281A5EB0A0203EB0A00656120
:109F1000A260236120603546B2465946524600F0A1
:109F2000FDF8A068D9F808102368451B8E1B03EBC9
:109F30000A00A5602060C9F808601EB3083757E919
:109F400002B6002EFAD0B542AA46B3D93546B2467B
:109F5000E3E7404600F05EF903460028D3D12169CB
:109F60004046FEF79BFF0C23C8F80030A38900226F
:109F700043F040034FF0FF30A381C9E9012203B051
:109F8000BDE8F08F0020C9F8040003B0BDE8F08FF1
:109F90002DE9F047DFF880A00646DAF80000984681
:109FA0000F469146FFF788F81A4B1B68D3F84841D3
:109FB00024B365681F2D26DC5EB96B1C0235DAF808
:109FC0000000636044F82570FFF778F80020BDE8D2
:109FD000F08704EB85010123C1F88890D4F888212B
:109FE000AB401A43022EC4F88821C1F80881E4D19D
:109FF000D4F88C211343C4F88C31DEE703F5A67442
:10A00000C3F84841D5E7DAF80000FFF757F84FF0FA
:10A01000FF30DCE704C200083804002000B50B4C18
:10A0200025681446EE681A4685B003460D464CB1C5
:10A0300007490095CDE901143046064900F03EF885
:10A0400001F0C2FA04490C46F3E700BF0C000020FF
:10A050008CC400089CC4000898C4000810B502FB1A
:10A0600001F1FFF72DF8044668B150F8042C22F0F6
:10A070000302043A242A18D8132A06D802460023D9
:10A08000C2E900339360204610BD00231B2AC0E9BB
:10A0900000330FD9242AC0E9023311BF00F11002A6
:10A0A000036100F118024361E9E70021FCF76CF855
:10A0B000204610BD00F10802E1E700BF0EB410B564
:10A0C00083B005AB064C53F8042B0193014620687E
:10A0D00000F0C8FA03B0BDE8104003B0704700BFFD
:10A0E0000C000020014B93F8280170474C08002019
:10A0F00082B049B15AB16BB113780B601278101E5F
:10A1000018BF012002B0704701A9002AF3D1104600
:10A1100002B070476FF00100F4E700BF88420DD92C
:10A120008B1883420AD900EB020CBAB1624613F8CD
:10A1300001CD02F801CD9942F9D170470F2A0ED80E
:10A14000034602F1FF3C4AB10CF1010C013B8C4487
:10A1500011F8012B03F8012F6145F9D1704740EA4E
:10A1600001039B0750D1A2F1100370B501F1200C3F
:10A1700023F00F0501F1100E00F11004AC441B098F
:10A180005EF8105C44F8105C5EF80C5C44F80C5C03
:10A190005EF8085C44F8085C5EF8045C44F8045C13
:10A1A0000EF1100EE64504F11004E9D1013312F06E
:10A1B0000C0F01EB031102F00F0400EB031327D087
:10A1C000043C24F003064FEA940C1E441C1F8E46E8
:10A1D0005EF8045B44F8045FB442F9D10CF1010469
:10A1E00002F0030203EB840301EB840102F1FF3C64
:10A1F0004AB10CF1010C013B8C4411F8012B03F81E
:10A20000012F6145F9D170BD02F1FF3C03469BE788
:10A210002246EBE72DE9F84F1746002900F0988019
:10A2200007F10B0580460C46FFF7FAF9162D5DD8AD
:10A2300010252A46AF425ED854F8041C21F00306CC
:10A240009642A4F1080962DABC4BD3F808C009EBC6
:10A250000600844500F09780D0F804C02CF001037C
:10A2600003445B68DB0768D42CF0030C06EB0C039B
:10A27000934247DACB0710D454F8083CA9EB030A01
:10A28000DAF8043023F003018C44B444944580F29E
:10A2900011817318934280F2E88039464046FEF7F8
:10A2A0000FFF0746E0B154F8043C23F001034B4490
:10A2B000A0F10802934200F0D280321F242A00F25B
:10A2C000F580132A00F2AC8003462246116819601B
:10A2D0005168596092689A6021464046FEF7DEFD5B
:10A2E0004046FFF7A3F93846BDE8F88F25F007058B
:10A2F000002D2A469EDA0C23C8F800300027384685
:10A30000BDE8F88F1E46D0E90223D3609A60731B24
:10A310000F2B22D8D9F8043003F0010333434E4405
:10A32000C9F80430736843F0010373604046274660
:10A33000FFF77CF93846BDE8F88FC907ADD454F86B
:10A34000083CA9EB030ADAF8041021F00301A0E7A6
:10A35000BDE8F84F1146FEF7B3BED9F8041001F07E
:10A3600001012943C9F8041009EB05014E4443F0EB
:10A3700001034B60736843F001030831736040468A
:10A38000FEF78CFDD2E7DCF8040020F0030B06EBAF
:10A390000B0C05F1100084454DDAC9073FF57DAF80
:10A3A00054F8081CA9EB010ADAF8041021F00301A3
:10A3B0008B44B34458453FF76CAF5746DAF80C105E
:10A3C00057F8080F321F242AC160886000F2DB8032
:10A3D000132A40F2D6802168CAF808106168CAF8CA
:10A3E0000C101B2A00F2DF8008340AF110022168E9
:10A3F000116061685160A16891600AEB0501ABEBE7
:10A40000050242F0010299604A60DAF8043003F074
:10A4100001031D434046CAF80450FFF707F96EE7F1
:10A4200023680360636843601B2A68D804F108024C
:10A4300000F108034AE709EB05029A60ACEB05035B
:10A4400043F00103536054F8043C03F001031D433F
:10A45000404644F8045CFFF7E9F827464FE750F818
:10A46000043C23F003031E4451E75746DAF80C106E
:10A4700057F8080F321F242AC16088604CD8132A6D
:10A4800048D92168CAF808106168CAF80C101B2A5C
:10A4900056D808340AF110021E4623681360636818
:10A4A0005360A3689360D1463C4630E72146FFF7EE
:10A4B00035FE11E7D0E902135746CB60996057F893
:10A4C000081FDAF80C30CB60321F242A99602DD88F
:10A4D000132A29D92368CAF808306368CAF80C30EF
:10A4E0001B2A42D808340AF1100322681A606268F5
:10A4F0005A60A2689A606646D1463C4607E7A36860
:10A500008360E368C360242A26D004F1100200F1BE
:10A510001003DBE63A46BFE7214638461E46D146E1
:10A52000FFF7FCFD3C46F2E63B46DEE721463846B7
:10A530006646D146FFF7F2FD3C46E8E63C040020C3
:10A54000A168CAF81010E168CAF81410242A20D0B3
:10A5500010340AF118029FE72369036161694161C0
:10A5600004F1180200F11803B0E6A368CAF810302D
:10A57000E368CAF81430242A21D010340AF11803F1
:10A58000B3E73A4633E721463846FFF7C7FD164B97
:10A5900033E72269CAF818206269CAF81C20183407
:10A5A0000AF1200278E7A168CAF81010E168CAF839
:10A5B0001410242A0DD010340AF1180217E7236969
:10A5C000CAF818306369CAF81C3018340AF120033D
:10A5D0008BE72269CAF818206269CAF81C2018346F
:10A5E0000AF1200203E700BF3C0400202DE9F84FE8
:10A5F0004B6E9C0490462DD59368126843B38B46EE
:10A60000064602F1080959E9025A5FEA9A0715D08D
:10A61000043D002401E0A7420ED055F8041F5A461D
:10A62000304601F08BF9431C04F10104F3D10023FF
:10A63000C8E90133BDE8F88FD8F808302AF0030ADA
:10A64000A3EB0A03C8F8083009F10809002BDAD196
:10A650000020ECE701F0A6F90023C8E90133BDE8CA
:10A66000F88F00BF2DE9F04F2DED028BBBB008EE47
:10A67000101A08EE900A1C461746039318B1836B14
:10A68000002B00F09C8218EE102A536EDE0740F17A
:10A690009E81B2F90C108AB2900409D441F40052A0
:10A6A00018EE101A4B6E8A8123F4005392B24B6657
:10A6B000110740F1F88018EE103A1B69002B00F0EA
:10A6C000F28002F01A030A2B00F0FE8011AB0E9309
:10A6D0000023CDE90F33CDE9083306930DF144098A
:10A6E000079302933B78002B00F05B813C4604E02B
:10A6F00014F8013F002B00F03481252BF8D1E51B25
:10A7000040F031812378002B00F04B814FF00003A3
:10A7100000258DF83330671C637801954FF0FF3BBF
:10A720002B240137A3F120025A2A00F26181DFE8CD
:10A7300012F0AB025F015F01A7025F015F015F01E1
:10A740006A005F015F0149027E025F015402B902A3
:10A750005F01B5025B005B005B005B005B005B00C0
:10A760005B005B005B005F015F015F015F015F01F8
:10A770005F015F015F015F01360284005F015F01DD
:10A780005F015F015F015F015F015F015F015F01C9
:10A79000E5005F015F015F011A025F016C025F016A
:10A7A0005F0148055F015F015F015F015F015F01BC
:10A7B0005F015F015F015F01360286005F015F019B
:10A7C0005F016202860080005F0158025F0194020F
:10A7D000E700820280005F011A027E0068055F01C7
:10A7E0005F016A055F017E00A3F13002002117F8C6
:10A7F000013B01EB810102EB4101A3F13002092A87
:10A80000F5D901918EE718EE900AFEF74DFC4368EA
:10A8100008931846F6F774F90990064618EE900A60
:10A82000FEF742FC83680793002E40F0A5843B7836
:10A8300077E73B7845F0200573E745F01005AC0657
:10A84000039E40F18281073626F007063246736880
:10A8500052F8086B03929846002BC0F25584BBF166
:10A86000FF3F00F03A8556EA080325F0800A00F021
:10A8700030840A2E78F1000380F0E784303601231B
:10A880008DF8E760554600930DF1E704009A9DF8B6
:10A8900033305A45B8BF5A469046002B00F0B78077
:10A8A00002F10108B3E018EE101A18EE900A18EE43
:10A8B000105A00F01FFE002840F0A885AA8902F077
:10A8C0001A030A2B7FF402AF18EE101AB1F90E30FA
:10A8D000002BFFF6FBAE4B6EDE0702D4950540F170
:10A8E000738518EE101A18EE900A23463A463BB0CC
:10A8F000BDEC028BBDE8F04F00F0AEBD45F0100599
:10A9000015F0200800F01281039E073626F0070696
:10A910003346D6F8048053F8086B039325F4806A15
:10A9200000234FF000028DF83320BBF1FF3F00F011
:10A93000D38156EA08022AF0800540F0CC81BBF1B1
:10A94000000F40F0CD84002B40F0C8831AF00103C3
:10A95000009300F0F88330238DF8E7300DF1E70421
:10A9600094E7E51B1DD00F9B109A01332A44072B57
:10A97000C9E9007510920F9305DC09F10809029BE3
:10A980002B440293BEE6002A00F09F8318EE101AB3
:10A9900018EE900A0EAAFFF729FE40B90DF14409FE
:10A9A000EDE7109B002B40F0208500230F9318EE5D
:10A9B000102A536ED90740F1AE8093895B0600F1EF
:10A9C0002E8502983BB0BDEC028BBDE8F08FB2F94A
:10A9D0000C108D0518EE103A8AB23FF55DAE18EEF8
:10A9E000105A986DFEF768FBB5F90C108AB253E661
:10A9F000002BD6D08DF884304FF001084FF00003C3
:10AA00008DF83330CDF8008021AC4FF0000B15F0FD
:10AA10000203049318BF08F1020815F0840305939C
:10AA200005D1019BA3EB0806002E00F37F82DDE930
:10AA30000F21501C9DF833608EB10DF133020131AE
:10AA4000C9F8002007284FF00102CDE90F01C9F82D
:10AA5000042000F34C82024609F108090130049BEE
:10AA6000EBB10DAB0231C9F8003007284FF00203FB
:10AA7000CDE90F01C9F8043040F35382002900F0FA
:10AA80001F8318EE101A18EE900A0EAAFFF7AEFDFB
:10AA900000288CD1DDE90F210DF14409501C059BE4
:10AAA000802B00F05A81009BABEB0306002E00F3D5
:10AAB000BD81009BC9F8004019440728CDE90F016A
:10AAC000C9F8043040F34681002900F0858218EE71
:10AAD000101A18EE900A0EAAFFF788FD00287FF4DE
:10AAE00066AF10990DF14409680705D5019BA3EBEA
:10AAF0000804002C00F37A82DDE901234245ACBF53
:10AB00009B1843440293002940F0E08100230F93F7
:10AB10000DF14409E6E593899A053FF54FAF18EE2C
:10AB2000104AA06DFEF7CAFAA38947E715F0100393
:10AB300040F03A8315F0400200F0F983039A52F88E
:10AB4000046B03929846B6B2E8E656F8043B0396C7
:10AB5000E80600F10483690640F1FE8243F3C03841
:10AB60001EB2434678E6039E56F8044B4FF00003AE
:10AB70008DF83330002C00F0C183BBF1FF3F00F0B3
:10AB800045835A4600212046F6F72AF8002800F0AF
:10AB90002084031B009303964FF0000B76E6039E80
:10ABA0004FF000038DF833304FF0010856F8043BA6
:10ABB0008DF884300396CDF8008021AC25E700F0B5
:10ABC000D7FD60E5039B53F8042B0192002A80F225
:10ABD000B682019A0393524201923B7845F00405F4
:10ABE0009FE53B786C2B03BF7B7845F02005013750
:10ABF00045F0100595E53B78682B03BF7B7845F45D
:10AC00000075013745F040058BE545F0100A1AF054
:10AC1000200800F06A82039E073626F007063346B6
:10AC2000D6F8048053F8086B0393012379E63B7848
:10AC30008DF8334075E5039B53F8046B0393302381
:10AC40008DF8343078238DF83530C14B069345F0BC
:10AC5000020A4FF00008022363E6AE0600F19A8272
:10AC6000EC0600F14383680600F1A083A90540F1DA
:10AC70003D83039E029A56F8043B03961A7031E511
:10AC80003B7845F001054CE59DF83330002B7FF40F
:10AC9000CEAD20238DF833303B7842E53B7845F04C
:10ACA00080053EE5394611F8013B2A2B00F0C083B0
:10ACB000A3F13002092A0F464FF0000B3FF632ADE8
:10ACC00017F8013B0BEB8B0B02EB4B0BA3F13002A4
:10ACD000092AF5D926E5AA46012B3FF4CAAD022B75
:10ACE0003AAC12D1069A06F00F033609D35C04F889
:10ACF000013D46EA08764FEA181856EA0803F2D1F1
:10AD00003AAB1B1B55460093C0E506F00703F60857
:10AD100046EA48764FEAD808303356EA0801224618
:10AD200004F8013DF1D11AF0010FE9D0302BE7D042
:10AD30003023023A04F8013C3AAB9B1A5546009383
:10AD40001446A3E5009911940123129110910F93D9
:10AD50000DF1440909F10809C6E6019BA3EB0806B9
:10AD6000002E7FF7A0AE102E40F35E83DFF8E4A143
:10AD70005346CDE90445BA4618EE904A18EE105AEB
:10AD8000084696461F4607E00EF1020C09F1080935
:10AD90009646103E102E1FDD0EF1010210301023DA
:10ADA000072ACDE90F20C9F80070C9F80430EBDD9F
:10ADB0000EAA002800F09580294620460DF144098E
:10ADC000FFF714FC00287FF4F2ADDDE90FE0103E40
:10ADD000102E0EF1010CDFDCDDE904453B46014697
:10ADE00057469A463144BCF1070FCDE90FC1C9F867
:10ADF00000A0C9F8046040F3A981002900F0C682D0
:10AE000018EE101A18EE900A0EAAFFF7EFFB0028B2
:10AE10007FF4CDAD009BDDE90F21ABEB0306002EE7
:10AE200002F101000DF144097FF743AE102EDFF867
:10AE300024A137DD5346CDE90445BA4618EE904AC1
:10AE400018EE105A4FF0100B084694461F4607E0C4
:10AE50000CF1020E09F108099446103E102E1ADD7D
:10AE60000CF101021030072AC9E9007BCDE90F205F
:10AE7000EEDD0EAA20B3294620460DF14409FFF766
:10AE8000B5FB00287FF493ADDDE90FC0103E102E16
:10AE90000CF1010EE4DCDDE904453B460146574672
:10AEA00070469A4631440728CDE90F01C9F800A041
:10AEB000C9F8046000F3EE8009F108090130F8E5F3
:10AEC0004FF0010E84460DF14409C6E718EE101A42
:10AED00018EE900A0EAAFFF789FB00283FF416AE81
:10AEE00065E54FF0010C86460DF1440951E7002954
:10AEF00000F0E38018EE101A18EE900A0EAAFFF781
:10AF000075FB00287FF453ADDDE90F210DF14409F5
:10AF1000501CA4E502210DAB1291119301200DF1FB
:10AF20004409024609F10809501CB8E5102E40F307
:10AF30005682DDE90FC1DFF820A0CDE90A451023D4
:10AF4000544618EE105A18EE90AA08460EE000BFBC
:10AF500018C20008ECC40008DCC400080CF1020EA2
:10AF600009F108099446103E102E1CDD0CF1010277
:10AF70001030072AC9E90043CDE90F20EEDD0EAA03
:10AF800020B3294650460DF14409FFF72FFB002856
:10AF90007FF40DADDDE90FC0103E102E0CF1010E57
:10AFA0004FF01003E2DCA2460B9D0A9C014672465C
:10AFB0003144072ACDE90F21C9F800A0C9F804607F
:10AFC00000F3AB8009F10809501C33E584464FF0CB
:10AFD000010E0DF14409C6E76C070F9152D5019B94
:10AFE000A3EB0804002C4DDD0DF14409102C40F3B7
:10AFF0000882DFF85CA40F9A0B46BB4649465746C9
:10B0000018EE109A18EE90AA102505E0901C083151
:10B010003246103C102C18DD561C1033072EC1E9A7
:10B020000075CDE90F63F1DD0EAA3BB349465046EA
:10B03000FFF7DCFA00287FF4BAACDDE90F23103CFF
:10B04000102C02F1010011A9E6DC8946BA46194626
:10B050005F4621440728C9E900A4CDE90F017FF725
:10B060004BAD79B118EE101A18EE900A0EAAFFF740
:10B07000BDFA00287FF49BAC10993DE501201A46EB
:10B0800011A9C6E7DDE901234245ACBF9B18434443
:10B0900002933BE500293FF455AE18EE101A18EE66
:10B0A000900A0EAAFFF7A2FA00287FF480AC0F984E
:10B0B000109901300DF14409FBE4049B002B79D178
:10B0C00001200A460DF14409E9E40F920DF144090B
:10B0D00055E4BBF1000F7FF4D1AB55464FF0000BA8
:10B0E000CDF800B03AACFFF7D1BB1AF010033CD159
:10B0F0001AF0400200F00C81039A52F8046B03929C
:10B100009846B6B201230CE42D2376428DF83330F5
:10B1100068EB4808AA46012307E400297FD018EE0F
:10B12000101A18EE900A0EAAFFF760FA00287FF4B2
:10B130003EACDDE90F210DF14409501C7AE4039384
:10B140003B78FFF7EEBA3AACFFF7A0BB09F108096C
:10B150000CF101006246A6E4AA0500F12F814FEA36
:10B16000E3781E464346FFF777BB039B53F8046B17
:10B1700003930123FFF7D5BB079B002B3FF457AB8D
:10B18000079B1B78002B3FF452AB3B7845F480655E
:10B19000FFF7C7BADDE9021656F8042B0396CB1762
:10B1A000C2E90013FFF79EBA039B53F8046B0393A5
:10B1B000FFF7B4BB02210DAB129111930DF14409BD
:10B1C000B0E6A04A069215F0200836D0039E073656
:10B1D00026F007063246D6F8048052F8086B039230
:10B1E000EA0709D556EA080206D08DF83530302333
:10B1F00045F002058DF8343025F4806A0223FFF70C
:10B2000090BBAA4603E5904A0692DCE720460396E7
:10B21000F5F776FC4FF0000B0090FFF737BB9DF879
:10B220003320002A00F0B88001200DF13302129083
:10B2300011920DF1440901460DE415F0100242D0BF
:10B24000039A52F8046B0392CAE70AF48063CDF8BC
:10B2500000A0CDF81090BA46DDF81C9000253AAC5D
:10B260001F4609E030464146F5F7D0FD0A2E78F139
:10B2700000031BD306468846304641460A22002377
:10B28000F5F7C4FD1146303104F8011C0A220023F1
:10B29000013C0135002FE5D099F80010A942E1D119
:10B2A000FF2DDFD00A2E78F100035BD257463AAB70
:10B2B000DDF800A0CDF81C901B1BDDF8109000936A
:10B2C0005546FFF7E3BA15F040013ED0039951F817
:10B2D000046B03919046B6B282E7AA46FFF7C9BA5B
:10B2E000012BAA467FF4FBACFFF7C8BA039E029A73
:10B2F00056F8043B1A600396FFF7F4B95B46062B39
:10B3000028BF0623514C009303969846FFF77DBB58
:10B31000039B1AF4007814BF53F8046B53F8046BC2
:10B3200003931CBF9046F6B20123FFF7FABA039BC2
:10B3300015F4007814BF53F8046B53F8046B0393AF
:10B340001CBF9046F6B2FFF7E9BA039A15F40078ED
:10B3500014BF52F8046B52F8046B03921CBF88466A
:10B36000F6B23DE7099B0899E41A1A462046FEF713
:10B3700061FD99F801300BB109F1010930464146F0
:10B380000A2200230025F5F741FD73E701200A4654
:10B390000DF14409FFF787BB049B002B7FF4BAAD86
:10B3A0000A4601200DF14409FFF77DBB039E029A76
:10B3B00056F8043B03961A80FFF794B943F3C0187C
:10B3C0005EB24346FFF748BA886DFDF777FEFFF798
:10B3D00088BACDF800B003968346FFF757BA0F9AA4
:10B3E0001099DFF86CA00132E2E518EE101A18EEA1
:10B3F000900A0EAAFFF7FAF800283FF4D6AAFFF742
:10B40000D6BA0F98DFF848A0013022E66B6EDB0752
:10B4100005D4AB899F0502D4A86DFDF74FFE4FF010
:10B42000FF330293FFF7CDBADFF828A08446D9E4B2
:10B43000039A7B780F4652F8041B039241EAE17BA2
:10B44000FFF76FB92CC2000818C2000840C20008FC
:10B45000DCC40008ECC4000870B50C468989ADF561
:10B460008E6D21F00201ADF81410616E1B91E1891F
:10B47000ADF81610E1690991616A0B911CA902915E
:10B4800006914FF4806106460491079118A80021A7
:10B49000CDE900320891FDF70BFEDDE9003202A98B
:10B4A0003046FFF7DFF8051E07DB02A9304600F043
:10B4B0002BF9002818BF4FF0FF35BDF814305B069C
:10B4C00003D5A38943F04003A3811898FDF7F2FD4B
:10B4D00028460DF58E6D70BD49B1FF2A02D80A705D
:10B4E000012070478A2303604FF0FF307047084601
:10B4F000704700BF38B5334B1B6805460C460BB18F
:10B500009A6B12B3B4F90C3018079AB225D5216999
:10B5100000292DD012F0010007D00020A060606942
:10B520004042A06139B1002038BD950758BF60691D
:10B53000A0600029F7D1120658BF0846F4D543F0A1
:10B540004003A3814FF0FF3038BD184600F010F9DA
:10B55000B4F90C3018079AB2D9D4D1062AD55207BB
:10B5600014D4216943F00803A3819AB20029D1D1F0
:10B5700002F42070B0F5007FCCD02146284600F0C0
:10B58000ADFBB4F90C3021699AB2C3E7216B51B11C
:10B5900004F14002914204D02846FDF77FFCB4F943
:10B5A0000C300022226321690022C4E9001223F03A
:10B5B0002403D7E7092243F040032A604FF0FF300D
:10B5C000A38138BD0C00002008B5062000F0F6FB72
:10B5D0000120F5F7FAFE00BFB1F90C202DE9F0418A
:10B5E0000C461107804647D4636842F40062002B82
:10B5F000A2815EDDA56A002D58D00023D8F8006036
:10B60000C8F8003093B212F4805256D10123E16998
:10B610004046A847431C67D0A389A56A5F0705D5A4
:10B620006368C01A236B0BB1E36BC01AE169024671
:10B6300000234046A847411C41D1D8F80030002BD8
:10B640003DD01D2B01D0162B56D1A3892269226033
:10B6500023F4006300216160A381216BC8F80060BE
:10B6600021B304F14003994202D04046FDF716FC95
:10B6700000202063BDE8F0812669BEB193B2256841
:10B6800026609A070CBF63690023AD1BA3600BE023
:10B690002B463246E169676A4046B847B0F1000C74
:10B6A000A5EB0C05664417DD002DF1DC0020BDE89C
:10B6B000F081E36B002B9DDCF8E7206DAEE7B4F979
:10B6C0000C302269226023F40063A3810022DB0492
:10B6D0006260C2D52065C0E7A38943F040034FF004
:10B6E000FF30A381BDE8F081D8F80030002B93D063
:10B6F0001D2B06D0162B04D0A38943F04003A38151
:10B70000D5E7C8F80060D1E738B50C46054608B162
:10B71000836BA3B1B4F90C00B8B1636EDB0701D43D
:10B72000810515D528462146FFF756FF636EDA07D7
:10B73000054602D4A3899B050ED5284638BD00F0E6
:10B7400017F8B4F90C000028E7D10546284638BDA3
:10B75000A06DFDF7B1FCE5E7A06DFDF7AFFC284655
:10B7600038BD00BF014900F095BA00BF11C0000804
:10B770002DE9F04782463948FDF79EFCDAF838405B
:10B78000002C66D1DAF80450354ACAF83C2003236D
:10B79000CAE9B843DFF8DC90DFF8DC80314F324E85
:10B7A00004230AF53B72CAF8E8222146C5E90243A0
:10B7B000C5E90044C5E904446C660822AC6105F1A2
:10B7C0005C00FAF7E1FCC5E90759C5E90987EE62B3
:10B7D00005F15800FDF76CFCDAF80850234BEB60DC
:10B7E0002146C5E90044C5E904446C66AC60AC611F
:10B7F000082205F15C00FAF7C7FCC5E90759C5E95D
:10B800000987EE6205F15800FDF752FCDAF80C509A
:10B81000174BEB602146C5E90044C5E904446C665A
:10B82000AC60AC61082205F15C00FAF7ADFC05F1F3
:10B830005800C5E90759C5E90A76C5F82480FDF71F
:10B8400037FC0123CAF838300448BDE8F047FDF75B
:10B8500035BCBDE8F0470148FDF730BC1839012080
:10B8600065B70008ADBE0008CDBE000809000100A4
:10B870001200020049BE00086DBE00080148FDF735
:10B880001BBC00BF143901200148FDF717BC00BFE5
:10B89000143901202DE9F04782B0824688461446CB
:10B8A000FEF720FC012803D108F1FF33FE2B36D927
:10B8B000424604F15C0301A9504600F063FB421CC0
:10B8C000064632D030B39DF804C00DF105090025BD
:10B8D00009E023685A1C226083F800C00135B54294
:10B8E00018D219F801CBA368013B002BA360F0DA52
:10B8F000A769BB4261462246504602DBBCF10A0FF3
:10B90000E7D100F0E7FA431CE8D10646304602B022
:10B91000BDE8F0874646304602B0BDE8F0875FFAE2
:10B9200088FC8DF804C00646CFE7A389304643F073
:10B930004003A38102B0BDE8F08700BF30B5536E6D
:10B9400013F0010FB2F90C30144683B005469AB2D9
:10B9500001D198051CD5900406D4626E43F40053BF
:10B9600042F40052A381626622462846FFF792FF06
:10B97000636EDA07054602D4A3899B0502D52846E3
:10B9800003B030BDA06DFDF799FB284603B030BD74
:10B99000A06D0191FDF790FBB4F90C3001999AB2BA
:10B9A000D9E700BF9368002B00F085802DE9F04FA8
:10B9B000B1F90C300C461907804683B0174698B28F
:10B9C00025D523691BB310F002033D682DD04FF03D
:10B9D000000ADFF8BCB25646B9465E4533465246C9
:10B9E00028BF5B464046002E52D0E169676AB847DF
:10B9F000002856DDD9F808301B1A8244361AC9F8D7
:10BA00000830002BE9D1002003B0BDE8F08F2146BB
:10BA10004046FFF76FFD002840F03681B4F90C3046
:10BA20003D6898B210F00203D1D110F0010944D161
:10BA30004E46009746B38205D4F808B040F18380A3
:10BA4000B3455A4600F2B28010F4906F40F0BF80C8
:10BA5000206801924946FEF761FBA368019AA3EBB7
:10BA60000B012368A1601344B24623600026009BAB
:10BA70009868A0EB0A00D14498600028C3D0B4F9BC
:10BA80000C0080B2002ED6D1D5E900960835D1E75A
:10BA9000D5E900A60835A0E721464046FFF734FE69
:10BAA00080B3B4F90C3043F040034FF0FF30A38172
:10BAB00003B0BDE8F08F002070471E46AA469946A5
:10BAC00018461D46009756B388B34A46D4E9041376
:10BAD0002068B24228BF3246884205D9A16803EBEC
:10BAE000010B5A4500F3A680934263DCE169676A63
:10BAF0002A464046B847B0F1000BD2DDB9EB0B093E
:10BB0000CAD00120009A9368A3EB0B035D44A6EB17
:10BB10000B069360002B3FF476AF002ED4D10AF1D0
:10BB2000080353E902569A460833002EF9D03246EC
:10BB30000A212846F5F754F8002800F09C800130CF
:10BB4000A0EB0509C1E720682369984216D863690C
:10BB5000B34213D86FF00042B24228BF3246E169C7
:10BB600092FBF3F2676A02FB03F340464A46B8478A
:10BB7000B0F1000A95DDA6EB0A0678E7B345DA4690
:10BB800028BFB24652464946FEF7C8FAA368226863
:10BB9000A3EB0A035244A3602260002BEBD12146A1
:10BBA0004046FFF7B1FD0028E5D07AE72068B346AC
:10BBB00032464EE729460192FEF7B0FA019AA36891
:10BBC0009B1AA360236813442360934696E7236877
:10BBD0002169A3EB010B636903EB430A0AEBDA7AF1
:10BBE0000BF101034FEA6A0A33445345524684BFBE
:10BBF0009A46524643052CD511464046FDF760FA59
:10BC000000283BD05A4621690190F4F7C7FEA2896B
:10BC1000019B22F4906242F08002A28103EB0B00B0
:10BC20002361AAEB0B03C4F814A0A3602060B34601
:10BC300032460EE729465A46FEF770FA23685B44FF
:10BC4000236021464046FFF75FFD00283FF456AFD2
:10BC500027E74046FEF7DEFA03460028DED12169D9
:10BC60004046FDF71BF9B4F90C300C2223F0800399
:10BC7000C8F8002017E7721C914627E70C22B4F998
:10BC80000C30C8F800200EE74FF0FF30BCE600BFD4
:10BC900000FCFF7F2DE9F8430746884600F538761B
:10BCA0004FF00009D6E90154013D11D4A389012BBD
:10BCB00005F1FF3508D9B4F90E300133214603D020
:10BCC0003846C04749EA00096B1C04F16804EDD10D
:10BCD0003668002EE6D14846BDE8F8832DE9F041EC
:10BCE0008B890C46990796B008D504F143030122CD
:10BCF000C4E90432236016B0BDE8F081B4F90E1037
:10BD00000029064627DB6A4600F0E8F9002821DB17
:10BD1000019D05F47045A5F50055B5FA85F54FF47C
:10BD200080686D094FF4006741463046FDF7C8F959
:10BD3000B4F90C30F0B1204AF26343F08003C4F848
:10BD40001480A3812060206135BB3B43A38116B0E2
:10BD5000BDE8F081A38913F0800519D04FF04008A9
:10BD600041463046FDF7ACF90025B4F90C302F46BA
:10BD70000028E0D19A05BED423F0030304F1430266
:10BD800043F002030121C4E90421A3812260B2E748
:10BD90004FF480682F46C7E7B4F90E10304600F024
:10BDA000B3F910B9B4F90C30CFE7A38923F003033A
:10BDB00043F001031BB2C8E765B7000838B5154B5F
:10BDC0001F281D6820D8D5F8DC22044662B152F83D
:10BDD00020304BB1012B15D0591C0FD0002542F853
:10BDE00020509847284638BD284600F02BF82246B8
:10BDF00001462846BDE8384000F00EB816232B60F7
:10BE0000012038BD002038BD16232B604FF0FF30D5
:10BE100038BD00BF0C00002070B50C46084D03462D
:10BE20000026204611461C462E60F5F7BEFA431C3C
:10BE300000D070BD2B68002BFBD0236070BD00BF0D
:10BE400050390120F5F7A9BA10B50C46B1F90E101A
:10BE500000F082F9002803DB236D0344236510BD45
:10BE6000A38923F48053A38110BD00BF2DE9F041C5
:10BE70000C46B1F90C101F46CB05054616460BD4EF
:10BE800021F48051A1813B46B4F90E103246284678
:10BE9000BDE8F04100F094B8B4F90E10022300227E
:10BEA00000F044F9B4F90C10EAE700BF10B50C46F5
:10BEB000B1F90E1000F03AF9A389421C0EBF23F429
:10BEC000805343F480532065A38110BDB1F90E1057
:10BED00000F08CB8F8B50D461446064610B1836BD9
:10BEE000002B43D0B4F90C20A369A360170790B2CC
:10BEF0001BD52369CBB1EDB281042F4622D5226830
:10BF00006169D31A994229DD0133A1680139A16021
:10BF1000511C2160157062699A422AD0A389DB07FF
:10BF200001D50A2D25D03846F8BD21463046FFF709
:10BF3000E1FA20BBB4F90C20236990B2EDB2810480
:10BF40002F46DCD442F40052A281626E616922F471
:10BF5000005262662268D31A9942D5DC21463046E7
:10BF6000FFF7D2FB58B922680123CEE7FFF700FCA8
:10BF7000B8E721463046FFF7C7FB0028D3D04FF083
:10BF8000FF37D0E770B5054684B01C4639B10B4E7B
:10BF9000D6F8E060B047431C09D004B070BD0A4633
:10BFA0000649D1F8E06001A9B047431CF5D1002251
:10BFB0008A2322602B6004B070BD00BF4C080020B3
:10BFC00038B50C46084D8446114620461A460023D3
:10BFD0002B606446F5F720FA431C00D038BD2B686F
:10BFE000002BFBD0236038BD5039012038B5074DF8
:10BFF0000022044608462A60F5F72AFA431C00D0BE
:10C0000038BD2B68002BFBD0236038BD5039012090
:10C0100070B500294BD006460C4610B1836B002B3F
:10C0200048D0636ED80734D5B4F90C30002B3ED01D
:10C0300021463046FFF7D0FAE36A054633B1E1699D
:10C04000304698470028B8BF4FF0FF35A3891A063D
:10C050003BD4216B41B104F14003994202D03046F8
:10C06000FCF71CFF00232363616C21B13046FCF711
:10C0700015FF00236364FFF701FC636E0022DB07FA
:10C08000A28127D5A06DFDF715F8FFF7FDFB284627
:10C0900070BDA3899905CBD4A06DFDF70DF8B4F957
:10C0A0000C30002BC4D1656E15F0010508D00025B9
:10C0B000284670BDFFF75CFB636ED807B4D4E8E791
:10C0C000A06DFCF7FBFF284670BD21693046FCF7E8
:10C0D000E5FEBEE7A06DFCF7F1FFD3E770B50C46B7
:10C0E000084D03460026204611461C462E60F5F7F3
:10C0F000BBF9431C00D070BD2B68002BFBD0236024
:10C1000070BD00BF5039012038B5074D00220446EC
:10C1100008462A60F5F7B8F9431C00D038BD2B68F3
:10C12000002BFBD0236038BD5039012038B50C46B8
:10C13000084D8446114620461A4600232B6064466B
:10C14000F5F7ADF9431C00D038BD2B68002BFBD0B0
:10C15000236038BD5039012038B50C46084D84465F
:10C16000114620461A4600232B606446F5F737F93E
:10C17000431C00D038BD2B68002BFBD0236038BD9A
:10C1800050390120F8B500BFF8BC08BC9E46704786
:0CC19000F8B500BFF8BC08BC9E46704724
:10C1A00074696D6572310000737563636573730044
:10C1B0006661696C65640000637265617420257353
:10C1C0002025730D0A00000074696D65723200004D
:10C1D00073746172745F7461736B000049444C4501
:10C1E00000000000546D722053766300546D72514C
:10C1F000000000000000000001020304010203042B
:10C200000607080910000020494E4600696E6600C6
:10C210004E414E006E616E00303132333435363768
:10C220003839616263646566000000003031323382
:10C230003435363738394142434445460000000022
:10C24000286E756C6C290000300000002020202032
:10C25000202020202020202020202020303030309E
:10C260003030303030303030303030304E614E0091
:10C27000496E66696E6974790000000042616C6CF9
:10C280006F63207375636365656465640000000017
:10C290002F6D6E742F776F726B73706163652F777C
:10C2A0006F726B73706163652F4743432D31302D7F
:10C2B000706970656C696E652F6A656E6B696E7307
:10C2C0002D4743432D31302D706970656C696E6563
:10C2D0002D34385F32303230313132345F313630E4
:10C2E000363138303634312F7372632F6E65776C88
:10C2F00069622F6E65776C69622F6C6962632F7358
:10C3000074646C69622F64746F612E6300000000B6
:10C310002F6D6E742F776F726B73706163652F77FB
:10C320006F726B73706163652F4743432D31302DFE
:10C33000706970656C696E652F6A656E6B696E7386
:10C340002D4743432D31302D706970656C696E65E2
:10C350002D34385F32303230313132345F31363063
:10C36000363138303634312F7372632F6E65776C07
:10C3700069622F6E65776C69622F6C6962632F73D7
:10C3800074646C69622F6D707265632E63000000C7
:10C390000080E03779C34143176E05B5B5B89346C1
:10C3A000F5F93FE9034F384D321D30F94877825A8D
:10C3B0003CBF737FDD4F1575000000000000F03FAB
:10C3C0000000000000002440000000000000594070
:10C3D0000000000000408F40000000000088C340C3
:10C3E00000000000006AF8400000000080842E4138
:10C3F00000000000D01263410000000084D7974184
:10C400000000000065CDCD41000000205FA0024289
:10C41000000000E876483742000000A2941A6D42FE
:10C42000000040E59C30A2420000901EC4BCD642F1
:10C4300000003426F56B0C430080E03779C341439C
:10C4400000A0D8855734764300C84E676DC1AB4312
:10C45000003D9160E458E143408CB5781DAF154430
:10C4600050EFE2D6E41A4B4492D54D06CFF080440B
:10C47000F64AE1C7022DB544B49DD9794378EA4420
:10C4800005000000190000007D0000002C206675EA
:10C490006E6374696F6E3A2000000000617373650B
:10C4A0007274696F6E2022257322206661696C6543
:10C4B000643A2066696C6520222573222C206C6901
:10C4C0006E65202564257325730A00004300000073
:10C4D000504F5349580000002E000000202020201B
:10C4E000202020202020202020202020303030300C
:10C4F000303030303030303030303030002020209C
:10C500002020202020202828282828202020202003
:10C5100020202020202020202020202020881010D3
:10C52000101010101010101010101010100404042F
:10C5300004040404040404101010101010104141ED
:10C5400041414141010101010101010101010101DB
:10C5500001010101010101011010101010104242EF
:10C5600042424242020202020202020202020202AB
:10C57000020202020202020210101010200000004B
:10C5800000000000000000000000000000000000AB
:10C59000000000000000000000000000000000009B
:10C5A000000000000000000000000000000000008B
:10C5B000000000000000000000000000000000007B
:10C5C000000000000000000000000000000000006B
:10C5D000000000000000000000000000000000005B
:10C5E000000000000000000000000000000000004B
:10C5F000000000000000000000000000000000003B
:08C600003C48FF7F010000002F
:08C60800457D0008E501000872
:04C61000C10100085C
:10C614000024F400AAAAAAAA040000001000002022
:10C6240000000000FC02002064030020CC03002072
:10C6340000000000000000000000000000000000F6
:10C6440000000000000000000000000000000000E6
:10C6540000000000000000000000000000000000D6
:10C6640000000000000000000000000000000000C6
:10C6740000000000000000000000000000000000B6
:10C6840000000000000000000000000000000000A6
:10C694000000000000000000000000000000000096
:10C6A4000000000000000000000000000000000086
:10C6B4000000000000000000000000000000000076
:10C6C4000000000000000000010000000000000065
:10C6D4000E33CDAB34126DE6ECDE05000B0000002A
:10C6E4000000000000000000000000000000000046
:10C6F4000000000000000000000000000000000036
:10C704000000000000000000000000000000000025
:10C714000000000000000000000000000000000015
:10C724000000000000000000000000000000000005
:10C7340000000000000000000000000000000000F5
:10C7440000000000000000000000000000000000E5
:10C7540000000000000000000000000000000000D5
:10C7640000000000000000000000000000000000C5
:10C7740000000000000000000000000000000000B5
:10C7840000000000000000000000000000000000A5
:10C794000000000000000000000000000000000095
:10C7A4000000000000000000000000000000000085
:10C7B4000000000000000000000000000000000075
:10C7C4000000000000000000000000000000000065
:10C7D4000000000000000000000000000000000055
:10C7E4000000000000000000000000000000000045
:10C7F4000000000000000000000000000000000035
:10C804000000000000000000000000000000000024
:10C814000000000000000000000000000000000014
:10C824000000000000000000000000000000000004
:10C8340000000000000000000000000000000000F4
:10C8440000000000000000000000000000000000E4
:10C8540000000000000000000000000000000000D4
:10C8640000000000000000000000000000000000C4
:10C8740000000000000000000000000000000000B4
:10C8840000000000000000000000000000000000A4
:10C894000000000000000000000000000000000094
:10C8A4000000000000000000000000000000000084
:10C8B4000000000000000000000000000000000074
:10C8C4000000000000000000000000000000000064
:10C8D4000000000000000000000000000000000054
:10C8E4000000000000000000000000000000000044
:10C8F4000000000000000000000000000000000034
:10C904000000000000000000000000000000000023
:10C914000000000000000000000000000000000013
:10C924000000000000000000000000000000000003
:10C9340000000000000000000000000000000000F3
:10C9440000000000000000000000000000000000E3
:10C9540000000000000000000000000000000000D3
:10C9640000000000000000000000000000000000C3
:10C9740000000000000000000000000000000000B3
:10C9840000000000000000000000000000000000A3
:10C994000000000000000000000000000000000093
:10C9A4000000000000000000000000000000000083
:10C9B4000000000000000000000000000000000073
:10C9C4000000000000000000000000000000000063
:10C9D4000000000000000000000000000000000053
:10C9E4000000000000000000000000000000000043
:10C9F4000000000000000000000000000000000033
:10CA04000000000000000000000000000000000022
:10CA14000000000000000000000000000000000012
:10CA24000000000000000000000000000000000002
:10CA340000000000000000000000000000000000F2
:10CA440000000000000000000C390120000000007C
:10CA5400000000003C0400203C04002044040020AA
:10CA6400440400204C0400204C0400205404002002
:10CA7400540400205C0400205C04002064040020B2
:10CA8400640400206C0400206C0400207404002062
:10CA9400740400207C0400207C0400208404002012
:10CAA400840400208C0400208C04002094040020C2
:10CAB400940400209C0400209C040020A404002072
:10CAC400A4040020AC040020AC040020B404002022
:10CAD400B4040020BC040020BC040020C4040020D2
:10CAE400C4040020CC040020CC040020D404002082
:10CAF400D4040020DC040020DC040020E404002032
:10CB0400E4040020EC040020EC040020F4040020E1
:10CB1400F4040020FC040020FC0400200405002090
:10CB2400040500200C0500200C050020140500203D
:10CB3400140500201C0500201C05002024050020ED
:10CB4400240500202C0500202C050020340500209D
:10CB5400340500203C0500203C050020440500204D
:10CB6400440500204C0500204C05002054050020FD
:10CB7400540500205C0500205C05002064050020AD
:10CB8400640500206C0500206C050020740500205D
:10CB9400740500207C0500207C050020840500200D
:10CBA400840500208C0500208C05002094050020BD
:10CBB400940500209C0500209C050020A40500206D
:10CBC400A4050020AC050020AC050020B40500201D
:10CBD400B4050020BC050020BC050020C4050020CD
:10CBE400C4050020CC050020CC050020D40500207D
:10CBF400D4050020DC050020DC050020E40500202D
:10CC0400E4050020EC050020EC050020F4050020DC
:10CC1400F4050020FC050020FC050020040600208B
:10CC2400040600200C0600200C0600201406002038
:10CC3400140600201C0600201C06002024060020E8
:10CC4400240600202C0600202C0600203406002098
:10CC5400340600203C0600203C0600204406002048
:10CC6400440600204C0600204C06002054060020F8
:10CC7400540600205C0600205C06002064060020A8
:10CC8400640600206C0600206C0600207406002058
:10CC9400740600207C0600207C0600208406002008
:10CCA400840600208C0600208C06002094060020B8
:10CCB400940600209C0600209C060020A406002068
:10CCC400A4060020AC060020AC060020B406002018
:10CCD400B4060020BC060020BC060020C4060020C8
:10CCE400C4060020CC060020CC060020D406002078
:10CCF400D4060020DC060020DC060020E406002028
:10CD0400E4060020EC060020EC060020F4060020D7
:10CD1400F4060020FC060020FC0600200407002086
:10CD2400040700200C0700200C0700201407002033
:10CD3400140700201C0700201C07002024070020E3
:10CD4400240700202C0700202C0700203407002093
:10CD5400340700203C0700203C0700204407002043
:10CD6400440700204C0700204C07002054070020F3
:10CD7400540700205C0700205C07002064070020A3
:10CD8400640700206C0700206C0700207407002053
:10CD9400740700207C0700207C0700208407002003
:10CDA400840700208C0700208C07002094070020B3
:10CDB400940700209C0700209C070020A407002063
:10CDC400A4070020AC070020AC070020B407002013
:10CDD400B4070020BC070020BC070020C4070020C3
:10CDE400C4070020CC070020CC070020D407002073
:10CDF400D4070020DC070020DC070020E407002023
:10CE0400E4070020EC070020EC070020F4070020D2
:10CE1400F4070020FC070020FC0700200408002081
:10CE2400040800200C0800200C080020140800202E
:10CE3400140800201C0800201C08002024080020DE
:10CE4400240800202C0800202C080020340800208E
:10CE540034080020FFFFFFFF000002004300000031
:10CE640000000000000000000000000000000000BE
:10CE7400000000000000000000000000430000006B
:10CE8400000000000000000000000000000000009E
:10CE9400000000000000000000000000430000004B
:10CEA400000000000000000000000000000000007E
:10CEB400000000000000000000000000430000002B
:10CEC400000000000000000000000000000000005E
:10CED400000000000000000000000000430000000B
:10CEE400000000000000000000000000000000003E
:10CEF40000000000000000000000000043000000EB
:10CF0400000000000000000000000000000000001D
:10CF140000000000000000000000000043000000CA
:10CF240000000000000000000000000000000000FD
:10CF3400000000000000000000000000D9B4000858
:10CF4400F1A0000800000000FCC40008D8C40008D8
:10CF540098C4000898C4000898C4000898C400083D
:10CF640098C4000898C4000898C4000898C400082D
:10CF740098C40008FFFFFFFFFFFFFFFFFFFFFFFF55
:10CF8400FFFF000001004153434949000000000035
:10CF9400000000000000000000000000000000008D
:10CFA4000000000000004153434949000000000014
:10CFB400000000000000000000000000000000006D
:08CFC400000000000000000065
:040000050800159149
:00000001FF
