:020000040800F2
:1000000000000320E9160008AD140008B31400082E
:10001000B9140008BF140008C5140008000000004F
:100020000000000000000000000000002136000871
:10003000CB1400080000000071380008D914000833
:100040003917000839170008391700083917000850
:100050003917000839170008391700083917000840
:100060003917000839170008391700083917000830
:100070003917000839170008391700083917000820
:100080003917000839170008391700083917000810
:100090003917000839170008391700083917000800
:1000A00039170008391700083917000839170008F0
:1000B00039170008E55C00083917000839170008EF
:1000C00039170008391700083917000839170008D0
:1000D00039170008F95D00083917000839170008BA
:1000E00039170008391700083917000839170008B0
:1000F00039170008391700083917000839170008A0
:10010000391700083917000839170008391700088F
:10011000391700083917000839170008391700087F
:10012000391700083917000839170008391700086F
:10013000391700083917000839170008391700085F
:10014000391700083917000839170008391700084F
:10015000391700083917000839170008391700083F
:10016000391700083917000839170008391700082F
:100170003917000839170008391700080000000077
:10018000391700083917000839170008391700080F
:1001900039170008391700083917000839170008FF
:0C01A0003917000839170008391700084B
:1001C00010B5054C237833B9044B13B10448AFF391
:1001D00000800123237010BDB8090020000000003A
:1001E00044BF000808B5034B1BB103490348AFF3F4
:1001F000008008BD00000000BC09002044BF0008CA
:1002000081F0004102E000BF83F0004330B54FEAC7
:1002100041044FEA430594EA050F08BF90EA020F34
:100220001FBF54EA000C55EA020C7FEA645C7FEAC7
:10023000655C00F0E2804FEA5454D4EB5555B8BFEA
:100240006D420CDD2C4480EA020281EA030382EA5B
:10025000000083EA010180EA020281EA0303362DED
:1002600088BF30BD11F0004F4FEA01314FF4801CC0
:100270004CEA113102D0404261EB410113F0004FD2
:100280004FEA03334CEA133302D0524263EB430389
:1002900094EA050F00F0A780A4F10104D5F1200E27
:1002A0000DDB02FA0EFC22FA05F2801841F1000182
:1002B00003FA0EF2801843FA05F359410EE0A5F156
:1002C00020050EF1200E012A03FA0EFC28BF4CF087
:1002D000020C43FA05F3C01851EBE37101F000453D
:1002E00007D54FF0000EDCF1000C7EEB00006EEB4A
:1002F0000101B1F5801F1BD3B1F5001F0CD34908D4
:100300005FEA30004FEA3C0C04F101044FEA44522A
:1003100012F5800F80F09A80BCF1004F08BF5FEAB1
:10032000500C50F1000041EB045141EA050130BD91
:100330005FEA4C0C404141EB0101013C28BFB1F5A3
:10034000801FE9D291F0000F04BF01460020B1FAEE
:1003500081F308BF2033A3F10B03B3F120020CDAC1
:100360000C3208DD02F1140CC2F10C0201FA0CF09F
:1003700021FA02F10CE002F11402D8BFC2F1200C04
:1003800001FA02F120FA0CFCDCBF41EA0C019040BA
:10039000E41AA2BF01EB0451294330BD6FEA040403
:1003A0001F3C1CDA0C340EDC04F11404C4F12002EE
:1003B00020FA04F001FA02F340EA030021FA04F300
:1003C00045EA030130BDC4F10C04C4F1200220FA57
:1003D00002F001FA04F340EA0300294630BD21FA95
:1003E00004F0294630BD94F0000F83F4801306BF5B
:1003F00081F480110134013D4EE77FEA645C18BF4F
:100400007FEA655C29D094EA050F08BF90EA020FE5
:1004100005D054EA000C04BF1946104630BD91EADD
:10042000030F1EBF0021002030BD5FEA545C05D1E0
:100430004000494128BF41F0004130BD14F580041F
:100440003CBF01F5801130BD01F0004545F0FE4193
:1004500041F470014FF0000030BD7FEA645C1ABFC8
:10046000194610467FEA655C1CBF0B46024650EAFF
:10047000013406BF52EA033591EA030F41F400212B
:1004800030BD00BF90F0000F04BF0021704730B5B1
:100490004FF4806404F132044FF000054FF0000186
:1004A00050E700BF90F0000F04BF0021704730B547
:1004B0004FF4806404F1320410F0004548BF40421C
:1004C0004FF000013EE700BF42004FEAE2014FEA71
:1004D00031014FEA02701FBF12F07F4393F07F4F4C
:1004E00081F06051704732F07F4208BF704793F04F
:1004F0007F4F04BF41F40021704730B54FF4607462
:1005000001F0004521F000411CE700BF50EA010264
:1005100008BF704730B54FF000050AE050EA01020D
:1005200008BF704730B511F0004502D5404261EB7D
:1005300041014FF4806404F132045FEA915C3FF4BE
:10054000D8AE4FF003025FEADC0C18BF03325FEA5B
:10055000DC0C18BF033202EBDC02C2F1200300FA0C
:1005600003FC20FA02F001FA03FE40EA0E0021FA31
:1005700002F11444BDE600BF70B54FF0FF0C4CF41F
:10058000E06C1CEA11541DBF1CEA135594EA0C0FD1
:1005900095EA0C0F00F0DEF82C4481EA030621EA0C
:1005A0004C5123EA4C5350EA013518BF52EA033547
:1005B00041F4801143F4801338D0A0FB02CE4FF0F9
:1005C0000005E1FB02E506F00042E0FB03E54FF029
:1005D0000006E1FB03569CF0000F18BF4EF0010E21
:1005E000A4F1FF04B6F5007F64F5407404D25FEA1D
:1005F0004E0E6D4146EB060642EAC62141EA5551D0
:100600004FEAC52040EA5E504FEACE2EB4F1FD0C11
:1006100088BFBCF5E06F1ED8BEF1004F08BF5FEA8F
:10062000500E50F1000041EB045170BD06F0004641
:1006300046EA010140EA020081EA0301B4EB5C04EE
:10064000C2BFD4EB0C0541EA045170BD41F48011E6
:100650004FF0000E013C00F3AB8014F1360FDEBF0B
:10066000002001F0004170BDC4F10004203C35DAE7
:100670000C341BDC04F11404C4F1200500FA05F36A
:1006800020FA04F001FA05F240EA020001F000420B
:1006900021F0004110EBD37021FA04F642EB060181
:1006A0005EEA430E08BF20EAD37070BDC4F10C04AB
:1006B000C4F1200500FA04F320FA05F001FA04F26F
:1006C00040EA020001F0004110EBD37041F100015B
:1006D0005EEA430E08BF20EAD37070BDC4F1200566
:1006E00000FA05F24EEA020E20FA04F301FA05F2CE
:1006F00043EA020321FA04F001F0004121FA04F276
:1007000020EA020000EBD3705EEA430E08BF20EA45
:10071000D37070BD94F0000F0FD101F0004640007F
:1007200041EB010111F4801F08BF013CF7D041EA01
:10073000060195F0000F18BF704703F00046520005
:1007400043EB030313F4801F08BF013DF7D043EAD6
:100750000603704794EA0C0F0CEA135518BF95EA8C
:100760000C0F0CD050EA410618BF52EA4306D1D113
:1007700081EA030101F000414FF0000070BD50EA32
:10078000410606BF1046194652EA430619D094EABC
:100790000C0F02D150EA013613D195EA0C0F05D1A6
:1007A00052EA03361CBF104619460AD181EA0301FA
:1007B00001F0004141F0FE4141F470014FF00000B2
:1007C00070BD41F0FE4141F4780170BD70B54FF04D
:1007D000FF0C4CF4E06C1CEA11541DBF1CEA1355CD
:1007E00094EA0C0F95EA0C0F00F0A7F8A4EB0504AF
:1007F00081EA030E52EA03354FEA013100F08880A6
:100800004FEA03334FF0805545EA131343EA12636E
:100810004FEA022245EA111545EA10654FEA002623
:100820000EF000419D4208BF964244F1FD0404F5DC
:10083000407402D25B084FEA3202B61A65EB030538
:100840005B084FEA32024FF480104FF4002CB6EBF5
:10085000020E75EB030E22BFB61A754640EA0C0075
:100860005B084FEA3202B6EB020E75EB030E22BFB5
:10087000B61A754640EA5C005B084FEA3202B6EBF6
:10088000020E75EB030E22BFB61A754640EA9C00B5
:100890005B084FEA3202B6EB020E75EB030E22BF85
:1008A000B61A754640EADC0055EA060E18D04FEA43
:1008B000051545EA16754FEA06164FEAC30343EAE3
:1008C00052734FEAC2025FEA1C1CC0D111F4801FB0
:1008D0000BD141EA00014FF000004FF0004CB6E7A9
:1008E00011F4801F04BF01430020B4F1FD0C88BF48
:1008F000BCF5E06F3FF6AFAEB5EB030C04BFB6EB53
:10090000020C5FEA500C50F1000041EB045170BD45
:100910000EF0004E4EEA113114EB5C04C2BFD4EB72
:100920000C0541EA045170BD41F480114FF0000EF6
:10093000013C90E645EA060E8DE60CEA135594EA72
:100940000C0F08BF95EA0C0F3FF43BAF94EA0C0F75
:100950000AD150EA01347FF434AF95EA0C0F7FF4EA
:1009600025AF104619462CE795EA0C0F06D152EA3E
:1009700003353FF4FDAE1046194622E750EA410622
:1009800018BF52EA43067FF4C5AE50EA41047FF433
:100990000DAF52EA43057FF4EBAE12E7844641EA1D
:1009A000000313F003036DD1403A41D351F8043BE7
:1009B00040F8043B51F8043B40F8043B51F8043B39
:1009C00040F8043B51F8043B40F8043B51F8043B29
:1009D00040F8043B51F8043B40F8043B51F8043B19
:1009E00040F8043B51F8043B40F8043B51F8043B09
:1009F00040F8043B51F8043B40F8043B51F8043BF9
:100A000040F8043B51F8043B40F8043B51F8043BE8
:100A100040F8043B51F8043B40F8043B51F8043BD8
:100A200040F8043B51F8043B40F8043B403ABDD247
:100A3000303211D351F8043B40F8043B51F8043BE9
:100A400040F8043B51F8043B40F8043B51F8043BA8
:100A500040F8043B103AEDD20C3205D351F8043B78
:100A600040F8043B043AF9D2043208D0D2071CBF44
:100A700011F8013B00F8013B01D30B88038060466D
:100A8000704700BF082A13D38B078DD010F00303E3
:100A90008AD0C3F10403D21ADB071CBF11F8013B53
:100AA00000F8013B80D331F8023B20F8023B7BE7A2
:100AB000043AD9D3013A11F8013B00F8013BF9D2CD
:100AC0000B7803704B7843708B7883706046704767
:100AD0000000000000000000000000000000000016
:100AE0000000000000000000000000000000000006
:100AF00000000000000000000000000000000000F6
:100B000090F800F06DE9024520F007016FF0000C4D
:100B100010F0070491F820F040F049804FF00004F5
:100B20006FF00700D1E9002391F840F000F10800D0
:100B300082FA4CF2A4FA8CF283FA4CF3A2FA8CF308
:100B40004BBBD1E9022382FA4CF200F10800A4FA6F
:100B50008CF283FA4CF3A2FA8CF3E3B9D1E90423C3
:100B600082FA4CF200F10800A4FA8CF283FA4CF3FA
:100B7000A2FA8CF37BB9D1E9062301F1200182FAB4
:100B80004CF200F10800A4FA8CF283FA4CF3A2FABA
:100B90008CF3002BC6D0002A04BF04301A4612BAC8
:100BA000B2FA82F2FDE8024500EBD2007047D1E9CB
:100BB000002304F00305C4F100004FEAC50514F05A
:100BC000040F91F840F00CFA05F562EA05021CBF2B
:100BD00063EA050362464FF00004A9E70000000045
:100BE00001F0FF01102A2BDB10F0070F08D010F8DE
:100BF000013B013A8B422DD010F0070F42B3F6D1E2
:100C0000F0B441EA012141EA014122F007047FF0FA
:100C100000070023F0E80256083C85EA010586EA51
:100C2000010685FA47F5A3FA87F586FA47F6A5FA8D
:100C300087F68EB9EED1F0BC01F0FF0102F0070299
:100C400032B110F8013B013A83EA010313B1F8D144
:100C50000020704701387047002D06BF3546033825
:100C6000073815F0010F07D1013015F4807F02BF5E
:100C7000013015F4C03F0130F0BC0138704700BFAF
:100C80004FF0FF3C06E000BF4FF0010C02E000BF58
:100C90004FF0010C4DF804CD4FEA410C7FEA6C5C3B
:100CA0004FEA430C18BF7FEA6C5C1BD001B050EADE
:100CB000410C0CBF52EA430C91EA030F02BF90EAC9
:100CC000020F0020704710F1000F91EA030F58BF88
:100CD000994208BF90422CBFD8176FEAE37040F0EA
:100CE000010070474FEA410C7FEA6C5C02D150EA88
:100CF000013C07D14FEA430C7FEA6C5CD6D152EA43
:100D0000033CD3D05DF8040B704700BF8446104607
:100D100062468C461946634600E000BF01B5FFF706
:100D2000B7FF002848BF10F1000F01BD4DF808EDD6
:100D3000FFF7F4FF0CBF012000205DF808FB00BFA7
:100D40004DF808EDFFF7EAFF34BF012000205DF801
:100D500008FB00BF4DF808EDFFF7E0FF94BF01204E
:100D600000205DF808FB00BF4DF808EDFFF7CEFF4F
:100D700094BF012000205DF808FB00BF4DF808ED8E
:100D8000FFF7C4FF34BF012000205DF808FB00BF5F
:100D90004FEA410C7FEA6C5C02D150EA013C0AD177
:100DA0004FEA430C7FEA6C5C02D152EA033C02D169
:100DB0004FF0000070474FF0010070474FEA4102CA
:100DC00012F5001215D211D56FF47873B3EB62529D
:100DD00012D94FEAC12343F0004343EA505311F0C4
:100DE000004F23FA02F018BF404270474FF0000056
:100DF000704750EA013005D111F0004008BF6FF094
:100E0000004070474FF00000704700BF53B94AB927
:100E1000002908BF00281CBF4FF0FF314FF0FF3002
:100E200000F074B9ADF1080C6DE904CE00F006F8DD
:100E3000DDF804E0DDE9022304B070472DE9F04756
:100E4000089D04468E46002B4DD18A42944669D9AE
:100E5000B2FA82F252B101FA02F3C2F1200120FA91
:100E600001F10CFA02FC41EA030E94404FEA1C48DF
:100E7000210CBEFBF8F61FFA8CF708FB16E341EADB
:100E8000034306FB07F199420AD91CEB030306F161
:100E9000FF3080F01F81994240F21C81023E634482
:100EA0005B1AA4B2B3FBF8F008FB103344EA034426
:100EB00000FB07F7A7420AD91CEB040400F1FF333B
:100EC00080F00A81A74240F207816444023840EA78
:100ED0000640E41B00261DB1D4400023C5E90043B1
:100EE0003146BDE8F0878B4209D9002D00F0EF8034
:100EF0000026C5E9000130463146BDE8F087B3FA67
:100F000083F6002E4AD18B4202D3824200F2F9804E
:100F1000841A61EB030301209E46002DE0D0C5E951
:100F2000004EDDE702B9FFDEB2FA82F2002A40F09D
:100F30009280A1EB0C014FEA1C471FFA8CFE0126A0
:100F4000200CB1FBF7F307FB131140EA01410EFB44
:100F500003F0884208D91CEB010103F1FF3802D2EB
:100F6000884200F2CB804346091AA4B2B1FBF7F0E5
:100F700007FB101144EA01440EFB00FEA64508D908
:100F80001CEB040400F1FF3102D2A64500F2BB8045
:100F90000846A4EB0E0440EA03409CE7C6F1200794
:100FA000B34022FA07FC4CEA030C20FA07F401FADA
:100FB00006F31C43F9404FEA1C4900FA06F3B1FB63
:100FC000F9F8200C1FFA8CFE09FB181140EA0141C8
:100FD00008FB0EF0884202FA06F20BD91CEB010165
:100FE00008F1FF3A80F08880884240F28580A8F1BD
:100FF00002086144091AA4B2B1FBF9F009FB10110F
:1010000044EA014100FB0EFE8E4508D91CEB0101AC
:1010100000F1FF346CD28E456AD90238614440EA4F
:101020000840A0FB0294A1EB0E01A142C846A646CF
:1010300056D353D05DB1B3EB080261EB0E0101FA58
:1010400007F722FA06F3F1401F43C5E900710026B5
:101050003146BDE8F087C2F12003D8400CFA02FC0B
:1010600021FA03F3914001434FEA1C471FFA8CFE1B
:10107000B3FBF7F007FB10360B0C43EA064300FB0B
:101080000EF69E4204FA02F408D91CEB030300F1A9
:10109000FF382FD29E422DD9023863449B1B89B260
:1010A000B3FBF7F607FB163341EA034106FB0EF3E9
:1010B0008B4208D91CEB010106F1FF3816D28B4296
:1010C00014D9023E6144C91A46EA004638E72E4662
:1010D000284605E70646E3E61846F8E64B45A9D25A
:1010E000B9EB020864EB0C0E0138A3E74646EAE7C9
:1010F000204694E74046D1E7D0467BE7023B614477
:1011000032E7304609E76444023842E7704700BFDF
:1011100080B400AF084B1B6B074A43F08003136396
:10112000054B1B6B044A43F00103136300BFBD462C
:101130005DF8047B704700BF0038024080B582B084
:1011400000AF786004F096FD04F0ACFD04F0B6FD4D
:1011500004F0BEFD4FF4FA7003F0CCFAF6E700009D
:1011600080B584B002AF78600821114800F0F0FD2E
:101170000346002B08D10F4B18680023009303236C
:101180000122002104F0E0F80421094800F0E0FD0C
:101190000346002B08D1084B186800230093032353
:1011A0000222002104F0D0F8C82003F0A3FADBE704
:1011B000001C0240E0090020E409002080B586B050
:1011C00002AF78600023FB600023BB6007F10803D7
:1011D0004FF0FF3200924FF0FF320021002004F068
:1011E00033F8F860FB68012B05D1BB681A46044947
:1011F000044804F055FE012003F07CFAE6E700BF46
:1012000060BF0008D037012080B586B002AF78609B
:101210000023FB600023BB6007F108034FF0FF329F
:1012200000924FF0FF320021002004F00DF8F8602A
:10123000FB68012B05D1BB681A460449044804F039
:101240002FFE012003F056FAE6E700BF7CBF00083E
:10125000D037012080B586B002AF78600123FB60F3
:1012600002F0AAFA324B01930223009300234FF4B9
:1012700080723049304803F03FF8F860FB68012B7A
:1012800001D12E4B00E02E4B2A4A2E492E4804F065
:1012900007FE2E4B01930323009300234FF480722B
:1012A0002B492C4803F028F8F860FB68012B01D18A
:1012B000224B00E0224B264A2249234804F0F0FD4D
:1012C000254B01930423009300234FF4807223499C
:1012D000234803F011F8F860FB68012B01D1174B8C
:1012E00000E0174B1D4A1749174804F0D9FD1D4B64
:1012F00001930423009300234FF480721A491B4882
:1013000002F0FAFFF860FB68012B01D10B4B00E003
:101310000B4B154A0B490C4804F0C2FD002003F0AA
:1013200055F902F079FA00BF1037BD4680BD00BF05
:10133000D809002098BF00083D110008A4BF00088C
:10134000ACBF0008B4BF0008D0370120DC09002082
:10135000C4BF000861110008E0090020D0BF0008E8
:10136000BD110008E4090020E0BF000809120008D0
:1013700080B582B002AF00F0E1F900F01DF8FFF790
:10138000C7FE04F04DFC04F005FC4FF4E13004F01E
:10139000BDFC064B019301230093002380220449E6
:1013A000044802F0A9FF03F0D9F9FEE7D4090020B0
:1013B000F0BF00085512000880B592B000AF07F1E9
:1013C000180330220021184604F0BEFD3B1D002208
:1013D0001A605A609A60DA601A61244B1B6C234AC7
:1013E00043F080531364224B1B68214A43F440436B
:1013F00013600123BB610123FB6102233B634FF4B4
:1014000080037B630F23BB63D823FB6302233B640E
:1014100004237B6407F11803184600F049FD0346D6
:10142000002B01D000F026F800F0D6FC0346002B7C
:1014300001D000F01FF80F237B600223BB60002364
:10144000FB604FF4A0533B614FF480537B613B1D25
:101450000521184600F07EFF0346002B01D000F066
:1014600009F800BF4837BD4680BD00BF00380240C4
:101470000070004080B400AF72B600BFFEE700000D
:1014800080B400AF084B5B6C074A43F4804353645D
:10149000054B1B6C044A43F08053136400BFBD46E8
:1014A0005DF8047B704700BF0038024080B400AF95
:1014B000FEE780B400AFFEE780B400AFFEE780B483
:1014C00000AFFEE780B400AFFEE780B400AF00BF1E
:1014D000BD465DF8047B704780B500AF03F096FE13
:1014E0000346012B01D002F0F7F900F065F900BFC7
:1014F00080BD80B400AF01231846BD465DF8047B73
:10150000704780B582B000AF7860396004F0F2FCBB
:10151000034616221A604FF0FF3318460837BD46BF
:1015200080BD80B582B000AF78604FF0FF31786841
:10153000FFF7E7FFFEE780B586B000AFF860B9605F
:101540007A6000237B610AE0AFF300800146BB684C
:101550005A1CBA60CAB21A707B6901337B617A691E
:101560007B689A42F0DB7B6818461837BD4680BD21
:1015700080B586B000AFF860B9607A6000237B6107
:1015800009E0BB685A1CBA601B781846AFF30080AC
:101590007B6901337B617A697B689A42F1DB7B6806
:1015A00018461837BD4680BD80B483B000AF786060
:1015B0004FF0FF3318460C37BD465DF8047B70478B
:1015C00080B483B000AF786039603B684FF400525C
:1015D0005A60002318460C37BD465DF8047B7047FF
:1015E00080B483B000AF7860012318460C37BD4645
:1015F0005DF8047B704780B485B000AFF860B960D7
:101600007A60002318461437BD465DF8047B7047A6
:1016100080B586B000AF7860144A154BD31A7B6151
:101620007B693B61134B1B68002B02D1114B124AA3
:101630001A60104B1A687B6813443A699A4207D2C1
:1016400004F058FC03460C221A604FF0FF3309E007
:10165000084B1B68FB60074B1A687B681344054AFC
:101660001360FB6818461837BD4680BD0000032094
:1016700000040000E80900206039012080B400AFB8
:10168000164BD3F88830154A43F47003C2F88830FB
:10169000134B1B68124A43F001031360104B0022E6
:1016A0009A600F4B1B680E4A23F0847323F4803337
:1016B00013600B4B0B4A5A60094B1B68084A23F412
:1016C00080231360064B0022DA60044B4FF0006267
:1016D0009A6000BFBD465DF8047B704700ED00E0F6
:1016E0000038024010300024DFF834D0002103E03D
:1016F0000C4B5B58435004310B480C4B42189A4238
:10170000F6D30B4A02E0002342F8043B094B9A420D
:10171000F9D3FFF7B3FF04F0F3FBFFF729FE70479F
:101720000000032034C4000800000020B809002095
:10173000B80900205C390120FEE7000080B500AF49
:101740000E4B1B680D4A43F4007313600B4B1B6870
:101750000A4A43F480631360084B1B68074A43F44A
:1017600080731360032000F00DF90F2000F008F8DB
:10177000FFF786FE0023184680BD00BF003C0240F4
:1017800080B582B000AF786000F0CEFF0346094A12
:10179000A2FB03239B09184600F029F9002279686F
:1017A0004FF0FF3000F0F9F8002318460837BD4627
:1017B00080BD00BFD34D621080B400AF044B1B68E6
:1017C0000133034A136000BFBD465DF8047B7047D8
:1017D000EC09002080B400AF034B1B681846BD46DF
:1017E0005DF8047B704700BFEC09002080B485B031
:1017F00000AF78607B6803F00703FB600C4BDB688D
:10180000BB60BA684FF6FF031340BB60FB681A0267
:10181000BB68134343F0BF6343F40033BB60044A27
:10182000BB68D36000BF1437BD465DF8047B7047CA
:1018300000ED00E080B400AF044BDB681B0A03F04E
:1018400007031846BD465DF8047B704700ED00E0D5
:1018500080B483B000AF0346FB71FB7903F01F0334
:10186000012202FA03F1064A97F907305B0942F8B0
:10187000231000BF0C37BD465DF8047B704700BFE6
:1018800000E100E080B483B000AF03463960FB7133
:1018900097F90730002B0BDA3B68DAB20C49FB7979
:1018A00003F00F03043B1201D2B20B441A7609E095
:1018B0003B68DAB2074997F907301201D2B20B44FC
:1018C00083F8002300BF0C37BD465DF8047B7047EA
:1018D00000ED00E000E100E080B489B000AFF86006
:1018E000B9607A60FB6803F00703FB61FB69C3F131
:1018F0000703042B28BF0423BB61FB690433062BB9
:1019000002D9FB69033B00E000237B610122BB6934
:1019100002FA03F3013B1A46BB681A407B699A40FE
:1019200001217B6901FA03F3013B19467B680B40F7
:10193000134318462437BD465DF8047B704700000A
:1019400080B582B000AF78607B68013BB3F1807FE7
:1019500001D301230FE00A4A7B68013B53600F214A
:101960004FF0FF30FFF78EFF054B00229A60044BCB
:1019700007221A60002318460837BD4680BD00BF05
:1019800010E000E080B582B000AF78607868FFF7C3
:101990002DFF00BF0837BD4680BD80B586B000AFC3
:1019A0000346B9607A60FB7300237B61FFF742FF57
:1019B00078617A68B9687869FFF78EFF024697F90F
:1019C0000F3011461846FFF75DFF00BF1837BD46C0
:1019D00080BD80B582B000AF0346FB7197F9073038
:1019E0001846FFF735FF00BF0837BD4680BD80B5FC
:1019F00082B000AF78607868FFF7A2FF0346184610
:101A00000837BD4680BD000080B487B000AF786065
:101A100039600023FB600023BB6000233B6100238F
:101A20007B616FE101227B6902FA03F3FB603B6893
:101A30001B68FA681340BB60BA68FB689A4240F0C2
:101A40005E813B685B68022B03D03B685B68122BAE
:101A500023D17B69DA087B68083253F822303B6176
:101A60007B6903F007039B000F2202FA03F3DB43B9
:101A70003A6913403B613B681A697B6903F00703CD
:101A80009B0002FA03F33A6913433B617B69DA086E
:101A90007B680832396943F822107B681B683B6118
:101AA0007B695B00032202FA03F3DB433A691340CC
:101AB0003B613B685B6803F003027B695B0002FAF1
:101AC00003F33A6913433B617B683A691A603B68E8
:101AD0005B68012B0BD03B685B68022B07D03B682F
:101AE0005B68112B03D03B685B68122B30D17B689D
:101AF0009B683B617B695B00032202FA03F3DB43D3
:101B00003A6913403B613B68DA687B695B0002FA23
:101B100003F33A6913433B617B683A699A607B68D7
:101B20005B683B6101227B6902FA03F3DB433A699C
:101B300013403B613B685B681B0903F001027B6952
:101B400002FA03F33A6913433B617B683A695A60CE
:101B50007B68DB683B617B695B00032202FA03F36D
:101B6000DB433A6913403B613B689A687B695B00E1
:101B700002FA03F33A6913433B617B683A69DA601E
:101B80003B685B6803F08053002B00F0B880634B28
:101B90005B6C624A43F480435364614A7B699B08EF
:101BA000023352F823303B617B6903F003039B004F
:101BB0000F2202FA03F3DB433A6913403B617B686F
:101BC000584A934237D07B68574A934231D07B685A
:101BD000564A93422BD07B68554A934225D07B6866
:101BE000544A93421FD07B68534A934219D07B6872
:101BF000524A934213D07B68514A93420DD07B687E
:101C0000504A934207D07B684F4A934201D109233F
:101C100012E00A2310E008230EE007230CE006235D
:101C20000AE0052308E0042306E0032304E002237E
:101C300002E0012300E000237A6902F0030292002F
:101C400093403A6913433B6135497B699B080233F2
:101C50003A6941F823203D4B1B683B61BB68DB437D
:101C60003A6913403B613B685B6803F48033002BA7
:101C700003D03A69BB6813433B61344A3B69136044
:101C8000324B5B683B61BB68DB433A6913403B61A5
:101C90003B685B6803F40033002B03D03A69BB68F0
:101CA00013433B61294A3B695360284B9B683B6166
:101CB000BB68DB433A6913403B613B685B6803F4F4
:101CC0008013002B03D03A69BB6813433B611F4A62
:101CD0003B6993601D4BDB683B61BB68DB433A6942
:101CE00013403B613B685B6803F40013002B03D097
:101CF0003A69BB6813433B61144A3B69D3607B6913
:101D000001337B617B690F2B7FF68CAE00BF00BF78
:101D10001C37BD465DF8047B704700BF00380240A9
:101D20000038014000000240000402400008024068
:101D3000000C024000100240001402400018024053
:101D4000001C02400020024000240240003C0140F0
:101D500080B485B000AF78600B467B807B681A69E1
:101D60007B881340002B02D00123FB7301E000238A
:101D7000FB73FB7B18461437BD465DF8047B704748
:101D800080B483B000AF78600B467B8013467B70D5
:101D90007B78002B03D07A887B689A6103E07B888C
:101DA0001A047B689A6100BF0C37BD465DF8047B5E
:101DB000704780B483B000AF78600B467B807B684F
:101DC0005A697B885A407B685A6100BF0C37BD4610
:101DD0005DF8047B7047000080B58AB000AF002337
:101DE0007B62314B1B6C304A43F0805313644FF4D9
:101DF0008033BB61BB6993FAA3F37B617B693B6270
:101E00003B6AB3FA83F3FB61FB69DBB29B0003F12E
:101E1000844303F560231A4601231360FFF7DAFCBD
:101E2000786209E0FFF7D6FC02467B6AD31AB3F565
:101E30007A7F01D9032333E01C4B5B6803F48033C2
:101E4000B3F5803FEED14FF40033BB60BB6893FA2B
:101E5000A3F37B607B683B613B69B3FA83F3FB6070
:101E6000FB68DBB29B0003F1844303F560231A4651
:101E700001231360FFF7AEFC786209E0FFF7AAFCCC
:101E800002467B6AD31AB3F57A7F01D9032307E0B0
:101E9000064B5B6803F40033B3F5003FEED100233B
:101EA00018462837BD4680BD00380240007000400B
:101EB00080B598B000AF78600023FB657B681B6835
:101EC00003F00103002B66D09C4B9B6803F00C03CE
:101ED000042B0CD0994B9B6803F00C03082B12D1F8
:101EE000964B5B6803F48003B3F5800F0BD1934BE3
:101EF0001B6803F40033002B4CD07B685B68002B1D
:101F000048D101231AE28E4B00221A70FFF762FCBF
:101F1000F86508E0FFF75EFC0246FB6DD31A642B00
:101F200001D903230AE2854B1B6803F40033002B1D
:101F3000F0D17B685A68824BD2B21A707B685B68BA
:101F4000002B13D0FFF746FCF86508E0FFF742FCD2
:101F50000246FB6DD31A642B01D90323EEE1774BC4
:101F60001B6803F40033002BF0D014E0FFF732FCC1
:101F7000F86508E0FFF72EFC0246FB6DD31A642BD0
:101F800001D90323DAE16D4B1B6803F40033002B06
:101F9000F0D100E000BF7B681B6803F00203002B58
:101FA0007FD0664B9B6803F00C03002B0BD0634B78
:101FB0009B6803F00C03082B2AD1604B5B6803F489
:101FC0008003002B24D15D4B1B6803F00203002B20
:101FD00005D07B68DB68012B01D00123AEE1574BB4
:101FE0001B6823F0F8027B681B69F8213965396D9D
:101FF00091FAA1F1F964F96CB965B96DB1FA81F1A1
:102000007965796DC9B28B404C4913430B6048E048
:102010007B68DB68002B2ED04A4B01221A60FFF749
:10202000D9FBF86508E0FFF7D5FB0246FB6DD31A34
:10203000642B01D9032381E1404B1B6803F00203A9
:10204000002BF0D03D4B1B6823F0F8027B681B6926
:10205000F8213964396C91FAA1F1F963F96BB9642B
:10206000B96CB1FA81F17964796CC9B28B403349AA
:1020700013430B6015E0334B00221A60FFF7AAFBF5
:10208000F86508E0FFF7A6FB0246FB6DD31A642B48
:1020900001D9032352E1294B1B6803F00203002BF3
:1020A000F0D17B681B6803F00803002B30D07B68FD
:1020B0005B69002B16D0244B01221A60FFF78AFBC4
:1020C000F86508E0FFF786FB0246FB6DD31A642B28
:1020D00001D9032332E1194B5B6F03F00203002B9C
:1020E000F0D015E0184B00221A60FFF773FBF8657B
:1020F00008E0FFF76FFB0246FB6DD31A642B01D992
:1021000003231BE10D4B5B6F03F00203002BF0D1A7
:102110007B681B6803F00403002B74D0074B1B6C17
:10212000064A43F080531364084B1B68074A43F484
:1021300080731360FFF74EFBF86512E00038024031
:102140000238024000004742800E474200700040C3
:10215000FFF740FB0246FB6DD31A642B01D9032322
:10216000ECE0784B1B6803F48073002BF0D0764BC7
:1021700000221A70FFF72EFBF8650AE0FFF72AFB32
:102180000246FB6DD31A41F28832934201D90323F0
:10219000D4E06E4B1B6F03F00203002BEED17B6883
:1021A0009A68694BD2B21A707B689B68012B15D173
:1021B000FFF710FBF8650AE0FFF70CFB0246FB6D2A
:1021C000D31A41F28832934201D90323B6E05F4B20
:1021D0001B6F03F00203002BEED014E0FFF7FAFAB6
:1021E000F8650AE0FFF7F6FA0246FB6DD31A41F2F2
:1021F0008832934201D90323A0E0544B1B6F03F0B4
:102200000203002BEED17B689B69002B00F09580C8
:102210004E4B9B6803F00C03082B00F08C807B680E
:102220009B69022B70D14A4B00221A60FFF7D2FA49
:10223000F86508E0FFF7CEFA0246FB6DD31A642B6F
:1022400001D903237AE0414B1B6803F00073002B94
:10225000F0D17B681A6A7B685B6A47F6C0713961A6
:10226000396991FAA1F1F960F968B961B969B1FA0E
:1022700081F179617969C9B28B401A437B689B6AA5
:102280005B08013B4FF440313962396A91FAA1F1A0
:10229000F961F969B962B96AB1FA81F17962796A69
:1022A000C9B28B401A437B68DB691A437B68DB6ADF
:1022B0004FF070613963396B91FAA1F1F962F96AF3
:1022C000B963B96BB1FA81F17963796BC9B28B40AB
:1022D00013431E4A43F0005353601D4B01221A6002
:1022E000FFF778FAF86508E0FFF774FA0246FB6D2D
:1022F000D31A642B01D9032320E0144B1B6803F08D
:102300000073002BF0D018E0114B00221A60FFF789
:1023100061FAF86508E0FFF75DFA0246FB6DD31A33
:10232000642B01D9032309E0084B1B6803F00073F9
:10233000002BF0D101E0012300E0002318466037B4
:10234000BD4680BD00700040703802400038024039
:102350006000474280B584B000AF786039600023E8
:10236000FB60924B1B6803F00F033A689A4240F2FD
:102370008F808E4B3A68D2B21A708C4B1B6803F078
:102380000F033A689A4201D0012336E17B681B684B
:1023900003F00203002B08D0854B9B6823F0F0026A
:1023A0007B689B68824913438B607B681B6803F0E2
:1023B0000103002B00F0FE807B685B68012B07D1D6
:1023C0007B4B1B6803F40033002B15D1012314E170
:1023D0007B685B68022B07D1754B1B6803F00073A9
:1023E000002B09D1012308E1714B1B6803F00203A4
:1023F000002B01D1012300E16D4B9B6823F0030208
:102400007B685B686A4913438B60FFF7E3F9F86008
:102410007B685B68012B12D10AE0FFF7DBF902460B
:10242000FB68D31A41F28832934201D90323E4E0D6
:102430005F4B9B6803F00C03042BEED1BAE07B6882
:102440005B68022B1DD10AE0FFF7C4F90246FB6866
:10245000D31A41F28832934201D90323CDE0544B81
:102460009B6803F00C03082BEED1A3E0FFF7B2F951
:102470000246FB68D31A41F28832934201D9032302
:10248000BBE04B4B9B6803F00C03002BEED191E0BB
:102490007B681B6803F00203002B08D0444B9B6849
:1024A00023F0F0027B689B68414913438B607B6893
:1024B0001B6803F00103002B6AD07B685B68012B6B
:1024C00007D13B4B1B6803F40033002B15D10123CC
:1024D00093E07B685B68022B07D1354B1B6803F0E8
:1024E0000073002B09D1012387E0314B1B6803F0F7
:1024F0000203002B01D101237FE02D4B9B6823F0C9
:1025000003027B685B682A4913438B60FFF762F91B
:10251000F8607B685B68012B12D10AE0FFF75AF97B
:102520000246FB68D31A41F28832934201D9032351
:1025300063E01F4B9B6803F00C03042BEED127E0F4
:102540007B685B68022B1DD10AE0FFF743F9024666
:10255000FB68D31A41F28832934201D903234CE03D
:10256000134B9B6803F00C03082BEED110E0FFF730
:1025700031F90246FB68D31A41F28832934201D9FD
:1025800003233AE00A4B9B6803F00C03002BEED1C7
:10259000064B3A68D2B21A70044B1B6803F00F0363
:1025A0003A689A4206D0012327E000BF003C02406F
:1025B000003802407B681B6803F00403002B08D03E
:1025C000104B9B6823F4E0527B68DB680D49134392
:1025D0008B607B681B6803F00803002B09D0094B54
:1025E0009B6823F460427B681B69DB000549134349
:1025F0008B600F20FFF7C4F8002318461037BD4644
:1026000080BD00BF0038024080B491B000AF00230D
:102610007B630023FB6300233B630023BB633F4BCF
:102620009B6803F00C03082B0CD0082B6BD8002BF5
:1026300002D0042B03D066E0394BBB6366E0394B14
:10264000BB6363E0354B5B6803F03F037B63334B55
:102650005B6803F48003002B1CD0324A7B6BB2FB17
:10266000F3F22E4B596847F6C0730B4047F6C07122
:102670007962796A91FAA1F13962396AF962F96A83
:10268000B1FA81F1B962B96AC9B2CB4002FB03F376
:10269000FB631BE0224A7B6BB2FBF3F21F4B5968D2
:1026A00047F6C0730B4047F6C0717961796991FABA
:1026B000A1F139613969F961F969B1FA81F1B96159
:1026C000B969C9B2CB4002FB03F3FB63134B5B68F0
:1026D00003F440334FF440327A607A6892FAA2F2FF
:1026E0003A603A68FA60FA68B2FA82F2BA60BA6896
:1026F000D2B2D34001335B003B63FA6B3B6BB2FB5E
:10270000F3F3BB6302E0064BBB6300BFBB6B184631
:102710004437BD465DF8047B704700BF0038024077
:102720000024F40040787D0180B584B000AFFFF74D
:102730006BFF01460F4B9B6803F0F003F0227A60B9
:102740007A6892FAA2F23A603A68FA60FA68B2FAE3
:1027500082F2BA60BA68D2B2D340074AD35C21FA97
:1027600003F3064A1360054B1B6818461037BD4635
:1027700080BD00BF0038024014C0000800000020E7
:1027800080B584B000AFFFF7CFFF01460D4B9B68CB
:1027900003F4E0534FF4E0527A607A6892FAA2F2BE
:1027A0003A603A68FA60FA68B2FA82F2BA60BA68D5
:1027B000D2B2D340044AD35C21FA03F3184610374F
:1027C000BD4680BD0038024014C0000880B584B00A
:1027D00000AFFFF7A9FF01460D4B9B6803F4604370
:1027E0004FF460427A607A6892FAA2F23A603A68EC
:1027F000FA60FA68B2FA82F2BA60BA68D2B2D3402A
:10280000044AD35C21FA03F318461037BD4680BD55
:102810000038024014C0000880B582B000AF786074
:102820007B68002B01D1012337E07B6893F83930B6
:10283000DBB2002B02D1786803F08CFA7B680222AD
:1028400083F839207B681B68DA687B681B6822F490
:102850000052DA60786800F05DFC7B681B681A69DA
:102860007B681B6822F490421A617B681B685A6976
:102870007B681B6822F02A025A617B681B68DA6851
:102880007B681B6842F40052DA607B680022DA63DE
:102890007B68012283F83920002318460837BD469B
:1028A00080BD80B586B000AFF860B9603B6013466C
:1028B000FB8000237B61FB6893F83930DBB27B61DE
:1028C0007B69012B03D07B69222B40F08E80BB6893
:1028D000002B02D0FB88002B01D1012386E0FB688E
:1028E00093F83830012B01D102237FE0FB680122ED
:1028F00083F83820FB680022DA63FB6893F83930EC
:10290000DBB2222B04D1FB68322283F8392003E0AA
:10291000FB68122283F83920FB68FA889A84FB68E6
:10292000FA88DA843DE0FB68DB8C013B9AB2FB68F5
:10293000DA84FB689B68B3F5805F20D13B68002296
:102940008021F86800F029FA0346002B01D0032308
:102950004CE0BB683B613B691B881A46FB681B68FF
:10296000C2F308025A60FB681B69002B03D1BB68E5
:102970000233BB6015E0BB680133BB6011E03B680C
:1029800000228021F86800F008FA0346002B01D0ED
:1029900003232BE0BB685A1CBA601A78FB681B68DB
:1029A0005A60FB68DB8C002BBDD13B6800224021C4
:1029B000F86800F0F2F90346002B01D0032315E07C
:1029C000FB6893F83930DBB2322B04D1FB6822224A
:1029D00083F8392003E0FB68012283F83920FB6883
:1029E000002283F83820002300E00223184618371D
:1029F000BD4680BD80B586B000AFF860B9603B6071
:102A00001346FB8000237B61FB6893F83930DBB20F
:102A10007B617B69012B03D07B69122B40F09D8089
:102A2000BB68002B02D0FB88002B01D1012395E06D
:102A3000FB6893F83830012B01D102238EE0FB684C
:102A4000012283F83820FB680022DA63FB6893F8E0
:102A50003930DBB2122B04D1FB68322283F83920E3
:102A600003E0FB68222283F83920FB68FA889A8504
:102A7000FB68FA88DA8557E0FB68DB8D013B9AB288
:102A8000FB68DA85FB689B68B3F5805F29D13B68FA
:102A900000222021F86800F080F90346002B01D0C5
:102AA00003235BE0BB683B61FB681B69002B0CD117
:102AB000FB681B685B689BB2C3F308039AB23B696F
:102AC0001A80BB680233BB602EE0FB681B685B6842
:102AD0009BB2DBB29AB23B691A80BB680133BB6020
:102AE00022E03B6800222021F86800F056F90346F6
:102AF000002B01D0032331E0FB681B69002B08D1B8
:102B0000FB681B685968BB685A1CBA60CAB21A7065
:102B10000AE0FB681B685B68DAB2BB68591CB960E5
:102B200002F07F02D2B21A70FB68DB8D002BA3D1BA
:102B3000FB6893F83930DBB2322B04D1FB681222E8
:102B400083F8392003E0FB68012283F83920FB6811
:102B5000002283F83820002300E0022318461837AB
:102B6000BD4680BD80B588B000AF78600023FB61B2
:102B70000023BB617B681B681B6803F00103012B0A
:102B80000CBF01230023DBB2FB617B681B68DB68A1
:102B900003F48073BB61FB69002B11D0BB69002B70
:102BA0000ED07B681B681B687B617B681B685B6859
:102BB0007B617B697B68DB6B43F001027B68DA63D6
:102BC0007B681B681B6803F00203022B0CBF012308
:102BD0000023DBB2FB617B681B685B6903F00103C8
:102BE000BB61FB69002B11D0BB69002B0ED07B6849
:102BF0001B681B683B617B681B685B683B613B69CA
:102C00007B68DB6B43F004027B68DA637B681B68DC
:102C10001B6803F00403042B0CBF01230023DBB269
:102C2000FB617B681B685B6903F00103BB61FB69A7
:102C3000002B11D0BB69002B0ED07B681B681B6872
:102C4000FB607B681B685B68FB60FB687B68DB6B19
:102C500043F002027B68DA637B681B681B6803F041
:102C60000803082B0CBF01230023DBB2FB617B6848
:102C70001B685B6903F00103BB61FB69002B11D08A
:102C8000BB69002B0ED07B681B681B68BB607B6830
:102C90001B685B68BB60BB687B68DB6B43F008024A
:102CA0007B68DA637B681B681B6803F02003202BBA
:102CB0000CBF01230023DBB2FB617B681B68DB6870
:102CC00003F02003BB61FB69002B05D0BB69002B1F
:102CD00002D0786800F08AF97B681B681B6803F0F3
:102CE0008003802B0CBF01230023DBB2FB617B68D8
:102CF0001B68DB6803F08003BB61FB69002B05D018
:102D0000BB69002B02D0786800F0E0F87B681B6894
:102D10001B6803F04003402B0CBF01230023DBB2F0
:102D2000FB617B681B68DB6803F04003BB61FB69E8
:102D3000002B05D0BB69002B02D0786800F023F986
:102D40007B68DB6B002B06D07B68012283F839207F
:102D5000786800F018F800BF2037BD4680BD80B409
:102D600083B000AF786000BF0C37BD465DF8047BD0
:102D7000704780B483B000AF786000BF0C37BD46A9
:102D80005DF8047B704780B483B000AF786000BF0B
:102D90000C37BD465DF8047B704780B586B000AF48
:102DA000F860B9603B601346FB7100237B61FEF75E
:102DB00011FD7861FB79002B7BD138E03B68B3F1E2
:102DC000FF3F34D03B68002B07D0FEF703FD0246DF
:102DD0007B69D31A3A689A4229D2FB681B68DA6881
:102DE000FB681B6822F08002DA60FB681B68DA6807
:102DF000FB681B6822F02002DA60FB681B68DA6857
:102E0000FB681B6822F48072DA60FB681B685A69F1
:102E1000FB681B6822F001025A61FB68012283F8FB
:102E20003920FB68002283F8382003234AE0FB683E
:102E30001B681A68BB681340BA689A42BED140E06A
:102E40003B68B3F1FF3F34D03B68002B07D0FEF75F
:102E5000C1FC02467B69D31A3A689A4229D2FB68C0
:102E60001B68DA68FB681B6822F08002DA60FB6886
:102E70001B68DA68FB681B6822F02002DA60FB68D6
:102E80001B68DA68FB681B6822F48072DA60FB68F2
:102E90001B685A69FB681B6822F001025A61FB68D3
:102EA000012283F83920FB68002283F838200323AD
:102EB00008E0FB681B681A68BB681340BA689A424E
:102EC000BED0002318461837BD4680BD80B485B0FB
:102ED00000AF78600023FB607B6893F83930DBB289
:102EE000FB60FB68122B02D0FB68322B44D17B685D
:102EF0009B68B3F5805F1AD17B681B6ABB60BB68B7
:102F00001B881A467B681B68C2F308025A607B68FC
:102F10001B69002B05D17B681B6A9A1C7B681A62AF
:102F20000EE07B681B6A5A1C7B681A6208E07B68AB
:102F30001B6A591C7A6811621A787B681B685A6090
:102F40007B68DB8C013B9AB27B68DA847B68DB8C24
:102F5000002B0FD17B681B68DA687B681B6822F046
:102F60008002DA607B681B68DA687B681B6842F065
:102F70004002DA60002300E0022318461437BD4601
:102F80005DF8047B704780B582B000AF78607B68E5
:102F90001B68DA687B681B6822F04002DA607B6895
:102FA00093F83930DBB2322B04D17B68222283F8CC
:102FB000392013E07B681B68DA687B681B6822F4A1
:102FC0008072DA607B681B685A697B681B6822F034
:102FD00001025A617B68012283F839207868FFF783
:102FE000BEFE002318460837BD4680BD80B584B0BC
:102FF00000AF78600023FB607B6893F83930DBB268
:10300000FB60FB68222B02D0FB68322B7CD17B68F3
:103010009B68B3F5805F23D17B689B6ABB607B684C
:103020001B69002B0ED17B681B685B689BB2C3F3E6
:1030300008039AB2BB681A807B689B6A9A1C7B68FB
:103040009A6229E07B681B685B689BB2DBB29AB22C
:10305000BB681A807B689B6A5A1C7B689A621BE07B
:103060007B681B69002B0AD17B681B6858687B68EA
:103070009B6A591C7A689162C2B21A700CE07B6834
:103080001B685B68DAB27B689B6A581C7968886247
:1030900002F07F02D2B21A707B68DB8D013B9AB2DC
:1030A0007B68DA857B68DB8D002B2BD17B681B6806
:1030B000DA687B681B6822F02002DA607B6893F88C
:1030C0003930DBB2322B04D17B68122283F83920ED
:1030D00013E07B681B68DA687B681B6822F48072E7
:1030E000DA607B681B685A697B681B6822F0010202
:1030F0005A617B68012283F839207868FFF739FE2E
:10310000002302E0002300E0022318461037BD46EA
:1031100080BD0000B0B584B000AF78600023FB60D4
:103120007B681B681B69FB60FB6823F44053FB60F2
:103130007B68DB68FA681343FB607B681B68FA688E
:103140001A617B681B68DB68FB60FB6823F416432D
:1031500023F00C03FB607B689A687B681B691A4349
:103160007B685B691A437B68DB691343FA68134326
:10317000FB607B681B68FA68DA607B681B685B69C8
:10318000FB60FB6823F44073FB607B689B69FA6813
:103190001343FB607B681B68FA685A617B68DB69D4
:1031A000B3F5004F40F08C807B681B688C4A9342DB
:1031B00004D07B681B688B4A934240D1FFF706FB23
:1031C000024613469B0013449A001A447B685B68CE
:1031D0005B00B2FBF3F3844AA2FB03235B091C01EF
:1031E000FFF7F4FA024613469B0013449A001A4470
:1031F0007B685B685B00B2FBF3F5FFF7E7FA02461A
:1032000013469B0013449A001A447B685B685B007A
:10321000B2FBF3F3744AA2FB03235B09642202FBB3
:1032200003F3EB1A1B0132336F4AA2FB03235B0942
:1032300003F00F027B681B6822439A60CCE0FFF723
:103240009FFA024613469B0013449A001A447B6877
:103250005B685B00B2FBF3F3634AA2FB03235B09E9
:103260001C01FFF78DFA024613469B0013449A0097
:103270001A447B685B685B00B2FBF3F5FFF780FAEA
:10328000024613469B0013449A001A447B685B680D
:103290005B00B2FBF3F3544AA2FB03235B096422F5
:1032A00002FB03F3EB1A1B0132334F4AA2FB032349
:1032B0005B0903F00F027B681B6822439A608BE076
:1032C0007B681B68464A934204D07B681B68454A6A
:1032D000934240D1FFF77AFA024613469B0013440B
:1032E0009A001A447B685B689B00B2FBF3F33E4A8A
:1032F000A2FB03235B091C01FFF768FA0246134691
:103300009B0013449A001A447B685B689B00B2FBE5
:10331000F3F5FFF75BFA024613469B0013449A004D
:103320001A447B685B689B00B2FBF3F32E4AA2FB56
:1033300003235B09642202FB03F3EB1A1B01323304
:10334000294AA2FB03235B0903F00F027B681B6879
:1033500022439A6040E0FFF713FA024613469B00AF
:1033600013449A001A447B685B689B00B2FBF3F33A
:103370001D4AA2FB03235B091C01FFF701FA024669
:1033800013469B0013449A001A447B685B689B00B9
:10339000B2FBF3F5FFF7F4F9024613469B00134422
:1033A0009A001A447B685B689B00B2FBF3F30E4AF9
:1033B000A2FB03235B09642202FB03F3EB1A1B014C
:1033C0003233094AA2FB03235B0903F00F027B6837
:1033D0001B6822439A60FFE700BF1037BD46B0BDAF
:1033E00000100140001401401F85EB5180B483B0F0
:1033F00000AF78607B6803F108027B685A607B68E5
:103400004FF0FF329A607B6803F108027B68DA6054
:103410007B6803F108027B681A617B6800221A60EE
:1034200000BF0C37BD465DF8047B704780B483B0A5
:1034300000AF78607B6800221A6100BF0C37BD4680
:103440005DF8047B704780B485B000AF7860396068
:103450007B685B68FB603B68FA685A60FB689A6847
:103460003B689A60FB689B683A685A60FB683A68F8
:103470009A603B687A681A617B681B685A1C7B6893
:103480001A6000BF1437BD465DF8047B704780B4F6
:1034900085B000AF786039603B681B68BB60BB6873
:1034A000B3F1FF3F03D17B681B69FB600CE07B68D5
:1034B0000833FB6002E0FB685B68FB60FB685B68ED
:1034C0001B68BA689A42F6D2FB685A683B685A6031
:1034D0003B685B683A689A603B68FA689A60FB6888
:1034E0003A685A603B687A681A617B681B685A1CA4
:1034F0007B681A6000BF1437BD465DF8047B7047D7
:1035000080B485B000AF78607B681B69FB607B6826
:103510005B687A6892689A607B689B687A68526890
:103520005A60FB685B687A689A4203D17B689A6844
:10353000FB685A607B6800221A61FB681B685A1E90
:10354000FB681A60FB681B6818461437BD465DF8B7
:10355000047B704780B485B000AFF860B9607A60D2
:10356000FB68043BFB60FB684FF080721A60FB68ED
:10357000043BFB60BB6823F00102FB681A60FB6838
:10358000043BFB600C4AFB681A60FB68143BFB6061
:103590007A68FB681A60FB68043BFB60FB686FF0AD
:1035A00002021A60FB68203BFB60FB681846143778
:1035B000BD465DF8047B7047BD35000880B485B01A
:1035C00000AF00237B60124B1B68B3F1FF3F0AD0B2
:1035D0004FF0500383F31188BFF36F8FBFF34F8F0A
:1035E000FB6000BFFEE74FF0500383F31188BFF389
:1035F0006F8FBFF34F8FBB6000BF00BF7B68002B96
:10360000FCD000BF00BF1437BD465DF8047B704797
:103610000400002000000000000000000000000086
:10362000074B19680868B0E8F04F80F30988BFF3CA
:103630006F8F4FF0000080F311887047AFF3008068
:103640005436012000BF00BF08480068006880F3BE
:1036500008884FF0000080F3148862B661B6BFF3AB
:103660004F8FBFF36F8F00DF00BF000008ED00E059
:1036700000BF00BF80B586B000AF464B1B68464A0E
:1036800093420AD14FF0500383F31188BFF36F8F39
:10369000BFF34F8F3B6100BFFEE73E4B1B683F4AC5
:1036A00093420AD14FF0500383F31188BFF36F8F19
:1036B000BFF34F8FFB6000BFFEE7394B7B617B6937
:1036C0001B78DBB27B607B69FF221A707B691B78F9
:1036D000DBB2FB70FB78DBB203F05003DAB2314BA4
:1036E0001A70314B07221A6009E02F4B1B68013B0F
:1036F0002D4A1360FB78DBB25B00DBB2FB70FB781A
:10370000DBB203F08003802BEFD0274B1B68C3F1A3
:103710000703042B0AD04FF0500383F31188BFF343
:103720006F8FBFF34F8FBB6000BFFEE71E4B1B6860
:103730001B021D4A13601C4B1B6803F4E0631A4A0A
:1037400013607B68DAB27B691A70184B1B68174AE2
:1037500043F470031360154B1B68144A43F0704325
:10376000136000F0DBF8124B00221A6000F0FAF848
:10377000104B1B680F4A43F040431360FFF764FF90
:1037800001F06EFAFFF71AFF002318461837BD46FE
:1037900080BD00BF00ED00E071C20F4170C20F415B
:1037A00000E400E0F0090020F409002020ED00E032
:1037B0000400002034EF00E080B483B000AF4FF08D
:1037C000500383F31188BFF36F8FBFF34F8F7B607C
:1037D00000BF0F4B1B6801330D4A13600C4B1B6875
:1037E000012B0FD10B4B1B68DBB2002B0AD04FF023
:1037F000500383F31188BFF36F8FBFF34F8F3B608C
:1038000000BFFEE700BF0C37BD465DF8047B704784
:103810000400002004ED00E080B483B000AF124B40
:103820001B68002B0AD14FF0500383F31188BFF3BC
:103830006F8FBFF34F8F7B6000BFFEE70A4B1B68A3
:10384000013B094A1360084B1B68002B05D100237C
:103850003B603B6883F3118800BF00BF0C37BD4657
:103860005DF8047B704700BF0400002000000000EA
:10387000EFF30980BFF36F8F154B1A681EF0100F1E
:1038800008BF20ED108A20E9F04F10602DE90900F3
:103890004FF0500080F31188BFF34F8FBFF36F8F4D
:1038A00001F0DEF94FF0000080F3118809BC1968BF
:1038B0000868B0E8F04F1EF0100F08BFB0EC108A97
:1038C00080F30988BFF36F8F704700BFAFF30080AC
:1038D0005436012000BF00BF80B582B000AF4FF06A
:1038E000500383F31188BFF36F8FBFF34F8F7B605B
:1038F00000BF01F09FF80346002B03D0064B4FF0AA
:1039000080521A6000233B603B6883F3118800BF3C
:1039100000BF0837BD4680BD04ED00E080B400AFB5
:103920000B4B00221A600B4B00221A600A4B1B68DB
:103930000A4AA2FB03239B09094A013B1360044B7B
:1039400007221A6000BFBD465DF8047B704700BFC8
:1039500010E000E018E000E000000020D34D62100D
:1039600014E000E0DFF80C00016841F47001016030
:103970007047000088ED00E000BF00BF80B58AB04E
:1039800000AF78600023FB6100F03AFF534B1B68E7
:10399000002B01D100F008F97B68002B12D008221F
:1039A0007B6803F00703D31A0833BB61BB69DB43B1
:1039B0007A689A4204D87A68BB6913447B6001E054
:1039C00000237B607B68002B70DB7B68002B6DD055
:1039D000434B1B687A689A4268D8424B3B62414B22
:1039E0001B687B6204E07B6A3B627B6A1B687B62CC
:1039F0007B6A5B687A689A4203D97B6A1B68002BF2
:103A0000F1D1364B1B687A6A9A424FD03B6A1B68E9
:103A100008221344FB617B6A1A683B6A1A607B6A5E
:103A20005A687B68D21A08235B009A421FD97A6AC7
:103A30007B6813447B617B6903F00703002B0AD08A
:103A40004FF0500383F31188BFF36F8FBFF34F8F95
:103A50003B6100BFFEE77B6A5A687B68D21A7B69CC
:103A60005A607B6A7A685A60786900F0F9F81C4BF2
:103A70001A687B6A5B68D31A194A1360184B1A6874
:103A8000194B1B689A4203D2154B1B68164A1360E8
:103A90007B6A5B6843F000427B6A5A607B6A002263
:103AA0001A60124B1B680133104A136000F0B6FE17
:103AB000FB6903F00703002B0AD04FF0500383F398
:103AC0001188BFF36F8FBFF34F8FFB6000BFFEE71E
:103AD000FB6918462837BD4680BD00BF003601206F
:103AE00004360120F8350120083601200C3601206B
:103AF00080B586B000AF78607B687B617B68002B07
:103B000049D008235B427A6913447B617B693B613E
:103B10003B695B68002B0ADB4FF0500383F311888D
:103B2000BFF36F8FBFF34F8FFB6000BFFEE73B69B2
:103B30001B68002B0AD04FF0500383F31188BFF3AA
:103B40006F8FBFF34F8FBB6000BFFEE73B695B68C1
:103B5000DB0F03F00103DBB2002B1CD03B691B68B9
:103B6000002B18D13B695B6823F000423B695A6027
:103B700000F046FE3B695A68094B1B681344084A2B
:103B80001360386900F06CF8064B1B680133054A76
:103B9000136000F043FE00BF1837BD4680BD00BF74
:103BA000043601201036012080B485B000AF4FF4F8
:103BB0009633BB60254BFB60FB6803F00703002BCB
:103BC0000CD0FB680733FB60FB6823F00703FB6046
:103BD000BA68FB68D31A1D4A1344BB60FB687B605C
:103BE0001B4A7B6813601A4B00225A607B68BA68D4
:103BF0001344FB600822FB689B1AFB60FB6823F000
:103C00000703FB60FB68134A1360124B1B6800221A
:103C10005A60104B1B6800221A607B683B603B684F
:103C2000FA68D21A3B685A600A4B1A683B681A60F5
:103C30003B685B68084A13603B685B68074A13602F
:103C400000BF1437BD465DF8047B7047F8090020BB
:103C5000F835012000360120083601200436012005
:103C600080B485B000AF7860284BFB6002E0FB6851
:103C70001B68FB60FB681B687A689A42F7D8FB6890
:103C8000BB60FB685B68BA6813447A689A4208D1E3
:103C9000FB685A687B685B681A44FB685A60FB687B
:103CA0007B607B68BB607B685B68BA681A44FB68B2
:103CB0001B689A4218D1FB681A68154B1B689A4218
:103CC0000DD07B685A68FB681B685B681A447B6888
:103CD0005A60FB681B681A687B681A6008E00C4B26
:103CE0001A687B681A6003E0FB681A687B681A60D0
:103CF000FA687B689A4202D0FB687A681A6000BF53
:103D00001437BD465DF8047B704700BFF8350120CD
:103D10000036012080B586B000AF7860396001239D
:103D20007B617B683B613B69002B0AD14FF05003FC
:103D300083F31188BFF36F8FBFF34F8FFB6000BF1A
:103D4000FEE73B69002B5DD03B69DB6B002B59D054
:103D50003B691A6C3B69DB6B0021A3FB0223002B40
:103D600000D001210B46002B4CD1FFF725FD3B690C
:103D70001A683B69DB6B3969096C01FB03F31A4470
:103D80003B699A603B6900229A633B691A683B6908
:103D90005A603B691A683B69DB6B013B3969096C06
:103DA00001FB03F31A443B69DA603B69FF2283F8A5
:103DB00044203B69FF2283F845203B68002B14D147
:103DC0003B691B69002B1AD03B691033184601F080
:103DD0000DF80346002B12D0154B4FF080521A609D
:103DE000BFF34F8FBFF36F8F09E03B691033184665
:103DF000FFF7FCFA3B6924331846FFF7F7FAFFF7A1
:103E00000BFD01E000237B617B69002B0AD14FF0A1
:103E1000500383F31188BFF36F8FBFF34F8FBB60E5
:103E200000BFFEE77B6918461837BD4680BD00BF5E
:103E300004ED00E080B58AB002AFF860B9601346C7
:103E4000FB710023FB61FB68002B2ED00021BA68B8
:103E5000FB68A3FB0223002B00D001210B46002BA3
:103E600023D1FB68BA6802FB03F313F1510F1CD88E
:103E7000FB68BA6802FB03F3BB61BB6950331846A9
:103E8000FFF77CFDF861FB69002B1CD0FB697B61AF
:103E90007B6950337B61FA79FB69009313467A6939
:103EA000B968F86800F014F80DE0FB69002B0AD13E
:103EB0004FF0500383F31188BFF36F8FBFF34F8F21
:103EC0003B6100BFFEE7FB6918462037BD4680BD59
:103ED00080B584B000AFF860B9607A60FB70BB68F1
:103EE000002B03D1BB69BA691A6002E0BB697A682A
:103EF0001A60BB69FA68DA63BB69BA681A6401219F
:103F0000B869FFF707FFBB69FA7883F84C2000BF58
:103F10001037BD4680BD000080B58CB000AFF860A2
:103F2000B9607A600023FB62FB68BB62BB6A002B4E
:103F30000AD14FF0500383F31188BFF36F8FBFF3A3
:103F40004F8F3B6200BFFEE7BB68002B03D1BB6A0B
:103F50001B6C002B01D1012300E00023002B0AD1B0
:103F60004FF0500383F31188BFF36F8FBFF34F8F70
:103F7000FB6100BFFEE701F049F90346002B02D1C7
:103F80007B68002B01D1012300E00023002B0AD124
:103F90004FF0500383F31188BFF36F8FBFF34F8F40
:103FA000BB6100BFFEE7FFF707FCBB6A9B6B7B6250
:103FB0007B6A002B1FD0B968B86A00F08DF87B6A65
:103FC0005A1EBB6A9A63BB6A1B69002B0FD0BB6A7F
:103FD0001033184600F00AFF0346002B07D03D4B74
:103FE0004FF080521A60BFF34F8FBFF36F8FFFF710
:103FF00013FC012369E07B68002B03D1FFF70CFC65
:10400000002362E0FB6A002B06D107F1100318467B
:1040100000F0C2FF0123FB62FFF7FEFB00F0F0FBA4
:10402000FFF7CAFBBB6A93F844305BB2B3F1FF3FC2
:1040300003D1BB6A002283F84420BB6A93F8453061
:104040005BB2B3F1FF3F03D1BB6A002283F8452086
:10405000FFF7E2FB3A1D07F110031146184600F086
:10406000B1FF0346002B23D1B86A00F0ADF8034638
:10407000002B17D0BB6A24337A681146184600F02B
:104080004BFEB86A00F04EF800F0C8FB0346002B68
:1040900089D1104B4FF080521A60BFF34F8FBFF39E
:1040A0006F8F80E7B86A00F03DF800F0B7FB7AE761
:1040B000B86A00F037F800F0B1FBB86A00F084F895
:1040C0000346002B3FF46FAF002318463037BD4640
:1040D00080BD00BF04ED00E080B582B000AF786025
:1040E00039607B681B6C002B18D07B68DA687B68B2
:1040F0001B6C1A447B68DA607B68DA687B689B68B3
:104100009A4203D37B681A687B68DA607B68D96857
:104110007B681B6C1A463868FCF740FC00BF083708
:10412000BD4680BD80B584B000AF7860FFF744FB2A
:104130007B6893F84530FB7311E07B685B6A002B6A
:1041400012D07B682433184600F050FE0346002B43
:1041500001D000F09DFFFB7B013BDBB2FB7397F9C5
:104160000F30002BE9DC00E000BF7B68FF2283F802
:104170004520FFF751FBFFF71FFB7B6893F84430A6
:10418000BB7311E07B681B69002B12D07B68103376
:10419000184600F02BFE0346002B01D000F078FFFC
:1041A000BB7B013BDBB2BB7397F90E30002BE9DC24
:1041B00000E000BF7B68FF2283F84420FFF72CFB60
:1041C00000BF1037BD4680BD80B584B000AF7860B9
:1041D000FFF7F2FA7B689B6B002B02D10123FB6097
:1041E00001E00023FB60FFF717FBFB681846103760
:1041F000BD4680BD80B487B000AF786039600023D1
:104200003B617B68002B0AD14FF0500383F3118888
:10421000BFF36F8FBFF34F8FFB6000BFFEE73B68BC
:10422000002B24D000237B611EE0184A7B69DB0051
:1042300013445B687A689A4205D17B69DB00134AB4
:1042400013443B6113E03B69002B0AD10F4A7B69A1
:1042500052F83330002B04D17B69DB000B4A134446
:104260003B617B6901337B617B69072BDDD93B694E
:10427000002B05D03B693A681A603B697A685A603E
:1042800000BF1C37BD465DF8047B70471436012023
:1042900080B586B000AFF860B9607A60FB687B617A
:1042A000FFF78AFA7B6993F844305BB2B3F1FF3FC2
:1042B00003D17B69002283F844207B6993F8453061
:1042C0005BB2B3F1FF3F03D17B69002283F8452045
:1042D000FFF7A2FA7B699B6B002B06D17B69243325
:1042E0007A68B968184600F03BFD7869FFF71AFF55
:1042F00000BF1837BD4680BD80B58CB004AFF860F4
:10430000B9603B601346FB80FB889B001846FFF7B3
:1043100035FB78617B69002B13D05820FFF72EFB0B
:10432000F861FB69002B08D058220021F86901F0E0
:104330000BFEFB697A691A6305E07869FFF7D8FB21
:1043400001E00023FB61FB69002B13D0FA880023F6
:104350000393FB690293FB6A0193BB6A00933B687A
:10436000B968F86800F00EF8F86900F099F80123D0
:10437000BB6102E04FF0FF33BB61BB6918462037D9
:10438000BD4680BD80B588B000AFF860B9607A6086
:104390003B603B6B186B7B689B001A46A52101F0C4
:1043A000D3FD3B6B1A6B7B6803F18043013B9B00A1
:1043B0001344BB61BB6923F00703BB61BB6903F016
:1043C0000703002B0AD04FF0500383F31188BFF38B
:1043D0006F8FBFF34F8F7B6100BFFEE7BB68002B81
:1043E0001ED00023FB6112E0BA68FB691344197800
:1043F0003A6BFB69134434330A461A70BA68FB6996
:1044000013441B78002B06D0FB690133FB61FB6969
:10441000092BE9D900E000BF3B6B002283F83D2067
:10442000BB6A042B0AD94FF0500383F31188BFF302
:104430006F8FBFF34F8F3B6100BFFEE7BB6A042B5A
:1044400001D90423BB623B6BBA6ADA623B6BBA6A7E
:104450009A643B6B04331846FEF7E8FF3B6B183356
:104460001846FEF7E3FF3B6B3A6B1A61BB6AC3F178
:1044700005023B6B9A613B6B3A6B5A623A68F9688A
:10448000B869FFF767F802463B6B1A60FB6A002BBE
:1044900002D0FB6A3A6B1A6000BF2037BD4680BD70
:1044A00080B584B000AF7860FFF786F9404B1B6899
:1044B00001333F4A13603F4B1B68002B09D13D4A33
:1044C0007B6813603A4B1B68012B10D100F004FE8F
:1044D0000DE0394B1B68002B09D1364B1B68DA6A9B
:1044E0007B68DB6A9A4202D8324A7B681360334B9E
:1044F0001B680133314A1360304B1A687B681A64B9
:104500007B68DB6A01229A402D4B1B6813432C4ABF
:1045100013607B68DA6A2B4913469B0013449B00A7
:104520000B4404331B68FB607B68FA689A60FB6885
:104530009A687B68DA60FB689B687A6804325A6024
:104540007B681A1DFB689A607B68DA6A13469B00D9
:1045500013449B001B4A1A447B685A617B68DA6AE1
:10456000184913469B0013449B000B441B68591CBD
:10457000144813469B0013449B0003441960FFF743
:104580004BF90D4B1B68002B0ED00A4B1B68DA6AE7
:104590007B68DB6A9A4207D20B4B4FF080521A605D
:1045A000BFF34F8FBFF36F8F00BF1037BD4680BD85
:1045B0002C3701205436012038370120483701209C
:1045C000343701205836012004ED00E080B584B076
:1045D00000AF7860FFF7F0F87B68002B02D13B4B0F
:1045E0001B6800E07B68FB60FB6804331846FEF73D
:1045F00087FF0346002B15D1FB68DA6A344913465E
:104600009B0013449B000B441B68002B0AD1FB68E2
:10461000DB6A012202FA03F3DA432E4B1B681340D4
:104620002C4A1360FB689B6A002B04D0FB6818338C
:104630001846FEF765FF284B1B680133264A1360B6
:10464000224B1B68FA689A420BD1FB680433194667
:104650002248FEF7F8FE224B1B680133204A136004
:1046600006E0204B1B68013B1E4A136000F0B2FDC0
:10467000FFF7D2F8154B1B68FA689A4202D0F86827
:1046800000F098FD184B1B68002B1BD00F4B1B68CC
:10469000FA689A4216D1154B1B68002B0AD04FF0CE
:1046A000500383F31188BFF36F8FBFF34F8FBB604D
:1046B00000BFFEE70E4B4FF080521A60BFF34F8FE2
:1046C000BFF36F8F00BF1037BD4680BD5436012049
:1046D00058360120343701204837012000370120A7
:1046E000143701202C37012038370120543701209E
:1046F00004ED00E080B584B000AF78600023FB607B
:104700007B68002B17D0134B1B68002B0AD04FF08F
:10471000500383F31188BFF36F8FBFF34F8FBB60DC
:1047200000BFFEE700F06CF80021786800F02EFF73
:1047300000F074F8F860FB68002B07D1064B4FF0CF
:1047400080521A60BFF34F8FBFF36F8F00BF1037D7
:10475000BD4680BD5437012004ED00E080B586B031
:1047600002AF204B019300230093002382221E49B5
:104770001E48FFF7C1FDF860FB68012B02D100F075
:1047800085FFF860FB68012B16D14FF0500383F3CF
:104790001188BFF36F8FBFF34F8FBB6000BF144B07
:1047A0004FF0FF321A60134B01221A60124B0022A5
:1047B0001A60FEF75FFF0EE0FB68B3F1FF3F0AD11E
:1047C0004FF0500383F31188BFF36F8FBFF34F8F08
:1047D0007B6000BFFEE7094B1B6800BF1037BD467A
:1047E00080BD00BF50370120FCBF0008A950000861
:1047F0004C370120383701203037012008000020D5
:1048000080B400AF044B1B680133034A136000BF40
:10481000BD465DF8047B70475437012080B588B0F1
:1048200000AF0023FB610023BB61714B1B68002BB1
:104830000AD14FF0500383F31188BFF36F8FBFF39A
:104840004F8F7B6000BFFEE7FEF7B6FF684B1B682B
:10485000013B674A1360664B1B68002B40F0C08029
:10486000644B1B68002B00F0BB808AE0624BDB6866
:10487000DB68FB61FB699B6A3B61FB69DB69FA6989
:10488000126A9A60FB691B6AFA69D2695A603B69CD
:104890005A68FB6918339A4203D1FB691A6A3B696B
:1048A0005A60FB6900229A623B691B685A1E3B6989
:1048B0001A60FB695B69FB60FB699B68FA69D268F7
:1048C0009A60FB69DB68FA6992685A60FB685A680B
:1048D000FB6904339A4203D1FB69DA68FB685A60CA
:1048E000FB6900225A61FB681B685A1EFB681A604C
:1048F000FB69DB6A01229A40404B1B6813433F4A25
:104900001360FB69DA6A3E4913469B0013449B001F
:104910000B4404331B68BB60FB69BA689A60BB68D0
:104920009A68FB69DA60BB689B68FA6904325A606E
:10493000FB691A1DBB689A60FB69DA6A13469B0023
:1049400013449B002E4A1A44FB695A61FB69DA6AD8
:104950002B4913469B0013449B000B441B68591CB6
:10496000274813469B0013449B0003441960FB69CE
:10497000DA6A244B1B68DB6A9A4202D3224B01227B
:104980001A601D4B1B68002B7FF470AFFB69002B76
:1049900001D000F01FFC1D4B1B687B617B69002B65
:1049A00010D000F047F80346002B02D0164B01222E
:1049B0001A607B69013B7B617B69002BF1D1134B52
:1049C00000221A60104B1B68002B09D00123BB6129
:1049D0000F4B4FF080521A60BFF34F8FBFF36F8FB2
:1049E000FEF71AFFBB6918462037BD4680BD00BFE1
:1049F000543701202C370120EC36012034370120B8
:104A00005836012054360120403701203C37012020
:104A100004ED00E080B483B000AF054B1B687B6001
:104A20007B6818460C37BD465DF8047B704700BFB5
:104A30003037012080B58AB000AF00237B627D4B08
:104A40001B68002B40F0EC807B4B1B6801333B6202
:104A5000794A3B6A13603B6A002B20D1774B1B6875
:104A60001B68002B0AD04FF0500383F31188BFF36B
:104A70006F8FBFF34F8F7B6000BFFEE76F4B1B68EC
:104A8000FB616F4B1B686D4A13606D4AFB691360D5
:104A90006C4B1B6801336B4A136000F09BFB6A4B45
:104AA0001B683A6A9A42C0F0A680644B1B681B6878
:104AB000002B04D1644B4FF0FF321A609BE05F4B38
:104AC0001B68DB68DB68BB61BB695B687B613A6A5A
:104AD0007B699A4203D25C4A7B6913608BE0BB69B5
:104AE0005B693B61BB699B68BA69D2689A60BB69C4
:104AF000DB68BA6992685A603B695A68BB690433DB
:104B00009A4203D1BB69DA683B695A60BB690022EB
:104B10005A613B691B685A1E3B691A60BB699B6AF4
:104B2000002B1ED0BB699B6AFB60BB69DB69BA695D
:104B3000126A9A60BB691B6ABA69D2695A60FB68DB
:104B40005A68BB6918339A4203D1BB691A6AFB6879
:104B50005A60BB6900229A62FB681B685A1EFB6898
:104B60001A60BB69DB6A01229A40384B1B68134309
:104B7000364A1360BB69DA6A354913469B00134411
:104B80009B000B4404331B68BB60BB69BA689A6026
:104B9000BB689A68BB69DA60BB689B68BA69043213
:104BA0005A60BB691A1DBB689A60BB69DA6A134612
:104BB0009B0013449B00264A1A44BB695A61BB6997
:104BC000DA6A234913469B0013449B000B441B687D
:104BD000591C1F4813469B0013449B000344196053
:104BE000BB69DA6A1B4B1B68DB6A9A427FF65DAFD2
:104BF00001237B6259E7174B1B68DA6A1449134695
:104C00009B0013449B000B441B68012B01D901231B
:104C10007B62114B1B68002B07D001237B6204E0F1
:104C20000E4B1B6801330D4A13607B6A1846283708
:104C3000BD4680BD5437012030370120E4360120C5
:104C4000E8360120443701204C3701203437012059
:104C50005836012054360120403701203C370120CE
:104C600080B487B000AF274B1B68002B03D0264BC6
:104C700001221A603FE0244B00221A60234B1B687C
:104C8000FB60FB68B3FA83F3FB72FB7AC3F11F038B
:104C90007B611F497A6913469B0013449B000B44B8
:104CA0001B68002B0AD14FF0500383F31188BFF328
:104CB0006F8FBFF34F8F7B6000BFFEE77A691346AB
:104CC0009B0013449B00124A13443B613B695B68A1
:104CD0005A683B695A603B695A683B6908339A4293
:104CE00004D13B695B685A683B695A603B695B6801
:104CF000DB68084A136000BF1C37BD465DF8047BC3
:104D0000704700BF5437012040370120343701205D
:104D1000583601205436012080B584B000AF786049
:104D200039607B68002B0AD14FF0500383F3118860
:104D3000BFF36F8FBFF34F8FFB6000BFFEE7074BE2
:104D40001B68183319467868FEF7A1FB0121386803
:104D500000F01CFC00BF1037BD4680BD543601205A
:104D600080B586B000AFF860B9607A60FB68002B50
:104D70000AD14FF0500383F31188BFF36F8FBFF355
:104D80004F8F3B6100BFFEE7FB685B687B61164BA2
:104D90001B687A69DA61144B1B687A6992681A6237
:104DA000114B1A687B699B6818325A600E4B1B685E
:104DB00003F118027B699A600B4B1B68FA689A62D0
:104DC000FB681B685A1CFB681A607B68002B02D0CA
:104DD0004FF0FF33BB607968B86800F0D7FB00BFC5
:104DE0001837BD4680BD00BF5436012080B48BB05B
:104DF00000AF78607B68DB68DB683B623B6A002B56
:104E00000AD14FF0500383F31188BFF36F8FBFF3C4
:104E10004F8FFB6000BFFEE73B6A9B6AFB613B6A0A
:104E2000DB693A6A126A9A603B6A1B6A3A6AD2691B
:104E30005A60FB695A683B6A18339A4203D13B6A4D
:104E40001A6AFB695A603B6A00229A62FB691B6816
:104E50005A1EFB691A604A4B1B68002B5ED13B6AE5
:104E60005B697B613B6A9B683A6AD2689A603B6A7D
:104E7000DB683A6A92685A607B695A683B6A043315
:104E80009A4203D13B6ADA687B695A603B6A002226
:104E90005A617B691B685A1E7B691A603B6ADB6A30
:104EA00001229A40374B1B681343364A13603B6A12
:104EB000DA6A354913469B0013449B000B440433C4
:104EC0001B683B613B6A3A699A603B699A683B6A36
:104ED000DA603B699B683A6A04325A603B6A1A1D81
:104EE0003B699A603B6ADA6A13469B0013449B0055
:104EF000254A1A443B6A5A613B6ADA6A22491346D8
:104F00009B0013449B000B441B68591C1E4813460E
:104F10009B0013449B00034419601BE01B4B5B6820
:104F2000BB613B6ABA69DA61BB699A683B6A1A621B
:104F3000BB699B683A6A18325A603B6A03F11802EF
:104F4000BB699A603B6A114A9A62104B1B68013335
:104F50000E4A13603B6ADA6A0D4B1B68DB6A9A42A1
:104F600005D901237B620B4B01221A6001E000236B
:104F70007B627B6A18462C37BD465DF8047B704720
:104F8000543701203437012058360120EC360120F7
:104F9000543601204037012080B483B000AF7860E0
:104FA000064B1A687B681A60054B1A687B685A6062
:104FB00000BF0C37BD465DF8047B704744370120C5
:104FC0003037012080B588B000AF786039607B68E9
:104FD000002B0AD14FF0500383F31188BFF36F8F7A
:104FE000BFF34F8F3B6100BFFEE73B68002B0AD148
:104FF0004FF0500383F31188BFF36F8FBFF34F8FD0
:10500000FB6000BFFEE7FEF7D7FB1F4B1B68BB61D1
:105010007B685B68BA69D31A7B613B681B68B3F134
:10502000FF3F02D10023FB6126E07B681A68174B23
:105030001B689A420AD07B685B68BA699A4205D3BA
:105040000123FB613B6800221A6015E03B681B6886
:105050007A699A420BD23B681A687B69D21A3B681C
:105060001A607868FFF798FF0023FB6104E03B6853
:1050700000221A600123FB61FEF7CEFBFB69184694
:105080002037BD4680BD00BF3037012044370120A6
:1050900080B400AF034B01221A6000BFBD465DF82B
:1050A000047B70474037012080B582B000AF786044
:1050B00000F052F8064B1B68012BF9D9054B4FF055
:1050C00080521A60BFF34F8FBFF36F8FF0E700BFBE
:1050D0005836012004ED00E080B582B000AF002317
:1050E0007B600CE07A6813469B0013449B00124AD5
:1050F00013441846FEF77AF97B6801337B607B68BE
:10510000042BEFD90D48FEF771F90D48FEF76EF943
:105110000C48FEF76BF90C48FEF768F90B48FEF7F0
:1051200065F90B4B054A1A600A4B054A1A6000BF25
:105130000837BD4680BD00BF58360120BC3601206F
:10514000D0360120EC36012000370120183701202D
:10515000E4360120E836012080B582B000AF19E0C6
:10516000FEF72AFB104BDB68DB687B607B6804334F
:105170001846FEF7C5F90D4B1B68013B0B4A13603F
:105180000B4B1B68013B0A4A1360FEF745FB78682E
:1051900000F010F8064B1B68002BE1D100BF00BFE8
:1051A0000837BD4680BD00BF003701202C370120E5
:1051B0001437012080B582B000AF78607B681B6B2C
:1051C0001846FEF795FC7868FEF792FC00BF08379A
:1051D000BD4680BD80B400AF0A4B1B681B68002B26
:1051E00004D1094B4FF0FF321A6005E0054B1B68F4
:1051F000DB681B68044A136000BFBD465DF8047B92
:10520000704700BFE43601204C37012080B483B0E2
:1052100000AF0B4B1B68002B02D101237B6008E021
:10522000084B1B68002B02D102237B6001E00023A6
:105230007B607B6818460C37BD465DF8047B704781
:10524000383701205437012080B586B000AFF860B0
:10525000B9607A603B60FB68002B0AD04FF05003C6
:1052600083F31188BFF36F8FBFF34F8F3B6100BF94
:10527000FEE7FEF7A1FA324B1A68FB681344543379
:105280001B78DBB2022B22D02D4B1B68FA6814323C
:1052900053F82210BA68D2431140FA68143243F826
:1052A0002210274B1A68FB681344543301221A70EA
:1052B0003B6A002B0BD00121386A00F067F9214BC3
:1052C0004FF080521A60BFF34F8FBFF36F8FFEF71E
:1052D000A3FAFEF771FA3B68002B07D0184B1B6846
:1052E000FA68143253F822203B681A60144B1A688B
:1052F000FB68134454331B78DBB2022B02D000232B
:105300007B610EE00E4B1B68FA68143253F82210D2
:105310007A68D2431140FA68143243F8221001230C
:105320007B61074B1A68FB681344543300221A70E0
:10533000FEF772FA7B6918461837BD4680BD00BF7C
:105340005436012004ED00E080B58EB000AFF86067
:10535000B9607A60FB7001237B63BB68002B0AD0C5
:105360004FF0500383F31188BFF36F8FBFF34F8F5C
:105370003B6200BFFEE7FB68002B0AD14FF05003F1
:1053800083F31188BFF36F8FBFF34F8FFB6100BFB3
:10539000FEE7FB683B63FEF70FFA3B6C002B06D081
:1053A0003B6BBA68143253F822203B6C1A603A6B9C
:1053B000BB68134454331B7887F82F303A6BBB68B3
:1053C0001344543302221A70FB78042B3BD801A2F9
:1053D00052F823F065540008E9530008055400080A
:1053E0001D5400082B5400083B6BBA68143253F864
:1053F00022207B6842EA03013B6BBA68143243F80F
:10540000221032E03B6BBA68143253F82230591C38
:105410003B6BBA68143243F8221026E03B6BBA6843
:105420001432796843F822101FE097F82F30022BCE
:1054300006D03B6BBA681432796843F8221014E046
:1054400000237B6311E04C4B1B68002B0CD04FF00A
:10545000500383F31188BFF36F8FBFF34F8FBB618E
:1054600000BFFEE700BF00E000BF97F82F30012B20
:105470007BD13B6B5B69BB623B6B9B683A6BD268D1
:105480009A603B6BDB683A6B92685A60BB6A5A68F9
:105490003B6B04339A4203D13B6BDA68BB6A5A60B8
:1054A0003B6B00225A61BB6A1B685A1EBB6A1A60BA
:1054B0003B6BDB6A01229A40304B1B6813432F4A37
:1054C00013603B6BDA6A2E4913469B0013449B0022
:1054D0000B4404331B687B623B6B7A6A9A607B6A7D
:1054E0009A683B6BDA607B6A9B683A6B04325A605D
:1054F0003B6B1A1D7B6A9A603B6BDA6A13469B0012
:1055000013449B001E4A1A443B6B5A613B6BDA6A98
:105510001B4913469B0013449B000B441B68591CFA
:10552000174813469B0013449B00034419603B6BD0
:105530009B6A002B0AD04FF0500383F31188BFF30E
:105540006F8FBFF34F8F7B6100BFFEE73B6BDA6A63
:105550000C4B1B68DB6A9A4207D90B4B4FF0805209
:105560001A60BFF34F8FBFF36F8FFEF755F97B6B58
:1055700018463837BD4680BD30370120343701200A
:10558000583601205436012004ED00E080B586B085
:1055900000AF78603960364B1B687B61354B1B6808
:1055A00004331846FDF7ACFF0346002B0BD1314BFB
:1055B0001B68DB6A012202FA03F3DA432E4B1B68F5
:1055C00013402D4A13607B68B3F1FF3F24D13B6841
:1055D000002B21D0294B5B683B61264B1B683A6945
:1055E0009A60244B1B683A699268DA60214B1A680A
:1055F0003B699B6804325A601E4B1B681A1D3B694D
:105600009A601C4B1B681D4A5A611C4B1B68013376
:105610001A4A136000BF26E07A697B681344FB6076
:10562000144B1B68FA685A60FA687B699A4209D27F
:10563000134B1A680F4B1B68043319461046FDF7CD
:1056400026FF10E00F4B1A680A4B1B6804331946FB
:105650001046FDF71CFF0C4B1B68FA689A4202D2F9
:10566000094AFB68136000BF1837BD4680BD00BF04
:1056700030370120543601203437012018370120FB
:10568000E8360120E43601204C37012080B584B093
:1056900002AF00237B6000F047FA114B1B68002B20
:1056A0000BD0104B01930223009300234FF482721E
:1056B0000D490E48FEF720FE78607B68002B0AD16A
:1056C0004FF0500383F31188BFF36F8FBFF34F8FF9
:1056D0003B6000BFFEE77B6818460837BD4680BDCB
:1056E000883701208C37012004C000089557000836
:1056F00080B584B000AFF860B9607A6008E0FB68FC
:105700009B69BA681344BB60FB681B6AF8689847DA
:10571000FB689A69BB68D118BB687A68F86800F0C2
:10572000DDF80346002BEAD100BF00BF1037BD46AD
:1057300080BD000080B584B000AF78603960144B44
:105740001B68DB68DB68FB60FB6804331846FDF709
:10575000D7FEFB6893F8283003F00403002B05D034
:105760003A687968F868FFF7C3FF08E0FB6893F8C8
:10577000283023F00103DAB2FB6883F82820FB68A5
:105780001B6AF868984700BF1037BD4680BD00BF50
:105790008037012080B584B000AF786007F108033E
:1057A000184600F057F8F860BB681946F86800F032
:1057B00003F800F0D5F8F1E780B584B000AF786069
:1057C0003960FFF71DF807F10803184600F066F886
:1057D000F860BB68002B30D13B68002B0AD17A6897
:1057E000FB689A4206D8FFF719F8F9687868FFF75E
:1057F000A1FF24E03B68002B08D0134B1B681B68FB
:10580000002B01D1012300E000233B600F4B1868FF
:105810007A68FB68D31A3A681946FEF739FDFEF735
:10582000FDFF0346002B0AD1094B4FF080521A604E
:10583000BFF34F8FBFF36F8F01E0FEF7EFFF00BFA5
:105840001037BD4680BD00BF843701208837012056
:1058500004ED00E080B485B000AF78600E4B1B68AB
:105860001B68002B01D1012200E000227B681A6036
:105870007B681B68002B05D1074B1B68DB681B6826
:10588000FB6001E00023FB60FB6818461437BD464F
:105890005DF8047B704700BF8037012080B584B07D
:1058A00000AF7860FFF7B6F8F8600B4B1B68FA683A
:1058B0009A4205D200F012F97B6801221A6002E0D8
:1058C0007B6800221A60044AFB681360FB68184674
:1058D0001037BD4680BD00BF9037012080B586B02F
:1058E00000AFF860B9607A603B6000237B61FB68C1
:1058F000BA685A60FB68FA681A61BA687B689A42AB
:1059000012D87A683B68D21AFB689B699A4202D324
:1059100001237B611BE0104B1A68FB6804331946B6
:105920001046FDF7B4FD12E07A683B689A4206D251
:10593000BA683B689A4202D301237B6107E0074BB8
:105940001A68FB68043319461046FDF7A0FD7B6911
:1059500018461837BD4680BD8437012080370120A6
:1059600080B588B000AFA6E0BB68002BC0F2A28073
:105970003B69FB61FB695B69002B04D0FB69043365
:105980001846FDF7BDFD3B1D1846FFF787FFB861C0
:10599000BB68013B082B00F28E8001A252F823F075
:1059A000C5590008C55900082D5A0008415A000879
:1059B0008B5A0008C5590008C55900082D5A00081F
:1059C000415A0008FB6993F8283043F00103DAB22A
:1059D000FB6983F82820FA68FB699B69D118FB688A
:1059E000BA69F869FFF77AFF0346002B63D0FB69B9
:1059F00093F8283003F00403002B09D0FA68FB6900
:105A00009B691344BA691946F869FFF771FE08E00B
:105A1000FB6993F8283023F00103DAB2FB6983F8BD
:105A20002820FB691B6AF869984744E0FB6993F8F2
:105A3000283023F00103DAB2FB6983F828203AE02A
:105A4000FB6993F8283043F00103DAB2FB6983F86D
:105A50002820FA68FB699A61FB699B69002B0AD1CF
:105A60004FF0500383F31188BFF36F8FBFF34F8F55
:105A70007B6100BFFEE7FB699A69BB69D118BB690E
:105A8000BA69F869FFF72AFF15E0FB6993F8283037
:105A900003F00203002B03D1F869FEF729F80AE0AE
:105AA000FB6993F8283023F00103DAB2FB6983F82D
:105AB000282000E000BF084B1B6807F10801002206
:105AC0001846FEF729FA0346002B7FF44DAF00BFBE
:105AD00000BF2037BD4680BD8837012080B582B029
:105AE00000AF09E00E4B1B68DB681B683B604FF0A2
:105AF000FF313868FFF71EFE094B1B681B68002B3F
:105B0000F0D1074B1B687B60064B1B68044A13608F
:105B1000044A7B68136000BF0837BD4680BD00BFE4
:105B2000803701208437012080B500AFFDF744FEA7
:105B3000124B1B68002B1DD11148FDF757FC114873
:105B4000FDF754FC104B0E4A1A60104B0D4A1A60B8
:105B500000220C210A20FEF76DF90346074A136064
:105B6000064B1B68002B05D0044B1B6808491846E0
:105B7000FEF740FBFDF750FE00BF80BD88370120D7
:105B8000583701206C3701208037012084370120ED
:105B90000CC0000880B586B000AF1D4B1B6B1C4AC3
:105BA00043F0010313631A4B1B6B194A43F00403C0
:105BB0001363174B1B6B164A43F0800313630023D8
:105BC000BB6001237B600223FB6003233B613B1D21
:105BD00019461048FBF718FF08237B600123FB6080
:105BE0003B1D19460C48FBF70FFF04237B603B1D50
:105BF00019460948FBF708FF4FF400537B603B1D33
:105C000019460648FBF700FF00BF1837BD4680BDA8
:105C10000038024000000240001C02400008024020
:105C200080B586B000AF114B1B6B104A43F00203E6
:105C300013630123BB6001237B600123FB6003230B
:105C40003B613B1D19460A48FBF7DEFE02237B60E1
:105C50003B1D19460648FBF7D7FE00F017F800F089
:105C600021F800BF1837BD4680BD00BF0038024094
:105C70000004024080B500AF002201210248FCF779
:105C80007FF800BF80BD00BF0004024080B500AFB8
:105C9000012201210248FCF773F800BF80BD00BF5C
:105CA0000004024080B500AF012202210248FCF747
:105CB00067F800BF80BD00BF0004024080B500AFA0
:105CC00001210248FCF775F800BF80BD00040240C6
:105CD00080B500AF02210248FCF76BF800BF80BD21
:105CE0000004024080B500AF074B1B681B6903F03E
:105CF0000103012B06D1FFF7E1FF034B1B686FF097
:105D000001021A6100BF80BD9437012080B582B0C6
:105D100000AF78600D4B0E4A1A600C4B0C225A6192
:105D20000A4A7B685360094B00229A61074B0022A4
:105D30001A61064B0022DA60044B00229A60034885
:105D4000FCF76AFD00BF0837BD4680BDD037012093
:105D50000010014080B588B000AF78607B681B6898
:105D6000214A93423BD1214B1B6B204A43F0010354
:105D700013631E4B5B6C1D4A43F0100353640223F4
:105D80003B610323BB614FF40073FB600723FB619E
:105D900007F10C0319461648FBF736FE4FF48063F3
:105DA000FB6007F10C0319461148FBF72DFE114B60
:105DB0001B68DA680F4B1B6842F02002DA600D4B5B
:105DC0001B68DA680B4B1B6842F01002DA60252072
:105DD000FBF7FFFD022202212520FBF7DEFD00BFBD
:105DE0002037BD4680BD00BF001001400038024092
:105DF00000000240D037012080B582B000AF2648B5
:105E0000FCF7B0FE244B1B681B6803F02003202B1B
:105E100023D1F91D4FF47A7301221F48FCF7EAFDE4
:105E20001E4BB3F800311A46F9791C4B99541B4BA1
:105E3000B3F8003101339AB2184BA3F80021174B85
:105E4000B3F80031FF2B03D9144B0022A3F8002133
:105E5000114B1B686FF020021A600F4B1B681B6808
:105E600003F01003102B13D10C4BB3F800311A467A
:105E70000A4B00219954094B012283F80221064B59
:105E80001B681B683B60044B1B685B683B603B689E
:105E900000BF0837BD4680BDD03701201038012033
:105EA0000EB480B5B7B000AF786007F1E803C7F86B
:105EB000D03007F10803D7F8D020D7F8E4101846FF
:105EC00001F004FE07F108031846FAF719FE03462D
:105ED000A7F8D630B7F8D62007F108014FF47A7347
:105EE0007868FCF7DEFC00BFDC37BD46BDE88040CB
:105EF00003B07047014B1868704700BF0C000020CA
:105F000070B50D4E0D4D761BB61006D0002455F819
:105F1000043B01349847A642F9D1094E094D761B3E
:105F200006F010F8B61006D0002455F8043B0134F2
:105F30009847A642F9D170BD28C4000828C40008BB
:105F400030C4000828C40008830730B548D0541E68
:105F5000002A3FD0CAB2034601E0013C3AD303F81D
:105F6000012B9D07F9D1032C2DD9CDB245EA05258A
:105F70000F2C45EA054536D9A4F1100222F00F0C8A
:105F800003F1200EE6444FEA121C03F1100242E92D
:105F9000045542E9025510327245F8D10CF1010264
:105FA00014F00C0F03EB021204F00F0C13D0ACF141
:105FB000040323F003030433134442F8045B9342C5
:105FC000FBD10CF003042CB1CAB21C4403F8012B22
:105FD0009C42FBD130BD64461346002CF4D1F9E756
:105FE00003461446BFE71A46A446E0E70000000057
:105FF0002DE9F04F2DED0A8BCFB00C4691460AEEFD
:10600000101A09930AEE900A02F02EFF0368139308
:106010001846FAF775FDA38912901A0603D523696D
:10602000002B00F0A8874D469FEDA77B2B7800241E
:1060300025AACDE92344CDE91544CDE917448DEDDA
:10604000107B1AEE909A0E94229290461494059426
:10605000002B00F0F081AB4604E01BF8013F002B61
:1060600000F01B81252BF8D1BBEB050640F0198110
:106070009BF80030002B00F0DE8100234FF0FF3250
:106080009BF801708DF86B3006930BF1010B0492B5
:106090009A462B2420210BF1010BA7F120035A2B48
:1060A00000F24081DFE813F0D9023E013E01D40244
:1060B0003E013E013E016A003E013E0169020203CB
:1060C0003E017402E8023E01E3025B005B005B00FC
:1060D0005B005B005B005B005B005B003E013E0120
:1060E0003E013E013E013E013E01D6013E013A0223
:1060F0008500D601D601D6013E013E013E013E019A
:10610000CF023E013E01C6003E013E013E01440277
:106110003E0179023E013E0157073E013E013E012C
:106120003E013E013E013E013E01D6013E013A02E2
:106130008700D601D601D601C202870080003E0149
:10614000B5023E019D02C8008B0280003E01440260
:106150007D0032073E013E0136073E017D00A7F17A
:10616000300300221BF8017B02EB820203EB4202A8
:10617000A7F13003092BF5D906928EE7484602F0C5
:1061800073FE436817931846FAF7BAFC1890064650
:10619000484602F069FE836815932021002E40F0E6
:1061A000CA859BF8007076E79BF800704AF0200AD9
:1061B00071E74AF0100A1AF0200F099B00F09E8147
:1061C000073323F007031A465B6852F8084B09921D
:1061D0001E46002BC0F27385049B013301F0428000
:1061E0002AF08003039354EA060300F0EF840A2C9C
:1061F00076F1000380F0988730340123DDF80CA09D
:106200008DF8374107930DF23715049907989DF8DB
:106210006B3081424FF00002B8BF014608920391F3
:106220000C920F920D92002B00F08D80039A013298
:10623000039288E04AF0100A1AF0200600F04F811D
:10624000099B073323F007035E6853F8084B099353
:106250002AF480630393002300228DF86B20049AB4
:106260001146013100F02982039921F0800A54EA95
:10627000060140F02082002A41F03080002B40F0DF
:10628000AB84039B13F00103079300F0498530238F
:106290008DF837310DF23715B7E7BBEB050600F087
:1062A000CA80249B33442493239B0133072BC8E9E2
:1062B000005623930CDC08F10808059B3344059332
:1062C000D6E600BFAFF30080000000000000000031
:1062D0001AEE101A22AA484603F0BEFC90B90DF13E
:1062E0009408EAE71AEE101A22AA484603F0B4FC12
:1062F000002800F09180089B23B108991AEE900ABB
:1063000002F0ACFC1AEE103A9B8913F0400F059B8B
:1063100018BF4FF0FF33059305984FB0BDEC0A8BC3
:10632000BDE8F08F002F00F0868000238DF8D47038
:106330008DF86B300122CDE90723039204930C936F
:106340000F930D9335AD1AF002020A9202D0039A10
:10635000023203921AF084020B9205D1069A039935
:10636000561A002E00F30F83249C8BB1239B0DF152
:106370006B0201330134C8F80020072B4FF00102F3
:1063800024942393C8F8042000F3358308F1080807
:106390000A9B83B1239B1BAA01330234C8F8002057
:1063A000072B4FF0020224942393C8F8042000F333
:1063B0002F8308F108080B9B802B00F01182049BAF
:1063C000079A9E1A002E00F352821AF4807F40F042
:1063D000AD81079BC8F804301C44239BC8F80050CB
:1063E0000133072B2494239300F3C08208F108089B
:1063F0001AF0040F05D0069B039A9D1A002D00F396
:106400001483DDE9053203998A42ACBF9B185B18FF
:106410000593002C7FF466AF00232393089B1BB1E8
:106420000899484602F01AFC0DF194085D462B7855
:10643000002B7FF410AE249B002B3FF463AF1AEEC9
:10644000104A1AEE101A1AEE900A22AA03F004FC5F
:10645000A3895AE7099B073323F00703B3EC027BB8
:106460008DED107BDDE91012099322F000430BEE55
:10647000101A0BEE903A4FF0FF32B0EE4B9AF0EE5E
:106480006B9AA64B51EC190BFAF782FC002840F0EE
:106490006B84A24B51EC190B4FF0FF32FAF75AFC08
:1064A000002840F06184DDE9100100220023FAF7A2
:1064B00047FC002840F0A8879DF86B30984D994A1A
:1064C0002AF0800A0321472FC8BF154600220892F0
:1064D0000391079104920C920F920D92A3E61AF089
:1064E000100340F03B841AF0400200F05E87099AE6
:1064F00052F8044B09921E46A4B2A9E653F8044B85
:1065000009931AF0100F40F012841AF0400F00F0B7
:106510000A8444F3C036334624B25AE6099A00236B
:1065200052F8041B8DF86B308DF8D410099201E7F6
:10653000099C049A54F8045B00268DF86B60002DCA
:1065400000F0DC861346013300F0498531462846C9
:10655000FAF746FB0890002801F07D80089B04961E
:10656000591B079121EAE1719DF86B300994039161
:1065700008960C960F960D9655E6099B53F8042B3A
:106580000692002A80F2C783069A09935242069225
:106590009BF800704AF0040A7DE54AF0100303936B
:1065A000039B13F0200600F07783099B073323F049
:1065B00007035E6853F8084B099301234CE6099BD7
:1065C00053F8044B099330234AF0020278278DF8E0
:1065D0006C30554B149303928DF86D700026022396
:1065E0003AE61AF0200F40F086841AF0100F40F0BF
:1065F0007C861AF0400F40F04F871AF4007F00F0BD
:106600007486099B059953F8042B099311705D4614
:106610000DE79BF800706C2F03BF9BF801704AF0E8
:10662000200A0BF1010B4AF0100A34E59BF80070C8
:10663000682F03BF9BF801704AF4007A0BF1010B3D
:106640004AF0400A27E59BF800704AF0080A22E564
:106650009BF800704AF0010A1DE59DF86B30002B95
:106660007FF49FAD9BF800708DF86B1013E59BF8DD
:1066700000704AF0800A0EE55A4612F8017B2A2F74
:1066800001F0F781A7F13003092B934698BF002250
:1066900000F2F7871BF8017B02EB820203EB420258
:1066A000A7F13003092BF5D90492F6E49BF80070AA
:1066B0008DF86B40EFE4CDF80CA0012B3FF497ADC3
:1066C000022B4EAD12D1149A04F00F032409D35CAF
:1066D00005F8013D44EA0674360954EA0603F3D18D
:1066E0004EAB5B1BDDF80CA007938EE504F00703AF
:1066F000E40844EA4674F608303354EA06012A46B0
:1067000005F8013DF2D103990846C00700F14F8218
:106710004EAB5B1B8A46079377E500BFFFFFEF7F19
:1067200028C000082CC0000838C00008652F40F3BE
:10673000D780DDE9100100220023FAF7F7FA0028DC
:1067400000F0B481239BBC4AC8F800200133013417
:106750000122072B24942393C8F8042000F3868594
:1067600008F108081C9B0E9A934280F2CF82129B7C
:10677000139A1C44C8E90023239B24940133072B5C
:10678000239300F3EB8308F108080E9B5D1E002D98
:106790007FF72EAE102D239B41F34981A74F0A9717
:1067A000224610261AEE104A05E008F10808103DAE
:1067B000102D40F3698501331032072BC8E90076AC
:1067C000CDE92332F1DD22AA2146484603F044FAFE
:1067D00000287FF490ADDDE923320DF19408E6E75F
:1067E000069B039A9E1A002E7FF7E9AD102E239B7D
:1067F00041F3508091490B9522461AEE105A0A91A6
:106800000C4604E0103E102E08F1080819DD013393
:1068100010321021072BCDE92332C8F80040C8F808
:106820000410EFDD22AA294648460DF1940803F032
:1068300013FA00287FF45FAD103E102EDDE92332FD
:10684000E5DC0B9D144601330A9AC8F80020344455
:10685000072BCDE92334C8F8046000F33185049B8D
:10686000079A9E1A002E08F108087FF7AEAD102E89
:10687000239B40F3C58571480A90424621461AEE93
:10688000108A044604E0103E102E02F1080216DDC4
:10689000013310311020072BCDE9233114605060F3
:1068A000F1DD22AA4146484603F0D6F900287FF4DC
:1068B00022AD103E102EDDE9233125AAE8DC9046FA
:1068C0000C4601330A9AC8F800203444072BCDE95E
:1068D0002334C8F8046000F3D18108F1080874E596
:1068E0000E9B012B40F37E81239EC8F80050013699
:1068F00001340123072E24942396C8F8043000F3B2
:10690000E98108F10808129B139A01361C44072EEE
:10691000C8E90023CDE9236400F3EA8108F10808FF
:10692000DDE9100100220023FAF700FA002840F008
:1069300078810E9B0136013B01351C44072EC8F8B7
:1069400000502396C8F80430249400F35C8108F1C9
:106950000808169BC8F8043001361C44072E1EABED
:10696000CDE92364C8F800307FF740AD1AEE101A65
:1069700022AA484603F070F900287FF4BCAC249C9E
:106980000DF1940834E5102EDDE9233222DD19954E
:1069900010241AEE105A04E0103E102E08F10808D8
:1069A00017DD013326491032072BC8E90014CDE961
:1069B0002332F1DD22AA294648460DF1940803F05E
:1069C0004BF900287FF497AC103E102EDDE92332FE
:1069D000E7DC199DC8F804600133B418072B184A86
:1069E000C8F80020CDE9233400F3E3839DF86B3031
:1069F00008F10808B9E41AEE101A22AA484603F072
:106A00002BF900287FF477AC249C0DF19408BFE4A7
:106A10001AEE101A22AA484603F01EF900287FF445
:106A20006AAC249C0DF19408C5E4102D239B26DD4F
:106A30001AEE107A10260AE068C000087CC0000830
:106A40006CC00008103D102D08F1080817DD013357
:106A5000C04A1034072BC8E90026CDE92334F1DD04
:106A600022AA394648460DF1940803F0F5F80028AB
:106A70007FF441AC103D102DDDE92334E7DC013318
:106A8000B44AC8F804502C44072BCDE92334C8F885
:106A900000207FF7B6AC1AEE101A22AA484603F07F
:106AA000DBF800287FF427AC249CAAE41C9A002A77
:106AB00040F39883DDE90D329342A8BF1346002BC3
:106AC0001F460BDD1C44C8E90053239B249401336B
:106AD000072B239300F35C8508F108080D9B002F1A
:106AE000A8BFDB1B002B1E4600F353820D9B1AF43C
:106AF000806F2B44079340F083821C9B0E9A934235
:106B000003DB1AF0010F00F0B784129A13991444B2
:106B1000C8E90012239A24940132072A239200F331
:106B2000758508F108080E9A0799AE18761AD51AD5
:106B3000AE42A8BF2E46002E0DDD239BC8F80010E4
:106B400001333444072BC8F804602494239300F3E2
:106B50009C8508F10808002EA8BFAD1B002D7FF70B
:106B600047AC102D239B40F362877B4F0A97224648
:106B700010261AEE104A05E008F10808103D102D05
:106B800040F3828301331032072BC8E90076CDE948
:106B90002332F1DD22AA2146484603F05DF80028A1
:106BA0007FF4A9ABDDE923320DF19408E6E7302B41
:106BB0003FF496AD3023023A05F8013C4EAB9B1AE8
:106BC000DDF80CA007931546FFF71FBB049B002BB5
:106BD0007FF412ABDDF80CA00023049307934EADB5
:106BE000FFF713BB1AF0010F7FF47EAE239EC8F8A7
:106BF0000050013601340123072E24942396C8F84F
:106C000004307FF7A4AE1AEE101A22AA484603F009
:106C100023F800287FF46FABDDE923640DF19408BD
:106C200097E60E9B5D1E002D7FF793AE102D40F36F
:106C30001587494ACDF810A023461AEE10AA0A92E9
:106C40001027144605E008F10808103D102D40F308
:106C50009C8301361033072EC8E90047CDE9236332
:106C6000F1DD22AA5146484602F0F6FF00287FF4E3
:106C700042ABDDE923630DF19408E6E71AEE101A42
:106C800022AA484602F0E8FF00287FF434AB249C97
:106C90000DF19408FFF799BB039B13F0100340F02C
:106CA0002381039A12F0400200F09A83099A52F865
:106CB000044B09921E46A4B20123FFF7CDBA2D233F
:106CC00064428DF86B3066EB4606CDF80CA00123CC
:106CD000FFF7C5BA1AEE101A22AA484602F0BCFF06
:106CE00000287FF408ABDDE923640DF194080AE67F
:106CF0001AEE101A22AA484602F0AEFF00287FF4CE
:106D0000FAAADDE923640DF1940809E61AF0010FEF
:106D10003FF46EAB2BE59BF800700993FFF7BBB90E
:106D20004EADFFF772BA1AF4007F40F0AF83E6175A
:106D30003346FFF74EBA159B002B3FF432AA159B42
:106D40001B78002B3FF42DAA9BF800704AF4806A50
:106D5000FFF7A1B96CC000087CC00008099B53F87C
:106D6000044B0993FFF774BADDE9100102460B46A4
:106D7000FAF70EF8002840F0C285612F00F08585F3
:106D8000412F00F09384049B013327F020030393E9
:106D900000F0A883472B00F08185DDE910014AF45B
:106DA0008072002907924FF00003C0F2238541EC66
:106DB000180B0A930893039B462B00F0F783452B8F
:106DC00000F04D85B0EE480AF0EE680A20AB019362
:106DD0001DAB0093049A1CAB0221484600F038FF1B
:106DE000039B472B054640F069861AF0010F564673
:106DF000DDF81CA040F00A85209B5B1B0E93039BD3
:106E0000472B00F08A83039B462B00F00E841C9BCB
:106E10000D930D9B039A013B412A1C9300F0D685EC
:106E2000FAB20021002BB8BF0D9B8DF87820BABFB5
:106E3000C3F101032D222B22092B8DF8792040F379
:106E4000B6850DF18704DFF898C3224610468CFB07
:106E50000321DA17C2EBA10202EB8201A3EB41018D
:106E6000303100F8011C19466329134600F1FF3246
:106E7000ECDC3033D9B2831E9C4202F8011C40F294
:106E8000048613460DF17A0201E013F8011B02F8A3
:106E9000011B9C42F9D10DF189030DF17A021B1AF5
:106EA00013441EAA9B1A16930E9B169A012B1A4482
:106EB000079240F3B785079B129A13440793079AEA
:106EC000002326F4806622EAE27246F4807A0C936C
:106ED00003920F930D930A9B002B40F0448304937D
:106EE0009DF86B30FFF79FB9099B53F8044B09934A
:106EF0000123FFF7B1B9099B059853F8041B0993C7
:106F0000C217C1E900025D46FFF791BACDF80CA0A7
:106F1000FFF746BBAF4B14931AF0200600F0EF804A
:106F2000099B073323F007035E6853F8084B099366
:106F30001AF0010F09D054EA060306D030238DF869
:106F40006D704AF0020A8DF86C302AF48063039366
:106F50000223FFF781B9A04B1493DDE71AEE101A54
:106F600022AA484602F078FE00287FF4C4A9249C97
:106F70000DF1940809E41AEE900A402101F080FF17
:106F800020602061002800F0848540236361FFF7C2
:106F90004AB8102E239B40F3698590480A904246D8
:106FA00021461AEE108A1027044604E00832103EEB
:106FB000102E40F32E8201331031072BC2E9004717
:106FC000CDE92331F2DD22AA4146484602F044FED3
:106FD00000287FF490A9DDE9233125AAE7E72846B8
:106FE00004960994F9F78CFD20EAE0719DF86B3066
:106FF0000790039108960C960F960D96FFF713B91C
:107000000E9BCDF828B0DDF83CB0079E159FCDF85B
:107010001CA0EB1804934246DDF860A00C9B0B9576
:107020001AEE108AA446BBF1000F30D093BB013F8B
:107030000BF1FF3B179BC2E9003A239B0133D44479
:10704000072BCDF890C0239362DC0832049B38787C
:107050009B1B8342A8BF0346002B1C460CDD2398D4
:1070600001309C440728C2E90063CDF890C023900A
:1070700000F3198138780832002CACBF051B054697
:10708000002D0BDC06440C9BBBF1000FCED1002B76
:1070900000F032820C9B013B0C93CBE7102D239820
:1070A0001FDD1024634604E0103D102D02F108029C
:1070B00016DD0130494910330728C2E90014CDE933
:1070C0002303F1DD22AA4146484602F0C5FD00280F
:1070D0007FF411A9103D102DDDE9230325AAE8DC7A
:1070E0009C4601303D4B5560AC440728CDE9230C4C
:1070F000136000F33F82387808320644C3E71AF081
:10710000100300F0A480099B53F8044B09930FE788
:1071100022AA4146484602F09FFD00287FF4EBA8D2
:10712000DDF890C025AA91E7039B079703F48063DD
:10713000002209EE109ACDF82080DDF854900DF56C
:107140009C7A174698460CE00023204631460A22D6
:10715000F9F75CFE0A2C76F100031CD304460E46B8
:10716000AA4620460A2200233146F9F74FFE303264
:107170000AF1FF3501370AF8012CB8F1000FE3D00E
:1071800099F800309F42DFD1FF2FDDD00A2C76F135
:10719000000380F04F814EAB5B1BCDF854900E97EF
:1071A00019EE109ADDE90778DDF80CA00793FFF7D8
:1071B0002CB81AEE101A22AA484602F04DFD0028FB
:1071C0007FF499A89DF86B30249C0DF19408FFF78B
:1071D000CCB800BF38C000084CC000087CC0000814
:1071E00067666666239BC149C8F800100133013405
:1071F0000121072B24942393C8F8041000F32E8157
:1072000008F10808002A40F089800E9A0AF001036C
:1072100013433FF4EDA8129B139A1C44C8E90023C2
:10722000239B24940133072B239300F33E8108F121
:1072300008080E9AC8F8005001331444072BCDE912
:107240002334C8F804207FF7D1A8FFF78FBB1AF0CA
:10725000400200F0B880099A52F8044B09921E4689
:10726000A4B265E6CDF80CA0FEF7C1BF1AEE101A65
:1072700022AA484602F0F0FC00287FF43CA8249C97
:107280000DF19408FFF76EBA144601330A9AC8F854
:1072900000202C44072BC8F80450CDE923347FF795
:1072A000A5A8FFF763BB22AA4146484602F0D4FCDA
:1072B00000287FF420A83878DDF890C025AADBE606
:1072C0001AEE101A22AA484602F0C6FC00287FF4E3
:1072D00012A8249C0DF19408FFF771B8012BCDF88A
:1072E0000CA07FF4EDA9FEF787BF099B059953F821
:1072F000042B5D4611600993FFF799B8062A2946C9
:1073000028BF0622049508952B460392784D0994D0
:1073100007920C910F910D91FEF785BF129B139967
:107320001C44C8E90013239B24940133072B2393A7
:1073300000F3BB8008F10808002ABFF67AAF564276
:10734000103280F2AF836B480A90214642461027E4
:107350001AEE108A044604E00832103E102E40F364
:10736000AF8201331031072BC2E90047CDE9233149
:10737000F2DD22AA4146484602F06EFC00287EF467
:10738000BAAFDDE9233125AAE7E7DDF810A01C46F6
:1073900001360A9BC8F800302C44072ECDE923643F
:1073A000C8F804507FF7D3AA2DE4099B1AF400769D
:1073B00014BF53F8044B53F8044B09931CBF1646F3
:1073C000E4B2FEF745BF099B1AF4007614BF53F8E8
:1073D000044B53F8044B09931CBF1646E4B2A7E5CF
:1073E000039B13F40076099B14BF53F8044B53F826
:1073F000044B09931CBF1646E4B20123FEF72CBFD1
:107400003C4A0A92FFF75DBA2D238DF86B30FFF7E7
:1074100055B890460C4601330A9AC8F80020344407
:10742000072BCDE92334C8F804604DDC08F10808C7
:10743000FFF75CBB189B1799ED1A1A46284602F015
:10744000D9FB99F801300BB109F101092046314609
:107450000A2200230027F9F7D9FC7FE61AEE101A5A
:1074600022AA484602F0F8FB00287EF444AF1C9A9A
:10747000249C0DF19408C5E60E9A0799AE18761A69
:10748000D51AAE42A8BF2E46FFF765BB44F3C0161F
:10749000334664B2FEF79DBE099B059953F8042B51
:1074A000099311805D46FEF7C2BF1AEE101A22AA98
:1074B000484602F0D1FB00287EF41DAFDDE92334FD
:1074C0001C9A0DF1940837E71AEE101A22AA4846C2
:1074D00002F0C2FB00287EF40EAF249C0DF194084C
:1074E000FFF704BB0623049357E400BF68C00008FD
:1074F00060C000087CC000080B9D0E9BDDF81CA03E
:10750000DDF828B01597EB189E429046324628BF0A
:107510001A4664460792FFF7F0BA1C9B0D93DA1CDB
:1075200002DB049A934204DD023F27F02003039319
:107530006FE4DDE90D318B42C0F29980F70740F12D
:10754000DB81129A13440793740503D50D9B002B1E
:1075500000F3FF81079B23EAE3730393672700236C
:107560000C930F93B7E42D2300228DF86B30049217
:10757000FEF75CBE22AA4146484602F06DFB002899
:107580007EF4B9AE3878DDF890C025AA06447AE5D5
:107590001AEE101A22AA484602F05EFB00287EF47A
:1075A000AAAE249C0DF19408FFF798BA20AB019382
:1075B0001DAB0093049AB0EE480AF0EE680A1CABCB
:1075C0000321484600F044FB0378302B054600F0C9
:1075D00003821C9B049A56461344DDF81CA0EC1849
:1075E00051EC180B00220023F9F7A0FB08B1234649
:1075F00003E4209BA342BFF400AC30215A1C20922C
:107600001970209B9C42F9D8FFF7F7BB1AEE101AAD
:1076100022AA484602F020FB00287EF46CAE1C9B98
:10762000249C0DF19408FFF77EBA1C9A0D92002A53
:1076300040F30082049906F001030B4340F0B1814E
:107640000D9B07936627730500F18481079B23EA4E
:10765000E373039383E7049B0393079309949DF8D3
:107660006B3004900C900F900D90FEF7DCBD0E9BDC
:10767000129A9A180D9B0792002B40F3BB81672743
:10768000E1E700230493FEF708BD1AEE101A22AAC0
:10769000484602F0E1FA00287EF42DAE1C9D0E9BB8
:1076A000249C5D1B0DF19408FFF755BA30238DF82B
:1076B0006C3058238DF86D30049B632B4AF0020424
:1076C00000F3A7800023089335ADDDE910124AF4DA
:1076D00081730793002A27F02003A2460393C0F288
:1076E0008A80002342EC181B0A93612F00F0158159
:1076F000412F7FF460ABB0EE480AF0EE680A1CA898
:1077000002F030FA00224FF07F5351EC100BF8F7E3
:1077100033FF02460B4643EC192B00220023F9F7F6
:1077200005FB08B101231C93B74B0B93049B1995E0
:10773000CDE90CB7CDE90EA80CEE109ADDF82CB00F
:1077400059EC198B5E1E2C4605E000220023013EF9
:10775000F9F7ECFAE0B9AD4B002240464946F8F79C
:107760000BFF89468046F9F729FB0546F8F79AFE94
:107770000B46024649464046F8F746FD1BF80530E1
:10778000A24604F8013B731C374680468946DCD18B
:1077900049EC198B9E4BDDF830B0DDF83C80CDF81C
:1077A00030A051EC190B00223E46DDF838A00D9FA9
:1077B0000D951CEE109A199DF9F7E0FA98BB51EC63
:1077C000190B934B0022F9F7B1FA10B10D9BD907B1
:1077D00029D4002E334606DB01332344302204F83B
:1077E000012BA342FBD1631B56460E93DDF81CA070
:1077F000FFF705BB0893DDE9103408EE103A04F1F9
:10780000004308EE903A2D230A936EE7049BEC1890
:10781000E6E6591C484601F033FB0546002800F017
:107820004481089051E70C9B20930B9B14F8012C8A
:10783000D97B8A42234609D1302003F8010C209BD2
:107840005A1E209213F8012C9142F6D0392A0BBF10
:107850000B9A0132927AD2B203F8012CC3E7049B4F
:10786000B0EE480AF0EE680A5C1C20AB01931DAB39
:10787000009322461CAB0221484600F0E9F9054678
:1078800056462C44DDF81CA0AAE630238DF86C3057
:1078900078230FE75F4A0A92FEF7D5BF049B002BBF
:1078A00008BF01230493119B4AF48072002B0792B6
:1078B000C0F2DA809DED108B08900A90FFF782BA33
:1078C0000C46904601330A9AC8F800203444072B2E
:1078D000CDE92334C8F804607FF7A9AC1AEE101A7A
:1078E00022AA484602F0B8F900287EF404ADDDE98A
:1078F00023340DF194089CE40D9B079324E6119B1F
:10790000454D464A002BB6BF2D239DF86B308DF8B0
:107910006B302AF0800AFEF7D5BD1CA8B0EE480AED
:10792000F0EE680A02F01EF900224FF07F5351EC8E
:10793000100BF8F721FE02460B4643EC192B0022F0
:107940000023F9F7F3F908B101231C93344B0B938F
:10795000ECE6672715990B78FF2B00F0B180002427
:107960000D9A204603E001300131FF2B08D09342ED
:1079700006DAD21A4B78002BF5D10B780134F4E7F4
:1079800015910D920F900C940C9A0F9B189913441B
:10799000079A01FB0323079323EAE3730393FFF79B
:1079A0009ABA129BD3181944079166274BE600290F
:1079B00057D130228DF87A200DF17B02303302F856
:1079C000013B1EABD31A1693FFF76EBA07F10F02F5
:1079D000D2B20121FFF726BA51EC180B0022002386
:1079E000F9F7A4F900287FF4F4AD049BC3F1010377
:1079F0001C93EFE5C3F101031A4422EAE2730792F4
:107A000003936727ABE500BF4CC00008000030407F
:107A10000000E03F7CC0000830C0000834C000080F
:107A200038C00008F3077FF54AAAFFF744BA264A90
:107A30000A922AE4049A06F001061346334304D15D
:107A4000012303936627079389E5129B01331A44A8
:107A500022EAE27307920393662780E51A4B0A93A2
:107A600096E40DF17A02A9E70890C4E6164A0A9254
:107A7000D1E4099B9BF80170934653F8042B0993BA
:107A800042EAE2720492FEF706BB02231693FFF766
:107A90000BBA1AEE902A0C2313604FF0FF330593B4
:107AA000FEF73ABC084A0A920CE71AEE101A8B89C4
:107AB00043F0400213468A81FEF727BC049CDFE6B0
:107AC00000230C930F935FE77CC0000870B50B4E4A
:107AD0009AB004466FF00045CDE904451346009482
:107AE0000A463068064C029569460394FEF780FA10
:107AF000009B00221A701AB070BD00BF0C0000205D
:107B00000802FFFF024B13B1024800F005B87047AE
:107B100000000000918B0008002301461A46184619
:107B200002F016B92DE9F04F03690C69A34283B046
:107B3000C0F28780013C01F11405A30000F1140894
:107B4000009355F8243058F82420013381469A4296
:107B500008EB840005EB84070190B2FBF3F63BD3FE
:107B60000023AE4640469B465EF804AB02681FFA0F
:107B70008AFC06FB0C334FEA134C4FEA1A4A06FB09
:107B80000ACA1FFA83FCABEB0C0C1FFA8AF31CFA2F
:107B900082FCC3EB124202EB2C421FFA8CFC4CEA33
:107BA0000243774540F8043B4FEA224B4FEA1A4321
:107BB000DAD2009B58F8033073B9019B043B984517
:107BC00004D307E0984504F1FF3403D253F80429A5
:107BD000002AF7D0C9F81040484601F093FE00286B
:107BE0002BDB01364046002355F8041BD0F800C0BB
:107BF0008AB29A1A0B0C12FA8CF2C3EB1C4303EBF9
:107C0000224392B242EA0342AF4240F8042B4FEAC9
:107C10002343E9D258F8242008EB84036AB9043BD3
:107C2000984504D307E0984504F1FF3403D253F894
:107C30000429002AF7D0C9F81040304603B0BDE847
:107C4000F08F002003B0BDE8F08F00BF00000000FF
:107C50002DE9F04F2DED068B95B08DED020B0191C6
:107C6000016C249D099259EC108B0446069341B196
:107C7000426C4A60012393408B6001F0E3FB0023D8
:107C80002364B9F1000AB4BF012300232B607C4BAD
:107C9000BCBF2AF0004ACDF80CA033EA0A0300F07A
:107CA000B2809DED027B002251EC170BB0EE479A9B
:107CB000F0EE679A0023F9F739F8074680B1069A83
:107CC00001231360259B002B00F0DC826D481860B7
:107CD000431E0093009815B0BDEC068BBDE8F08FF5
:107CE00012AA13A92046B0EE490AF0EE690A01F083
:107CF000D1FEB0EE498AF0EE698A5FEA1A5605466F
:107D000040F09980DDE912763E4406F232402028A8
:107D100040F3AD83C0F140000AFA00FA06F21240C7
:107D200028FA00F04AEA0000F8F7ACFB0123013E14
:107D30000D93A1F1F871544B0022F8F765FA4AA3AC
:107D4000D3E90023F8F718FC49A3D3E90023F8F797
:107D50005DFA804630468946F8F7A4FB46A3D3E98E
:107D60000023F8F709FC02460B4640464946F8F75F
:107D70004DFA80468946F9F721F800228346002310
:107D800040464946F8F7DCFF002840F06E82BBF120
:107D9000160F00F25D823D4B03EBCB03D3E90023CA
:107DA00051EC190BF8F7CCFF002875D00023BE1B4F
:107DB0000C93731E0BF1FF3B049300F150820023E0
:107DC0000893BBF1000F6EDA089BCDF814B0A3EB5B
:107DD0000B030893CBF100030B93019B092B4FF08E
:107DE000000B69D8052B40F34083043B0193002628
:107DF000019B023B032B00F29B86DFE813F050044B
:107E00004D0445042804069A42F20F73CAF3130A7C
:107E100013605AEA08031DD1259B002B00F07F86D2
:107E20001B4B00930833259A0098136015B0BDECE6
:107E3000068BBDE8F08F18EE903AC3F3130351ECB4
:107E4000190B43F07F510D97A6F2FF36129F41F4B4
:107E5000401170E7259B002B40F0DD830D4B009314
:107E600038E700BFAFF3008061436F63A787D23F5D
:107E7000B3C8608B288AC63FFB799F501344D33F19
:107E80000000F07F69C000080000F83FD8C100087A
:107E900090C000088CC00008BE1B731E049300F144
:107EA0009C840C900890049B5B44CDE9043B002328
:107EB0000B93019B092B95D9002301264FF0FF322C
:107EC00001930A9607920993079B0F93002161641F
:107ED000204601F091FA0090002800F03186009BC6
:107EE0002364079B0E2B00F2F980002E00F0F68031
:107EF0000599002940F37384BD4B01F00F0203EB99
:107F0000C2034FEA2118C905D3E9006740F105848F
:107F1000B84B51EC190BD3E90823F8F757FC41ECA7
:107F2000180B08F00F084FF0030AB8F1000F13D038
:107F3000DFF8C09218F0010F09D030463946D9E970
:107F40000023F8F719FB0AF1010A06460F465FEA1B
:107F5000680809F10809EDD151EC180B32463B468F
:107F6000F8F734FC41EC1A0B0C9B5BB157EC1A6B25
:107F7000A14B1AEE100A00223946F8F7E1FE00285C
:107F800040F054855046F8F78DFA53EC1A2BF8F769
:107F9000F3FA9A4B0022F8F739F9079B8046A1F1D2
:107FA0005079002B00F0F583059B1093079B0E93EF
:107FB0000A9B002B00F0C2840E9A8D4B9049DDF88D
:107FC00000A003EBC20353E902230020F8F7FEFBF5
:107FD00042464B46F8F718F959EC1A8B41EC180B4E
:107FE00049461AEE100AF8F7E9FE0746F8F75AFA7A
:107FF00002460B461AEE100A4946F8F705F93037E3
:108000000AF8017B53EC182B06460F46F8F798FE4A
:10801000002840F057854FF000080AEE105ACDF8BE
:1080200044B055465BEC18AB08EE104A44462AE0D3
:108030000E9B01349C424BDA724B5046594600224B
:10804000F8F79AFA6F4B002282468B463046394643
:10805000F8F792FA89468046F8F7B0FE0746F8F737
:1080600021FA02460B4640464946F8F7CDF830372C
:1080700005F8017B52465B4606460F46F8F760FE60
:10808000002840F01A8532463B465B490020F8F74D
:10809000BBF852465B46F8F753FE0028C8D0109B49
:1080A000009A0593AA4618EE104A1AEE105A02E0FA
:1080B000924500F0EC84D1461AF8013D392BF7D0F7
:1080C0000133DBB28AF80030059B01330593ACE144
:1080D000DDF844B01AEE105A18EE104A139B002B2C
:1080E000C0F29480059A0E2A00F39080404B03EB77
:1080F000C203D3E90089099B002B1BDA079B002BE5
:1081000018DC40F05F83404B002240464946F8F7B8
:1081100033FA02460B4651EC190BF8F71BFEDDF85B
:108120001CA05646002800F0D282099BDDF8008092
:10813000DF43D4E242464B4651EC190BF8F746FBBD
:10814000F8F73CFE06468346F8F7ACF942464B4644
:10815000F8F712FA0B46024651EC190BF8F754F8EF
:10816000DDF800A0334630330AF8013B079B012BB2
:1081700000F090834FF0010B08EE105A08EE904A81
:108180001D465446DA461DE042464B4630463946C7
:10819000F8F71CFBF8F712FE8346F8F783F942461E
:1081A0004B46F8F7E9F90AF1010A0B46024639464F
:1081B0003046F8F729F80BF13003AA4504F8013BE3
:1081C00000F063830F4B0022F8F7D6F9002200235A
:1081D00006460F46F8F7AAFD0028D5D0A24618EEAD
:1081E000105A18EE904A059B01330593D1461CE1C5
:1081F000D8C10008B0C100080000F03F00001C40DA
:108200000000E03F00002440000014400A9A002AC9
:1082100040D0019A012A40F39E82079B03F1FF3868
:108220000B9B4345C0F27082A3EB0808079B002B11
:10823000C0F26883049A1146089A194417461A44F2
:10824000049108920121204601F0AAF9064625E092
:108250000123BE1B0C93731E04937FF5B0ADC6F1D2
:108260000103089300230493ABE55846F8F71AF985
:1082700042464B46F8F75AFD00287FF488AD0BF1D3
:10828000FF3B84E5874B0093009815B0BDEC068B4F
:10829000BDE8F08FDDF82C80089F0A9E002F0CDDD2
:1082A000049A002A09DD0899BA421346A8BF3B4642
:1082B000C91AFF1AD31A089104930B9BDBB10A9BCE
:1082C000002B00F08382B8F1000F0FDD31464246EB
:1082D000204601F03FFA2A4601460646204601F0B4
:1082E0008DF929460546204601F0ACF80B9BB3EB0F
:1082F000080240F001830121204601F051F9BBF151
:10830000000F824600F3B880019B012B40F3878168
:108310004FF000080120BBF1000F40F0B980049A33
:10832000104410F01F0000F09780C0F12003042BD0
:1083300040F3F983089BC0F11C00034402440893F6
:1083400007440492089B002B05DD29461A46204667
:1083500001F060FA0546049B002B05DD51461A46E4
:10836000204601F057FA82460C9B002B40F03881E2
:10837000079B002B40F31F810A9B002B40F0A2803B
:10838000059B01330593DDF80080DDF81C90012783
:1083900007E0294600230A22204601F05DF8013754
:1083A000054651462846FFF7BDFB4F4500F130001A
:1083B00008F8010BEDDB079A002AC8BF9346009A24
:1083C000D8BF4FF0010B03469344002729460122F2
:1083D0002046019301F01EFA5146054601F092FA3B
:1083E000002840F3A6811BF8013C009A0BF1FF3BEB
:1083F00004E05A4500F0A8811BF8013D392B0BF130
:108400000109F6D001338BF800305146204601F0C7
:1084100019F856B12FB1B74203D03946204601F0C2
:1084200011F83146204601F00DF82946204601F0AA
:1084300009F8002389F80030069B1A46059B136053
:10844000259B002B3FF446AC0098C3F8009015B074
:10845000BDEC068BBDE8F08F1C20089B03440893FD
:10846000049B0344074404936CE70126C0E4C0F175
:10847000200008FA00F057E401465A46204601F071
:1084800069F9019B012B824640F3D5814FF000082A
:10849000DAF810300AEB8303186901F031F8C0F103
:1084A00020003CE768C00008314600230A2220462D
:1084B00000F0D2FF0F9B002B064640F32383CDF83C
:1084C00014900793002F00F31881B8F1000F40F0CB
:1084D000FC81B046029B009F079903F001027B1EBE
:1084E0001944019B0A921343089109935146284667
:1084F000FFF718FB31468346284601F003FA42464F
:1085000051468146204601F01FFAC26801460BF130
:108510003003002A42D104902846079301F0F2F973
:1085200004990290204600F08DFF029A079B1AB929
:108530000999002900F0D682B9F1000FC0F28781B5
:10854000019949EA01090A9951EA090100F07F817C
:10855000002A00F3E781089A3B7007F1010997426E
:10856000CB4600F0E581294600230A22204600F090
:1085700073FF4645054631464FF000034FF00A02AF
:10858000204612D000F068FF4146064600230A222A
:10859000204600F061FF4F468046A7E72046029341
:1085A00000F050FF029B0122C6E700F055FF4F4646
:1085B000064680469AE7019B022B77DC0A9B002B3C
:1085C00080D1059B5146013328460593FFF7AAFA4F
:1085D000DDF800B000F130030BF8013B0027F5E6B1
:1085E0005146284601F08EF90028BFF6C1AE294653
:1085F00000230A22204600F02FFF059B03F1FF39DC
:108600000A9B0546002B7FF44FAF0F9B002B40F3D6
:1086100070820793B7E6BD4B0093033303E4DDE9B3
:10862000021200297FF474AEC2F31303002B7FF40F
:108630006FAEB74B1340002B00F03D82089B013317
:108640000893049B013304934FF0010862E6012371
:108650000A93099B059A13440F930133012B1F467C
:108660000793B8BF01270021172F61647FF730AC53
:10867000012204235B0003F11400B842114602F109
:108680000102F7D9616423E401230A93099F002FB3
:108690004ADD0F970797E6E700230A93D9E70023FF
:1086A0000A93F3E70F9BCDF814900793079B002BD9
:1086B0007FF43BAD51460522204600F0CDFE014639
:1086C0008246284601F01EF900287FF72EAD00985B
:1086D000059F3123804600F8013B01370090514649
:1086E000204600F0AFFE7B1CDDF800900593CDF82E
:1086F0000080002E7FF495AE97E631463A4620463C
:1087000001F088F80646E0E60B9BCDF82C80A8EB3C
:1087100003039B444FF0000888E54FF0020AB0EED7
:10872000498AF0EE698A00E4012309930793FFF771
:10873000CBBB03D1019BDB073FF555AED9461BF8F8
:10874000013D302BFAD060E6059B009A013305937A
:108750003123137059E60D9A002A00F0638103F269
:108760003343049ADDF82C801A440492089A174681
:108770001A44089266E55046F7F794FE53EC1A2B1C
:10878000F7F7FAFE634B0022F7F740FD8046A1F1B0
:108790005079614B002251EC1A0BF7F735FD424638
:1087A0004B4606460F46F8F7E9FA002840F07F816D
:1087B00030463946424609F10043F8F7C1FA00282D
:1087C0003FF48CAC4FF0000A5646AEE429460B9AB3
:1087D000204600F0BFFF05468DE50C903FE500F018
:1087E0004E81059A4D4B564206F00F0203EBC20331
:1087F000D3E9002351EC190BF7F7BEFE361141EC1B
:108800001A0B00F08881464F00234FF0020AF2074E
:1088100006D5D7E90023F7F7AFFE0AF1010A0123D5
:10882000761007F10807F2D1002B3FF49DAB41EC25
:108830001A0BFFF799BB029B002B7FF427AEDDE9F3
:108840000212C2F31303002B3FF4F3AE1EE6002A1C
:1088500012DD294601222046019300F0DBFF51463C
:10886000054601F04FF80028019B40F33581392B74
:1088700000F013810BF13103B94609F8013B059B68
:108880000133374605934646BFE5A24618EE105A17
:1088900018EE904A02460B46F7F7B8FC42464B46A4
:1088A00006460F46F8F76AFA60B942464B4630462C
:1088B0003946F8F73BFA00283FF495AC5FEACB71F4
:1088C0007FF591AC009AFFF7F6BB7168204600F087
:1088D00093FD0746002800F03A81336902339A007D
:1088E00006F10C010C30F8F759F839460122204600
:1088F00000F090FF8046EDE52946204600F02AFF73
:108900000546F8E4DDE907239F1A9BE48CC00008C4
:108910000000F07F00001C4000001440D8C1000897
:10892000B0C10008392B00F0B880B9460133A4E784
:10893000059A013237460592464647E50E988D491D
:1089400001EBC00142464B4651E90201F7F714FE24
:108950005AEC1A9B41EC180B51461AEE100AF8F724
:108960002DFA0746F7F79EFD02460B461AEE100A4F
:108970005146F7F749FC06460E98DDF8008030377F
:10898000012808F8017B0F4600F0BA800E9B009A80
:10899000CDF838B013449B46C246774B0022304690
:1089A0003946F7F7E9FD89468046F8F707FA0746A2
:1089B000F7F778FD303702460B4640464946F7F751
:1089C00023FC0AF8017BDA4506460F46E5D1DA4674
:1089D000DDF838B0694B59EC188B002218EE100AFC
:1089E0004946F7F713FC32463B46F8F7A9F9002849
:1089F0006DD118EE102A4B4660490020F7F704FCB1
:108A000032463B46F8F7BAF900283FF467ABD14647
:108A10000AF1FF3A19F8013C302BF8D0109B0133D2
:108A2000059302E5129BC3F136039AE6079B002BE0
:108A30003FF4A1AE0F9B002B7FF750AB059A0E932E
:108A4000013A4D4B10921AEE100A39460022F7F700
:108A500093FD024616460F460AF10100F7F722FD84
:108A600032463B46F7F788FD454B0022F7F7CEFB31
:108A700047EC1A6B8046A1F15079FFF799BA4FF095
:108A8000020AB0EE49AAF0EE69AAFFF76DBA059B9B
:108A9000013305933123FFF715BB059BBB4601331B
:108AA0000593392337460BF8013B46469DE44FF0CA
:108AB000000A56460BE698462CE4AA4618EE104AE1
:108AC0001AEE105A109B01330593D146ADE4109B6A
:108AD000009A0593FFF7EFBA7FF4CEAEDA077FF581
:108AE000CBAEC4E6392BD8D0B9F1000F3FF7C2AEF8
:108AF000C2E6019B022B3FF7D5ADCDF8149060E59F
:108B0000C24667E7019B022B3FF7CCAD0F9BCDF828
:108B100014900793D6E44FF0020AFFF725BA194BD9
:108B20000093FFF7D7B83FF40DACC0F13C0094E4DC
:108B3000002666643146204600F05EFC009068B96D
:108B4000114B124800224FF4D57101F047F90E4B3A
:108B50000E483A4640F2EA2101F040F9009B2364B6
:108B600001224FF0FF3309960F930A920793FFF704
:108B7000B5BA00BFD8C10008000024400000E03FA3
:108B800000001C4090C000089CC00008B0C0000855
:108B900038B5084B084D5B1B9C1007D0043B1D44A7
:108BA000013C55F804399847002CF9D1BDE838400C
:108BB00003F0CEB934C4000830C40008F8B5244F1F
:108BC0000C46064600F00CFCBA685568C4F57E6396
:108BD0000F3325F003052B4423F47F6323F00F03A9
:108BE000A3F58054B4F5805F07DB0021304600F028
:108BF000EFFFBB682B44984204D0304600F0F6FBF0
:108C00000020F8BD6142304600F0E2FF01300DD097
:108C1000104ABB682D1B45F001055D6013683046A6
:108C20001B1B136000F0E2FB0120F8BD0021304661
:108C300000F0CEFFBA68831A0F2BDEDD43F001038C
:108C40005360054B03491B68C01A0860D5E700BF95
:108C50003C0400202439012044080020002961D070
:108C6000F8B50C46064600F0BBFB54F8042C7B4FCD
:108C7000A4F1080522F0010105EB010CB868DCF84D
:108C80000430604523F0030300F08B80D207CCF85A
:108C9000043032D454F8082CAD1A1144AA6807F1F4
:108CA000080082426AD00CEB0304D4F804E0EC68BC
:108CB000D4601EF0010FA26000F0978041F0010324
:108CC0006B60CCF80010B1F5007F35D27A68CB0824
:108CD00048090121013381401143796007EBC30248
:108CE00057F83310083AC5E9021247F83350CD60FF
:108CF0003046BDE8F84000F079BB0CEB0302526847
:108D0000D00710D4194407F10800DCF8083083427A
:108D100073D0DCF80C20DA60936041F001036B60E3
:108D20006950D0E7704741F00103B1F5007F44F886
:108D3000043CCCF80010C9D3B1F5206F4FEA5123A1
:108D400048D28B0903F1390003F13802C300F81847
:108D5000FB580838984259D05A6822F003028A42D8
:108D600002D99B689842F7D1D868C5E9023085607E
:108D7000DD603046BDE8F84000F038BB0CEB030284
:108D80005268D20763D40B44DCE90212CA609160D6
:108D900043F001026A603046EB50BDE8F84000F055
:108DA00025BB0B44D10707D454F8082CAD1A134443
:108DB000D5E90212CA60916043F001026A60284A54
:108DC000BD6012689A4293D8264B30461968FFF767
:108DD000F5FE8DE7142B0AD9542B1FD80B0B03F18A
:108DE0006F0003F16E02C300B1E719448DE703F190
:108DF0005C0003F15B02C300A9E741F00103C7E98E
:108E00000455C5E902006B60695071E779689210FA
:108E1000012404FA02F20A437A60A6E7B3F5AA7FB6
:108E200006D8CB0B03F1780003F17702C3008EE77D
:108E300040F25452934206D88B0C03F17D0003F1AB
:108E40007C02C30083E74FF47E737E227FE741F00C
:108E500001036B60CCF800104AE700BF3C0400201F
:108E60004808002054390120004870473C09002080
:108E7000704700BF704700BF704700BF704700BF1A
:108E80002DE9F04F01F10B06162E83B0044624D8CD
:108E9000102900F2BA8000F0A3FA1026182202204E
:108EA000B54F3A44A2F1080153688B4200F0BA80F2
:108EB0005A68D96822F003021A449D68E9608D60FF
:108EC000516841F001012046516003F1080500F0AE
:108ED0008DFA284603B0BDE8F08F36F0070600F1A2
:108EE0009480B14200F2918000F07AFAB6F5FC7FEE
:108EF000C0F09A81730A00F08F80042B00F26F811A
:108F0000B30903F1390003F1380CC3009A4F3B4415
:108F1000A3F108055B689D4206D10CE0002980F2B0
:108F20002781DB689D4206D05A6822F00302911B1C
:108F30000F29F3DD60463D69DFF850C265457CD0FE
:108F40006A6822F00302931B0F2B00F37B81002B36
:108F5000C7E904CC80F26C81B2F5007F80F01A8101
:108F6000D308796801334FEA521E012202FA0EF249
:108F70000A4357F833E0C5F808E007EBC3010839A6
:108F8000E9607A6047F83350CEF80C508310012125
:108F90009940914257D8114206D120F00300490070
:108FA000114200F10400FAD007EBC0094D46864695
:108FB000D5F80C80454508D11DE1002B80F22481B5
:108FC000D8F80C80454500F01681D8F8042022F02E
:108FD0000302931B0F2BF0DD2046D8E9025408EB67
:108FE000060146F00106C8F80460EC60A56043F095
:108FF0000104C7E90411C1E902CC4C6048F8023011
:1090000000F0F4F908F1080502E00C2323600025C4
:10901000284603B0BDE8F08F4FF4007340204FF0B6
:109020003F0C73E7D3689A4208BF02307FF440AF29
:109030003D69DFF858C1654582D17A688310012106
:1090400099409142A7D9BD686B6823F003094E454A
:1090500003D8A9EB06030F2B7ADCDFF834B1474BBA
:10906000DBF800201B680132334405EB090A00F0ED
:10907000338103F580530F3323F47F6828F00F0802
:109080004146204600F0A4FD411C024600F0F3805A
:10909000824500F2EE803A4B196841441960084657
:1090A00000F04E81DBF80010019301311BBFA2EBF1
:1090B0000A0A5044CBF80020186012F0070B00F0A9
:1090C0001781CBF108010A44CBF580519044083157
:1090D000A1EB0801C1F30B0A51462046009200F0B3
:1090E00077FD421CDDE9002300F04F81801A00EB80
:1090F0000A081968BA6048F001005144BD42506046
:10910000196000F02981B9F10F0F40F227816868DA
:10911000A9F10C0C2CF0070C00F0010040EA0C0047
:1091200068604FF0050E05EB0C00BCF10F0FC0E9B5
:1091300001EE00F2328150681546124B1A688A42DD
:1091400038BF1960104B1A688A4238BF196094E022
:10915000AA1943F0010346F001066E602046BA608A
:10916000536000F043F90835284603B0BDE8F08F9E
:10917000D9681A44A1E600BF3C04002054390120FC
:10918000243901204C3901205039012044040020A9
:1091900044080020B2F5206F4FEA522363D3142B0A
:1091A00000F2B78003F15C01C9005B3307EB010EED
:1091B0007958AEF1080E8E4500F091804B6823F08F
:1091C0000303934202D989688E45F7D1D1F80CE0A8
:1091D0007A68C5E9021ECEF80850CD60D6E6142B99
:1091E00059D9542B00F29D80330B03F16F0003F12A
:1091F0006E0CC3008AE60EF1010E1EF0030F05F19E
:1092000008057FF4D5AE51E0424445465368D8F88E
:109210000C1043F00103536055F8083F2046D96015
:109220008B6000F0E3F8F3E6F00806F1080237E699
:109230002A442046536843F001035360083500F088
:10924000D5F8E5E6A919204646F0010643F00104E9
:109250006E60C7E90411C1E902CC4C60AB5000F06C
:10926000C5F80835D4E6930903F13901C90038334C
:109270009CE7BD425FD0BD68686820F003084645A2
:10928000A8EB060302D80F2B3FF762AF204600F091
:10929000ADF80025BCE603F15C0003F15B0CC300F4
:1092A00034E659F808394B4540F0968010F0030F2A
:1092B00000F1FF30F5D17B6823EA01037B604900B0
:1092C00099423FF6C0AE19B9BDE649000EF1040E51
:1092D0001942FAD0704667E603F11008D0E69A10FA
:1092E0004FF001087B6808FA02F21A437A6070E7CF
:1092F00002EB08014942C1F30B0A51462046009295
:1093000000F066FC431CDDE900237FF4EFAEDA4693
:10931000EFE6542B25D8130B03F16F01C9006E3310
:1093200044E7B3F5AA7F25D8F30B03F1780003F1E6
:10933000770CC300EAE5294B186840441860B1E691
:10934000CAF30B0CBCF1000F7FF4ACAEBD68C8448F
:1093500048F001006860F0E61546EEE60123536030
:1093600094E7B3F5AA7F23D8D30B03F17801C900A2
:1093700077331BE740F25452934223D8B30C03F1E6
:109380007D0003F17C0CC300C0E5ABF1080BD844B1
:10939000A8EB02084FF0000AABE605F108012046F1
:1093A0000093FFF75BFCBD68009B68681968C4E622
:1093B00040F254518B420BD8930C03F17D01C9004C
:1093C0007C33F3E64FF47E737F204FF07E0C9DE5F7
:1093D0004FF47E717E23E9E67B6870E72439012033
:1093E0000148FFF749BD00BF183901200148FFF7C8
:1093F00045BD00BF18390120C36C70B505460C4649
:109400004BB153F8240080B1026843F824200023B4
:10941000C0E9033370BD2122042100F0FFFC0346A4
:10942000E8640028EDD1002070BD012101FA04F6A6
:10943000721D9200284600F0F1FC0028F3D0C0E92C
:109440000146E4E731B1C36C4A6853F82200086072
:1094500043F82210704700BFF0B50C69064683B090
:109460000D4601F1140E0020DEF800101FFA81FCF9
:1094700002FB0C334FEA134C090C02FB01CC013008
:109480009BB203EB0C4384424EF8043B4FEA1C436F
:10949000EADC3BB1AA68A24207DD05EB8402013495
:1094A00053612C61284603B0F0BD69680193013116
:1094B0003046FFF7A1FF019B0746B8B12A69019327
:1094C000023205F10C0192000C30F7F767FAF26CEA
:1094D0006968019B52F82100286042F821503D46FE
:1094E00005EB8402013453612C61DBE7024B034836
:1094F0003A46B52100F072FC9CC0000830C100085B
:10950000030C1B04D3B90004102310F07F4F04BFD9
:109510000002083310F0704F04BF0001043310F054
:10952000404F04BF80000233002805DB10F0804F5D
:1095300003F1010308BF2023184670470023E4E726
:10954000036813F00702014607D0DA071FD4980713
:1095500021D55B080B600120704798B2A0B110467E
:10956000DAB20AB908301B0A1A0704BF1B09043013
:109570009A0704BF9B080230DA0703D45B0800F1A6
:10958000010006D00B6070471B0C1020E8E700209C
:109590007047202070479B080B600220704700BF77
:1095A00038B5C36C04460D464BB15868B0B102687B
:1095B0005A6000220123C0E90435C26038BD21226F
:1095C000042100F02BFC0346E0640028EDD1094B98
:1095D000094800224FF4A07100F000FC1C22012178
:1095E000204600F01BFC0028F1D001220223C0E934
:1095F0000123DEE79CC0000830C100082DE9F04FD0
:109600000E691569AE4285B08846144605DB2A46C8
:10961000234635460C4616469846A3686168AF193E
:10962000BB42B8BF0131FFF7E7FE0190002800F010
:109630008680019B03F1140909EB870AD14505D205
:109640004B46002243F8042B9A45FBD808F1140836
:1096500008EB860B04F11403D8451A4603EB850585
:109660005FD22B1B153B23F0030304331534A542B3
:1096700038BF0423CDE902A7AC461F46924605E059
:10968000000C29D1C34509F1040948D958F8040B45
:1096900085B2002DF4D056464C46002356F8040BF4
:1096A000216882B21FFA81FE05FB02EE000C0A0C53
:1096B000734405FB002202EB13429BB243EA0243D0
:1096C000B44544F8043B4FEA1243E7D849F8073061
:1096D00058F8040C000CD5D0D9F80030544619467F
:1096E0004D4600222688090C00FB06110A449BB255
:1096F00043EA024345F8043B54F8046B2968360CEE
:109700008BB200FB063303EB1243A4454FEA13422E
:10971000E8D8C34549F8073009F10409B6D8DDE9AE
:1097200002A7002F02DC05E0013F03D05AF8043DF8
:10973000002BF9D00198076105B0BDE8F08F034B0D
:109740000348019A40F25D1100F048FB9CC00008FC
:1097500030C1000812F003032DE9F041144606461B
:1097600032D10D46A41020D0D6F84880B8F1000FB1
:1097700033D0E3074FF0000707D4641015D0D8F8B2
:109780000000A8B18046E307F7D542462946304697
:10979000FFF734FFB5B16968F36C641053F821200A
:1097A0002A6043F821500546E9D12846BDE8F081FA
:1097B000424641463046FFF721FFC8F800000760E7
:1097C0008046E0E70546D8E7013B0F4A52F82320E0
:1097D0000023FFF741FE0546C4E701213046FFF7AD
:1097E0000BFE804640B1012340F27122C0E90432F1
:1097F0000023B0640360BCE7044B054842464FF4C5
:10980000A07100F0EBFA00BFA0C200089CC00008E5
:1098100030C100082DE9F0470C4690462669A36840
:10982000496806EB6216751C9D4207464FEA6219AD
:1098300004DD5B009D4201F10101FADC3846FFF7CF
:10984000DBFD8446002851D0B9F1000F00F114006F
:109850000EDD09F105024FEA820E03460CEB82028F
:10986000002143F8041B9342FBD1AEF114031844CA
:10987000216904F1140318F01F0803EB81012DD0B6
:10988000C8F1200986464FF0000A1A6802FA08F269
:1098900042EA0A024EF8042B53F8042B994222FAAA
:1098A00009FAF2D80B1B153B23F00303043304F130
:1098B0001502914238BF0423BAF1000F18BF2E469B
:1098C00040F803A0FB6C6268CCF8106053F82210DB
:1098D0002160604643F82240BDE8F087043853F821
:1098E000042B40F8042F9942F9D8EBE7034B0448C6
:1098F000624640F2D91100F071FA00BF9CC0000826
:1099000030C100080B6984460069C01A16D10CF1F9
:10991000140C14310CEB830210B401EB830301E04F
:10992000944508D252F8044D53F8041D8C42F7D0E8
:1099300005D24FF0FF305DF8044B704770470120AF
:109940005DF8044B704700BF2DE9F84F0F691369AC
:10995000FF1A002F0E4690467AD101F114051432F9
:1099600002EB830205EB830301E09D4273D253F8BF
:10997000041D52F8044DA142F7D064D37168FFF77B
:109980003BFD8146002872D03569D8F81020C760A9
:1099900008F1140E06F1140009F1140A06F1100C76
:1099A0000EEB820200EB8507564600215EF8044B61
:1099B0005CF804BFA3B211FA8BF1CB1A210CC1EBF6
:1099C0001B4101EB23419BB243EA0143724546F838
:1099D000043B4FEA2141E9D8A2EB0804153C08F109
:1099E0001508424524F0030606F1040638BF042694
:1099F000304424F0030238BF002287425244B2446C
:109A000016D95646044654F8043B11FA83F10A1459
:109A100002EB134289B241EA0243A74246F8043BF3
:109A20004FEA2241EFD87A1E101A20F00302524466
:109A300023B952F8043D013D002BFAD0C9F810506B
:109A40004846BDE8F88F334601274646984695E7D5
:109A5000F9DB002792E70021FFF7CEFC814668B1D1
:109A600001220023C9E904234846BDE8F88F074BCB
:109A700007484A464FF4107100F0B0F9034B044810
:109A80004A4640F2322100F0A9F900BF9CC000080C
:109A900030C100082DE9F043884683B0012157EC1E
:109AA000106B1546FFF7A8FC044600284FD0C7F3FB
:109AB0000A59C7F31303B9F1000F01D043F480131F
:109AC000002E019324D068460096FFF739FD002848
:109AD00039D0DDE90013C0F1200203FA02F20A4393
:109AE000C34062610193002B14BF02220122A361D3
:109AF0002261B9F1000F16D0A9F233430344C0F13B
:109B00003500C8F800302860204603B0BDE8F08377
:109B100001A8FFF715FD019B63610122203022613E
:109B2000B9F1000FE8D104EB8203A0F23240C8F88B
:109B300000001869FFF7E4FCC0EB421028602046E3
:109B400003B0BDE8F083009B6361019BCBE7034B4F
:109B50000348224640F20A3100F040F99CC0000858
:109B600030C1000853EC102B70B5164E23F00041A5
:109B70000025B1420446056021DC10EE106A0E4358
:109B80001DD0114E1E40184666B91946002210EE2F
:109B9000100A0E4BF6F7F0FC6FF03505024608464A
:109BA00021F0004120F0FF40091520F4E000A1F26F
:109BB000FE3140F07F53294443F40013216043EC0D
:109BC000102B70BDFFFFEF7F0000F07F00005043BF
:109BD00038B5074D0022044608462A60F7F718FDFD
:109BE000431C00D038BD2B68002BFBD0236038BD50
:109BF0005839012030B540EA0104A30701D1032AF6
:109C00000FD8844601F1FF3E07E01EF8011F03F85C
:109C1000011B541EC1B19C4622466346002AF4D162
:109C200030BD0B468446194653F8045BA5F1013458
:109C300024EA050414F0803FE4D1043A032A4CF8E6
:109C4000045B1946EFD8DDE76244002CE8D003F846
:109C5000011B9342FBD130BD2DE9F04F936883B0D7
:109C60009146002B6ED017688D6880460C460868B8
:109C7000083744E0A38913F4906F2ED0D4E904157B
:109C8000A0EB010A05EB450505EBD5750AEB0600CF
:109C90006D100130A8422A4684BF05462A465B055E
:109CA00037D511464046FFF7EBF800283BD0524627
:109CB00021690190F6F772FEA289019B22F490625D
:109CC00042F08002A281A5EB0A0203EB0A00656163
:109CD000A260236120603546B2465946524600F0E4
:109CE000FDF8A068D9F808102368451B8E1B03EB0C
:109CF0000A00A5602060C9F808601EB3083757E95C
:109D000002B6002EFAD0B542AA46B3D93546B246BD
:109D1000E3E7404600F05EF903460028D3D121690D
:109D20004046FEF79BFF0C23C8F80030A3890022B1
:109D300043F040034FF0FF30A381C9E9012203B093
:109D4000BDE8F08F0020C9F8040003B0BDE8F08F33
:109D50002DE9F047DFF880A00646DAF800009846C3
:109D60000F469146FFF788F81A4B1B68D3F8484115
:109D700024B365681F2D26DC5EB96B1C0235DAF84A
:109D80000000636044F82570FFF778F80020BDE814
:109D9000F08704EB85010123C1F88890D4F888216D
:109DA000AB401A43022EC4F88821C1F80881E4D1DF
:109DB000D4F88C211343C4F88C31DEE703F5A67484
:109DC000C3F84841D5E7DAF80000FFF757F84FF03D
:109DD000FF30DCE724C000083804002000B50B4C3D
:109DE00025681446EE681A4685B003460D464CB108
:109DF00007490095CDE901143046064900F03EF8C8
:109E000001F0C2FA04490C46F3E700BF0C00002041
:109E1000ACC20008BCC20008B8C2000810B502FB02
:109E200001F1FFF72DF8044668B150F8042C22F038
:109E30000302043A242A18D8132A06D8024600231B
:109E4000C2E900339360204610BD00231B2AC0E9FD
:109E500000330FD9242AC0E9023311BF00F11002E8
:109E6000036100F118024361E9E70021FCF76CF897
:109E7000204610BD00F10802E1E700BF0EB410B5A6
:109E800083B005AB064C53F8042B019301462068C0
:109E900000F0C8FA03B0BDE8104003B0704700BF3F
:109EA0000C000020014B93F8280170474C0800205B
:109EB00082B049B15AB16BB113780B601278101EA1
:109EC00018BF012002B0704701A9002AF3D1104643
:109ED00002B070476FF00100F4E700BF88420DD96F
:109EE0008B1883420AD900EB020CBAB1624613F810
:109EF00001CD02F801CD9942F9D170470F2A0ED851
:109F0000034602F1FF3C4AB10CF1010C013B8C44C9
:109F100011F8012B03F8012F6145F9D1704740EA90
:109F200001039B0750D1A2F1100370B501F1200C81
:109F300023F00F0501F1100E00F11004AC441B09D1
:109F40005EF8105C44F8105C5EF80C5C44F80C5C45
:109F50005EF8085C44F8085C5EF8045C44F8045C55
:109F60000EF1100EE64504F11004E9D1013312F0B0
:109F70000C0F01EB031102F00F0400EB031327D0C9
:109F8000043C24F003064FEA940C1E441C1F8E462A
:109F90005EF8045B44F8045FB442F9D10CF10104AB
:109FA00002F0030203EB840301EB840102F1FF3CA6
:109FB0004AB10CF1010C013B8C4411F8012B03F860
:109FC000012F6145F9D170BD02F1FF3C03469BE7CB
:109FD0002246EBE72DE9F84F1746002900F098805C
:109FE00007F10B0580460C46FFF7FAF9162D5DD8F0
:109FF00010252A46AF425ED854F8041C21F003060F
:10A000009642A4F1080962DABC4BD3F808C009EB08
:10A010000600844500F09780D0F804C02CF00103BE
:10A0200003445B68DB0768D42CF0030C06EB0C03DD
:10A03000934247DACB0710D454F8083CA9EB030A43
:10A04000DAF8043023F003018C44B444944580F2E0
:10A0500011817318934280F2E88039464046FEF73A
:10A060000FFF0746E0B154F8043C23F001034B44D2
:10A07000A0F10802934200F0D280321F242A00F29D
:10A08000F580132A00F2AC8003462246116819605D
:10A090005168596092689A6021464046FEF7DEFD9D
:10A0A0004046FFF7A3F93846BDE8F88F25F00705CD
:10A0B000002D2A469EDA0C23C8F8003000273846C7
:10A0C000BDE8F88F1E46D0E90223D3609A60731B67
:10A0D0000F2B22D8D9F8043003F0010333434E4448
:10A0E000C9F80430736843F00103736040462746A3
:10A0F000FFF77CF93846BDE8F88FC907ADD454F8AE
:10A10000083CA9EB030ADAF8041021F00301A0E7E8
:10A11000BDE8F84F1146FEF7B3BED9F8041001F0C0
:10A1200001012943C9F8041009EB05014E4443F02D
:10A1300001034B60736843F00103083173604046CC
:10A14000FEF78CFDD2E7DCF8040020F0030B06EBF1
:10A150000B0C05F1100084454DDAC9073FF57DAFC2
:10A1600054F8081CA9EB010ADAF8041021F00301E5
:10A170008B44B34458453FF76CAF5746DAF80C10A0
:10A1800057F8080F321F242AC160886000F2DB8074
:10A19000132A40F2D6802168CAF808106168CAF80C
:10A1A0000C101B2A00F2DF8008340AF1100221682B
:10A1B000116061685160A16891600AEB0501ABEB29
:10A1C000050242F0010299604A60DAF8043003F0B7
:10A1D00001031D434046CAF80450FFF707F96EE734
:10A1E00023680360636843601B2A68D804F108028F
:10A1F00000F108034AE709EB05029A60ACEB05039E
:10A2000043F00103536054F8043C03F001031D4381
:10A21000404644F8045CFFF7E9F827464FE750F85A
:10A22000043C23F003031E4451E75746DAF80C10B0
:10A2300057F8080F321F242AC16088604CD8132AAF
:10A2400048D92168CAF808106168CAF80C101B2A9E
:10A2500056D808340AF110021E462368136063685A
:10A260005360A3689360D1463C4630E72146FFF730
:10A2700035FE11E7D0E902135746CB60996057F8D5
:10A28000081FDAF80C30CB60321F242A99602DD8D1
:10A29000132A29D92368CAF808306368CAF80C3031
:10A2A0001B2A42D808340AF1100322681A60626837
:10A2B0005A60A2689A606646D1463C4607E7A368A2
:10A2C0008360E368C360242A26D004F1100200F101
:10A2D0001003DBE63A46BFE7214638461E46D14624
:10A2E000FFF7FCFD3C46F2E63B46DEE721463846FA
:10A2F0006646D146FFF7F2FD3C46E8E63C04002006
:10A30000A168CAF81010E168CAF81410242A20D0F5
:10A3100010340AF118029FE7236903616169416102
:10A3200004F1180200F11803B0E6A368CAF810306F
:10A33000E368CAF81430242A21D010340AF1180333
:10A34000B3E73A4633E721463846FFF7C7FD164BD9
:10A3500033E72269CAF818206269CAF81C20183449
:10A360000AF1200278E7A168CAF81010E168CAF87B
:10A370001410242A0DD010340AF1180217E72369AB
:10A38000CAF818306369CAF81C3018340AF120037F
:10A390008BE72269CAF818206269CAF81C201834B1
:10A3A0000AF1200203E700BF3C0400202DE9F84F2A
:10A3B0004B6E9C0490462DD59368126843B38B4630
:10A3C000064602F1080959E9025A5FEA9A0715D0D0
:10A3D000043D002401E0A7420ED055F8041F5A4660
:10A3E000304601F08BF9431C04F10104F3D1002342
:10A3F000C8E90133BDE8F88FD8F808302AF0030A1D
:10A40000A3EB0A03C8F8083009F10809002BDAD1D8
:10A410000020ECE701F0A6F90023C8E90133BDE80C
:10A42000F88F00BF2DE9F04F2DED028BBBB008EE89
:10A43000101A08EE900A1C461746039318B1836B56
:10A44000002B00F09C8218EE102A536EDE0740F1BC
:10A450009E81B2F90C108AB2900409D441F40052E2
:10A4600018EE101A4B6E8A8123F4005392B24B6699
:10A47000110740F1F88018EE103A1B69002B00F02C
:10A48000F28002F01A030A2B00F0FE8011AB0E934B
:10A490000023CDE90F33CDE9083306930DF14409CC
:10A4A000079302933B78002B00F05B813C4604E06D
:10A4B00014F8013F002B00F03481252BF8D1E51B67
:10A4C00040F031812378002B00F04B814FF00003E6
:10A4D00000258DF83330671C637801954FF0FF3B02
:10A4E0002B240137A3F120025A2A00F26181DFE810
:10A4F00012F0AB025F015F01A7025F015F015F0124
:10A500006A005F015F0149027E025F015402B902E5
:10A510005F01B5025B005B005B005B005B005B0002
:10A520005B005B005B005F015F015F015F015F013A
:10A530005F015F015F015F01360284005F015F011F
:10A540005F015F015F015F015F015F015F015F010B
:10A55000E5005F015F015F011A025F016C025F01AC
:10A560005F0148055F015F015F015F015F015F01FE
:10A570005F015F015F015F01360286005F015F01DD
:10A580005F016202860080005F0158025F01940251
:10A59000E700820280005F011A027E0068055F0109
:10A5A0005F016A055F017E00A3F13002002117F808
:10A5B000013B01EB810102EB4101A3F13002092AC9
:10A5C000F5D901918EE718EE900AFEF74DFC43682D
:10A5D00008931846F6F794FA0990064618EE900A82
:10A5E000FEF742FC83680793002E40F0A5843B7879
:10A5F00077E73B7845F0200573E745F01005AC069A
:10A60000039E40F18281073626F0070632467368C2
:10A6100052F8086B03929846002BC0F25584BBF1A8
:10A62000FF3F00F03A8556EA080325F0800A00F063
:10A6300030840A2E78F1000380F0E784303601235D
:10A640008DF8E760554600930DF1E704009A9DF8F8
:10A6500033305A45B8BF5A469046002B00F0B780B9
:10A6600002F10108B3E018EE101A18EE900A18EE85
:10A67000105A00F01FFE002840F0A885AA8902F0B9
:10A680001A030A2B7FF402AF18EE101AB1F90E303C
:10A69000002BFFF6FBAE4B6EDE0702D4950540F1B2
:10A6A000738518EE101A18EE900A23463A463BB00E
:10A6B000BDEC028BBDE8F04F00F0AEBD45F01005DB
:10A6C00015F0200800F01281039E073626F00706D9
:10A6D0003346D6F8048053F8086B039325F4806A58
:10A6E00000234FF000028DF83320BBF1FF3F00F054
:10A6F000D38156EA08022AF0800540F0CC81BBF1F4
:10A70000000F40F0CD84002B40F0C8831AF0010305
:10A71000009300F0F88330238DF8E7300DF1E70463
:10A7200094E7E51B1DD00F9B109A01332A44072B99
:10A73000C9E9007510920F9305DC09F10809029B25
:10A740002B440293BEE6002A00F09F8318EE101AF5
:10A7500018EE900A0EAAFFF729FE40B90DF1440940
:10A76000EDE7109B002B40F0208500230F9318EE9F
:10A77000102A536ED90740F1AE8093895B0600F131
:10A780002E8502983BB0BDEC028BBDE8F08FB2F98C
:10A790000C108D0518EE103A8AB23FF55DAE18EE3A
:10A7A000105A986DFEF768FBB5F90C108AB253E6A3
:10A7B000002BD6D08DF884304FF001084FF0000305
:10A7C0008DF83330CDF8008021AC4FF0000B15F040
:10A7D0000203049318BF08F1020815F084030593DF
:10A7E00005D1019BA3EB0806002E00F37F82DDE973
:10A7F0000F21501C9DF833608EB10DF133020131F1
:10A80000C9F8002007284FF00102CDE90F01C9F86F
:10A81000042000F34C82024609F108090130049B30
:10A82000EBB10DAB0231C9F8003007284FF002033D
:10A83000CDE90F01C9F8043040F35382002900F03C
:10A840001F8318EE101A18EE900A0EAAFFF7AEFD3D
:10A8500000288CD1DDE90F210DF14409501C059B26
:10A86000802B00F05A81009BABEB0306002E00F317
:10A87000BD81009BC9F8004019440728CDE90F01AC
:10A88000C9F8043040F34681002900F0858218EEB3
:10A89000101A18EE900A0EAAFFF788FD00287FF420
:10A8A00066AF10990DF14409680705D5019BA3EB2C
:10A8B0000804002C00F37A82DDE901234245ACBF95
:10A8C0009B1843440293002940F0E08100230F933A
:10A8D0000DF14409E6E593899A053FF54FAF18EE6F
:10A8E000104AA06DFEF7CAFAA38947E715F01003D6
:10A8F00040F03A8315F0400200F0F983039A52F8D1
:10A90000046B03929846B6B2E8E656F8043B039609
:10A91000E80600F10483690640F1FE8243F3C03883
:10A920001EB2434678E6039E56F8044B4FF00003F0
:10A930008DF83330002C00F0C183BBF1FF3F00F0F5
:10A9400045835A4600212046F6F74AF9002800F0D0
:10A950002084031B009303964FF0000B76E6039EC2
:10A960004FF000038DF833304FF0010856F8043BE8
:10A970008DF884300396CDF8008021AC25E700F0F7
:10A98000D7FD60E5039B53F8042B0192002A80F267
:10A99000B682019A0393524201923B7845F0040536
:10A9A0009FE53B786C2B03BF7B7845F02005013792
:10A9B00045F0100595E53B78682B03BF7B7845F49F
:10A9C0000075013745F040058BE545F0100A1AF097
:10A9D000200800F06A82039E073626F007063346F9
:10A9E000D6F8048053F8086B0393012379E63B788B
:10A9F0008DF8334075E5039B53F8046B03933023C4
:10AA00008DF8343078238DF83530C14B069345F0FE
:10AA1000020A4FF00008022363E6AE0600F19A82B4
:10AA2000EC0600F14383680600F1A083A90540F11C
:10AA30003D83039E029A56F8043B03961A7031E553
:10AA40003B7845F001054CE59DF83330002B7FF451
:10AA5000CEAD20238DF833303B7842E53B7845F08E
:10AA600080053EE5394611F8013B2A2B00F0C083F2
:10AA7000A3F13002092A0F464FF0000B3FF632AD2A
:10AA800017F8013B0BEB8B0B02EB4B0BA3F13002E6
:10AA9000092AF5D926E5AA46012B3FF4CAAD022BB7
:10AAA0003AAC12D1069A06F00F033609D35C04F8CB
:10AAB000013D46EA08764FEA181856EA0803F2D133
:10AAC0003AAB1B1B55460093C0E506F00703F6089A
:10AAD00046EA48764FEAD808303356EA080122465B
:10AAE00004F8013DF1D11AF0010FE9D0302BE7D085
:10AAF0003023023A04F8013C3AAB9B1A55460093C6
:10AB00001446A3E5009911940123129110910F931B
:10AB10000DF1440909F10809C6E6019BA3EB0806FB
:10AB2000002E7FF7A0AE102E40F35E83DFF8E4A185
:10AB30005346CDE90445BA4618EE904A18EE105A2D
:10AB4000084696461F4607E00EF1020C09F1080977
:10AB50009646103E102E1FDD0EF10102103010231C
:10AB6000072ACDE90F20C9F80070C9F80430EBDDE1
:10AB70000EAA002800F09580294620460DF14409D0
:10AB8000FFF714FC00287FF4F2ADDDE90FE0103E82
:10AB9000102E0EF1010CDFDCDDE904453B460146D9
:10ABA00057469A463144BCF1070FCDE90FC1C9F8A9
:10ABB00000A0C9F8046040F3A981002900F0C68212
:10ABC00018EE101A18EE900A0EAAFFF7EFFB0028F5
:10ABD0007FF4CDAD009BDDE90F21ABEB0306002E2A
:10ABE00002F101000DF144097FF743AE102EDFF8AA
:10ABF00024A137DD5346CDE90445BA4618EE904A04
:10AC000018EE105A4FF0100B084694461F4607E006
:10AC10000CF1020E09F108099446103E102E1ADDBF
:10AC20000CF101021030072AC9E9007BCDE90F20A1
:10AC3000EEDD0EAA20B3294620460DF14409FFF7A8
:10AC4000B5FB00287FF493ADDDE90FC0103E102E58
:10AC50000CF1010EE4DCDDE904453B4601465746B4
:10AC600070469A4631440728CDE90F01C9F800A083
:10AC7000C9F8046000F3EE8009F108090130F8E535
:10AC80004FF0010E84460DF14409C6E718EE101A84
:10AC900018EE900A0EAAFFF789FB00283FF416AEC3
:10ACA00065E54FF0010C86460DF1440951E7002996
:10ACB00000F0E38018EE101A18EE900A0EAAFFF7C3
:10ACC00075FB00287FF453ADDDE90F210DF1440938
:10ACD000501CA4E502210DAB1291119301200DF13E
:10ACE0004409024609F10809501CB8E5102E40F34A
:10ACF0005682DDE90FC1DFF820A0CDE90A45102317
:10AD0000544618EE105A18EE90AA08460EE000BFFE
:10AD100038C000080CC30008FCC200080CF1020E89
:10AD200009F108099446103E102E1CDD0CF10102B9
:10AD30001030072AC9E90043CDE90F20EEDD0EAA45
:10AD400020B3294650460DF14409FFF72FFB002898
:10AD50007FF40DADDDE90FC0103E102E0CF1010E99
:10AD60004FF01003E2DCA2460B9D0A9C014672469E
:10AD70003144072ACDE90F21C9F800A0C9F80460C1
:10AD800000F3AB8009F10809501C33E584464FF00D
:10AD9000010E0DF14409C6E76C070F9152D5019BD6
:10ADA000A3EB0804002C4DDD0DF14409102C40F3F9
:10ADB0000882DFF85CA40F9A0B46BB46494657460B
:10ADC00018EE109A18EE90AA102505E0901C083194
:10ADD0003246103C102C18DD561C1033072EC1E9EA
:10ADE0000075CDE90F63F1DD0EAA3BB3494650462D
:10ADF000FFF7DCFA00287FF4BAACDDE90F23103C42
:10AE0000102C02F1010011A9E6DC8946BA46194668
:10AE10005F4621440728C9E900A4CDE90F017FF767
:10AE20004BAD79B118EE101A18EE900A0EAAFFF782
:10AE3000BDFA00287FF49BAC10993DE501201A462D
:10AE400011A9C6E7DDE901234245ACBF9B18434485
:10AE500002933BE500293FF455AE18EE101A18EEA8
:10AE6000900A0EAAFFF7A2FA00287FF480AC0F9890
:10AE7000109901300DF14409FBE4049B002B79D1BA
:10AE800001200A460DF14409E9E40F920DF144094D
:10AE900055E4BBF1000F7FF4D1AB55464FF0000BEA
:10AEA000CDF800B03AACFFF7D1BB1AF010033CD19B
:10AEB0001AF0400200F00C81039A52F8046B0392DE
:10AEC0009846B6B201230CE42D2376428DF8333038
:10AED00068EB4808AA46012307E400297FD018EE52
:10AEE000101A18EE900A0EAAFFF760FA00287FF4F5
:10AEF0003EACDDE90F210DF14409501C7AE40393C7
:10AF00003B78FFF7EEBA3AACFFF7A0BB09F10809AE
:10AF10000CF101006246A6E4AA0500F12F814FEA78
:10AF2000E3781E464346FFF777BB039B53F8046B59
:10AF300003930123FFF7D5BB079B002B3FF457ABCF
:10AF4000079B1B78002B3FF452AB3B7845F48065A0
:10AF5000FFF7C7BADDE9021656F8042B0396CB17A4
:10AF6000C2E90013FFF79EBA039B53F8046B0393E7
:10AF7000FFF7B4BB02210DAB129111930DF14409FF
:10AF8000B0E6A04A069215F0200836D0039E073698
:10AF900026F007063246D6F8048052F8086B039272
:10AFA000EA0709D556EA080206D08DF83530302375
:10AFB00045F002058DF8343025F4806A0223FFF74E
:10AFC00090BBAA4603E5904A0692DCE7204603962A
:10AFD000F5F796FD4FF0000B0090FFF737BB9DF89B
:10AFE0003320002A00F0B88001200DF133021290C6
:10AFF00011920DF1440901460DE415F0100242D002
:10B00000039A52F8046B0392CAE70AF48063CDF8FE
:10B0100000A0CDF81090BA46DDF81C9000253AAC9F
:10B020001F4609E030464146F5F7F0FE0A2E78F15A
:10B0300000031BD306468846304641460A220023B9
:10B04000F5F7E4FE1146303104F8011C0A22002312
:10B05000013C0135002FE5D099F80010A942E1D15B
:10B06000FF2DDFD00A2E78F100035BD257463AABB2
:10B07000DDF800A0CDF81C901B1BDDF810900093AC
:10B080005546FFF7E3BA15F040013ED0039951F859
:10B09000046B03919046B6B282E7AA46FFF7C9BA9D
:10B0A000012BAA467FF4FBACFFF7C8BA039E029AB5
:10B0B00056F8043B1A600396FFF7F4B95B46062B7B
:10B0C00028BF0623514C009303969846FFF77DBB9B
:10B0D000039B1AF4007814BF53F8046B53F8046B05
:10B0E00003931CBF9046F6B20123FFF7FABA039B05
:10B0F00015F4007814BF53F8046B53F8046B0393F2
:10B100001CBF9046F6B2FFF7E9BA039A15F400782F
:10B1100014BF52F8046B52F8046B03921CBF8846AC
:10B12000F6B23DE7099B0899E41A1A462046FEF755
:10B1300061FD99F801300BB109F101093046414632
:10B140000A2200230025F5F761FE73E701200A4675
:10B150000DF14409FFF787BB049B002B7FF4BAADC8
:10B160000A4601200DF14409FFF77DBB039E029AB8
:10B1700056F8043B03961A80FFF794B943F3C018BE
:10B180005EB24346FFF748BA886DFDF777FEFFF7DA
:10B1900088BACDF800B003968346FFF757BA0F9AE6
:10B1A0001099DFF86CA00132E2E518EE101A18EEE3
:10B1B000900A0EAAFFF7FAF800283FF4D6AAFFF784
:10B1C000D6BA0F98DFF848A0013022E66B6EDB0795
:10B1D00005D4AB899F0502D4A86DFDF74FFE4FF053
:10B1E000FF330293FFF7CDBADFF828A08446D9E4F5
:10B1F000039A7B780F4652F8041B039241EAE17BE5
:10B20000FFF76FB94CC0000838C0000860C00008E4
:10B21000FCC200080CC3000870B50C468989ADF566
:10B220008E6D21F00201ADF81410616E1B91E18961
:10B23000ADF81610E1690991616A0B911CA90291A0
:10B2400006914FF4806106460491079118A80021E9
:10B25000CDE900320891FDF70BFEDDE9003202A9CD
:10B260003046FFF7DFF8051E07DB02A9304600F085
:10B270002BF9002818BF4FF0FF35BDF814305B06DE
:10B2800003D5A38943F04003A3811898FDF7F2FD8D
:10B2900028460DF58E6D70BD49B1FF2A02D80A709F
:10B2A000012070478A2303604FF0FF307047084643
:10B2B000704700BF38B5334B1B6805460C460BB1D1
:10B2C0009A6B12B3B4F90C3018079AB225D52169DC
:10B2D00000292DD012F0010007D00020A060606985
:10B2E0004042A06139B1002038BD950758BF606960
:10B2F000A0600029F7D1120658BF0846F4D543F0E4
:10B300004003A3814FF0FF3038BD184600F010F91C
:10B31000B4F90C3018079AB2D9D4D1062AD55207FD
:10B3200014D4216943F00803A3819AB20029D1D132
:10B3300002F42070B0F5007FCCD02146284600F002
:10B34000ADFBB4F90C3021699AB2C3E7216B51B15E
:10B3500004F14002914204D02846FDF77FFCB4F985
:10B360000C300022226321690022C4E9001223F07C
:10B370002403D7E7092243F040032A604FF0FF304F
:10B38000A38138BD0C00002008B5062000F0F6FBB4
:10B390000120F6F7C6F800BFB1F90C202DE9F04105
:10B3A0000C461107804647D4636842F40062002BC4
:10B3B000A2815EDDA56A002D58D00023D8F8006078
:10B3C000C8F8003093B212F4805256D10123E169DB
:10B3D0004046A847431C67D0A389A56A5F0705D5E7
:10B3E0006368C01A236B0BB1E36BC01AE1690246B4
:10B3F00000234046A847411C41D1D8F80030002B1B
:10B400003DD01D2B01D0162B56D1A3892269226075
:10B4100023F4006300216160A381216BC8F8006000
:10B4200021B304F14003994202D04046FDF716FCD7
:10B4300000202063BDE8F0812669BEB193B2256883
:10B4400026609A070CBF63690023AD1BA3600BE065
:10B450002B463246E169676A4046B847B0F1000CB6
:10B46000A5EB0C05664417DD002DF1DC0020BDE8DE
:10B47000F081E36B002B9DDCF8E7206DAEE7B4F9BB
:10B480000C302269226023F40063A3810022DB04D4
:10B490006260C2D52065C0E7A38943F040034FF046
:10B4A000FF30A381BDE8F081D8F80030002B93D0A5
:10B4B0001D2B06D0162B04D0A38943F04003A38193
:10B4C000D5E7C8F80060D1E738B50C46054608B1A5
:10B4D000836BA3B1B4F90C00B8B1636EDB0701D480
:10B4E000810515D528462146FFF756FF636EDA071A
:10B4F000054602D4A3899B050ED5284638BD00F029
:10B5000017F8B4F90C000028E7D10546284638BDE5
:10B51000A06DFDF7B1FCE5E7A06DFDF7AFFC284697
:10B5200038BD00BF014900F095BA00BFD1BD000889
:10B530002DE9F04782463948FDF79EFCDAF838409D
:10B54000002C66D1DAF80450354ACAF83C200323AF
:10B55000CAE9B843DFF8DC90DFF8DC80314F324EC7
:10B5600004230AF53B72CAF8E8222146C5E90243E2
:10B57000C5E90044C5E904446C660822AC6105F1E4
:10B580005C00FAF7E1FCC5E90759C5E90987EE62F5
:10B5900005F15800FDF76CFCDAF80850234BEB601E
:10B5A0002146C5E90044C5E904446C66AC60AC6161
:10B5B000082205F15C00FAF7C7FCC5E90759C5E99F
:10B5C0000987EE6205F15800FDF752FCDAF80C50DD
:10B5D000174BEB602146C5E90044C5E904446C669D
:10B5E000AC60AC61082205F15C00FAF7ADFC05F136
:10B5F0005800C5E90759C5E90A76C5F82480FDF762
:10B6000037FC0123CAF838300448BDE8F047FDF79D
:10B6100035BCBDE8F0470148FDF730BC20390120BA
:10B6200025B500086DBC00088DBC000809000100AC
:10B630001200020009BC00082DBC00080148FDF7FB
:10B640001BBC00BF1C3901200148FDF717BC00BF1F
:10B650001C3901202DE9F04782B082468846144605
:10B66000FEF720FC012803D108F1FF33FE2B36D969
:10B67000424604F15C0301A9504600F063FB421C02
:10B68000064632D030B39DF804C00DF105090025FF
:10B6900009E023685A1C226083F800C00135B542D6
:10B6A00018D219F801CBA368013B002BA360F0DA94
:10B6B000A769BB4261462246504602DBBCF10A0F35
:10B6C000E7D100F0E7FA431CE8D10646304602B065
:10B6D000BDE8F0874646304602B0BDE8F0875FFA25
:10B6E00088FC8DF804C00646CFE7A389304643F0B6
:10B6F0004003A38102B0BDE8F08700BF30B5536EB0
:10B7000013F0010FB2F90C30144683B005469AB21B
:10B7100001D198051CD5900406D4626E43F4005301
:10B7200042F40052A381626622462846FFF792FF48
:10B73000636EDA07054602D4A3899B0502D5284625
:10B7400003B030BDA06DFDF799FB284603B030BDB6
:10B75000A06D0191FDF790FBB4F90C3001999AB2FC
:10B76000D9E700BF9368002B00F085802DE9F04FEA
:10B77000B1F90C300C461907804683B0174698B2D1
:10B7800025D523691BB310F002033D682DD04FF07F
:10B79000000ADFF8BCB25646B9465E45334652460B
:10B7A00028BF5B464046002E52D0E169676AB84721
:10B7B000002856DDD9F808301B1A8244361AC9F819
:10B7C0000830002BE9D1002003B0BDE8F08F2146FE
:10B7D0004046FFF76FFD002840F03681B4F90C3089
:10B7E0003D6898B210F00203D1D110F0010944D1A4
:10B7F0004E46009746B38205D4F808B040F18380E6
:10B80000B3455A4600F2B28010F4906F40F0BF800A
:10B81000206801924946FEF761FBA368019AA3EBF9
:10B820000B012368A1601344B24623600026009BED
:10B830009868A0EB0A00D14498600028C3D0B4F9FE
:10B840000C0080B2002ED6D1D5E900960835D1E79C
:10B85000D5E900A60835A0E721464046FFF734FEAB
:10B8600080B3B4F90C3043F040034FF0FF30A381B4
:10B8700003B0BDE8F08F002070471E46AA469946E7
:10B8800018461D46009756B388B34A46D4E90413B8
:10B890002068B24228BF3246884205D9A16803EB2E
:10B8A000010B5A4500F3A680934263DCE169676AA5
:10B8B0002A464046B847B0F1000BD2DDB9EB0B0980
:10B8C000CAD00120009A9368A3EB0B035D44A6EB5A
:10B8D0000B069360002B3FF476AF002ED4D10AF113
:10B8E000080353E902569A460833002EF9D032462F
:10B8F0000A212846F5F774F9002800F09C800130F1
:10B90000A0EB0509C1E720682369984216D863694E
:10B91000B34213D86FF00042B24228BF3246E16909
:10B9200092FBF3F2676A02FB03F340464A46B847CC
:10B93000B0F1000A95DDA6EB0A0678E7B345DA46D2
:10B9400028BFB24652464946FEF7C8FAA3682268A5
:10B95000A3EB0A035244A3602260002BEBD12146E3
:10B960004046FFF7B1FD0028E5D07AE72068B346EE
:10B9700032464EE729460192FEF7B0FA019AA368D3
:10B980009B1AA360236813442360934696E72368B9
:10B990002169A3EB010B636903EB430A0AEBDA7A33
:10B9A0000BF101034FEA6A0A33445345524684BF00
:10B9B0009A46524643052CD511464046FDF760FA9B
:10B9C00000283BD05A4621690190F4F7E7FFA2898D
:10B9D000019B22F4906242F08002A28103EB0B00F3
:10B9E0002361AAEB0B03C4F814A0A3602060B34644
:10B9F00032460EE729465A46FEF770FA23685B4442
:10BA0000236021464046FFF75FFD00283FF456AF14
:10BA100027E74046FEF7DEFA03460028DED121691B
:10BA20004046FDF71BF9B4F90C300C2223F08003DB
:10BA3000C8F8002017E7721C914627E70C22B4F9DA
:10BA40000C30C8F800200EE74FF0FF30BCE600BF16
:10BA500000FCFF7F2DE9F8430746884600F538765D
:10BA60004FF00009D6E90154013D11D4A389012BFF
:10BA700005F1FF3508D9B4F90E300133214603D062
:10BA80003846C04749EA00096B1C04F16804EDD14F
:10BA90003668002EE6D14846BDE8F8832DE9F0412E
:10BAA0008B890C46990796B008D504F1430301220F
:10BAB000C4E90432236016B0BDE8F081B4F90E1079
:10BAC0000029064627DB6A4600F0E8F9002821DB5A
:10BAD000019D05F47045A5F50055B5FA85F54FF4BF
:10BAE00080686D094FF4006741463046FDF7C8F99C
:10BAF000B4F90C30F0B1204AF26343F08003C4F88B
:10BB00001480A3812060206135BB3B43A38116B024
:10BB1000BDE8F081A38913F0800519D04FF04008EB
:10BB200041463046FDF7ACF90025B4F90C302F46FC
:10BB30000028E0D19A05BED423F0030304F14302A8
:10BB400043F002030121C4E90421A3812260B2E78A
:10BB50004FF480682F46C7E7B4F90E10304600F066
:10BB6000B3F910B9B4F90C30CFE7A38923F003037C
:10BB700043F001031BB2C8E725B5000838B5154BE3
:10BB80001F281D6820D8D5F8DC22044662B152F87F
:10BB900020304BB1012B15D0591C0FD0002542F895
:10BBA00020509847284638BD284600F02BF82246FA
:10BBB00001462846BDE8384000F00EB816232B6039
:10BBC000012038BD002038BD16232B604FF0FF3018
:10BBD00038BD00BF0C00002070B50C46084D034670
:10BBE0000026204611461C462E60F5F78AFC431CB1
:10BBF00000D070BD2B68002BFBD0236070BD00BF50
:10BC000058390120F5F775BC10B50C46B1F90E1086
:10BC100000F082F9002803DB236D0344236510BD87
:10BC2000A38923F48053A38110BD00BF2DE9F04107
:10BC30000C46B1F90C101F46CB05054616460BD431
:10BC400021F48051A1813B46B4F90E1032462846BA
:10BC5000BDE8F04100F094B8B4F90E1002230022C0
:10BC600000F044F9B4F90C10EAE700BF10B50C4637
:10BC7000B1F90E1000F03AF9A389421C0EBF23F46B
:10BC8000805343F480532065A38110BDB1F90E1099
:10BC900000F08CB8F8B50D461446064610B1836B1B
:10BCA000002B43D0B4F90C20A369A360170790B20E
:10BCB0001BD52369CBB1EDB281042F4622D5226872
:10BCC0006169D31A994229DD0133A1680139A16064
:10BCD000511C2160157062699A422AD0A389DB0742
:10BCE00001D50A2D25D03846F8BD21463046FFF74C
:10BCF000E1FA20BBB4F90C20236990B2EDB28104C3
:10BD00002F46DCD442F40052A281626E616922F4B3
:10BD1000005262662268D31A9942D5DC2146304629
:10BD2000FFF7D2FB58B922680123CEE7FFF700FCEA
:10BD3000B8E721463046FFF7C7FB0028D3D04FF0C5
:10BD4000FF37D0E770B5054684B01C4639B10B4EBD
:10BD5000D6F8E060B047431C09D004B070BD0A4675
:10BD60000649D1F8E06001A9B047431CF5D1002293
:10BD70008A2322602B6004B070BD00BF4C080020F5
:10BD800038B50C46084D8446114620461A46002315
:10BD90002B606446F5F7ECFB431C00D038BD2B68E4
:10BDA000002BFBD0236038BD5839012038B5074D32
:10BDB0000022044608462A60F5F7F6FB431C00D033
:10BDC00038BD2B68002BFBD0236038BD58390120CB
:10BDD00070B500294BD006460C4610B1836B002B82
:10BDE00048D0636ED80734D5B4F90C30002B3ED060
:10BDF00021463046FFF7D0FAE36A054633B1E169E0
:10BE0000304698470028B8BF4FF0FF35A3891A067F
:10BE10003BD4216B41B104F14003994202D030463A
:10BE2000FCF71CFF00232363616C21B13046FCF753
:10BE300015FF00236364FFF701FC636E0022DB073C
:10BE4000A28127D5A06DFDF715F8FFF7FDFB284669
:10BE500070BDA3899905CBD4A06DFDF70DF8B4F999
:10BE60000C30002BC4D1656E15F0010508D00025FB
:10BE7000284670BDFFF75CFB636ED807B4D4E8E7D3
:10BE8000A06DFCF7FBFF284670BD21693046FCF72A
:10BE9000E5FEBEE7A06DFCF7F1FFD3E770B50C46F9
:10BEA000084D03460026204611461C462E60F5F735
:10BEB00087FB431C00D070BD2B68002BFBD0236098
:10BEC00070BD00BF5839012038B5074D0022044627
:10BED00008462A60F5F784FB431C00D038BD2B6868
:10BEE000002BFBD0236038BD5839012038B50C46F3
:10BEF000084D8446114620461A4600232B606446AE
:10BF0000F5F779FB431C00D038BD2B68002BFBD024
:10BF1000236038BD5839012038B50C46084D844699
:10BF2000114620461A4600232B606446F5F703FBB2
:10BF3000431C00D038BD2B68002BFBD0236038BDDC
:10BF400058390120F8B500BFF8BC08BC9E467047C0
:0CBF5000F8B500BFF8BC08BC9E46704766
:10BF60006B65793020707265737365642C206D7316
:10BF7000672069732025640D0A0000006B65793124
:10BF800020707265737365642C206D73672069730C
:10BF90002025640D0A0000006C65645F7461736B9A
:10BFA0000000000073756363657373006661696CFC
:10BFB00065640000637265617465202573202573D4
:10BFC0000D0A000073656E645F7461736B0000009E
:10BFD00072656365697665315F7461736B0000003B
:10BFE00072656365697665325F7461736B0000002A
:10BFF00073746172745F7461736B000049444C45E3
:10C0000000000000546D722053766300546D72512D
:10C01000000000000000000001020304010203040C
:10C020000607080910000020494E4600696E6600A8
:10C030004E414E006E616E0030313233343536374A
:10C040003839616263646566000000003031323364
:10C050003435363738394142434445460000000004
:10C06000286E756C6C290000300000002020202014
:10C070002020202020202020202020203030303080
:10C080003030303030303030303030304E614E0073
:10C09000496E66696E6974790000000042616C6CDB
:10C0A0006F632073756363656564656400000000F9
:10C0B0002F6D6E742F776F726B73706163652F775E
:10C0C0006F726B73706163652F4743432D31302D61
:10C0D000706970656C696E652F6A656E6B696E73E9
:10C0E0002D4743432D31302D706970656C696E6545
:10C0F0002D34385F32303230313132345F313630C6
:10C10000363138303634312F7372632F6E65776C69
:10C1100069622F6E65776C69622F6C6962632F7339
:10C1200074646C69622F64746F612E630000000098
:10C130002F6D6E742F776F726B73706163652F77DD
:10C140006F726B73706163652F4743432D31302DE0
:10C15000706970656C696E652F6A656E6B696E7368
:10C160002D4743432D31302D706970656C696E65C4
:10C170002D34385F32303230313132345F31363045
:10C18000363138303634312F7372632F6E65776CE9
:10C1900069622F6E65776C69622F6C6962632F73B9
:10C1A00074646C69622F6D707265632E63000000A9
:10C1B0000080E03779C34143176E05B5B5B89346A3
:10C1C000F5F93FE9034F384D321D30F94877825A6F
:10C1D0003CBF737FDD4F1575000000000000F03F8D
:10C1E0000000000000002440000000000000594052
:10C1F0000000000000408F40000000000088C340A5
:10C2000000000000006AF8400000000080842E4119
:10C2100000000000D01263410000000084D7974165
:10C220000000000065CDCD41000000205FA002426B
:10C23000000000E876483742000000A2941A6D42E0
:10C24000000040E59C30A2420000901EC4BCD642D3
:10C2500000003426F56B0C430080E03779C341437E
:10C2600000A0D8855734764300C84E676DC1AB43F4
:10C27000003D9160E458E143408CB5781DAF154412
:10C2800050EFE2D6E41A4B4492D54D06CFF08044ED
:10C29000F64AE1C7022DB544B49DD9794378EA4402
:10C2A00005000000190000007D0000002C206675CC
:10C2B0006E6374696F6E3A200000000061737365ED
:10C2C0007274696F6E2022257322206661696C6525
:10C2D000643A2066696C6520222573222C206C69E3
:10C2E0006E65202564257325730A00004300000055
:10C2F000504F5349580000002E00000020202020FD
:10C3000020202020202020202020202030303030ED
:10C31000303030303030303030303030002020207D
:10C3200020202020202028282828282020202020E5
:10C3300020202020202020202020202020881010B5
:10C340001010101010101010101010101004040411
:10C3500004040404040404101010101010104141CF
:10C3600041414141010101010101010101010101BD
:10C3700001010101010101011010101010104242D1
:10C38000424242420202020202020202020202028D
:10C39000020202020202020210101010200000002D
:10C3A000000000000000000000000000000000008D
:10C3B000000000000000000000000000000000007D
:10C3C000000000000000000000000000000000006D
:10C3D000000000000000000000000000000000005D
:10C3E000000000000000000000000000000000004D
:10C3F000000000000000000000000000000000003D
:10C40000000000000000000000000000000000002C
:10C41000000000000000000000000000000000001C
:08C420001C4AFF7F010000002F
:08C42800057B0008E501000896
:04C43000C10100083E
:10C434000024F400AAAAAAAA040000001000002004
:10C4440000000000FC02002064030020CC03002054
:10C4540000000000000000000000000000000000D8
:10C4640000000000000000000000000000000000C8
:10C4740000000000000000000000000000000000B8
:10C4840000000000000000000000000000000000A8
:10C494000000000000000000000000000000000098
:10C4A4000000000000000000000000000000000088
:10C4B4000000000000000000000000000000000078
:10C4C4000000000000000000000000000000000068
:10C4D4000000000000000000000000000000000058
:10C4E4000000000000000000010000000000000047
:10C4F4000E33CDAB34126DE6ECDE05000B0000000C
:10C504000000000000000000000000000000000027
:10C514000000000000000000000000000000000017
:10C524000000000000000000000000000000000007
:10C5340000000000000000000000000000000000F7
:10C5440000000000000000000000000000000000E7
:10C5540000000000000000000000000000000000D7
:10C5640000000000000000000000000000000000C7
:10C5740000000000000000000000000000000000B7
:10C5840000000000000000000000000000000000A7
:10C594000000000000000000000000000000000097
:10C5A4000000000000000000000000000000000087
:10C5B4000000000000000000000000000000000077
:10C5C4000000000000000000000000000000000067
:10C5D4000000000000000000000000000000000057
:10C5E4000000000000000000000000000000000047
:10C5F4000000000000000000000000000000000037
:10C604000000000000000000000000000000000026
:10C614000000000000000000000000000000000016
:10C624000000000000000000000000000000000006
:10C6340000000000000000000000000000000000F6
:10C6440000000000000000000000000000000000E6
:10C6540000000000000000000000000000000000D6
:10C6640000000000000000000000000000000000C6
:10C6740000000000000000000000000000000000B6
:10C6840000000000000000000000000000000000A6
:10C694000000000000000000000000000000000096
:10C6A4000000000000000000000000000000000086
:10C6B4000000000000000000000000000000000076
:10C6C4000000000000000000000000000000000066
:10C6D4000000000000000000000000000000000056
:10C6E4000000000000000000000000000000000046
:10C6F4000000000000000000000000000000000036
:10C704000000000000000000000000000000000025
:10C714000000000000000000000000000000000015
:10C724000000000000000000000000000000000005
:10C7340000000000000000000000000000000000F5
:10C7440000000000000000000000000000000000E5
:10C7540000000000000000000000000000000000D5
:10C7640000000000000000000000000000000000C5
:10C7740000000000000000000000000000000000B5
:10C7840000000000000000000000000000000000A5
:10C794000000000000000000000000000000000095
:10C7A4000000000000000000000000000000000085
:10C7B4000000000000000000000000000000000075
:10C7C4000000000000000000000000000000000065
:10C7D4000000000000000000000000000000000055
:10C7E4000000000000000000000000000000000045
:10C7F4000000000000000000000000000000000035
:10C804000000000000000000000000000000000024
:10C814000000000000000000000000000000000014
:10C824000000000000000000000000000000000004
:10C8340000000000000000000000000000000000F4
:10C8440000000000000000000000000000000000E4
:10C8540000000000000000000000000000000000D4
:10C864000000000000000000143901200000000056
:10C87400000000003C0400203C040020440400208C
:10C88400440400204C0400204C04002054040020E4
:10C89400540400205C0400205C0400206404002094
:10C8A400640400206C0400206C0400207404002044
:10C8B400740400207C0400207C04002084040020F4
:10C8C400840400208C0400208C04002094040020A4
:10C8D400940400209C0400209C040020A404002054
:10C8E400A4040020AC040020AC040020B404002004
:10C8F400B4040020BC040020BC040020C4040020B4
:10C90400C4040020CC040020CC040020D404002063
:10C91400D4040020DC040020DC040020E404002013
:10C92400E4040020EC040020EC040020F4040020C3
:10C93400F4040020FC040020FC0400200405002072
:10C94400040500200C0500200C050020140500201F
:10C95400140500201C0500201C05002024050020CF
:10C96400240500202C0500202C050020340500207F
:10C97400340500203C0500203C050020440500202F
:10C98400440500204C0500204C05002054050020DF
:10C99400540500205C0500205C050020640500208F
:10C9A400640500206C0500206C050020740500203F
:10C9B400740500207C0500207C05002084050020EF
:10C9C400840500208C0500208C050020940500209F
:10C9D400940500209C0500209C050020A40500204F
:10C9E400A4050020AC050020AC050020B4050020FF
:10C9F400B4050020BC050020BC050020C4050020AF
:10CA0400C4050020CC050020CC050020D40500205E
:10CA1400D4050020DC050020DC050020E40500200E
:10CA2400E4050020EC050020EC050020F4050020BE
:10CA3400F4050020FC050020FC050020040600206D
:10CA4400040600200C0600200C060020140600201A
:10CA5400140600201C0600201C06002024060020CA
:10CA6400240600202C0600202C060020340600207A
:10CA7400340600203C0600203C060020440600202A
:10CA8400440600204C0600204C06002054060020DA
:10CA9400540600205C0600205C060020640600208A
:10CAA400640600206C0600206C060020740600203A
:10CAB400740600207C0600207C06002084060020EA
:10CAC400840600208C0600208C060020940600209A
:10CAD400940600209C0600209C060020A40600204A
:10CAE400A4060020AC060020AC060020B4060020FA
:10CAF400B4060020BC060020BC060020C4060020AA
:10CB0400C4060020CC060020CC060020D406002059
:10CB1400D4060020DC060020DC060020E406002009
:10CB2400E4060020EC060020EC060020F4060020B9
:10CB3400F4060020FC060020FC0600200407002068
:10CB4400040700200C0700200C0700201407002015
:10CB5400140700201C0700201C07002024070020C5
:10CB6400240700202C0700202C0700203407002075
:10CB7400340700203C0700203C0700204407002025
:10CB8400440700204C0700204C07002054070020D5
:10CB9400540700205C0700205C0700206407002085
:10CBA400640700206C0700206C0700207407002035
:10CBB400740700207C0700207C07002084070020E5
:10CBC400840700208C0700208C0700209407002095
:10CBD400940700209C0700209C070020A407002045
:10CBE400A4070020AC070020AC070020B4070020F5
:10CBF400B4070020BC070020BC070020C4070020A5
:10CC0400C4070020CC070020CC070020D407002054
:10CC1400D4070020DC070020DC070020E407002004
:10CC2400E4070020EC070020EC070020F4070020B4
:10CC3400F4070020FC070020FC0700200408002063
:10CC4400040800200C0800200C0800201408002010
:10CC5400140800201C0800201C08002024080020C0
:10CC6400240800202C0800202C0800203408002070
:10CC740034080020FFFFFFFF000002004300000013
:10CC840000000000000000000000000000000000A0
:10CC9400000000000000000000000000430000004D
:10CCA4000000000000000000000000000000000080
:10CCB400000000000000000000000000430000002D
:10CCC4000000000000000000000000000000000060
:10CCD400000000000000000000000000430000000D
:10CCE4000000000000000000000000000000000040
:10CCF40000000000000000000000000043000000ED
:10CD0400000000000000000000000000000000001F
:10CD140000000000000000000000000043000000CC
:10CD240000000000000000000000000000000000FF
:10CD340000000000000000000000000043000000AC
:10CD440000000000000000000000000000000000DF
:10CD540000000000000000000000000099B200087C
:10CD6400B19E0008000000001CC30008F8C20008BF
:10CD7400B8C20008B8C20008B8C20008B8C20008A7
:10CD8400B8C20008B8C20008B8C20008B8C2000897
:10CD9400B8C20008FFFFFFFFFFFFFFFFFFFFFFFF19
:10CDA400FFFF000001004153434949000000000017
:10CDB400000000000000000000000000000000006F
:10CDC40000000000000041534349490000000000F6
:10CDD400000000000000000000000000000000004F
:08CDE400000000000000000047
:04000005080016E9F0
:00000001FF
