:020000040800F2
:100000000000032065160008291400082F140008BA
:10001000351400083B1400084114000800000000DB
:100020000000000000000000000000009135000802
:100030004714000800000000E137000855140008CC
:10004000B5160008B5160008B5160008B516000864
:10005000B5160008B5160008B5160008B516000854
:10006000B5160008B5160008B5160008B516000844
:10007000B5160008B5160008B5160008B516000834
:10008000B5160008B5160008B5160008B516000824
:10009000B5160008B5160008B5160008B516000814
:1000A000B5160008B5160008B5160008B516000804
:1000B000B5160008255C0008B5160008B51600083E
:1000C000B5160008B5160008B5160008B5160008E4
:1000D000B5160008395D0008B5160008B516000809
:1000E000B5160008B5160008B5160008B5160008C4
:1000F000B5160008B5160008B5160008B5160008B4
:10010000B5160008B5160008B5160008B5160008A3
:10011000B5160008B5160008B5160008B516000893
:10012000B5160008B5160008B5160008B516000883
:10013000B5160008B5160008B5160008B516000873
:10014000B5160008B5160008B5160008B516000863
:10015000B5160008B5160008B5160008B516000853
:10016000B5160008B5160008B5160008B516000843
:10017000B5160008B5160008B51600080000000006
:10018000B5160008B5160008B5160008B516000823
:10019000B5160008B5160008B5160008B516000813
:0C01A000B5160008B5160008B5160008DA
:1001C00010B5054C237833B9044B13B10448AFF391
:1001D00000800123237010BDB8090020000000003A
:1001E00084BE000808B5034B1BB103490348AFF3B5
:1001F000008008BD00000000BC09002084BE00088B
:1002000081F0004102E000BF83F0004330B54FEAC7
:1002100041044FEA430594EA050F08BF90EA020F34
:100220001FBF54EA000C55EA020C7FEA645C7FEAC7
:10023000655C00F0E2804FEA5454D4EB5555B8BFEA
:100240006D420CDD2C4480EA020281EA030382EA5B
:10025000000083EA010180EA020281EA0303362DED
:1002600088BF30BD11F0004F4FEA01314FF4801CC0
:100270004CEA113102D0404261EB410113F0004FD2
:100280004FEA03334CEA133302D0524263EB430389
:1002900094EA050F00F0A780A4F10104D5F1200E27
:1002A0000DDB02FA0EFC22FA05F2801841F1000182
:1002B00003FA0EF2801843FA05F359410EE0A5F156
:1002C00020050EF1200E012A03FA0EFC28BF4CF087
:1002D000020C43FA05F3C01851EBE37101F000453D
:1002E00007D54FF0000EDCF1000C7EEB00006EEB4A
:1002F0000101B1F5801F1BD3B1F5001F0CD34908D4
:100300005FEA30004FEA3C0C04F101044FEA44522A
:1003100012F5800F80F09A80BCF1004F08BF5FEAB1
:10032000500C50F1000041EB045141EA050130BD91
:100330005FEA4C0C404141EB0101013C28BFB1F5A3
:10034000801FE9D291F0000F04BF01460020B1FAEE
:1003500081F308BF2033A3F10B03B3F120020CDAC1
:100360000C3208DD02F1140CC2F10C0201FA0CF09F
:1003700021FA02F10CE002F11402D8BFC2F1200C04
:1003800001FA02F120FA0CFCDCBF41EA0C019040BA
:10039000E41AA2BF01EB0451294330BD6FEA040403
:1003A0001F3C1CDA0C340EDC04F11404C4F12002EE
:1003B00020FA04F001FA02F340EA030021FA04F300
:1003C00045EA030130BDC4F10C04C4F1200220FA57
:1003D00002F001FA04F340EA0300294630BD21FA95
:1003E00004F0294630BD94F0000F83F4801306BF5B
:1003F00081F480110134013D4EE77FEA645C18BF4F
:100400007FEA655C29D094EA050F08BF90EA020FE5
:1004100005D054EA000C04BF1946104630BD91EADD
:10042000030F1EBF0021002030BD5FEA545C05D1E0
:100430004000494128BF41F0004130BD14F580041F
:100440003CBF01F5801130BD01F0004545F0FE4193
:1004500041F470014FF0000030BD7FEA645C1ABFC8
:10046000194610467FEA655C1CBF0B46024650EAFF
:10047000013406BF52EA033591EA030F41F400212B
:1004800030BD00BF90F0000F04BF0021704730B5B1
:100490004FF4806404F132044FF000054FF0000186
:1004A00050E700BF90F0000F04BF0021704730B547
:1004B0004FF4806404F1320410F0004548BF40421C
:1004C0004FF000013EE700BF42004FEAE2014FEA71
:1004D00031014FEA02701FBF12F07F4393F07F4F4C
:1004E00081F06051704732F07F4208BF704793F04F
:1004F0007F4F04BF41F40021704730B54FF4607462
:1005000001F0004521F000411CE700BF50EA010264
:1005100008BF704730B54FF000050AE050EA01020D
:1005200008BF704730B511F0004502D5404261EB7D
:1005300041014FF4806404F132045FEA915C3FF4BE
:10054000D8AE4FF003025FEADC0C18BF03325FEA5B
:10055000DC0C18BF033202EBDC02C2F1200300FA0C
:1005600003FC20FA02F001FA03FE40EA0E0021FA31
:1005700002F11444BDE600BF70B54FF0FF0C4CF41F
:10058000E06C1CEA11541DBF1CEA135594EA0C0FD1
:1005900095EA0C0F00F0DEF82C4481EA030621EA0C
:1005A0004C5123EA4C5350EA013518BF52EA033547
:1005B00041F4801143F4801338D0A0FB02CE4FF0F9
:1005C0000005E1FB02E506F00042E0FB03E54FF029
:1005D0000006E1FB03569CF0000F18BF4EF0010E21
:1005E000A4F1FF04B6F5007F64F5407404D25FEA1D
:1005F0004E0E6D4146EB060642EAC62141EA5551D0
:100600004FEAC52040EA5E504FEACE2EB4F1FD0C11
:1006100088BFBCF5E06F1ED8BEF1004F08BF5FEA8F
:10062000500E50F1000041EB045170BD06F0004641
:1006300046EA010140EA020081EA0301B4EB5C04EE
:10064000C2BFD4EB0C0541EA045170BD41F48011E6
:100650004FF0000E013C00F3AB8014F1360FDEBF0B
:10066000002001F0004170BDC4F10004203C35DAE7
:100670000C341BDC04F11404C4F1200500FA05F36A
:1006800020FA04F001FA05F240EA020001F000420B
:1006900021F0004110EBD37021FA04F642EB060181
:1006A0005EEA430E08BF20EAD37070BDC4F10C04AB
:1006B000C4F1200500FA04F320FA05F001FA04F26F
:1006C00040EA020001F0004110EBD37041F100015B
:1006D0005EEA430E08BF20EAD37070BDC4F1200566
:1006E00000FA05F24EEA020E20FA04F301FA05F2CE
:1006F00043EA020321FA04F001F0004121FA04F276
:1007000020EA020000EBD3705EEA430E08BF20EA45
:10071000D37070BD94F0000F0FD101F0004640007F
:1007200041EB010111F4801F08BF013CF7D041EA01
:10073000060195F0000F18BF704703F00046520005
:1007400043EB030313F4801F08BF013DF7D043EAD6
:100750000603704794EA0C0F0CEA135518BF95EA8C
:100760000C0F0CD050EA410618BF52EA4306D1D113
:1007700081EA030101F000414FF0000070BD50EA32
:10078000410606BF1046194652EA430619D094EABC
:100790000C0F02D150EA013613D195EA0C0F05D1A6
:1007A00052EA03361CBF104619460AD181EA0301FA
:1007B00001F0004141F0FE4141F470014FF00000B2
:1007C00070BD41F0FE4141F4780170BD70B54FF04D
:1007D000FF0C4CF4E06C1CEA11541DBF1CEA1355CD
:1007E00094EA0C0F95EA0C0F00F0A7F8A4EB0504AF
:1007F00081EA030E52EA03354FEA013100F08880A6
:100800004FEA03334FF0805545EA131343EA12636E
:100810004FEA022245EA111545EA10654FEA002623
:100820000EF000419D4208BF964244F1FD0404F5DC
:10083000407402D25B084FEA3202B61A65EB030538
:100840005B084FEA32024FF480104FF4002CB6EBF5
:10085000020E75EB030E22BFB61A754640EA0C0075
:100860005B084FEA3202B6EB020E75EB030E22BFB5
:10087000B61A754640EA5C005B084FEA3202B6EBF6
:10088000020E75EB030E22BFB61A754640EA9C00B5
:100890005B084FEA3202B6EB020E75EB030E22BF85
:1008A000B61A754640EADC0055EA060E18D04FEA43
:1008B000051545EA16754FEA06164FEAC30343EAE3
:1008C00052734FEAC2025FEA1C1CC0D111F4801FB0
:1008D0000BD141EA00014FF000004FF0004CB6E7A9
:1008E00011F4801F04BF01430020B4F1FD0C88BF48
:1008F000BCF5E06F3FF6AFAEB5EB030C04BFB6EB53
:10090000020C5FEA500C50F1000041EB045170BD45
:100910000EF0004E4EEA113114EB5C04C2BFD4EB72
:100920000C0541EA045170BD41F480114FF0000EF6
:10093000013C90E645EA060E8DE60CEA135594EA72
:100940000C0F08BF95EA0C0F3FF43BAF94EA0C0F75
:100950000AD150EA01347FF434AF95EA0C0F7FF4EA
:1009600025AF104619462CE795EA0C0F06D152EA3E
:1009700003353FF4FDAE1046194622E750EA410622
:1009800018BF52EA43067FF4C5AE50EA41047FF433
:100990000DAF52EA43057FF4EBAE12E7844641EA1D
:1009A000000313F003036DD1403A41D351F8043BE7
:1009B00040F8043B51F8043B40F8043B51F8043B39
:1009C00040F8043B51F8043B40F8043B51F8043B29
:1009D00040F8043B51F8043B40F8043B51F8043B19
:1009E00040F8043B51F8043B40F8043B51F8043B09
:1009F00040F8043B51F8043B40F8043B51F8043BF9
:100A000040F8043B51F8043B40F8043B51F8043BE8
:100A100040F8043B51F8043B40F8043B51F8043BD8
:100A200040F8043B51F8043B40F8043B403ABDD247
:100A3000303211D351F8043B40F8043B51F8043BE9
:100A400040F8043B51F8043B40F8043B51F8043BA8
:100A500040F8043B103AEDD20C3205D351F8043B78
:100A600040F8043B043AF9D2043208D0D2071CBF44
:100A700011F8013B00F8013B01D30B88038060466D
:100A8000704700BF082A13D38B078DD010F00303E3
:100A90008AD0C3F10403D21ADB071CBF11F8013B53
:100AA00000F8013B80D331F8023B20F8023B7BE7A2
:100AB000043AD9D3013A11F8013B00F8013BF9D2CD
:100AC0000B7803704B7843708B7883706046704767
:100AD0000000000000000000000000000000000016
:100AE0000000000000000000000000000000000006
:100AF00000000000000000000000000000000000F6
:100B000090F800F06DE9024520F007016FF0000C4D
:100B100010F0070491F820F040F049804FF00004F5
:100B20006FF00700D1E9002391F840F000F10800D0
:100B300082FA4CF2A4FA8CF283FA4CF3A2FA8CF308
:100B40004BBBD1E9022382FA4CF200F10800A4FA6F
:100B50008CF283FA4CF3A2FA8CF3E3B9D1E90423C3
:100B600082FA4CF200F10800A4FA8CF283FA4CF3FA
:100B7000A2FA8CF37BB9D1E9062301F1200182FAB4
:100B80004CF200F10800A4FA8CF283FA4CF3A2FABA
:100B90008CF3002BC6D0002A04BF04301A4612BAC8
:100BA000B2FA82F2FDE8024500EBD2007047D1E9CB
:100BB000002304F00305C4F100004FEAC50514F05A
:100BC000040F91F840F00CFA05F562EA05021CBF2B
:100BD00063EA050362464FF00004A9E70000000045
:100BE00001F0FF01102A2BDB10F0070F08D010F8DE
:100BF000013B013A8B422DD010F0070F42B3F6D1E2
:100C0000F0B441EA012141EA014122F007047FF0FA
:100C100000070023F0E80256083C85EA010586EA51
:100C2000010685FA47F5A3FA87F586FA47F6A5FA8D
:100C300087F68EB9EED1F0BC01F0FF0102F0070299
:100C400032B110F8013B013A83EA010313B1F8D144
:100C50000020704701387047002D06BF3546033825
:100C6000073815F0010F07D1013015F4807F02BF5E
:100C7000013015F4C03F0130F0BC0138704700BFAF
:100C80004FF0FF3C06E000BF4FF0010C02E000BF58
:100C90004FF0010C4DF804CD4FEA410C7FEA6C5C3B
:100CA0004FEA430C18BF7FEA6C5C1BD001B050EADE
:100CB000410C0CBF52EA430C91EA030F02BF90EAC9
:100CC000020F0020704710F1000F91EA030F58BF88
:100CD000994208BF90422CBFD8176FEAE37040F0EA
:100CE000010070474FEA410C7FEA6C5C02D150EA88
:100CF000013C07D14FEA430C7FEA6C5CD6D152EA43
:100D0000033CD3D05DF8040B704700BF8446104607
:100D100062468C461946634600E000BF01B5FFF706
:100D2000B7FF002848BF10F1000F01BD4DF808EDD6
:100D3000FFF7F4FF0CBF012000205DF808FB00BFA7
:100D40004DF808EDFFF7EAFF34BF012000205DF801
:100D500008FB00BF4DF808EDFFF7E0FF94BF01204E
:100D600000205DF808FB00BF4DF808EDFFF7CEFF4F
:100D700094BF012000205DF808FB00BF4DF808ED8E
:100D8000FFF7C4FF34BF012000205DF808FB00BF5F
:100D90004FEA410C7FEA6C5C02D150EA013C0AD177
:100DA0004FEA430C7FEA6C5C02D152EA033C02D169
:100DB0004FF0000070474FF0010070474FEA4102CA
:100DC00012F5001215D211D56FF47873B3EB62529D
:100DD00012D94FEAC12343F0004343EA505311F0C4
:100DE000004F23FA02F018BF404270474FF0000056
:100DF000704750EA013005D111F0004008BF6FF094
:100E0000004070474FF00000704700BF53B94AB927
:100E1000002908BF00281CBF4FF0FF314FF0FF3002
:100E200000F074B9ADF1080C6DE904CE00F006F8DD
:100E3000DDF804E0DDE9022304B070472DE9F04756
:100E4000089D04468E46002B4DD18A42944669D9AE
:100E5000B2FA82F252B101FA02F3C2F1200120FA91
:100E600001F10CFA02FC41EA030E94404FEA1C48DF
:100E7000210CBEFBF8F61FFA8CF708FB16E341EADB
:100E8000034306FB07F199420AD91CEB030306F161
:100E9000FF3080F01F81994240F21C81023E634482
:100EA0005B1AA4B2B3FBF8F008FB103344EA034426
:100EB00000FB07F7A7420AD91CEB040400F1FF333B
:100EC00080F00A81A74240F207816444023840EA78
:100ED0000640E41B00261DB1D4400023C5E90043B1
:100EE0003146BDE8F0878B4209D9002D00F0EF8034
:100EF0000026C5E9000130463146BDE8F087B3FA67
:100F000083F6002E4AD18B4202D3824200F2F9804E
:100F1000841A61EB030301209E46002DE0D0C5E951
:100F2000004EDDE702B9FFDEB2FA82F2002A40F09D
:100F30009280A1EB0C014FEA1C471FFA8CFE0126A0
:100F4000200CB1FBF7F307FB131140EA01410EFB44
:100F500003F0884208D91CEB010103F1FF3802D2EB
:100F6000884200F2CB804346091AA4B2B1FBF7F0E5
:100F700007FB101144EA01440EFB00FEA64508D908
:100F80001CEB040400F1FF3102D2A64500F2BB8045
:100F90000846A4EB0E0440EA03409CE7C6F1200794
:100FA000B34022FA07FC4CEA030C20FA07F401FADA
:100FB00006F31C43F9404FEA1C4900FA06F3B1FB63
:100FC000F9F8200C1FFA8CFE09FB181140EA0141C8
:100FD00008FB0EF0884202FA06F20BD91CEB010165
:100FE00008F1FF3A80F08880884240F28580A8F1BD
:100FF00002086144091AA4B2B1FBF9F009FB10110F
:1010000044EA014100FB0EFE8E4508D91CEB0101AC
:1010100000F1FF346CD28E456AD90238614440EA4F
:101020000840A0FB0294A1EB0E01A142C846A646CF
:1010300056D353D05DB1B3EB080261EB0E0101FA58
:1010400007F722FA06F3F1401F43C5E900710026B5
:101050003146BDE8F087C2F12003D8400CFA02FC0B
:1010600021FA03F3914001434FEA1C471FFA8CFE1B
:10107000B3FBF7F007FB10360B0C43EA064300FB0B
:101080000EF69E4204FA02F408D91CEB030300F1A9
:10109000FF382FD29E422DD9023863449B1B89B260
:1010A000B3FBF7F607FB163341EA034106FB0EF3E9
:1010B0008B4208D91CEB010106F1FF3816D28B4296
:1010C00014D9023E6144C91A46EA004638E72E4662
:1010D000284605E70646E3E61846F8E64B45A9D25A
:1010E000B9EB020864EB0C0E0138A3E74646EAE7C9
:1010F000204694E74046D1E7D0467BE7023B614477
:1011000032E7304609E76444023842E7704700BFDF
:1011100080B400AF084B1B6B074A43F08003136396
:10112000054B1B6B044A43F00103136300BFBD462C
:101130005DF8047B704700BF0038024080B582B084
:1011400000AF786004F036FD04F04CFD04F056FD6D
:1011500004F05EFD4FF4FA7003F084FAF6E7000045
:1011600080B584B000AF78600123FB6008210E4891
:1011700000F0ACFD0346002B12D10022002100201C
:1011800004F01AF8F860FB68002B05D0FA680749EC
:10119000074804F025FE03E00649054804F020FE58
:1011A000C82003F05FFAE1E7001C0240A0BE00087F
:1011B000CC370120D8BE000880B586B002AF786079
:1011C0000123FB6004210D4800F080FD0346002B45
:1011D00010D10B4B1868002300930223002200213A
:1011E00004F052F8F860FB68012B03D1054906486A
:1011F00004F0F6FDC82003F035FAE3E7001C0240D6
:10120000DC09002018BF0008CC37012080B586B06B
:1012100002AF78600123FB6002F086FA264B01934F
:101220000223009300234FF480722449244803F0E2
:101230001BF8F860FB68012B01D1224B00E0224B28
:101240001E4A2249224804F0CBFD224B019303237E
:10125000009300234FF480721F49204803F004F8E4
:10126000F860FB68012B01D1164B00E0164B1A4ABF
:101270001649174804F0B4FD194B01930423009359
:1012800000234FF480721749174802F0EDFFF86011
:10129000FB68012B01D10B4B00E00B4B114A0B49B2
:1012A0000B4804F09DFD002003F048F902F06CFAB1
:1012B00000BF1037BD4680BDD80900203CBF0008E4
:1012C0003D11000848BF000850BF000858BF000883
:1012D000CC370120DC09002068BF0008611100083C
:1012E000E009002074BF0008B911000880B582B081
:1012F00002AF00F0E1F900F01DF8FFF709FF04F07C
:101300002FFC04F0E7FB4FF4E13004F09FFC064BA8
:10131000019301230093002380220449044802F032
:10132000A3FF03F0D3F9FEE7D409002084BF00082F
:101330000D12000880B592B000AF07F118033022FB
:101340000021184604F0A0FD3B1D00221A605A60DF
:101350009A60DA601A61244B1B6C234A43F0805375
:101360001364224B1B68214A43F44043136001235A
:10137000BB610123FB6102233B634FF480037B636A
:101380000F23BB63D823FB6302233B6404237B64EA
:1013900007F11803184600F049FD0346002B01D061
:1013A00000F026F800F0D6FC0346002B01D000F038
:1013B0001FF80F237B600223BB600023FB604FF408
:1013C000A0533B614FF480537B613B1D05211846C0
:1013D00000F07EFF0346002B01D000F009F800BFAB
:1013E0004837BD4680BD00BF003802400070004055
:1013F00080B400AF72B600BFFEE7000080B400AF5B
:10140000084B5B6C074A43F480435364054B1B6CE9
:10141000044A43F08053136400BFBD465DF8047B6B
:10142000704700BF0038024080B400AFFEE780B4D0
:1014300000AFFEE780B400AFFEE780B400AFFEE788
:1014400080B400AFFEE780B400AF00BFBD465DF8DA
:10145000047B704780B500AF03F090FE0346012B7C
:1014600001D002F0F1F900F065F900BF80BD80B451
:1014700000AF01231846BD465DF8047B704780B578
:1014800082B000AF7860396004F0D4FC03461622C5
:101490001A604FF0FF3318460837BD4680BD80B54F
:1014A00082B000AF78604FF0FF317868FFF7E7FF58
:1014B000FEE780B586B000AFF860B9607A600023BF
:1014C0007B610AE0AFF300800146BB685A1CBA603A
:1014D000CAB21A707B6901337B617A697B689A4270
:1014E000F0DB7B6818461837BD4680BD80B586B0F6
:1014F00000AFF860B9607A6000237B6109E0BB68E7
:101500005A1CBA601B781846AFF300807B69013320
:101510007B617A697B689A42F1DB7B6818461837F1
:10152000BD4680BD80B483B000AF78604FF0FF331C
:1015300018460C37BD465DF8047B704780B483B015
:1015400000AF786039603B684FF400525A60002366
:1015500018460C37BD465DF8047B704780B483B0F5
:1015600000AF7860012318460C37BD465DF8047B58
:10157000704780B485B000AFF860B9607A6000232E
:1015800018461437BD465DF8047B704780B586B0B9
:1015900000AF7860144A154BD31A7B617B693B61BD
:1015A000134B1B68002B02D1114B124A1A60104BCF
:1015B0001A687B6813443A699A4207D204F03AFCED
:1015C00003460C221A604FF0FF3309E0084B1B68FA
:1015D000FB60074B1A687B681344054A1360FB687D
:1015E00018461837BD4680BD0000032000040000E7
:1015F000E40900205839012080B400AF164BD3F81D
:101600008830154A43F47003C2F88830134B1B68C6
:10161000124A43F001031360104B00229A600F4BF3
:101620001B680E4A23F0847323F4803313600B4B42
:101630000B4A5A60094B1B68084A23F48023136045
:10164000064B0022DA60044B4FF000629A6000BF44
:10165000BD465DF8047B704700ED00E000380240B5
:1016600010300024DFF834D0002103E00C4B5B582D
:10167000435004310B480C4B42189A42F6D30B4AA4
:1016800002E0002342F8043B094B9A42F9D3FFF7EA
:10169000B3FF04F0D5FBFFF729FE704700000320DD
:1016A000CCC3000800000020B8090020B8090020C1
:1016B00058390120FEE7000080B500AF0E4B1B68D3
:1016C0000D4A43F4007313600B4B1B680A4A43F442
:1016D00080631360084B1B68074A43F480731360F0
:1016E000032000F00DF90F2000F008F8FFF786FE48
:1016F0000023184680BD00BF003C024080B582B088
:1017000000AF786000F0CEFF0346094AA2FB032336
:101710009B09184600F029F9002279684FF0FF3044
:1017200000F0F9F8002318460837BD4680BD00BF19
:10173000D34D621080B400AF044B1B680133034AE1
:10174000136000BFBD465DF8047B7047E8090020C8
:1017500080B400AF034B1B681846BD465DF8047BA0
:10176000704700BFE809002080B485B000AF786002
:101770007B6803F00703FB600C4BDB68BB60BA6857
:101780004FF6FF031340BB60FB681A02BB681343AC
:1017900043F0BF6343F40033BB60044ABB68D360CB
:1017A00000BF1437BD465DF8047B704700ED00E0D4
:1017B00080B400AF044BDB681B0A03F00703184634
:1017C000BD465DF8047B704700ED00E080B483B057
:1017D00000AF0346FB71FB7903F01F03012202FAFD
:1017E00003F1064A97F907305B0942F8231000BF5E
:1017F0000C37BD465DF8047B704700BF00E100E098
:1018000080B483B000AF03463960FB7197F90730AD
:10181000002B0BDA3B68DAB20C49FB7903F00F03BB
:10182000043B1201D2B20B441A7609E03B68DAB2EB
:10183000074997F907301201D2B20B4483F800230D
:1018400000BF0C37BD465DF8047B704700ED00E03B
:1018500000E100E080B489B000AFF860B9607A6060
:10186000FB6803F00703FB61FB69C3F10703042B6B
:1018700028BF0423BB61FB690433062B02D9FB6933
:10188000033B00E000237B610122BB6902FA03F302
:10189000013B1A46BB681A407B699A4001217B696B
:1018A00001FA03F3013B19467B680B4013431846CA
:1018B0002437BD465DF8047B7047000080B582B0D8
:1018C00000AF78607B68013BB3F1807F01D30123D7
:1018D0000FE00A4A7B68013B53600F214FF0FF3055
:1018E000FFF78EFF054B00229A60044B07221A6017
:1018F000002318460837BD4680BD00BF10E000E059
:1019000080B582B000AF78607868FFF72DFF00BF28
:101910000837BD4680BD80B586B000AF0346B960CC
:101920007A60FB7300237B61FFF742FF78617A687E
:10193000B9687869FFF78EFF024697F90F301146B4
:101940001846FFF75DFF00BF1837BD4680BD80B564
:1019500082B000AF0346FB7197F907301846FFF7D6
:1019600035FF00BF0837BD4680BD80B582B000AFEF
:1019700078607868FFF7A2FF034618460837BD462F
:1019800080BD000080B487B000AF7860396000236C
:10199000FB600023BB6000233B6100237B616FE1A0
:1019A00001227B6902FA03F3FB603B681B68FA685B
:1019B0001340BB60BA68FB689A4240F05E813B68A6
:1019C0005B68022B03D03B685B68122B23D17B69D9
:1019D000DA087B68083253F822303B617B6903F0F8
:1019E00007039B000F2202FA03F3DB433A6913401B
:1019F0003B613B681A697B6903F007039B0002FAAD
:101A000003F33A6913433B617B69DA087B68083268
:101A1000396943F822107B681B683B617B695B0076
:101A2000032202FA03F3DB433A6913403B613B684C
:101A30005B6803F003027B695B0002FA03F33A6917
:101A400013433B617B683A691A603B685B68012B12
:101A50000BD03B685B68022B07D03B685B68112B9F
:101A600003D03B685B68122B30D17B689B683B617D
:101A70007B695B00032202FA03F3DB433A691340FC
:101A80003B613B68DA687B695B0002FA03F33A6901
:101A900013433B617B683A699A607B685B683B6192
:101AA00001227B6902FA03F3DB433A6913403B618D
:101AB0003B685B681B0903F001027B6902FA03F3D0
:101AC0003A6913433B617B683A695A607B68DB681B
:101AD0003B617B695B00032202FA03F3DB433A6953
:101AE00013403B613B689A687B695B0002FA03F331
:101AF0003A6913433B617B683A69DA603B685B682B
:101B000003F08053002B00F0B880634B5B6C624A9B
:101B100043F480435364614A7B699B08023352F863
:101B200023303B617B6903F003039B000F2202FA21
:101B300003F3DB433A6913403B617B68584A9342A5
:101B400037D07B68574A934231D07B68564A9342DC
:101B50002BD07B68554A934225D07B68544A9342E8
:101B60001FD07B68534A934219D07B68524A9342F4
:101B700013D07B68514A93420DD07B68504A934200
:101B800007D07B684F4A934201D1092312E00A2310
:101B900010E008230EE007230CE006230AE00523EB
:101BA00008E0042306E0032304E0022302E001230B
:101BB00000E000237A6902F00302920093403A6940
:101BC00013433B6135497B699B0802333A6941F80D
:101BD00023203D4B1B683B61BB68DB433A691340E4
:101BE0003B613B685B6803F48033002B03D03A69A8
:101BF000BB6813433B61344A3B691360324B5B68FB
:101C00003B61BB68DB433A6913403B613B685B68FF
:101C100003F40033002B03D03A69BB6813433B61E4
:101C2000294A3B695360284B9B683B61BB68DB4397
:101C30003A6913403B613B685B6803F48013002BF7
:101C400003D03A69BB6813433B611F4A3B69936009
:101C50001D4BDB683B61BB68DB433A6913403B616A
:101C60003B685B6803F40013002B03D03A69BB6840
:101C700013433B61144A3B69D3607B6901337B6149
:101C80007B690F2B7FF68CAE00BF00BF1C37BD46B3
:101C90005DF8047B704700BF003802400038014007
:101CA000000002400004024000080240000C024014
:101CB000001002400014024000180240001C0240C4
:101CC0000020024000240240003C014080B485B066
:101CD00000AF78600B467B807B681A697B88134075
:101CE000002B02D00123FB7301E00023FB73FB7B7D
:101CF00018461437BD465DF8047B704780B483B046
:101D000000AF78600B467B8013467B707B78002B9E
:101D100003D07A887B689A6103E07B881A047B6829
:101D20009A6100BF0C37BD465DF8047B704780B4F4
:101D300083B000AF78600B467B807B685A697B88F4
:101D40005A407B685A6100BF0C37BD465DF8047B82
:101D50007047000080B58AB000AF00237B62314B32
:101D60001B6C304A43F0805313644FF48033BB61E3
:101D7000BB6993FAA3F37B617B693B623B6AB3FA6D
:101D800083F3FB61FB69DBB29B0003F1844303F542
:101D900060231A4601231360FFF7DAFC786209E03A
:101DA000FFF7D6FC02467B6AD31AB3F57A7F01D9D6
:101DB000032333E01C4B5B6803F48033B3F5803FAF
:101DC000EED14FF40033BB60BB6893FAA3F37B60A2
:101DD0007B683B613B69B3FA83F3FB60FB68DBB272
:101DE0009B0003F1844303F560231A46012313602B
:101DF000FFF7AEFC786209E0FFF7AAFC02467B6AB7
:101E0000D31AB3F57A7F01D9032307E0064B5B6849
:101E100003F40033B3F5003FEED100231846283712
:101E2000BD4680BD003802400070004080B598B0CB
:101E300000AF78600023FB657B681B6803F001033B
:101E4000002B66D09C4B9B6803F00C03042B0CD03A
:101E5000994B9B6803F00C03082B12D1964B5B68DF
:101E600003F48003B3F5800F0BD1934B1B6803F48D
:101E70000033002B4CD07B685B68002B48D10123DA
:101E80001AE28E4B00221A70FFF762FCF86508E038
:101E9000FFF75EFC0246FB6DD31A642B01D90323C6
:101EA0000AE2854B1B6803F40033002BF0D17B68FA
:101EB0005A68824BD2B21A707B685B68002B13D0D1
:101EC000FFF746FCF86508E0FFF742FC0246FB6DB1
:101ED000D31A642B01D90323EEE1774B1B6803F47B
:101EE0000033002BF0D014E0FFF732FCF86508E077
:101EF000FFF72EFC0246FB6DD31A642B01D9032396
:101F0000DAE16D4B1B6803F40033002BF0D100E0E5
:101F100000BF7B681B6803F00203002B7FD0664B79
:101F20009B6803F00C03002B0BD0634B9B6803F002
:101F30000C03082B2AD1604B5B6803F48003002B51
:101F400024D15D4B1B6803F00203002B05D07B6896
:101F5000DB68012B01D00123AEE1574B1B6823F056
:101F6000F8027B681B69F8213965396D91FAA1F196
:101F7000F964F96CB965B96DB1FA81F17965796D7A
:101F8000C9B28B404C4913430B6048E07B68DB6867
:101F9000002B2ED04A4B01221A60FFF7D9FBF865BF
:101FA00008E0FFF7D5FB0246FB6DD31A642B01D97D
:101FB000032381E1404B1B6803F00203002BF0D0A8
:101FC0003D4B1B6823F0F8027B681B69F8213964DC
:101FD000396C91FAA1F1F963F96BB964B96CB1FA92
:101FE00081F17964796CC9B28B40334913430B603A
:101FF00015E0334B00221A60FFF7AAFBF86508E0F2
:10200000FFF7A6FB0246FB6DD31A642B01D903230D
:1020100052E1294B1B6803F00203002BF0D17B68CF
:102020001B6803F00803002B30D07B685B69002B32
:1020300016D0244B01221A60FFF78AFBF86508E0EE
:10204000FFF786FB0246FB6DD31A642B01D90323ED
:1020500032E1194B5B6F03F00203002BF0D015E067
:10206000184B00221A60FFF773FBF86508E0FFF7D2
:102070006FFB0246FB6DD31A642B01D903231BE1CE
:102080000D4B5B6F03F00203002BF0D17B681B68E4
:1020900003F00403002B74D0074B1B6C064A43F07B
:1020A00080531364084B1B68074A43F48073136022
:1020B000FFF74EFBF86512E000380240023802409C
:1020C00000004742800E474200700040FFF740FB8F
:1020D0000246FB6DD31A642B01D90323ECE0784B45
:1020E0001B6803F48073002BF0D0764B00221A702B
:1020F000FFF72EFBF8650AE0FFF72AFB0246FB6DAF
:10210000D31A41F28832934201D90323D4E06E4BB3
:102110001B6F03F00203002BEED17B689A68694BBA
:10212000D2B21A707B689B68012B15D1FFF710FBA8
:10213000F8650AE0FFF70CFB0246FB6DD31A41F28B
:102140008832934201D90323B6E05F4B1B6F03F043
:102150000203002BEED014E0FFF7FAFAF8650AE06C
:10216000FFF7F6FA0246FB6DD31A41F2883293422A
:1021700001D90323A0E0544B1B6F03F00203002B93
:10218000EED17B689B69002B00F095804E4B9B68DD
:1021900003F00C03082B00F08C807B689B69022BFA
:1021A00070D14A4B00221A60FFF7D2FAF86508E0B6
:1021B000FFF7CEFA0246FB6DD31A642B01D9032335
:1021C0007AE0414B1B6803F00073002BF0D17B6871
:1021D0001A6A7B685B6A47F6C0713961396991FA9E
:1021E000A1F1F960F968B961B969B1FA81F1796170
:1021F0007969C9B28B401A437B689B6A5B08013BD3
:102200004FF440313962396A91FAA1F1F961F96903
:10221000B962B96AB1FA81F17962796AC9B28B405F
:102220001A437B68DB691A437B68DB6A4FF0706195
:102230003963396B91FAA1F1F962F96AB963B96B43
:10224000B1FA81F17963796BC9B28B4013431E4AAD
:1022500043F0005353601D4B01221A60FFF778FAD8
:10226000F86508E0FFF774FA0246FB6DD31A642B99
:1022700001D9032320E0144B1B6803F00073002BEB
:10228000F0D018E0114B00221A60FFF761FAF865F0
:1022900008E0FFF75DFA0246FB6DD31A642B01D903
:1022A000032309E0084B1B6803F00073002BF0D1F7
:1022B00001E0012300E0002318466037BD4680BDE1
:1022C0000070004070380240003802406000474211
:1022D00080B584B000AF786039600023FB60924B1A
:1022E0001B6803F00F033A689A4240F28F808E4BCE
:1022F0003A68D2B21A708C4B1B6803F00F033A682D
:102300009A4201D0012336E17B681B6803F0020387
:10231000002B08D0854B9B6823F0F0027B689B68FC
:10232000824913438B607B681B6803F00103002B19
:1023300000F0FE807B685B68012B07D17B4B1B683C
:1023400003F40033002B15D1012314E17B685B6893
:10235000022B07D1754B1B6803F00073002B09D1CA
:10236000012308E1714B1B6803F00203002B01D12C
:10237000012300E16D4B9B6823F003027B685B68DF
:102380006A4913438B60FFF7E3F9F8607B685B6889
:10239000012B12D10AE0FFF7DBF90246FB68D31AE2
:1023A00041F28832934201D90323E4E05F4B9B68FA
:1023B00003F00C03042BEED1BAE07B685B68022BC0
:1023C0001DD10AE0FFF7C4F90246FB68D31A41F2B7
:1023D0008832934201D90323CDE0544B9B6803F02C
:1023E0000C03082BEED1A3E0FFF7B2F90246FB681D
:1023F000D31A41F28832934201D90323BBE04B4BFD
:102400009B6803F00C03002BEED191E07B681B6806
:1024100003F00203002B08D0444B9B6823F0F0022A
:102420007B689B68414913438B607B681B6803F0A2
:102430000103002B6AD07B685B68012B07D13B4B03
:102440001B6803F40033002B15D1012393E07B6854
:102450005B68022B07D1354B1B6803F00073002B20
:1024600009D1012387E0314B1B6803F00203002BE5
:1024700001D101237FE02D4B9B6823F003027B6891
:102480005B682A4913438B60FFF762F9F8607B6849
:102490005B68012B12D10AE0FFF75AF90246FB688C
:1024A000D31A41F28832934201D9032363E01F4BD0
:1024B0009B6803F00C03042BEED127E07B685B687C
:1024C000022B1DD10AE0FFF743F90246FB68D31A3D
:1024D00041F28832934201D903234CE0134B9B68AD
:1024E00003F00C03082BEED110E0FFF731F90246A0
:1024F000FB68D31A41F28832934201D903233AE0B0
:102500000A4B9B6803F00C03002BEED1064B3A6894
:10251000D2B21A70044B1B6803F00F033A689A4258
:1025200006D0012327E000BF003C024000380240F3
:102530007B681B6803F00403002B08D0104B9B68DA
:1025400023F4E0527B68DB680D4913438B607B68A2
:102550001B6803F00803002B09D0094B9B6823F488
:1025600060427B681B69DB00054913438B600F20C9
:10257000FFF7C4F8002318461037BD4680BD00BFE2
:102580000038024080B491B000AF00237B63002389
:10259000FB6300233B630023BB633F4B9B6803F05B
:1025A0000C03082B0CD0082B6BD8002B02D0042B6B
:1025B00003D066E0394BBB6366E0394BBB6363E035
:1025C000354B5B6803F03F037B63334B5B6803F47D
:1025D0008003002B1CD0324A7B6BB2FBF3F22E4BF4
:1025E000596847F6C0730B4047F6C0717962796A43
:1025F00091FAA1F13962396AF962F96AB1FA81F1A5
:10260000B962B96AC9B2CB4002FB03F3FB631BE0BA
:10261000224A7B6BB2FBF3F21F4B596847F6C0733B
:102620000B4047F6C0717961796991FAA1F139617E
:102630003969F961F969B1FA81F1B961B969C9B268
:10264000CB4002FB03F3FB63134B5B6803F44033A3
:102650004FF440327A607A6892FAA2F23A603A68AD
:10266000FA60FA68B2FA82F2BA60BA68D2B2D340BB
:1026700001335B003B63FA6B3B6BB2FBF3F3BB6371
:1026800002E0064BBB6300BFBB6B18464437BD4638
:102690005DF8047B704700BF003802400024F4005E
:1026A00040787D0180B584B000AFFFF76BFF014635
:1026B0000F4B9B6803F0F003F0227A607A6892FA7D
:1026C000A2F23A603A68FA60FA68B2FA82F2BA6044
:1026D000BA68D2B2D340074AD35C21FA03F3064A60
:1026E0001360054B1B6818461037BD4680BD00BF00
:1026F00000380240A8BF00080000002080B584B068
:1027000000AFFFF7CFFF01460D4B9B6803F4E0538A
:102710004FF4E0527A607A6892FAA2F23A603A682C
:10272000FA60FA68B2FA82F2BA60BA68D2B2D340FA
:10273000044AD35C21FA03F318461037BD4680BD26
:1027400000380240A8BF000880B584B000AFFFF792
:10275000A9FF01460D4B9B6803F460434FF46042B0
:102760007A607A6892FAA2F23A603A68FA60FA6895
:10277000B2FA82F2BA60BA68D2B2D340044AD35CE9
:1027800021FA03F318461037BD4680BD00380240D9
:10279000A8BF000880B582B000AF78607B68002BCE
:1027A00001D1012337E07B6893F83930DBB2002B8D
:1027B00002D1786803F06EFA7B68022283F8392030
:1027C0007B681B68DA687B681B6822F40052DA6059
:1027D000786800F05DFC7B681B681A697B681B6881
:1027E00022F490421A617B681B685A697B681B68F7
:1027F00022F02A025A617B681B68DA687B681B68D2
:1028000042F40052DA607B680022DA637B680122BE
:1028100083F83920002318460837BD4680BD80B5AF
:1028200086B000AFF860B9603B601346FB800023C0
:102830007B61FB6893F83930DBB27B617B69012BEC
:1028400003D07B69222B40F08E80BB68002B02D026
:10285000FB88002B01D1012386E0FB6893F8383018
:10286000012B01D102237FE0FB68012283F838208D
:10287000FB680022DA63FB6893F83930DBB2222B65
:1028800004D1FB68322283F8392003E0FB6812226E
:1028900083F83920FB68FA889A84FB68FA88DA841E
:1028A0003DE0FB68DB8C013B9AB2FB68DA84FB6895
:1028B0009B68B3F5805F20D13B6800228021F868D7
:1028C00000F029FA0346002B01D003234CE0BB683B
:1028D0003B613B691B881A46FB681B68C2F3080210
:1028E0005A60FB681B69002B03D1BB680233BB60D5
:1028F00015E0BB680133BB6011E03B68002280211A
:10290000F86800F008FA0346002B01D003232BE0FF
:10291000BB685A1CBA601A78FB681B685A60FB686F
:10292000DB8C002BBDD13B6800224021F86800F011
:10293000F2F90346002B01D0032315E0FB6893F85E
:102940003930DBB2322B04D1FB68222283F83920E4
:1029500003E0FB68012283F83920FB68002283F83A
:102960003820002300E0022318461837BD4680BDFA
:1029700080B586B000AFF860B9603B601346FB805D
:1029800000237B61FB6893F83930DBB27B617B69A4
:10299000012B03D07B69122B40F09D80BB68002B7C
:1029A00002D0FB88002B01D1012395E0FB6893F84E
:1029B0003830012B01D102238EE0FB68012283F81D
:1029C0003820FB680022DA63FB6893F83930DBB209
:1029D000122B04D1FB68322283F8392003E0FB6814
:1029E000222283F83920FB68FA889A85FB68FA88E6
:1029F000DA8557E0FB68DB8D013B9AB2FB68DA852C
:102A0000FB689B68B3F5805F29D13B6800222021D9
:102A1000F86800F080F90346002B01D003235BE047
:102A2000BB683B61FB681B69002B0CD1FB681B6812
:102A30005B689BB2C3F308039AB23B691A80BB6818
:102A40000233BB602EE0FB681B685B689BB2DBB2A5
:102A50009AB23B691A80BB680133BB6022E03B68D5
:102A600000222021F86800F056F90346002B01D01F
:102A7000032331E0FB681B69002B08D1FB681B684E
:102A80005968BB685A1CBA60CAB21A700AE0FB687F
:102A90001B685B68DAB2BB68591CB96002F07F0240
:102AA000D2B21A70FB68DB8D002BA3D1FB6893F8C0
:102AB0003930DBB2322B04D1FB68122283F8392083
:102AC00003E0FB68012283F83920FB68002283F8C9
:102AD0003820002300E0022318461837BD4680BD89
:102AE00080B588B000AF78600023FB610023BB6134
:102AF0007B681B681B6803F00103012B0CBF0123DB
:102B00000023DBB2FB617B681B68DB6803F4807326
:102B1000BB61FB69002B11D0BB69002B0ED07B6819
:102B20001B681B687B617B681B685B687B617B69DA
:102B30007B68DB6B43F001027B68DA637B681B68B0
:102B40001B6803F00203022B0CBF01230023DBB23E
:102B5000FB617B681B685B6903F00103BB61FB6978
:102B6000002B11D0BB69002B0ED07B681B681B6843
:102B70003B617B681B685B683B613B697B68DB6B27
:102B800043F004027B68DA637B681B681B6803F010
:102B90000403042B0CBF01230023DBB2FB617B6821
:102BA0001B685B6903F00103BB61FB69002B11D05B
:102BB000BB69002B0ED07B681B681B68FB607B68C1
:102BC0001B685B68FB60FB687B68DB6B43F00202A1
:102BD0007B68DA637B681B681B6803F00803082BBB
:102BE0000CBF01230023DBB2FB617B681B685B69C0
:102BF00003F00103BB61FB69002B11D0BB69002B03
:102C00000ED07B681B681B68BB607B681B685B68B9
:102C1000BB60BB687B68DB6B43F008027B68DA63F0
:102C20007B681B681B6803F02003202B0CBF01236B
:102C30000023DBB2FB617B681B68DB6803F02003C9
:102C4000BB61FB69002B05D0BB69002B02D0786803
:102C500000F08AF97B681B681B6803F08003802BF7
:102C60000CBF01230023DBB2FB617B681B68DB68C0
:102C700003F08003BB61FB69002B05D0BB69002B0F
:102C800002D0786800F0E0F87B681B681B6803F0EE
:102C90004003402B0CBF01230023DBB2FB617B68A8
:102CA0001B68DB6803F04003BB61FB69002B05D0A8
:102CB000BB69002B02D0786800F023F97B68DB6BDE
:102CC000002B06D07B68012283F83920786800F059
:102CD00018F800BF2037BD4680BD80B483B000AF78
:102CE000786000BF0C37BD465DF8047B704780B448
:102CF00083B000AF786000BF0C37BD465DF8047B41
:102D0000704780B483B000AF786000BF0C37BD4619
:102D10005DF8047B704780B586B000AFF860B9609D
:102D20003B601346FB7100237B61FEF711FD786168
:102D3000FB79002B7BD138E03B68B3F1FF3F34D007
:102D40003B68002B07D0FEF703FD02467B69D31AD0
:102D50003A689A4229D2FB681B68DA68FB681B68EC
:102D600022F08002DA60FB681B68DA68FB681B6887
:102D700022F02002DA60FB681B68DA68FB681B68D7
:102D800022F48072DA60FB681B685A69FB681B6872
:102D900022F001025A61FB68012283F83920FB68A6
:102DA000002283F8382003234AE0FB681B681A6876
:102DB000BB681340BA689A42BED140E03B68B3F1A9
:102DC000FF3F34D03B68002B07D0FEF7C1FC024622
:102DD0007B69D31A3A689A4229D2FB681B68DA6881
:102DE000FB681B6822F08002DA60FB681B68DA6807
:102DF000FB681B6822F02002DA60FB681B68DA6857
:102E0000FB681B6822F48072DA60FB681B685A69F1
:102E1000FB681B6822F001025A61FB68012283F8FB
:102E20003920FB68002283F83820032308E0FB6880
:102E30001B681A68BB681340BA689A42BED0002368
:102E400018461837BD4680BD80B485B000AF7860A5
:102E50000023FB607B6893F83930DBB2FB60FB68D2
:102E6000122B02D0FB68322B44D17B689B68B3F5F0
:102E7000805F1AD17B681B6ABB60BB681B881A46DF
:102E80007B681B68C2F308025A607B681B69002BD1
:102E900005D17B681B6A9A1C7B681A620EE07B680E
:102EA0001B6A5A1C7B681A6208E07B681B6A591C03
:102EB0007A6811621A787B681B685A607B68DB8CC1
:102EC000013B9AB27B68DA847B68DB8C002B0FD1E4
:102ED0007B681B68DA687B681B6822F08002DA6016
:102EE0007B681B68DA687B681B6842F04002DA6026
:102EF000002300E0022318461437BD465DF8047B2A
:102F0000704780B582B000AF78607B681B68DA6874
:102F10007B681B6822F04002DA607B6893F83930E6
:102F2000DBB2322B04D17B68222283F8392013E0F4
:102F30007B681B68DA687B681B6822F48072DA6041
:102F40007B681B685A697B681B6822F001025A6122
:102F50007B68012283F839207868FFF7BEFE0023E2
:102F600018460837BD4680BD80B584B000AF786094
:102F70000023FB607B6893F83930DBB2FB60FB68B1
:102F8000222B02D0FB68322B7CD17B689B68B3F587
:102F9000805F23D17B689B6ABB607B681B69002BC9
:102FA0000ED17B681B685B689BB2C3F308039AB2BF
:102FB000BB681A807B689B6A9A1C7B689A6229E0CE
:102FC0007B681B685B689BB2DBB29AB2BB681A80F5
:102FD0007B689B6A5A1C7B689A621BE07B681B6952
:102FE000002B0AD17B681B6858687B689B6A591C58
:102FF0007A689162C2B21A700CE07B681B685B68E9
:10300000DAB27B689B6A581C7968886202F07F029A
:10301000D2B21A707B68DB8D013B9AB27B68DA858D
:103020007B68DB8D002B2BD17B681B68DA687B68A3
:103030001B6822F02002DA607B6893F83930DBB23B
:10304000322B04D17B68122283F8392013E07B688D
:103050001B68DA687B681B6822F48072DA607B6820
:103060001B685A697B681B6822F001025A617B6801
:10307000012283F839207868FFF739FE002302E047
:10308000002300E0022318461037BD4680BD000033
:10309000B0B584B000AF78600023FB607B681B682C
:1030A0001B69FB60FB6823F44053FB607B68DB68B3
:1030B000FA681343FB607B681B68FA681A617B68D7
:1030C0001B68DB68FB60FB6823F4164323F00C03EA
:1030D000FB607B689A687B681B691A437B685B6945
:1030E0001A437B68DB691343FA681343FB607B6810
:1030F0001B68FA68DA607B681B685B69FB60FB68C9
:1031000023F44073FB607B689B69FA681343FB60A0
:103110007B681B68FA685A617B68DB69B3F5004F0E
:1031200040F08C807B681B688C4A934204D07B689B
:103130001B688B4A934240D1FFF706FB02461346B9
:103140009B0013449A001A447B685B685B00B2FBE7
:10315000F3F3844AA2FB03235B091C01FFF7F4FA93
:10316000024613469B0013449A001A447B685B682E
:103170005B00B2FBF3F5FFF7E7FA024613469B004C
:1031800013449A001A447B685B685B00B2FBF3F35C
:10319000744AA2FB03235B09642202FB03F3EB1ACC
:1031A0001B0132336F4AA2FB03235B0903F00F02BA
:1031B0007B681B6822439A60CCE0FFF79FFA0246C7
:1031C00013469B0013449A001A447B685B685B00BB
:1031D000B2FBF3F3634AA2FB03235B091C01FFF775
:1031E0008DFA024613469B0013449A001A447B68EA
:1031F0005B685B00B2FBF3F5FFF780FA024613460B
:103200009B0013449A001A447B685B685B00B2FB26
:10321000F3F3544AA2FB03235B09642202FB03F38A
:10322000EB1A1B0132334F4AA2FB03235B0903F065
:103230000F027B681B6822439A608BE07B681B68E7
:10324000464A934204D07B681B68454A934240D16A
:10325000FFF77AFA024613469B0013449A001A4479
:103260007B685B689B00B2FBF3F33E4AA2FB03233F
:103270005B091C01FFF768FA024613469B001344E2
:103280009A001A447B685B689B00B2FBF3F5FFF77A
:103290005BFA024613469B0013449A001A447B686B
:1032A0005B689B00B2FBF3F32E4AA2FB03235B098E
:1032B000642202FB03F3EB1A1B013233294AA2FBFF
:1032C00003235B0903F00F027B681B6822439A60AB
:1032D00040E0FFF713FA024613469B0013449A009E
:1032E0001A447B685B689B00B2FBF3F31D4AA2FBA8
:1032F00003235B091C01FFF701FA024613469B00FA
:1033000013449A001A447B685B689B00B2FBF3F598
:10331000FFF7F4F9024613469B0013449A001A443F
:103320007B685B689B00B2FBF3F30E4AA2FB0323AE
:103330005B09642202FB03F3EB1A1B013233094AD7
:10334000A2FB03235B0903F00F027B681B68224387
:103350009A60FFE700BF1037BD46B0BD00100140C6
:10336000001401401F85EB5180B483B000AF78603A
:103370007B6803F108027B685A607B684FF0FF327C
:103380009A607B6803F108027B68DA607B6803F16E
:1033900008027B681A617B6800221A6000BF0C3744
:1033A000BD465DF8047B704780B483B000AF7860A1
:1033B0007B6800221A6100BF0C37BD465DF8047BB4
:1033C000704780B485B000AF786039607B685B6817
:1033D000FB603B68FA685A60FB689A683B689A60D1
:1033E000FB689B683A685A60FB683A689A603B6879
:1033F0007A681A617B681B685A1C7B681A6000BF78
:103400001437BD465DF8047B704780B485B000AFCB
:10341000786039603B681B68BB60BB68B3F1FF3FF5
:1034200003D17B681B69FB600CE07B680833FB60A1
:1034300002E0FB685B68FB60FB685B681B68BA685E
:103440009A42F6D2FB685A683B685A603B685B68F0
:103450003A689A603B68FA689A60FB683A685A6012
:103460003B687A681A617B681B685A1C7B681A6023
:1034700000BF1437BD465DF8047B704780B485B04B
:1034800000AF78607B681B69FB607B685B687A686B
:1034900092689A607B689B687A6852685A60FB6899
:1034A0005B687A689A4203D17B689A68FB685A60C5
:1034B0007B6800221A61FB681B685A1EFB681A6051
:1034C000FB681B6818461437BD465DF8047B7047DF
:1034D00080B485B000AFF860B9607A60FB68043BE7
:1034E000FB60FB684FF080721A60FB68043BFB6076
:1034F000BB6823F00102FB681A60FB68043BFB60B9
:103500000C4AFB681A60FB68143BFB607A68FB6836
:103510001A60FB68043BFB60FB686FF002021A60F4
:10352000FB68203BFB60FB6818461437BD465DF81E
:10353000047B70473935000880B485B000AF0023A4
:103540007B60124B1B68B3F1FF3F0AD04FF0500372
:1035500083F31188BFF36F8FBFF34F8FFB6000BF02
:10356000FEE74FF0500383F31188BFF36F8FBFF373
:103570004F8FBB6000BF00BF7B68002BFCD000BF3B
:1035800000BF1437BD465DF8047B7047040000207F
:10359000074B19680868B0E8F04F80F30988BFF35B
:1035A0006F8F4FF0000080F311887047AFF30080F9
:1035B0005036012000BF00BF08480068006880F353
:1035C00008884FF0000080F3148862B661B6BFF33C
:1035D0004F8FBFF36F8F00DF00BF000008ED00E0EA
:1035E00000BF00BF80B586B000AF464B1B68464A9F
:1035F00093420AD14FF0500383F31188BFF36F8FCA
:10360000BFF34F8F3B6100BFFEE73E4B1B683F4A55
:1036100093420AD14FF0500383F31188BFF36F8FA9
:10362000BFF34F8FFB6000BFFEE7394B7B617B69C7
:103630001B78DBB27B607B69FF221A707B691B7889
:10364000DBB2FB70FB78DBB203F05003DAB2314B34
:103650001A70314B07221A6009E02F4B1B68013B9F
:103660002D4A1360FB78DBB25B00DBB2FB70FB78AA
:10367000DBB203F08003802BEFD0274B1B68C3F134
:103680000703042B0AD04FF0500383F31188BFF3D4
:103690006F8FBFF34F8FBB6000BFFEE71E4B1B68F1
:1036A0001B021D4A13601C4B1B6803F4E0631A4A9B
:1036B00013607B68DAB27B691A70184B1B68174A73
:1036C00043F470031360154B1B68144A43F07043B6
:1036D000136000F0DBF8124B00221A6000F0FAF8D9
:1036E000104B1B680F4A43F040431360FFF764FF21
:1036F00001F06EFAFFF720FF002318461837BD4689
:1037000080BD00BF00ED00E071C20F4170C20F41EB
:1037100000E400E0EC090020F009002020ED00E0CA
:103720000400002034EF00E080B483B000AF4FF01D
:10373000500383F31188BFF36F8FBFF34F8F7B600C
:1037400000BF0F4B1B6801330D4A13600C4B1B6805
:10375000012B0FD10B4B1B68DBB2002B0AD04FF0B3
:10376000500383F31188BFF36F8FBFF34F8F3B601C
:1037700000BFFEE700BF0C37BD465DF8047B704715
:103780000400002004ED00E080B483B000AF124BD1
:103790001B68002B0AD14FF0500383F31188BFF34D
:1037A0006F8FBFF34F8F7B6000BFFEE70A4B1B6834
:1037B000013B094A1360084B1B68002B05D100230D
:1037C0003B603B6883F3118800BF00BF0C37BD46E8
:1037D0005DF8047B704700BF04000020000000007B
:1037E000EFF30980BFF36F8F154B1A681EF0100FAF
:1037F00008BF20ED108A20E9F04F10602DE9090084
:103800004FF0500080F31188BFF34F8FBFF36F8FDD
:1038100001F0DEF94FF0000080F3118809BC19684F
:103820000868B0E8F04F1EF0100F08BFB0EC108A27
:1038300080F30988BFF36F8F704700BFAFF300803C
:103840005036012000BF00BF80B582B000AF4FF0FE
:10385000500383F31188BFF36F8FBFF34F8F7B60EB
:1038600000BF01F09FF80346002B03D0064B4FF03A
:1038700080521A6000233B603B6883F3118800BFCD
:1038800000BF0837BD4680BD04ED00E080B400AF46
:103890000B4B00221A600B4B00221A600A4B1B686C
:1038A0000A4AA2FB03239B09094A013B1360044B0C
:1038B00007221A6000BFBD465DF8047B704700BF59
:1038C00010E000E018E000E000000020D34D62109E
:1038D00014E000E0DFF80C00016841F470010160C1
:1038E0007047000088ED00E000BF00BF80B58AB0DF
:1038F00000AF78600023FB6100F03AFF534B1B6878
:10390000002B01D100F008F97B68002B12D00822AF
:103910007B6803F00703D31A0833BB61BB69DB4341
:103920007A689A4204D87A68BB6913447B6001E0E4
:1039300000237B607B68002B70DB7B68002B6DD0E5
:10394000434B1B687A689A4268D8424B3B62414BB2
:103950001B687B6204E07B6A3B627B6A1B687B625C
:103960007B6A5B687A689A4203D97B6A1B68002B82
:10397000F1D1364B1B687A6A9A424FD03B6A1B687A
:1039800008221344FB617B6A1A683B6A1A607B6AEF
:103990005A687B68D21A08235B009A421FD97A6A58
:1039A0007B6813447B617B6903F00703002B0AD01B
:1039B0004FF0500383F31188BFF36F8FBFF34F8F26
:1039C0003B6100BFFEE77B6A5A687B68D21A7B695D
:1039D0005A607B6A7A685A60786900F0F9F81C4B83
:1039E0001A687B6A5B68D31A194A1360184B1A6805
:1039F000194B1B689A4203D2154B1B68164A136079
:103A00007B6A5B6843F000427B6A5A607B6A0022F3
:103A10001A60124B1B680133104A136000F0B6FEA7
:103A2000FB6903F00703002B0AD04FF0500383F328
:103A30001188BFF36F8FBFF34F8FFB6000BFFEE7AE
:103A4000FB6918462837BD4680BD00BFFC35012004
:103A500000360120F435012004360120083601200B
:103A600080B586B000AF78607B687B617B68002B97
:103A700049D008235B427A6913447B617B693B61CF
:103A80003B695B68002B0ADB4FF0500383F311881E
:103A9000BFF36F8FBFF34F8FFB6000BFFEE73B6943
:103AA0001B68002B0AD04FF0500383F31188BFF33B
:103AB0006F8FBFF34F8FBB6000BFFEE73B695B6852
:103AC000DB0F03F00103DBB2002B1CD03B691B684A
:103AD000002B18D13B695B6823F000423B695A60B8
:103AE00000F046FE3B695A68094B1B681344084ABC
:103AF0001360386900F06CF8064B1B680133054A07
:103B0000136000F043FE00BF1837BD4680BD00BF04
:103B1000003601200C36012080B485B000AF4FF490
:103B20009633BB60254BFB60FB6803F00703002B5B
:103B30000CD0FB680733FB60FB6823F00703FB60D6
:103B4000BA68FB68D31A1D4A1344BB60FB687B60EC
:103B50001B4A7B6813601A4B00225A607B68BA6864
:103B60001344FB600822FB689B1AFB60FB6823F090
:103B70000703FB60FB68134A1360124B1B680022AB
:103B80005A60104B1B6800221A607B683B603B68E0
:103B9000FA68D21A3B685A600A4B1A683B681A6086
:103BA0003B685B68084A13603B685B68074A1360C0
:103BB00000BF1437BD465DF8047B7047F409002050
:103BC000F4350120FC3501200436012000360120A7
:103BD00080B485B000AF7860284BFB6002E0FB68E2
:103BE0001B68FB60FB681B687A689A42F7D8FB6821
:103BF000BB60FB685B68BA6813447A689A4208D174
:103C0000FB685A687B685B681A44FB685A60FB680B
:103C10007B607B68BB607B685B68BA681A44FB6842
:103C20001B689A4218D1FB681A68154B1B689A42A8
:103C30000DD07B685A68FB681B685B681A447B6818
:103C40005A60FB681B681A687B681A6008E00C4BB6
:103C50001A687B681A6003E0FB681A687B681A6060
:103C6000FA687B689A4202D0FB687A681A6000BFE3
:103C70001437BD465DF8047B704700BFF435012062
:103C8000FC35012080B586B000AF78603960012333
:103C90007B617B683B613B69002B0AD14FF050038D
:103CA00083F31188BFF36F8FBFF34F8FFB6000BFAB
:103CB000FEE73B69002B5DD03B69DB6B002B59D0E5
:103CC0003B691A6C3B69DB6B0021A3FB0223002BD1
:103CD00000D001210B46002B4CD1FFF725FD3B699D
:103CE0001A683B69DB6B3969096C01FB03F31A4401
:103CF0003B699A603B6900229A633B691A683B6999
:103D00005A603B691A683B69DB6B013B3969096C96
:103D100001FB03F31A443B69DA603B69FF2283F835
:103D200044203B69FF2283F845203B68002B14D1D7
:103D30003B691B69002B1AD03B691033184601F010
:103D40000DF80346002B12D0154B4FF080521A602D
:103D5000BFF34F8FBFF36F8F09E03B6910331846F5
:103D6000FFF702FB3B6924331846FFF7FDFAFFF724
:103D70000BFD01E000237B617B69002B0AD14FF032
:103D8000500383F31188BFF36F8FBFF34F8FBB6076
:103D900000BFFEE77B6918461837BD4680BD00BFEF
:103DA00004ED00E080B58AB002AFF860B960134658
:103DB000FB710023FB61FB68002B2ED00021BA6849
:103DC000FB68A3FB0223002B00D001210B46002B34
:103DD00023D1FB68BA6802FB03F313F1510F1CD81F
:103DE000FB68BA6802FB03F3BB61BB69503318463A
:103DF000FFF77CFDF861FB69002B1CD0FB697B6140
:103E00007B6950337B61FA79FB69009313467A69C9
:103E1000B968F86800F014F80DE0FB69002B0AD1CE
:103E20004FF0500383F31188BFF36F8FBFF34F8FB1
:103E30003B6100BFFEE7FB6918462037BD4680BDE9
:103E400080B584B000AFF860B9607A60FB70BB6881
:103E5000002B03D1BB69BA691A6002E0BB697A68BA
:103E60001A60BB69FA68DA63BB69BA681A6401212F
:103E7000B869FFF707FFBB69FA7883F84C2000BFE9
:103E80001037BD4680BD000080B58CB000AFF86033
:103E9000B9607A600023FB62FB68BB62BB6A002BDF
:103EA0000AD14FF0500383F31188BFF36F8FBFF334
:103EB0004F8F3B6200BFFEE7BB68002B03D1BB6A9C
:103EC0001B6C002B01D1012300E00023002B0AD141
:103ED0004FF0500383F31188BFF36F8FBFF34F8F01
:103EE000FB6100BFFEE701F049F90346002B02D158
:103EF0007B68002B01D1012300E00023002B0AD1B5
:103F00004FF0500383F31188BFF36F8FBFF34F8FD0
:103F1000BB6100BFFEE7FFF707FCBB6A9B6B7B62E0
:103F20007B6A002B1FD0B968B86A00F08DF87B6AF5
:103F30005A1EBB6A9A63BB6A1B69002B0FD0BB6A0F
:103F40001033184600F00AFF0346002B07D03D4B04
:103F50004FF080521A60BFF34F8FBFF36F8FFFF7A0
:103F600013FC012369E07B68002B03D1FFF70CFCF5
:103F7000002362E0FB6A002B06D107F1100318460C
:103F800000F0C2FF0123FB62FFF7FEFB00F0F0FB35
:103F9000FFF7CAFBBB6A93F844305BB2B3F1FF3F53
:103FA00003D1BB6A002283F84420BB6A93F84530F2
:103FB0005BB2B3F1FF3F03D1BB6A002283F8452017
:103FC000FFF7E2FB3A1D07F110031146184600F017
:103FD000B1FF0346002B23D1B86A00F0ADF80346C9
:103FE000002B17D0BB6A24337A681146184600F0BC
:103FF0004BFEB86A00F04EF800F0C8FB0346002BF9
:1040000089D1104B4FF080521A60BFF34F8FBFF32E
:104010006F8F80E7B86A00F03DF800F0B7FB7AE7F1
:10402000B86A00F037F800F0B1FBB86A00F084F825
:104030000346002B3FF46FAF002318463037BD46D0
:1040400080BD00BF04ED00E080B582B000AF7860B5
:1040500039607B681B6C002B18D07B68DA687B6842
:104060001B6C1A447B68DA607B68DA687B689B6843
:104070009A4203D37B681A687B68DA607B68D968E8
:104080007B681B6C1A463868FCF788FC00BF083751
:10409000BD4680BD80B584B000AF7860FFF744FBBB
:1040A0007B6893F84530FB7311E07B685B6A002BFB
:1040B00012D07B682433184600F050FE0346002BD4
:1040C00001D000F09DFFFB7B013BDBB2FB7397F956
:1040D0000F30002BE9DC00E000BF7B68FF2283F893
:1040E0004520FFF751FBFFF71FFB7B6893F8443037
:1040F000BB7311E07B681B69002B12D07B68103307
:10410000184600F02BFE0346002B01D000F078FF8C
:10411000BB7B013BDBB2BB7397F90E30002BE9DCB4
:1041200000E000BF7B68FF2283F84420FFF72CFBF0
:1041300000BF1037BD4680BD80B584B000AF786049
:10414000FFF7F2FA7B689B6B002B02D10123FB6027
:1041500001E00023FB60FFF717FBFB6818461037F0
:10416000BD4680BD80B487B000AF78603960002361
:104170003B617B68002B0AD14FF0500383F3118819
:10418000BFF36F8FBFF34F8FFB6000BFFEE73B684D
:10419000002B24D000237B611EE0184A7B69DB00E2
:1041A00013445B687A689A4205D17B69DB00134A45
:1041B00013443B6113E03B69002B0AD10F4A7B6932
:1041C00052F83330002B04D17B69DB000B4A1344D7
:1041D0003B617B6901337B617B69072BDDD93B69DF
:1041E000002B05D03B693A681A603B697A685A60CF
:1041F00000BF1C37BD465DF8047B704710360120B8
:1042000080B586B000AFF860B9607A60FB687B610A
:10421000FFF78AFA7B6993F844305BB2B3F1FF3F52
:1042200003D17B69002283F844207B6993F84530F1
:104230005BB2B3F1FF3F03D17B69002283F84520D5
:10424000FFF7A2FA7B699B6B002B06D17B692433B5
:104250007A68B968184600F03BFD7869FFF71AFFE5
:1042600000BF1837BD4680BD80B58CB004AFF86084
:10427000B9603B601346FB80FB889B001846FFF744
:1042800035FB78617B69002B13D05820FFF72EFB9C
:10429000F861FB69002B08D058220021F86901F071
:1042A000F3FDFB697A691A6305E07869FFF7D8FBCB
:1042B00001E00023FB61FB69002B13D0FA88002387
:1042C0000393FB690293FB6A0193BB6A00933B680B
:1042D000B968F86800F00EF8F86900F099F8012361
:1042E000BB6102E04FF0FF33BB61BB69184620376A
:1042F000BD4680BD80B588B000AFF860B9607A6017
:104300003B603B6B186B7B689B001A46A52101F054
:10431000BBFD3B6B1A6B7B6803F18043013B9B0049
:104320001344BB61BB6923F00703BB61BB6903F0A6
:104330000703002B0AD04FF0500383F31188BFF31B
:104340006F8FBFF34F8F7B6100BFFEE7BB68002B11
:104350001ED00023FB6112E0BA68FB691344197890
:104360003A6BFB69134434330A461A70BA68FB6926
:1043700013441B78002B06D0FB690133FB61FB69FA
:10438000092BE9D900E000BF3B6B002283F83D20F8
:10439000BB6A042B0AD94FF0500383F31188BFF393
:1043A0006F8FBFF34F8F3B6100BFFEE7BB6A042BEB
:1043B00001D90423BB623B6BBA6ADA623B6BBA6A0F
:1043C0009A643B6B04331846FEF7EEFF3B6B1833E1
:1043D0001846FEF7E9FF3B6B3A6B1A61BB6AC3F103
:1043E00005023B6B9A613B6B3A6B5A623A68F9681B
:1043F000B869FFF76DF802463B6B1A60FB6A002B49
:1044000002D0FB6A3A6B1A6000BF2037BD4680BD00
:1044100080B584B000AF7860FFF786F9404B1B6829
:1044200001333F4A13603F4B1B68002B09D13D4AC3
:104430007B6813603A4B1B68012B10D100F004FE1F
:104440000DE0394B1B68002B09D1364B1B68DA6A2B
:104450007B68DB6A9A4202D8324A7B681360334B2E
:104460001B680133314A1360304B1A687B681A6449
:104470007B68DB6A01229A402D4B1B6813432C4A50
:1044800013607B68DA6A2B4913469B0013449B0038
:104490000B4404331B68FB607B68FA689A60FB6816
:1044A0009A687B68DA60FB689B687A6804325A60B5
:1044B0007B681A1DFB689A607B68DA6A13469B006A
:1044C00013449B001B4A1A447B685A617B68DA6A72
:1044D000184913469B0013449B000B441B68591C4E
:1044E000144813469B0013449B0003441960FFF7D4
:1044F0004BF90D4B1B68002B0ED00A4B1B68DA6A78
:104500007B68DB6A9A4207D20B4B4FF080521A60ED
:10451000BFF34F8FBFF36F8F00BF1037BD4680BD15
:10452000283701205036012034370120443701203C
:10453000303701205436012004ED00E080B584B00E
:1045400000AF7860FFF7F0F87B68002B02D13B4B9F
:104550001B6800E07B68FB60FB6804331846FEF7CD
:104560008DFF0346002B15D1FB68DA6A34491346E8
:104570009B0013449B000B441B68002B0AD1FB6873
:10458000DB6A012202FA03F3DA432E4B1B68134065
:104590002C4A1360FB689B6A002B04D0FB6818331D
:1045A0001846FEF76BFF284B1B680133264A136041
:1045B000224B1B68FA689A420BD1FB6804331946F8
:1045C0002248FEF7FEFE224B1B680133204A13608F
:1045D00006E0204B1B68013B1E4A136000F0B2FD51
:1045E000FFF7D2F8154B1B68FA689A4202D0F868B8
:1045F00000F098FD184B1B68002B1BD00F4B1B685D
:10460000FA689A4216D1154B1B68002B0AD04FF05E
:10461000500383F31188BFF36F8FBFF34F8FBB60DD
:1046200000BFFEE70E4B4FF080521A60BFF34F8F72
:10463000BFF36F8F00BF1037BD4680BD50360120DD
:10464000543601203037012044370120FC36012048
:10465000103701202837012034370120503701203E
:1046600004ED00E080B584B000AF78600023FB600B
:104670007B68002B17D0134B1B68002B0AD04FF020
:10468000500383F31188BFF36F8FBFF34F8FBB606D
:1046900000BFFEE700F06CF80021786800F016FF1C
:1046A00000F074F8F860FB68002B07D1064B4FF060
:1046B00080521A60BFF34F8FBFF36F8F00BF103768
:1046C000BD4680BD5037012004ED00E080B586B0C6
:1046D00002AF204B019300230093002382221E4946
:1046E0001E48FFF7C1FDF860FB68012B02D100F006
:1046F0006DFFF860FB68012B16D14FF0500383F378
:104700001188BFF36F8FBFF34F8FBB6000BF144B97
:104710004FF0FF321A60134B01221A60124B002235
:104720001A60FEF75FFF0EE0FB68B3F1FF3F0AD1AE
:104730004FF0500383F31188BFF36F8FBFF34F8F98
:104740007B6000BFFEE7094B1B6800BF1037BD460A
:1047500080BD00BF4C37012090BF000819500008F1
:1047600048370120343701202C3701200800002071
:1047700080B400AF044B1B680133034A136000BFD1
:10478000BD465DF8047B70475037012080B588B086
:1047900000AF0023FB610023BB61714B1B68002B42
:1047A0000AD14FF0500383F31188BFF36F8FBFF32B
:1047B0004F8F7B6000BFFEE7FEF7B6FF684B1B68BC
:1047C000013B674A1360664B1B68002B40F0C080BA
:1047D000644B1B68002B00F0BB808AE0624BDB68F7
:1047E000DB68FB61FB699B6A3B61FB69DB69FA691A
:1047F000126A9A60FB691B6AFA69D2695A603B695E
:104800005A68FB6918339A4203D1FB691A6A3B69FB
:104810005A60FB6900229A623B691B685A1E3B6919
:104820001A60FB695B69FB60FB699B68FA69D26887
:104830009A60FB69DB68FA6992685A60FB685A689B
:10484000FB6904339A4203D1FB69DA68FB685A605A
:10485000FB6900225A61FB681B685A1EFB681A60DC
:10486000FB69DB6A01229A40404B1B6813433F4AB5
:104870001360FB69DA6A3E4913469B0013449B00B0
:104880000B4404331B68BB60FB69BA689A60BB6861
:104890009A68FB69DA60BB689B68FA6904325A60FF
:1048A000FB691A1DBB689A60FB69DA6A13469B00B4
:1048B00013449B002E4A1A44FB695A61FB69DA6A69
:1048C0002B4913469B0013449B000B441B68591C47
:1048D000274813469B0013449B0003441960FB695F
:1048E000DA6A244B1B68DB6A9A4202D3224B01220C
:1048F0001A601D4B1B68002B7FF470AFFB69002B07
:1049000001D000F01FFC1D4B1B687B617B69002BF5
:1049100010D000F047F80346002B02D0164B0122BE
:104920001A607B69013B7B617B69002BF1D1134BE2
:1049300000221A60104B1B68002B09D00123BB61B9
:104940000F4B4FF080521A60BFF34F8FBFF36F8F42
:10495000FEF71AFFBB6918462037BD4680BD00BF71
:104960005037012028370120E83601203037012058
:1049700054360120503601203C37012038370120C1
:1049800004ED00E080B483B000AF054B1B687B6092
:104990007B6818460C37BD465DF8047B704700BF46
:1049A0002C37012080B58AB000AF00237B627D4B9D
:1049B0001B68002B40F0EC807B4B1B6801333B6293
:1049C000794A3B6A13603B6A002B20D1774B1B6806
:1049D0001B68002B0AD04FF0500383F31188BFF3FC
:1049E0006F8FBFF34F8F7B6000BFFEE76F4B1B687D
:1049F000FB616F4B1B686D4A13606D4AFB69136066
:104A00006C4B1B6801336B4A136000F09BFB6A4BD5
:104A10001B683A6A9A42C0F0A680644B1B681B6808
:104A2000002B04D1644B4FF0FF321A609BE05F4BC8
:104A30001B68DB68DB68BB61BB695B687B613A6AEA
:104A40007B699A4203D25C4A7B6913608BE0BB6945
:104A50005B693B61BB699B68BA69D2689A60BB6954
:104A6000DB68BA6992685A603B695A68BB6904336B
:104A70009A4203D1BB69DA683B695A60BB6900227C
:104A80005A613B691B685A1E3B691A60BB699B6A85
:104A9000002B1ED0BB699B6AFB60BB69DB69BA69EE
:104AA000126A9A60BB691B6ABA69D2695A60FB686C
:104AB0005A68BB6918339A4203D1BB691A6AFB680A
:104AC0005A60BB6900229A62FB681B685A1EFB6829
:104AD0001A60BB69DB6A01229A40384B1B6813439A
:104AE000364A1360BB69DA6A354913469B001344A2
:104AF0009B000B4404331B68BB60BB69BA689A60B7
:104B0000BB689A68BB69DA60BB689B68BA690432A3
:104B10005A60BB691A1DBB689A60BB69DA6A1346A2
:104B20009B0013449B00264A1A44BB695A61BB6927
:104B3000DA6A234913469B0013449B000B441B680D
:104B4000591C1F4813469B0013449B0003441960E3
:104B5000BB69DA6A1B4B1B68DB6A9A427FF65DAF62
:104B600001237B6259E7174B1B68DA6A1449134625
:104B70009B0013449B000B441B68012B01D90123AC
:104B80007B62114B1B68002B07D001237B6204E082
:104B90000E4B1B6801330D4A13607B6A1846283799
:104BA000BD4680BD503701202C370120E036012062
:104BB000E4360120403701204837012030370120FA
:104BC00054360120503601203C370120383701206F
:104BD00080B487B000AF274B1B68002B03D0264B57
:104BE00001221A603FE0244B00221A60234B1B680D
:104BF000FB60FB68B3FA83F3FB72FB7AC3F11F031C
:104C00007B611F497A6913469B0013449B000B4448
:104C10001B68002B0AD14FF0500383F31188BFF3B8
:104C20006F8FBFF34F8F7B6000BFFEE77A6913463B
:104C30009B0013449B00124A13443B613B695B6831
:104C40005A683B695A603B695A683B6908339A4223
:104C500004D13B695B685A683B695A603B695B6891
:104C6000DB68084A136000BF1C37BD465DF8047B53
:104C7000704700BF503701203C37012030370120FA
:104C8000543601205036012080B584B000AF7860E2
:104C900039607B68002B0AD14FF0500383F31188F1
:104CA000BFF36F8FBFF34F8FFB6000BFFEE7074B73
:104CB0001B68183319467868FEF7A7FB012138688E
:104CC00000F004FC00BF1037BD4680BD5036012007
:104CD00080B586B000AFF860B9607A60FB68002BE1
:104CE0000AD14FF0500383F31188BFF36F8FBFF3E6
:104CF0004F8F3B6100BFFEE7FB685B687B61164B33
:104D00001B687A69DA61144B1B687A6992681A62C7
:104D1000114B1A687B699B6818325A600E4B1B68EE
:104D200003F118027B699A600B4B1B68FA689A6260
:104D3000FB681B685A1CFB681A607B68002B02D05A
:104D40004FF0FF33BB607968B86800F0BFFB00BF6D
:104D50001837BD4680BD00BF5036012080B48BB0EF
:104D600000AF78607B68DB68DB683B623B6A002BE6
:104D70000AD14FF0500383F31188BFF36F8FBFF355
:104D80004F8FFB6000BFFEE73B6A9B6AFB613B6A9B
:104D9000DB693A6A126A9A603B6A1B6A3A6AD269AC
:104DA0005A60FB695A683B6A18339A4203D13B6ADE
:104DB0001A6AFB695A603B6A00229A62FB691B68A7
:104DC0005A1EFB691A604A4B1B68002B5ED13B6A76
:104DD0005B697B613B6A9B683A6AD2689A603B6A0E
:104DE000DB683A6A92685A607B695A683B6A0433A6
:104DF0009A4203D13B6ADA687B695A603B6A0022B7
:104E00005A617B691B685A1E7B691A603B6ADB6AC0
:104E100001229A40374B1B681343364A13603B6AA2
:104E2000DA6A354913469B0013449B000B44043354
:104E30001B683B613B6A3A699A603B699A683B6AC6
:104E4000DA603B699B683A6A04325A603B6A1A1D11
:104E50003B699A603B6ADA6A13469B0013449B00E5
:104E6000254A1A443B6A5A613B6ADA6A2249134668
:104E70009B0013449B000B441B68591C1E4813469F
:104E80009B0013449B00034419601BE01B4B5B68B1
:104E9000BB613B6ABA69DA61BB699A683B6A1A62AC
:104EA000BB699B683A6A18325A603B6A03F1180280
:104EB000BB699A603B6A114A9A62104B1B680133C6
:104EC0000E4A13603B6ADA6A0D4B1B68DB6A9A4232
:104ED00005D901237B620B4B01221A6001E00023FC
:104EE0007B627B6A18462C37BD465DF8047B7047B1
:104EF000503701203037012054360120E836012098
:104F0000503601203C37012080B483B000AF786078
:104F1000064B1A687B681A60054B1A687B685A60F2
:104F200000BF0C37BD465DF8047B70474037012059
:104F30002C37012080B588B000AF786039607B687D
:104F4000002B0AD14FF0500383F31188BFF36F8F0A
:104F5000BFF34F8F3B6100BFFEE73B68002B0AD1D8
:104F60004FF0500383F31188BFF36F8FBFF34F8F60
:104F7000FB6000BFFEE7FEF7D7FB1F4B1B68BB6162
:104F80007B685B68BA69D31A7B613B681B68B3F1C5
:104F9000FF3F02D10023FB6126E07B681A68174BB4
:104FA0001B689A420AD07B685B68BA699A4205D34B
:104FB0000123FB613B6800221A6015E03B681B6817
:104FC0007A699A420BD23B681A687B69D21A3B68AD
:104FD0001A607868FFF798FF0023FB6104E03B68E4
:104FE00000221A600123FB61FEF7CEFBFB69184625
:104FF0002037BD4680BD00BF2C370120403701203F
:1050000080B400AF034B01221A6000BFBD465DF8BB
:10501000047B70473C37012080B582B000AF7860D8
:1050200000F052F8064B1B68012BF9D9054B4FF0E5
:1050300080521A60BFF34F8FBFF36F8FF0E700BF4E
:105040005436012004ED00E080B582B000AF0023AB
:105050007B600CE07A6813469B0013449B00124A65
:1050600013441846FEF780F97B6801337B607B6848
:10507000042BEFD90D48FEF777F90D48FEF774F9C8
:105080000C48FEF771F90C48FEF76EF90B48FEF775
:105090006BF90B4B054A1A600A4B054A1A6000BFB0
:1050A0000837BD4680BD00BF54360120B836012008
:1050B000CC360120E8360120FC36012014370120CF
:1050C000E0360120E436012080B582B000AF19E05F
:1050D000FEF72AFB104BDB68DB687B607B680433E0
:1050E0001846FEF7CBF90D4B1B68013B0B4A1360CA
:1050F0000B4B1B68013B0A4A1360FEF745FB7868BF
:1051000000F010F8064B1B68002BE1D100BF00BF78
:105110000837BD4680BD00BFFC360120283701207E
:105120001037012080B582B000AF78607B681B6BC0
:105130001846FEF795FC7868FEF792FC00BF08372A
:10514000BD4680BD80B400AF0A4B1B681B68002BB6
:1051500004D1094B4FF0FF321A6005E0054B1B6884
:10516000DB681B68044A136000BFBD465DF8047B22
:10517000704700BFE03601204837012080B483B07B
:1051800000AF0B4B1B68002B02D101237B6008E0B2
:10519000084B1B68002B02D102237B6001E0002337
:1051A0007B607B6818460C37BD465DF8047B704712
:1051B000343701205037012080B586B000AFF86049
:1051C000B9607A60FB68002B0AD04FF0500383F37C
:1051D0001188BFF36F8FBFF34F8F3B6100BFFEE7B6
:1051E000FEF7A2FA264B1B68FA68143253F82230F5
:1051F000002B15D1224B1A68FB681344543301224B
:105200001A707B68002B0BD00121786800F05EF9E2
:105210001C4B4FF080521A60BFF34F8FBFF36F8F5C
:10522000FEF7B2FAFEF780FA154B1B68FA681432E3
:1052300053F822307B617B69002B12D0BB68002BB6
:1052400007D00F4B1B68FA681432002143F8221074
:1052500007E00B4B1B687A69511EFA68143243F859
:105260002210074B1A68FB681344543300221A704B
:10527000FEF78AFA7B6918461837BD4680BD00BF25
:105280005036012004ED00E080B58EB000AFF8602C
:10529000B9607A60FB7001237B63BB68002B0AD086
:1052A0004FF0500383F31188BFF36F8FBFF34F8F1D
:1052B0003B6200BFFEE7FB68002B0AD14FF05003B2
:1052C00083F31188BFF36F8FBFF34F8FFB6100BF74
:1052D000FEE7FB683B63FEF727FA3B6C002B06D02A
:1052E0003B6BBA68143253F822203B6C1A603A6B5D
:1052F000BB68134454331B7887F82F303A6BBB6874
:105300001344543302221A70FB78042B3BD801A2B9
:1053100052F823F0A553000829530008455300080C
:105320005D5300086B5300083B6BBA68143253F8A6
:1053300022207B6842EA03013B6BBA68143243F8CF
:10534000221032E03B6BBA68143253F82230591CF9
:105350003B6BBA68143243F8221026E03B6BBA6804
:105360001432796843F822101FE097F82F30022B8F
:1053700006D03B6BBA681432796843F8221014E007
:1053800000237B6311E04C4B1B68002B0CD04FF0CB
:10539000500383F31188BFF36F8FBFF34F8FBB614F
:1053A00000BFFEE700BF00E000BF97F82F30012BE1
:1053B0007BD13B6B5B69BB623B6B9B683A6BD26892
:1053C0009A603B6BDB683A6B92685A60BB6A5A68BA
:1053D0003B6B04339A4203D13B6BDA68BB6A5A6079
:1053E0003B6B00225A61BB6A1B685A1EBB6A1A607B
:1053F0003B6BDB6A01229A40304B1B6813432F4AF8
:1054000013603B6BDA6A2E4913469B0013449B00E2
:105410000B4404331B687B623B6B7A6A9A607B6A3D
:105420009A683B6BDA607B6A9B683A6B04325A601D
:105430003B6B1A1D7B6A9A603B6BDA6A13469B00D2
:1054400013449B001E4A1A443B6B5A613B6BDA6A59
:105450001B4913469B0013449B000B441B68591CBB
:10546000174813469B0013449B00034419603B6B91
:105470009B6A002B0AD04FF0500383F31188BFF3CF
:105480006F8FBFF34F8F7B6100BFFEE73B6BDA6A24
:105490000C4B1B68DB6A9A4207D90B4B4FF08052CA
:1054A0001A60BFF34F8FBFF36F8FFEF76DF97B6B01
:1054B00018463837BD4680BD2C37012030370120D3
:1054C000543601205036012004ED00E080B586B04E
:1054D00000AF78603960364B1B687B61354B1B68C9
:1054E00004331846FDF7CAFF0346002B0BD1314B9E
:1054F0001B68DB6A012202FA03F3DA432E4B1B68B6
:1055000013402D4A13607B68B3F1FF3F24D13B6801
:10551000002B21D0294B5B683B61264B1B683A6905
:105520009A60244B1B683A699268DA60214B1A68CA
:105530003B699B6804325A601E4B1B681A1D3B690D
:105540009A601C4B1B681D4A5A611C4B1B68013337
:105550001A4A136000BF26E07A697B681344FB6037
:10556000144B1B68FA685A60FA687B699A4209D240
:10557000134B1A680F4B1B68043319461046FDF78E
:1055800044FF10E00F4B1A680A4B1B68043319469E
:105590001046FDF73AFF0C4B1B68FA689A4202D29C
:1055A000094AFB68136000BF1837BD4680BD00BFC5
:1055B0002C370120503601203037012014370120CC
:1055C000E4360120E03601204837012080B584B060
:1055D00002AF00237B6000F047FA114B1B68002BE1
:1055E0000BD0104B01930223009300234FF48272DF
:1055F0000D490E48FEF738FE78607B68002B0AD113
:105600004FF0500383F31188BFF36F8FBFF34F8FB9
:105610003B6000BFFEE77B6818460837BD4680BD8B
:10562000843701208837012098BF0008D55600082C
:1056300080B584B000AFF860B9607A6008E0FB68BC
:105640009B69BA681344BB60FB681B6AF86898479B
:10565000FB689A69BB68D118BB687A68F86800F083
:10566000DDF80346002BEAD100BF00BF1037BD466E
:1056700080BD000080B584B000AF78603960144B05
:105680001B68DB68DB68FB60FB6804331846FDF7CA
:10569000F5FEFB6893F8283003F00403002B05D0D7
:1056A0003A687968F868FFF7C3FF08E0FB6893F889
:1056B000283023F00103DAB2FB6883F82820FB6866
:1056C0001B6AF868984700BF1037BD4680BD00BF11
:1056D0007C37012080B584B000AF786007F1080303
:1056E000184600F057F8F860BB681946F86800F0F3
:1056F00003F800F0D5F8F1E780B584B000AF78602A
:105700003960FFF735F807F10803184600F066F82E
:10571000F860BB68002B30D13B68002B0AD17A6857
:10572000FB689A4206D8FFF731F8F9687868FFF706
:10573000A1FF24E03B68002B08D0134B1B681B68BB
:10574000002B01D1012300E000233B600F4B1868C0
:105750007A68FB68D31A3A681946FEF751FDFFF7DD
:1057600015F80346002B0AD1094B4FF080521A60FE
:10577000BFF34F8FBFF36F8F01E0FFF707F800BF54
:105780001037BD4680BD00BF80370120843701201F
:1057900004ED00E080B485B000AF78600E4B1B686C
:1057A0001B68002B01D1012200E000227B681A60F7
:1057B0007B681B68002B05D1074B1B68DB681B68E7
:1057C000FB6001E00023FB60FB6818461437BD4610
:1057D0005DF8047B704700BF7C37012080B584B042
:1057E00000AF7860FFF7CEF8F8600B4B1B68FA68E3
:1057F0009A4205D200F012F97B6801221A6002E099
:105800007B6800221A60044AFB681360FB68184634
:105810001037BD4680BD00BF8C37012080B586B0F3
:1058200000AFF860B9607A603B6000237B61FB6881
:10583000BA685A60FB68FA681A61BA687B689A426B
:1058400012D87A683B68D21AFB689B699A4202D3E5
:1058500001237B611BE0104B1A68FB680433194677
:105860001046FDF7D2FD12E07A683B689A4206D2F4
:10587000BA683B689A4202D301237B6107E0074B79
:105880001A68FB68043319461046FDF7BEFD7B69B4
:1058900018461837BD4680BD803701207C3701206F
:1058A00080B588B000AFA6E0BB68002BC0F2A28034
:1058B0003B69FB61FB695B69002B04D0FB69043326
:1058C0001846FDF7DBFD3B1D1846FFF787FFB86163
:1058D000BB68013B082B00F28E8001A252F823F036
:1058E00005590008055900086D590008815900083C
:1058F000CB59000805590008055900086D590008E2
:1059000081590008FB6993F8283043F00103DAB2AB
:10591000FB6983F82820FA68FB699B69D118FB684A
:10592000BA69F869FFF77AFF0346002B63D0FB6979
:1059300093F8283003F00403002B09D0FA68FB69C0
:105940009B691344BA691946F869FFF771FE08E0CC
:10595000FB6993F8283023F00103DAB2FB6983F87E
:105960002820FB691B6AF869984744E0FB6993F8B3
:10597000283023F00103DAB2FB6983F828203AE0EB
:10598000FB6993F8283043F00103DAB2FB6983F82E
:105990002820FA68FB699A61FB699B69002B0AD190
:1059A0004FF0500383F31188BFF36F8FBFF34F8F16
:1059B0007B6100BFFEE7FB699A69BB69D118BB69CF
:1059C000BA69F869FFF72AFF15E0FB6993F82830F8
:1059D00003F00203002B03D1F869FEF741F80AE057
:1059E000FB6993F8283023F00103DAB2FB6983F8EE
:1059F000282000E000BF084B1B6807F108010022C7
:105A00001846FEF741FA0346002B7FF44DAF00BF66
:105A100000BF2037BD4680BD8437012080B582B0ED
:105A200000AF09E00E4B1B68DB681B683B604FF062
:105A3000FF313868FFF71EFE094B1B681B68002BFF
:105A4000F0D1074B1B687B60064B1B68044A136050
:105A5000044A7B68136000BF0837BD4680BD00BFA5
:105A60007C3701208037012080B500AFFDF75CFE58
:105A7000124B1B68002B1DD11148FDF775FC114816
:105A8000FDF772FC104B0E4A1A60104B0D4A1A605B
:105A900000220C210A20FEF785F90346074A13600D
:105AA000064B1B68002B05D0044B1B6808491846A1
:105AB000FEF758FBFDF768FE00BF80BD843701206C
:105AC00054370120683701207C37012080370120BE
:105AD000A0BF000880B586B000AF1D4B1B6B1C4AF1
:105AE00043F0010313631A4B1B6B194A43F0040381
:105AF0001363174B1B6B164A43F080031363002399
:105B0000BB6001237B600223FB6003233B613B1DE1
:105B100019461048FBF736FF08237B600123FB6022
:105B20003B1D19460C48FBF72DFF04237B603B1DF2
:105B300019460948FBF726FF4FF400537B603B1DD5
:105B400019460648FBF71EFF00BF1837BD4680BD4B
:105B50000038024000000240001C024000080240E1
:105B600080B586B000AF114B1B6B104A43F00203A7
:105B700013630123BB6001237B600123FB600323CC
:105B80003B613B1D19460A48FBF7FCFE02237B6084
:105B90003B1D19460648FBF7F5FE00F017F800F02C
:105BA00021F800BF1837BD4680BD00BF0038024055
:105BB0000004024080B500AF002201210248FCF73A
:105BC0009DF800BF80BD00BF0004024080B500AF5B
:105BD000012201210248FCF791F800BF80BD00BFFF
:105BE0000004024080B500AF012202210248FCF708
:105BF00085F800BF80BD00BF0004024080B500AF43
:105C000001210248FCF793F800BF80BD0004024068
:105C100080B500AF02210248FCF789F800BF80BDC3
:105C20000004024080B500AF074B1B681B6903F0FE
:105C30000103012B06D1FFF7E1FF034B1B686FF057
:105C400001021A6100BF80BD9037012080B582B08B
:105C500000AF78600D4B0E4A1A600C4B0C225A6153
:105C60000A4A7B685360094B00229A61074B002265
:105C70001A61064B0022DA60044B00229A60034846
:105C8000FCF788FD00BF0837BD4680BDCC3701203A
:105C90000010014080B588B000AF78607B681B6859
:105CA000214A93423BD1214B1B6B204A43F0010315
:105CB00013631E4B5B6C1D4A43F0100353640223B5
:105CC0003B610323BB614FF40073FB600723FB615F
:105CD00007F10C0319461648FBF754FE4FF4806396
:105CE000FB6007F10C0319461148FBF74BFE114B03
:105CF0001B68DA680F4B1B6842F02002DA600D4B1C
:105D00001B68DA680B4B1B6842F01002DA60252032
:105D1000FBF71DFE022202212520FBF7FCFD00BF40
:105D20002037BD4680BD00BF001001400038024052
:105D300000000240CC37012080B582B000AF264879
:105D4000FCF7CEFE244B1B681B6803F02003202BBE
:105D500023D1F91D4FF47A7301221F48FCF708FE86
:105D60001E4BB3F800311A46F9791C4B99541B4B62
:105D7000B3F8003101339AB2184BA3F80021174B46
:105D8000B3F80031FF2B03D9144B0022A3F80021F4
:105D9000114B1B686FF020021A600F4B1B681B68C9
:105DA00003F01003102B13D10C4BB3F800311A463B
:105DB0000A4B00219954094B012283F80221064B1A
:105DC0001B681B683B60044B1B685B683B603B685F
:105DD00000BF0837BD4680BDCC3701200C380120FC
:105DE0000EB480B5B7B000AF786007F1E803C7F82C
:105DF000D03007F10803D7F8D020D7F8E4101846C0
:105E000001F004FE07F108031846FAF779FE03468D
:105E1000A7F8D630B7F8D62007F108014FF47A7307
:105E20007868FCF7FCFC00BFDC37BD46BDE880406D
:105E300003B07047014B1868704700BF0C0000208A
:105E400070B50D4E0D4D761BB61006D0002455F8DA
:105E5000043B01349847A642F9D1094E094D761BFF
:105E600006F010F8B61006D0002455F8043B0134B3
:105E70009847A642F9D170BDC0C30008C0C300084E
:105E8000C8C30008C0C30008830730B548D0541EFB
:105E9000002A3FD0CAB2034601E0013C3AD303F8DE
:105EA000012B9D07F9D1032C2DD9CDB245EA05254B
:105EB0000F2C45EA054536D9A4F1100222F00F0C4B
:105EC00003F1200EE6444FEA121C03F1100242E9EE
:105ED000045542E9025510327245F8D10CF1010225
:105EE00014F00C0F03EB021204F00F0C13D0ACF102
:105EF000040323F003030433134442F8045B934286
:105F0000FBD10CF003042CB1CAB21C4403F8012BE2
:105F10009C42FBD130BD64461346002CF4D1F9E716
:105F200003461446BFE71A46A446E0E70000000017
:105F30002DE9F04F2DED0A8BCFB00C4691460AEEBD
:105F4000101A09930AEE900A02F02EFF03681393C9
:105F50001846FAF7D5FDA38912901A0603D52369CE
:105F6000002B00F0A8874D469FEDA77B2B780024DF
:105F700025AACDE92344CDE91544CDE917448DED9B
:105F8000107B1AEE909A0E942292904614940594E7
:105F9000002B00F0F081AB4604E01BF8013F002B22
:105FA00000F01B81252BF8D1BBEB050640F01981D1
:105FB0009BF80030002B00F0DE8100234FF0FF3211
:105FC0009BF801708DF86B3006930BF1010B049276
:105FD0009A462B2420210BF1010BA7F120035A2B09
:105FE00000F24081DFE813F0D9023E013E01D40205
:105FF0003E013E013E016A003E013E01690202038C
:106000003E017402E8023E01E3025B005B005B00BC
:106010005B005B005B005B005B005B003E013E01E0
:106020003E013E013E013E013E01D6013E013A02E3
:106030008500D601D601D6013E013E013E013E015A
:10604000CF023E013E01C6003E013E013E01440238
:106050003E0179023E013E0157073E013E013E01ED
:106060003E013E013E013E013E01D6013E013A02A3
:106070008700D601D601D601C202870080003E010A
:10608000B5023E019D02C8008B0280003E01440221
:106090007D0032073E013E0136073E017D00A7F13B
:1060A000300300221BF8017B02EB820203EB420269
:1060B000A7F13003092BF5D906928EE7484602F086
:1060C00073FE436817931846FAF71AFD18900646B0
:1060D000484602F069FE836815932021002E40F0A7
:1060E000CA859BF8007076E79BF800704AF0200A9A
:1060F00071E74AF0100A1AF0200F099B00F09E8108
:10610000073323F007031A465B6852F8084B0992DD
:106110001E46002BC0F27385049B013301F04280C0
:106120002AF08003039354EA060300F0EF840A2C5C
:1061300076F1000380F0988730340123DDF80CA05D
:106140008DF8374107930DF23715049907989DF89C
:106150006B3081424FF00002B8BF014608920391B4
:106160000C920F920D92002B00F08D80039A013259
:10617000039288E04AF0100A1AF0200600F04F81DE
:10618000099B073323F007035E6853F8084B099314
:106190002AF480630393002300228DF86B20049A75
:1061A0001146013100F02982039921F0800A54EA56
:1061B000060140F02082002A41F03080002B40F0A0
:1061C000AB84039B13F00103079300F04985302350
:1061D0008DF837310DF23715B7E7BBEB050600F048
:1061E000CA80249B33442493239B0133072BC8E9A3
:1061F000005623930CDC08F10808059B33440593F3
:10620000D6E600BFAFF300800000000000000000F1
:106210001AEE101A22AA484603F0BEFC90B90DF1FE
:106220009408EAE71AEE101A22AA484603F0B4FCD2
:10623000002800F09180089B23B108991AEE900A7B
:1062400002F0ACFC1AEE103A9B8913F0400F059B4C
:1062500018BF4FF0FF33059305984FB0BDEC0A8B84
:10626000BDE8F08F002F00F0868000238DF8D470F9
:106270008DF86B300122CDE90723039204930C9330
:106280000F930D9335AD1AF002020A9202D0039AD1
:10629000023203921AF084020B9205D1069A0399F6
:1062A000561A002E00F30F83249C8BB1239B0DF113
:1062B0006B0201330134C8F80020072B4FF00102B4
:1062C00024942393C8F8042000F3358308F10808C8
:1062D0000A9B83B1239B1BAA01330234C8F8002018
:1062E000072B4FF0020224942393C8F8042000F3F4
:1062F0002F8308F108080B9B802B00F01182049B70
:10630000079A9E1A002E00F352821AF4807F40F002
:10631000AD81079BC8F804301C44239BC8F800508B
:106320000133072B2494239300F3C08208F108085B
:106330001AF0040F05D0069B039A9D1A002D00F356
:106340001483DDE9053203998A42ACBF9B185B18C0
:106350000593002C7FF466AF00232393089B1BB1A9
:106360000899484602F01AFC0DF194085D462B7816
:10637000002B7FF410AE249B002B3FF463AF1AEE8A
:10638000104A1AEE101A1AEE900A22AA03F004FC20
:10639000A3895AE7099B073323F00703B3EC027B79
:1063A0008DED107BDDE91012099322F000430BEE16
:1063B000101A0BEE903A4FF0FF32B0EE4B9AF0EE1F
:1063C0006B9AA64B51EC190BFAF7E2FC002840F04F
:1063D0006B84A24B51EC190B4FF0FF32FAF7BAFC69
:1063E000002840F06184DDE9100100220023FAF763
:1063F000A7FC002840F0A8879DF86B30984D994A7B
:106400002AF0800A0321472FC8BF154600220892B0
:106410000391079104920C920F920D92A3E61AF049
:10642000100340F03B841AF0400200F05E87099AA6
:1064300052F8044B09921E46A4B2A9E653F8044B45
:1064400009931AF0100F40F012841AF0400F00F078
:106450000A8444F3C036334624B25AE6099A00232C
:1064600052F8041B8DF86B308DF8D410099201E7B7
:10647000099C049A54F8045B00268DF86B60002D8B
:1064800000F0DC861346013300F04985314628468A
:10649000FAF7A6FB0890002801F07D80089B04967F
:1064A000591B079121EAE1719DF86B300994039122
:1064B00008960C960F960D9655E6099B53F8042BFB
:1064C0000692002A80F2C783069A099352420692E6
:1064D0009BF800704AF0040A7DE54AF0100303932C
:1064E000039B13F0200600F07783099B073323F00A
:1064F00007035E6853F8084B099301234CE6099B98
:1065000053F8044B099330234AF0020278278DF8A0
:106510006C30554B149303928DF86D700026022356
:106520003AE61AF0200F40F086841AF0100F40F07F
:106530007C861AF0400F40F04F871AF4007F00F07D
:106540007486099B059953F8042B099311705D46D5
:106550000DE79BF800706C2F03BF9BF801704AF0A9
:10656000200A0BF1010B4AF0100A34E59BF8007089
:10657000682F03BF9BF801704AF4007A0BF1010BFE
:106580004AF0400A27E59BF800704AF0080A22E525
:106590009BF800704AF0010A1DE59DF86B30002B56
:1065A0007FF49FAD9BF800708DF86B1013E59BF89E
:1065B00000704AF0800A0EE55A4612F8017B2A2F35
:1065C00001F0F781A7F13003092B934698BF002211
:1065D00000F2F7871BF8017B02EB820203EB420219
:1065E000A7F13003092BF5D90492F6E49BF800706B
:1065F0008DF86B40EFE4CDF80CA0012B3FF497AD84
:10660000022B4EAD12D1149A04F00F032409D35C6F
:1066100005F8013D44EA0674360954EA0603F3D14D
:106620004EAB5B1BDDF80CA007938EE504F007036F
:10663000E40844EA4674F608303354EA06012A4670
:1066400005F8013DF2D103990846C00700F14F82D9
:106650004EAB5B1B8A46079377E500BFFFFFEF7FDA
:10666000BCBF0008C0BF0008CCBF0008652F40F3C6
:10667000D780DDE9100100220023FAF757FB00283C
:1066800000F0B481239BBC4AC8F8002001330134D8
:106690000122072B24942393C8F8042000F3868555
:1066A00008F108081C9B0E9A934280F2CF82129B3D
:1066B000139A1C44C8E90023239B24940133072B1D
:1066C000239300F3EB8308F108080E9B5D1E002D59
:1066D0007FF72EAE102D239B41F34981A74F0A97D8
:1066E000224610261AEE104A05E008F10808103D6F
:1066F000102D40F3698501331032072BC8E900766D
:10670000CDE92332F1DD22AA2146484603F044FABE
:1067100000287FF490ADDDE923320DF19408E6E71F
:10672000069B039A9E1A002E7FF7E9AD102E239B3D
:1067300041F3508091490B9522461AEE105A0A9166
:106740000C4604E0103E102E08F1080819DD013354
:1067500010321021072BCDE92332C8F80040C8F8C9
:106760000410EFDD22AA294648460DF1940803F0F3
:1067700013FA00287FF45FAD103E102EDDE92332BE
:10678000E5DC0B9D144601330A9AC8F80020344416
:10679000072BCDE92334C8F8046000F33185049B4E
:1067A000079A9E1A002E08F108087FF7AEAD102E4A
:1067B000239B40F3C58571480A90424621461AEE54
:1067C000108A044604E0103E102E02F1080216DD85
:1067D000013310311020072BCDE9233114605060B4
:1067E000F1DD22AA4146484603F0D6F900287FF49D
:1067F00022AD103E102EDDE9233125AAE8DC9046BB
:106800000C4601330A9AC8F800203444072BCDE91E
:106810002334C8F8046000F3D18108F1080874E556
:106820000E9B012B40F37E81239EC8F80050013659
:1068300001340123072E24942396C8F8043000F372
:10684000E98108F10808129B139A01361C44072EAF
:10685000C8E90023CDE9236400F3EA8108F10808C0
:10686000DDE9100100220023FAF760FA002840F069
:1068700078810E9B0136013B01351C44072EC8F878
:1068800000502396C8F80430249400F35C8108F18A
:106890000808169BC8F8043001361C44072E1EABAE
:1068A000CDE92364C8F800307FF740AD1AEE101A26
:1068B00022AA484603F070F900287FF4BCAC249C5F
:1068C0000DF1940834E5102EDDE9233222DD19950F
:1068D00010241AEE105A04E0103E102E08F1080899
:1068E00017DD013326491032072BC8E90014CDE922
:1068F0002332F1DD22AA294648460DF1940803F01F
:106900004BF900287FF497AC103E102EDDE92332BE
:10691000E7DC199DC8F804600133B418072B184A46
:10692000C8F80020CDE9233400F3E3839DF86B30F1
:1069300008F10808B9E41AEE101A22AA484603F032
:106940002BF900287FF477AC249C0DF19408BFE468
:106950001AEE101A22AA484603F01EF900287FF406
:106960006AAC249C0DF19408C5E4102D239B26DD10
:106970001AEE107A10260AE0FCBF000810C00008CA
:1069800000C00008103D102D08F1080817DD013384
:10699000C04A1034072BC8E90026CDE92334F1DDC5
:1069A00022AA394648460DF1940803F0F5F800286C
:1069B0007FF441AC103D102DDDE92334E7DC0133D9
:1069C000B44AC8F804502C44072BCDE92334C8F846
:1069D00000207FF7B6AC1AEE101A22AA484603F040
:1069E000DBF800287FF427AC249CAAE41C9A002A38
:1069F00040F39883DDE90D329342A8BF1346002B84
:106A00001F460BDD1C44C8E90053239B249401332B
:106A1000072B239300F35C8508F108080D9B002FDA
:106A2000A8BFDB1B002B1E4600F353820D9B1AF4FC
:106A3000806F2B44079340F083821C9B0E9A9342F5
:106A400003DB1AF0010F00F0B784129A1399144473
:106A5000C8E90012239A24940132072A239200F3F2
:106A6000758508F108080E9A0799AE18761AD51A96
:106A7000AE42A8BF2E46002E0DDD239BC8F80010A5
:106A800001333444072BC8F804602494239300F3A3
:106A90009C8508F10808002EA8BFAD1B002D7FF7CC
:106AA00047AC102D239B40F362877B4F0A97224609
:106AB00010261AEE104A05E008F10808103D102DC6
:106AC00040F3828301331032072BC8E90076CDE909
:106AD0002332F1DD22AA2146484603F05DF8002862
:106AE0007FF4A9ABDDE923320DF19408E6E7302B02
:106AF0003FF496AD3023023A05F8013C4EAB9B1AA9
:106B0000DDF80CA007931546FFF71FBB049B002B75
:106B10007FF412ABDDF80CA00023049307934EAD75
:106B2000FFF713BB1AF0010F7FF47EAE239EC8F867
:106B30000050013601340123072E24942396C8F80F
:106B400004307FF7A4AE1AEE101A22AA484603F0CA
:106B500023F800287FF46FABDDE923640DF194087E
:106B600097E60E9B5D1E002D7FF793AE102D40F330
:106B70001587494ACDF810A023461AEE10AA0A92AA
:106B80001027144605E008F10808103D102D40F3C9
:106B90009C8301361033072EC8E90047CDE92363F3
:106BA000F1DD22AA5146484602F0F6FF00287FF4A4
:106BB00042ABDDE923630DF19408E6E71AEE101A03
:106BC00022AA484602F0E8FF00287FF434AB249C58
:106BD0000DF19408FFF799BB039B13F0100340F0ED
:106BE0002381039A12F0400200F09A83099A52F826
:106BF000044B09921E46A4B20123FFF7CDBA2D2300
:106C000064428DF86B3066EB4606CDF80CA001238C
:106C1000FFF7C5BA1AEE101A22AA484602F0BCFFC6
:106C200000287FF408ABDDE923640DF194080AE63F
:106C30001AEE101A22AA484602F0AEFF00287FF48E
:106C4000FAAADDE923640DF1940809E61AF0010FB0
:106C50003FF46EAB2BE59BF800700993FFF7BBB9CF
:106C60004EADFFF772BA1AF4007F40F0AF83E6171B
:106C70003346FFF74EBA159B002B3FF432AA159B03
:106C80001B78002B3FF42DAA9BF800704AF4806A11
:106C9000FFF7A1B900C0000810C00008099B53F815
:106CA000044B0993FFF774BADDE9100102460B4665
:106CB000FAF76EF8002840F0C285612F00F0858554
:106CC000412F00F09384049B013327F020030393AA
:106CD00000F0A883472B00F08185DDE910014AF41C
:106CE0008072002907924FF00003C0F2238541EC27
:106CF000180B0A930893039B462B00F0F783452B50
:106D000000F04D85B0EE480AF0EE680A20AB019322
:106D10001DAB0093049A1CAB0221484600F038FFDB
:106D2000039B472B054640F069861AF0010F564633
:106D3000DDF81CA040F00A85209B5B1B0E93039B93
:106D4000472B00F08A83039B462B00F00E841C9B8C
:106D50000D930D9B039A013B412A1C9300F0D685AD
:106D6000FAB20021002BB8BF0D9B8DF87820BABF76
:106D7000C3F101032D222B22092B8DF8792040F33A
:106D8000B6850DF18704DFF898C3224610468CFBC8
:106D90000321DA17C2EBA10202EB8201A3EB41014E
:106DA000303100F8011C19466329134600F1FF3207
:106DB000ECDC3033D9B2831E9C4202F8011C40F255
:106DC000048613460DF17A0201E013F8011B02F864
:106DD000011B9C42F9D10DF189030DF17A021B1AB6
:106DE00013441EAA9B1A16930E9B169A012B1A4443
:106DF000079240F3B785079B129A13440793079AAB
:106E0000002326F4806622EAE27246F4807A0C932C
:106E100003920F930D930A9B002B40F0448304933D
:106E20009DF86B30FFF79FB9099B53F8044B09930A
:106E30000123FFF7B1B9099B059853F8041B099387
:106E4000C217C1E900025D46FFF791BACDF80CA068
:106E5000FFF746BBAF4B14931AF0200600F0EF800B
:106E6000099B073323F007035E6853F8084B099327
:106E70001AF0010F09D054EA060306D030238DF82A
:106E80006D704AF0020A8DF86C302AF48063039327
:106E90000223FFF781B9A04B1493DDE71AEE101A15
:106EA00022AA484602F078FE00287FF4C4A9249C58
:106EB0000DF1940809E41AEE900A402101F080FFD8
:106EC00020602061002800F0848540236361FFF783
:106ED0004AB8102E239B40F3698590480A90424699
:106EE00021461AEE108A1027044604E00832103EAC
:106EF000102E40F32E8201331031072BC2E90047D8
:106F0000CDE92331F2DD22AA4146484602F044FE93
:106F100000287FF490A9DDE9233125AAE7E7284678
:106F200004960994F9F7ECFD20EAE0719DF86B30C6
:106F30000790039108960C960F960D96FFF713B9DC
:106F40000E9BCDF828B0DDF83CB0079E159FCDF81C
:106F50001CA0EB1804934246DDF860A00C9B0B9537
:106F60001AEE108AA446BBF1000F30D093BB013F4C
:106F70000BF1FF3B179BC2E9003A239B0133D4443A
:106F8000072BCDF890C0239362DC0832049B38783D
:106F90009B1B8342A8BF0346002B1C460CDD239895
:106FA00001309C440728C2E90063CDF890C02390CB
:106FB00000F3198138780832002CACBF051B054658
:106FC000002D0BDC06440C9BBBF1000FCED1002B37
:106FD00000F032820C9B013B0C93CBE7102D2398E1
:106FE0001FDD1024634604E0103D102D02F108025D
:106FF00016DD0130494910330728C2E90014CDE9F4
:107000002303F1DD22AA4146484602F0C5FD0028CF
:107010007FF411A9103D102DDDE9230325AAE8DC3A
:107020009C4601303D4B5560AC440728CDE9230C0C
:10703000136000F33F82387808320644C3E71AF041
:10704000100300F0A480099B53F8044B09930FE749
:1070500022AA4146484602F09FFD00287FF4EBA893
:10706000DDF890C025AA91E7039B079703F480639E
:10707000002209EE109ACDF82080DDF854900DF52D
:107080009C7A174698460CE00023204631460A2297
:10709000F9F7BCFE0A2C76F100031CD304460E4619
:1070A000AA4620460A2200233146F9F7AFFE3032C5
:1070B0000AF1FF3501370AF8012CB8F1000FE3D0CF
:1070C00099F800309F42DFD1FF2FDDD00A2C76F1F6
:1070D000000380F04F814EAB5B1BCDF854900E97B0
:1070E00019EE109ADDE90778DDF80CA00793FFF799
:1070F0002CB81AEE101A22AA484602F04DFD0028BC
:107100007FF499A89DF86B30249C0DF19408FFF74B
:10711000CCB800BFCCBF0008E0BF000810C000081A
:1071200067666666239BC149C8F8001001330134C5
:107130000121072B24942393C8F8041000F32E8117
:1071400008F10808002A40F089800E9A0AF001032D
:1071500013433FF4EDA8129B139A1C44C8E9002383
:10716000239B24940133072B239300F33E8108F1E2
:1071700008080E9AC8F8005001331444072BCDE9D3
:107180002334C8F804207FF7D1A8FFF78FBB1AF08B
:10719000400200F0B880099A52F8044B09921E464A
:1071A000A4B265E6CDF80CA0FEF7C1BF1AEE101A26
:1071B00022AA484602F0F0FC00287FF43CA8249C58
:1071C0000DF19408FFF76EBA144601330A9AC8F815
:1071D00000202C44072BC8F80450CDE923347FF756
:1071E000A5A8FFF763BB22AA4146484602F0D4FC9B
:1071F00000287FF420A83878DDF890C025AADBE6C7
:107200001AEE101A22AA484602F0C6FC00287FF4A3
:1072100012A8249C0DF19408FFF771B8012BCDF84A
:107220000CA07FF4EDA9FEF787BF099B059953F8E1
:10723000042B5D4611600993FFF799B8062A294689
:1072400028BF0622049508952B460392784D099491
:1072500007920C910F910D91FEF785BF129B139928
:107260001C44C8E90013239B24940133072B239368
:1072700000F3BB8008F10808002ABFF67AAF564237
:10728000103280F2AF836B480A90214642461027A5
:107290001AEE108A044604E00832103E102E40F325
:1072A000AF8201331031072BC2E90047CDE923310A
:1072B000F2DD22AA4146484602F06EFC00287EF428
:1072C000BAAFDDE9233125AAE7E7DDF810A01C46B7
:1072D00001360A9BC8F800302C44072ECDE9236400
:1072E000C8F804507FF7D3AA2DE4099B1AF400765E
:1072F00014BF53F8044B53F8044B09931CBF1646B4
:10730000E4B2FEF745BF099B1AF4007614BF53F8A8
:10731000044B53F8044B09931CBF1646E4B2A7E58F
:10732000039B13F40076099B14BF53F8044B53F8E6
:10733000044B09931CBF1646E4B20123FEF72CBF91
:107340003C4A0A92FFF75DBA2D238DF86B30FFF7A8
:1073500055B890460C4601330A9AC8F800203444C8
:10736000072BCDE92334C8F804604DDC08F1080888
:10737000FFF75CBB189B1799ED1A1A46284602F0D6
:10738000D9FB99F801300BB109F1010920463146CA
:107390000A2200230027F9F739FD7FE61AEE101ABA
:1073A00022AA484602F0F8FB00287EF444AF1C9A5B
:1073B000249C0DF19408C5E60E9A0799AE18761A2A
:1073C000D51AAE42A8BF2E46FFF765BB44F3C016E0
:1073D000334664B2FEF79DBE099B059953F8042B12
:1073E000099311805D46FEF7C2BF1AEE101A22AA59
:1073F000484602F0D1FB00287EF41DAFDDE92334BE
:107400001C9A0DF1940837E71AEE101A22AA484682
:1074100002F0C2FB00287EF40EAF249C0DF194080C
:10742000FFF704BB0623049357E400BFFCBF00082A
:10743000F4BF000810C000080B9D0E9BDDF81CA0D7
:10744000DDF828B01597EB189E429046324628BFCB
:107450001A4664460792FFF7F0BA1C9B0D93DA1C9C
:1074600002DB049A934204DD023F27F020030393DA
:107470006FE4DDE90D318B42C0F29980F70740F1EE
:10748000DB81129A13440793740503D50D9B002BDF
:1074900000F3FF81079B23EAE3730393672700232D
:1074A0000C930F93B7E42D2300228DF86B300492D8
:1074B000FEF75CBE22AA4146484602F06DFB00285A
:1074C0007EF4B9AE3878DDF890C025AA06447AE596
:1074D0001AEE101A22AA484602F05EFB00287EF43B
:1074E000AAAE249C0DF19408FFF798BA20AB019343
:1074F0001DAB0093049AB0EE480AF0EE680A1CAB8C
:107500000321484600F044FB0378302B054600F089
:1075100003821C9B049A56461344DDF81CA0EC1809
:1075200051EC180B00220023F9F700FC08B12346A8
:1075300003E4209BA342BFF400AC30215A1C2092EC
:107540001970209B9C42F9D8FFF7F7BB1AEE101A6E
:1075500022AA484602F020FB00287EF46CAE1C9B59
:10756000249C0DF19408FFF77EBA1C9A0D92002A14
:1075700040F30082049906F001030B4340F0B1810F
:107580000D9B07936627730500F18481079B23EA0F
:10759000E373039383E7049B0393079309949DF894
:1075A0006B3004900C900F900D90FEF7DCBD0E9B9D
:1075B000129A9A180D9B0792002B40F3BB81672704
:1075C000E1E700230493FEF708BD1AEE101A22AA81
:1075D000484602F0E1FA00287EF42DAE1C9D0E9B79
:1075E000249C5D1B0DF19408FFF755BA30238DF8EC
:1075F0006C3058238DF86D30049B632B4AF00204E5
:1076000000F3A7800023089335ADDDE910124AF49A
:1076100081730793002A27F02003A2460393C0F248
:107620008A80002342EC181B0A93612F00F0158119
:10763000412F7FF460ABB0EE480AF0EE680A1CA858
:1076400002F030FA00224FF07F5351EC100BF8F7A4
:1076500093FF02460B4643EC192B00220023F9F757
:1076600065FB08B101231C93B74B0B93049B199541
:10767000CDE90CB7CDE90EA80CEE109ADDF82CB0D0
:1076800059EC198B5E1E2C4605E000220023013EBA
:10769000F9F74CFBE0B9AD4B002240464946F8F7FC
:1076A0006BFF89468046F9F789FB0546F8F7FAFE35
:1076B0000B46024649464046F8F7A6FD1BF8053042
:1076C000A24604F8013B731C374680468946DCD14C
:1076D00049EC198B9E4BDDF830B0DDF83C80CDF8DD
:1076E00030A051EC190B00223E46DDF838A00D9F6A
:1076F0000D951CEE109A199DF9F740FB98BB51ECC3
:10770000190B934B0022F9F711FB10B10D9BD90710
:1077100029D4002E334606DB01332344302204F8FB
:10772000012BA342FBD1631B56460E93DDF81CA030
:10773000FFF705BB0893DDE9103408EE103A04F1B9
:10774000004308EE903A2D230A936EE7049BEC1851
:10775000E6E6591C484601F033FB0546002800F0D8
:107760004481089051E70C9B20930B9B14F8012C4B
:10777000D97B8A42234609D1302003F8010C209B93
:107780005A1E209213F8012C9142F6D0392A0BBFD1
:107790000B9A0132927AD2B203F8012CC3E7049B10
:1077A000B0EE480AF0EE680A5C1C20AB01931DABFA
:1077B000009322461CAB0221484600F0E9F9054639
:1077C00056462C44DDF81CA0AAE630238DF86C3018
:1077D00078230FE75F4A0A92FEF7D5BF049B002B80
:1077E00008BF01230493119B4AF48072002B079277
:1077F000C0F2DA809DED108B08900A90FFF782BAF4
:107800000C46904601330A9AC8F800203444072BEE
:10781000CDE92334C8F804607FF7A9AC1AEE101A3A
:1078200022AA484602F0B8F900287EF404ADDDE94A
:1078300023340DF194089CE40D9B079324E6119BDF
:10784000454D464A002BB6BF2D239DF86B308DF871
:107850006B302AF0800AFEF7D5BD1CA8B0EE480AAE
:10786000F0EE680A02F01EF900224FF07F5351EC4F
:10787000100BF8F781FE02460B4643EC192B002251
:107880000023F9F753FA08B101231C93344B0B93EF
:10789000ECE6672715990B78FF2B00F0B1800024E8
:1078A0000D9A204603E001300131FF2B08D09342AE
:1078B00006DAD21A4B78002BF5D10B780134F4E7B5
:1078C00015910D920F900C940C9A0F9B18991344DC
:1078D000079A01FB0323079323EAE3730393FFF75C
:1078E0009ABA129BD3181944079166274BE60029D0
:1078F00057D130228DF87A200DF17B02303302F817
:10790000013B1EABD31A1693FFF76EBA07F10F02B5
:10791000D2B20121FFF726BA51EC180B0022002346
:10792000F9F704FA00287FF4F4AD049BC3F10103D6
:107930001C93EFE5C3F101031A4422EAE2730792B4
:1079400003936727ABE500BFE0BF000800003040AD
:107950000000E03F10C00008C4BF0008C8BF000816
:10796000CCBF0008F3077FF54AAAFFF744BA264ABE
:107970000A922AE4049A06F001061346334304D11E
:10798000012303936627079389E5129B01331A4469
:1079900022EAE27307920393662780E51A4B0A9363
:1079A00096E40DF17A02A9E70890C4E6164A0A9215
:1079B000D1E4099B9BF80170934653F8042B09937B
:1079C00042EAE2720492FEF706BB02231693FFF727
:1079D0000BBA1AEE902A0C2313604FF0FF33059375
:1079E000FEF73ABC084A0A920CE71AEE101A8B8985
:1079F00043F0400213468A81FEF727BC049CDFE671
:107A000000230C930F935FE710C0000870B50B4E76
:107A10009AB004466FF00045CDE904451346009442
:107A20000A463068064C029569460394FEF780FAD0
:107A3000009B00221A701AB070BD00BF0C0000201D
:107A40000802FFFF024B13B1024800F005B870476F
:107A500000000000D18A0008002301461A4618469B
:107A600002F016B92DE9F04F03690C69A34283B007
:107A7000C0F28780013C01F11405A30000F1140855
:107A8000009355F8243058F82420013381469A4257
:107A900008EB840005EB84070190B2FBF3F63BD3BF
:107AA0000023AE4640469B465EF804AB02681FFAD0
:107AB0008AFC06FB0C334FEA134C4FEA1A4A06FBCA
:107AC0000ACA1FFA83FCABEB0C0C1FFA8AF31CFAF0
:107AD00082FCC3EB124202EB2C421FFA8CFC4CEAF4
:107AE0000243774540F8043B4FEA224B4FEA1A43E2
:107AF000DAD2009B58F8033073B9019B043B9845D8
:107B000004D307E0984504F1FF3403D253F8042965
:107B1000002AF7D0C9F81040484601F093FE00282B
:107B20002BDB01364046002355F8041BD0F800C07B
:107B30008AB29A1A0B0C12FA8CF2C3EB1C4303EBB9
:107B4000224392B242EA0342AF4240F8042B4FEA8A
:107B50002343E9D258F8242008EB84036AB9043B94
:107B6000984504D307E0984504F1FF3403D253F855
:107B70000429002AF7D0C9F81040304603B0BDE808
:107B8000F08F002003B0BDE8F08F00BF00000000C0
:107B90002DE9F04F2DED068B95B08DED020B019187
:107BA000016C249D099259EC108B0446069341B157
:107BB000426C4A60012393408B6001F0E3FB002399
:107BC0002364B9F1000AB4BF012300232B607C4B6E
:107BD000BCBF2AF0004ACDF80CA033EA0A0300F03B
:107BE000B2809DED027B002251EC170BB0EE479A5C
:107BF000F0EE679A0023F9F799F8074680B1069AE4
:107C000001231360259B002B00F0DC826D48186077
:107C1000431E0093009815B0BDEC068BBDE8F08FB5
:107C200012AA13A92046B0EE490AF0EE690A01F043
:107C3000D1FEB0EE498AF0EE698A5FEA1A5605462F
:107C400040F09980DDE912763E4406F23240202869
:107C500040F3AD83C0F140000AFA00FA06F2124088
:107C600028FA00F04AEA0000F8F70CFC0123013E74
:107C70000D93A1F1F871544B0022F8F7C5FA4AA30D
:107C8000D3E90023F8F778FC49A3D3E90023F8F7F8
:107C9000BDFA804630468946F8F704FC46A3D3E98E
:107CA0000023F8F769FC02460B4640464946F8F7C0
:107CB000ADFA80468946F9F781F800228346002311
:107CC00040464946F9F73CF8002840F06E82BBF187
:107CD000160F00F25D823D4B03EBCB03D3E900238B
:107CE00051EC190BF9F72CF8002875D00023BE1BB6
:107CF0000C93731E0BF1FF3B049300F150820023A1
:107D00000893BBF1000F6EDA089BCDF814B0A3EB1B
:107D10000B030893CBF100030B93019B092B4FF04E
:107D2000000B69D8052B40F34083043B01930026E8
:107D3000019B023B032B00F29B86DFE813F050040B
:107D40004D0445042804069A42F20F73CAF3130A3D
:107D500013605AEA08031DD1259B002B00F07F8693
:107D60001B4B00930833259A0098136015B0BDECA7
:107D7000068BBDE8F08F18EE903AC3F3130351EC75
:107D8000190B43F07F510D97A6F2FF36129F41F475
:107D9000401170E7259B002B40F0DD830D4B0093D5
:107DA00038E700BFAFF3008061436F63A787D23F1E
:107DB000B3C8608B288AC63FFB799F501344D33FDA
:107DC0000000F07FFDBF00080000F83F70C1000810
:107DD00024C0000820C00008BE1B731E049300F1DD
:107DE0009C840C900890049B5B44CDE9043B0023E9
:107DF0000B93019B092B95D9002301264FF0FF32ED
:107E000001930A9607920993079B0F9300216164DF
:107E1000204601F091FA0090002800F03186009B86
:107E20002364079B0E2B00F2F980002E00F0F680F1
:107E30000599002940F37384BD4B01F00F0203EB59
:107E4000C2034FEA2118C905D3E9006740F1058450
:107E5000B84B51EC190BD3E90823F8F7B7FC41EC08
:107E6000180B08F00F084FF0030AB8F1000F13D0F9
:107E7000DFF8C09218F0010F09D030463946D9E931
:107E80000023F8F779FB0AF1010A06460F465FEA7C
:107E9000680809F10809EDD151EC180B32463B4650
:107EA000F8F794FC41EC1A0B0C9B5BB157EC1A6B86
:107EB000A14B1AEE100A00223946F8F741FF0028BC
:107EC00040F054855046F8F7EDFA53EC1A2BF8F7CA
:107ED00053FB9A4B0022F8F799F9079B8046A1F1D2
:107EE0005079002B00F0F583059B1093079B0E93B0
:107EF0000A9B002B00F0C2840E9A8D4B9049DDF84E
:107F000000A003EBC20353E902230020F8F75EFC54
:107F100042464B46F8F778F959EC1A8B41EC180BAE
:107F200049461AEE100AF8F749FF0746F8F7BAFA79
:107F300002460B461AEE100A4946F8F765F9303743
:107F40000AF8017B53EC182B06460F46F8F7F8FEAB
:107F5000002840F057854FF000080AEE105ACDF87F
:107F600044B055465BEC18AB08EE104A44462AE094
:107F70000E9B01349C424BDA724B5046594600220C
:107F8000F8F7FAFA6F4B002282468B4630463946A4
:107F9000F8F7F2FA89468046F8F710FF0746F8F737
:107FA00081FA02460B4640464946F8F72DF930372C
:107FB00005F8017B52465B4606460F46F8F7C0FEC1
:107FC000002840F01A8532463B465B490020F8F70E
:107FD0001BF952465B46F8F7B3FE0028C8D0109B49
:107FE000009A0593AA4618EE104A1AEE105A02E0BB
:107FF000924500F0EC84D1461AF8013D392BF7D0B8
:108000000133DBB28AF80030059B01330593ACE104
:10801000DDF844B01AEE105A18EE104A139B002BEC
:10802000C0F29480059A0E2A00F39080404B03EB37
:10803000C203D3E90089099B002B1BDA079B002BA5
:1080400018DC40F05F83404B002240464946F8F779
:1080500093FA02460B4651EC190BF8F77BFEDDF85C
:108060001CA05646002800F0D282099BDDF8008053
:10807000DF43D4E242464B4651EC190BF8F7A6FB1E
:10808000F8F79CFE06468346F8F70CFA42464B4644
:10809000F8F772FA0B46024651EC190BF8F7B4F8F0
:1080A000DDF800A0334630330AF8013B079B012B73
:1080B00000F090834FF0010B08EE105A08EE904A42
:1080C0001D465446DA461DE042464B463046394688
:1080D000F8F77CFBF8F772FE8346F8F7E3F94246BF
:1080E0004B46F8F749FA0AF1010A0B4602463946AF
:1080F0003046F8F789F80BF13003AA4504F8013B44
:1081000000F063830F4B0022F8F736FA00220023B9
:1081100006460F46F8F70AFE0028D5D0A24618EE0C
:10812000105A18EE904A059B01330593D1461CE185
:1081300070C1000848C100080000F03F00001C406A
:108140000000E03F00002440000014400A9A002A8A
:1081500040D0019A012A40F39E82079B03F1FF3829
:108160000B9B4345C0F27082A3EB0808079B002BD2
:10817000C0F26883049A1146089A194417461A44B3
:10818000049108920121204601F0AAF9064625E053
:108190000123BE1B0C93731E04937FF5B0ADC6F193
:1081A0000103089300230493ABE55846F8F77AF9E6
:1081B00042464B46F8F7BAFD00287FF488AD0BF134
:1081C000FF3B84E5874B0093009815B0BDEC068B10
:1081D000BDE8F08FDDF82C80089F0A9E002F0CDD93
:1081E000049A002A09DD0899BA421346A8BF3B4603
:1081F000C91AFF1AD31A089104930B9BDBB10A9B8F
:10820000002B00F08382B8F1000F0FDD31464246AB
:10821000204601F03FFA2A4601460646204601F074
:108220008DF929460546204601F0ACF80B9BB3EBCF
:10823000080240F001830121204601F051F9BBF111
:10824000000F824600F3B880019B012B40F3878129
:108250004FF000080120BBF1000F40F0B980049AF4
:10826000104410F01F0000F09780C0F12003042B91
:1082700040F3F983089BC0F11C00034402440893B7
:1082800007440492089B002B05DD29461A46204628
:1082900001F060FA0546049B002B05DD51461A46A5
:1082A000204601F057FA82460C9B002B40F03881A3
:1082B000079B002B40F31F810A9B002B40F0A280FC
:1082C000059B01330593DDF80080DDF81C90012744
:1082D00007E0294600230A22204601F05DF8013715
:1082E000054651462846FFF7BDFB4F4500F13000DB
:1082F00008F8010BEDDB079A002AC8BF9346009AE5
:10830000D8BF4FF0010B03469344002729460122B2
:108310002046019301F01EFA5146054601F092FAFB
:10832000002840F3A6811BF8013C009A0BF1FF3BAB
:1083300004E05A4500F0A8811BF8013D392B0BF1F0
:108340000109F6D001338BF800305146204601F088
:1083500019F856B12FB1B74203D03946204601F083
:1083600011F83146204601F00DF82946204601F06B
:1083700009F8002389F80030069B1A46059B136014
:10838000259B002B3FF446AC0098C3F8009015B035
:10839000BDEC068BBDE8F08F1C20089B03440893BE
:1083A000049B0344074404936CE70126C0E4C0F136
:1083B000200008FA00F057E401465A46204601F032
:1083C00069F9019B012B824640F3D5814FF00008EB
:1083D000DAF810300AEB8303186901F031F8C0F1C4
:1083E00020003CE7FCBF0008314600230A2220465B
:1083F00000F0D2FF0F9B002B064640F32383CDF8FD
:1084000014900793002F00F31881B8F1000F40F08B
:10841000FC81B046029B009F079903F001027B1E7E
:108420001944019B0A921343089109935146284627
:10843000FFF718FB31468346284601F003FA42460F
:1084400051468146204601F01FFAC26801460BF1F1
:108450003003002A42D104902846079301F0F2F934
:1084600004990290204600F08DFF029A079B1AB9EA
:108470000999002900F0D682B9F1000FC0F2878176
:10848000019949EA01090A9951EA090100F07F813D
:10849000002A00F3E781089A3B7007F1010997422F
:1084A000CB4600F0E581294600230A22204600F051
:1084B00073FF4645054631464FF000034FF00A0270
:1084C000204612D000F068FF4146064600230A22EB
:1084D000204600F061FF4F468046A7E72046029302
:1084E00000F050FF029B0122C6E700F055FF4F4607
:1084F000064680469AE7019B022B77DC0A9B002BFD
:1085000080D1059B5146013328460593FFF7AAFA0F
:10851000DDF800B000F130030BF8013B0027F5E671
:108520005146284601F08EF90028BFF6C1AE294613
:1085300000230A22204600F02FFF059B03F1FF399C
:108540000A9B0546002B7FF44FAF0F9B002B40F397
:1085500070820793B7E6BD4B0093033303E4DDE974
:10856000021200297FF474AEC2F31303002B7FF4D0
:108570006FAEB74B1340002B00F03D82089B0133D8
:108580000893049B013304934FF0010862E6012332
:108590000A93099B059A13440F930133012B1F463D
:1085A0000793B8BF01270021172F61647FF730AC14
:1085B000012204235B0003F11400B842114602F1CA
:1085C0000102F7D9616423E401230A93099F002F74
:1085D0004ADD0F970797E6E700230A93D9E70023C0
:1085E0000A93F3E70F9BCDF814900793079B002B9A
:1085F0007FF43BAD51460522204600F0CDFE0146FA
:108600008246284601F01EF900287FF72EAD00981B
:10861000059F3123804600F8013B01370090514609
:10862000204600F0AFFE7B1CDDF800900593CDF8EE
:108630000080002E7FF495AE97E631463A462046FC
:1086400001F088F80646E0E60B9BCDF82C80A8EBFD
:1086500003039B444FF0000888E54FF0020AB0EE98
:10866000498AF0EE698A00E4012309930793FFF732
:10867000CBBB03D1019BDB073FF555AED9461BF8B9
:10868000013D302BFAD060E6059B009A013305933B
:108690003123137059E60D9A002A00F0638103F22A
:1086A0003343049ADDF82C801A440492089A174642
:1086B0001A44089266E55046F7F7F4FE53EC1A2B7D
:1086C000F7F75AFF634B0022F7F7A0FD8046A1F1B0
:1086D0005079614B002251EC1A0BF7F795FD424699
:1086E0004B4606460F46F8F749FB002840F07F81CD
:1086F00030463946424609F10043F8F721FB00288D
:108700003FF48CAC4FF0000A5646AEE429460B9A73
:10871000204600F0BFFF05468DE50C903FE500F0D8
:108720004E81059A4D4B564206F00F0203EBC203F1
:10873000D3E9002351EC190BF7F71EFF361141EC7A
:108740001A0B00F08881464F00234FF0020AF2070F
:1087500006D5D7E90023F7F70FFF0AF1010A012335
:10876000761007F10807F2D1002B3FF49DAB41ECE6
:108770001A0BFFF799BB029B002B7FF427AEDDE9B4
:108780000212C2F31303002B3FF4F3AE1EE6002ADD
:1087900012DD294601222046019300F0DBFF5146FD
:1087A000054601F04FF80028019B40F33581392B35
:1087B00000F013810BF13103B94609F8013B059B29
:1087C0000133374605934646BFE5A24618EE105AD8
:1087D00018EE904A02460B46F7F718FD42464B4604
:1087E00006460F46F8F7CAFA60B942464B4630468D
:1087F0003946F8F79BFA00283FF495AC5FEACB7155
:108800007FF591AC009AFFF7F6BB7168204600F047
:1088100093FD0746002800F03A81336902339A003D
:1088200006F10C010C30F8F7B9F839460122204660
:1088300000F090FF8046EDE52946204600F02AFF33
:108840000546F8E4DDE907239F1A9BE420C00008F1
:108850000000F07F00001C400000144070C10008C0
:1088600048C10008392B00F0B880B9460133A4E7AD
:10887000059A013237460592464647E50E988D49DE
:1088800001EBC00142464B4651E90201F7F774FE85
:108890005AEC1A9B41EC180B51461AEE100AF8F7E5
:1088A0008DFA0746F7F7FEFD02460B461AEE100A50
:1088B0005146F7F7A9FC06460E98DDF800803037E0
:1088C000012808F8017B0F4600F0BA800E9B009A41
:1088D000CDF838B013449B46C246774B0022304651
:1088E0003946F7F749FE89468046F8F767FA0746A2
:1088F000F7F7D8FD303702460B4640464946F7F7B2
:1089000083FC0AF8017BDA4506460F46E5D1DA46D4
:10891000DDF838B0694B59EC188B002218EE100ABC
:108920004946F7F773FC32463B46F8F709FA002848
:108930006DD118EE102A4B4660490020F7F764FC11
:1089400032463B46F8F71AFA00283FF467ABD146A7
:108950000AF1FF3A19F8013C302BF8D0109B013393
:10896000059302E5129BC3F136039AE6079B002BA1
:108970003FF4A1AE0F9B002B7FF750AB059A0E93EF
:10898000013A4D4B10921AEE100A39460022F7F7C1
:10899000F3FD024616460F460AF10100F7F782FD85
:1089A00032463B46F7F7E8FD454B0022F7F72EFC31
:1089B00047EC1A6B8046A1F15079FFF799BA4FF056
:1089C000020AB0EE49AAF0EE69AAFFF76DBA059B5C
:1089D000013305933123FFF715BB059BBB460133DC
:1089E0000593392337460BF8013B46469DE44FF08B
:1089F000000A56460BE698462CE4AA4618EE104AA2
:108A00001AEE105A109B01330593D146ADE4109B2A
:108A1000009A0593FFF7EFBA7FF4CEAEDA077FF541
:108A2000CBAEC4E6392BD8D0B9F1000F3FF7C2AEB8
:108A3000C2E6019B022B3FF7D5ADCDF8149060E55F
:108A4000C24667E7019B022B3FF7CCAD0F9BCDF8E9
:108A500014900793D6E44FF0020AFFF725BA194B9A
:108A60000093FFF7D7B83FF40DACC0F13C0094E49D
:108A7000002666643146204600F05EFC009068B92E
:108A8000114B124800224FF4D57101F047F90E4BFB
:108A90000E483A4640F2EA2101F040F9009B236477
:108AA00001224FF0FF3309960F930A920793FFF7C5
:108AB000B5BA00BF70C10008000024400000E03FCC
:108AC00000001C4024C0000830C0000844C000085A
:108AD00038B5084B084D5B1B9C1007D0043B1D4468
:108AE000013C55F804399847002CF9D1BDE83840CD
:108AF00003F0CEB9CCC30008C8C30008F8B5244FB2
:108B00000C46064600F00CFCBA685568C4F57E6356
:108B10000F3325F003052B4423F47F6323F00F0369
:108B2000A3F58054B4F5805F07DB0021304600F0E8
:108B3000EFFFBB682B44984204D0304600F0F6FBB0
:108B40000020F8BD6142304600F0E2FF01300DD058
:108B5000104ABB682D1B45F001055D601368304667
:108B60001B1B136000F0E2FB0120F8BD0021304622
:108B700000F0CEFFBA68831A0F2BDEDD43F001034D
:108B80005360054B03491B68C01A0860D5E700BF56
:108B90003C0400202039012044080020002961D035
:108BA000F8B50C46064600F0BBFB54F8042C7B4F8E
:108BB000A4F1080522F0010105EB010CB868DCF80E
:108BC0000430604523F0030300F08B80D207CCF81B
:108BD000043032D454F8082CAD1A1144AA6807F1B5
:108BE000080082426AD00CEB0304D4F804E0EC687D
:108BF000D4601EF0010FA26000F0978041F00103E5
:108C00006B60CCF80010B1F5007F35D27A68CB08E4
:108C100048090121013381401143796007EBC30208
:108C200057F83310083AC5E9021247F83350CD60BF
:108C30003046BDE8F84000F079BB0CEB0302526807
:108C4000D00710D4194407F10800DCF8083083423B
:108C500073D0DCF80C20DA60936041F001036B60A4
:108C60006950D0E7704741F00103B1F5007F44F847
:108C7000043CCCF80010C9D3B1F5206F4FEA512362
:108C800048D28B0903F1390003F13802C300F81808
:108C9000FB580838984259D05A6822F003028A4299
:108CA00002D99B689842F7D1D868C5E9023085603F
:108CB000DD603046BDE8F84000F038BB0CEB030245
:108CC0005268D20763D40B44DCE90212CA60916097
:108CD00043F001026A603046EB50BDE8F84000F016
:108CE00025BB0B44D10707D454F8082CAD1A134404
:108CF000D5E90212CA60916043F001026A60284A15
:108D0000BD6012689A4293D8264B30461968FFF727
:108D1000F5FE8DE7142B0AD9542B1FD80B0B03F14A
:108D20006F0003F16E02C300B1E719448DE703F150
:108D30005C0003F15B02C300A9E741F00103C7E94E
:108D40000455C5E902006B60695071E779689210BB
:108D5000012404FA02F20A437A60A6E7B3F5AA7F77
:108D600006D8CB0B03F1780003F17702C3008EE73E
:108D700040F25452934206D88B0C03F17D0003F16C
:108D80007C02C30083E74FF47E737E227FE741F0CD
:108D900001036B60CCF800104AE700BF3C040020E0
:108DA0004808002050390120004870473C09002045
:108DB000704700BF704700BF704700BF704700BFDB
:108DC0002DE9F04F01F10B06162E83B0044624D88E
:108DD000102900F2BA8000F0A3FA1026182202200F
:108DE000B54F3A44A2F1080153688B4200F0BA80B3
:108DF0005A68D96822F003021A449D68E9608D60C0
:108E0000516841F001012046516003F1080500F06E
:108E10008DFA284603B0BDE8F08F36F0070600F162
:108E20009480B14200F2918000F07AFAB6F5FC7FAE
:108E3000C0F09A81730A00F08F80042B00F26F81DA
:108E4000B30903F1390003F1380CC3009A4F3B44D6
:108E5000A3F108055B689D4206D10CE0002980F271
:108E60002781DB689D4206D05A6822F00302911BDD
:108E70000F29F3DD60463D69DFF850C265457CD0BF
:108E80006A6822F00302931B0F2B00F37B81002BF7
:108E9000C7E904CC80F26C81B2F5007F80F01A81C2
:108EA000D308796801334FEA521E012202FA0EF20A
:108EB0000A4357F833E0C5F808E007EBC301083967
:108EC000E9607A6047F83350CEF80C5083100121E6
:108ED0009940914257D8114206D120F00300490031
:108EE000114200F10400FAD007EBC0094D46864656
:108EF000D5F80C80454508D11DE1002B80F2248176
:108F0000D8F80C80454500F01681D8F8042022F0EE
:108F10000302931B0F2BF0DD2046D8E9025408EB27
:108F2000060146F00106C8F80460EC60A56043F055
:108F30000104C7E90411C1E902CC4C6048F80230D1
:108F400000F0F4F908F1080502E00C232360002585
:108F5000284603B0BDE8F08F4FF4007340204FF077
:108F60003F0C73E7D3689A4208BF02307FF440AFEA
:108F70003D69DFF858C1654582D17A6883100121C7
:108F800099409142A7D9BD686B6823F003094E450B
:108F900003D8A9EB06030F2B7ADCDFF834B1474B7B
:108FA000DBF800201B680132334405EB090A00F0AE
:108FB000338103F580530F3323F47F6828F00F08C3
:108FC0004146204600F0A4FD411C024600F0F3801B
:108FD000824500F2EE803A4B196841441960084618
:108FE00000F04E81DBF80010019301311BBFA2EBB2
:108FF0000A0A5044CBF80020186012F0070B00F06A
:109000001781CBF108010A44CBF580519044083117
:10901000A1EB0801C1F30B0A51462046009200F073
:1090200077FD421CDDE9002300F04F81801A00EB40
:109030000A081968BA6048F001005144BD42506006
:10904000196000F02981B9F10F0F40F2278168689B
:10905000A9F10C0C2CF0070C00F0010040EA0C0008
:1090600068604FF0050E05EB0C00BCF10F0FC0E976
:1090700001EE00F2328150681546124B1A688A429E
:1090800038BF1960104B1A688A4238BF196094E0E3
:10909000AA1943F0010346F001066E602046BA604B
:1090A000536000F043F90835284603B0BDE8F08F5F
:1090B000D9681A44A1E600BF3C04002050390120C1
:1090C00020390120483901204C3901204404002076
:1090D00044080020B2F5206F4FEA522363D3142BCB
:1090E00000F2B78003F15C01C9005B3307EB010EAE
:1090F0007958AEF1080E8E4500F091804B6823F050
:109100000303934202D989688E45F7D1D1F80CE068
:109110007A68C5E9021ECEF80850CD60D6E6142B59
:1091200059D9542B00F29D80330B03F16F0003F1EA
:109130006E0CC3008AE60EF1010E1EF0030F05F15E
:1091400008057FF4D5AE51E0424445465368D8F84F
:109150000C1043F00103536055F8083F2046D960D6
:109160008B6000F0E3F8F3E6F00806F1080237E65A
:109170002A442046536843F001035360083500F049
:10918000D5F8E5E6A919204646F0010643F00104AA
:109190006E60C7E90411C1E902CC4C60AB5000F02D
:1091A000C5F80835D4E6930903F13901C90038330D
:1091B0009CE7BD425FD0BD68686820F00308464563
:1091C000A8EB060302D80F2B3FF762AF204600F052
:1091D000ADF80025BCE603F15C0003F15B0CC300B5
:1091E00034E659F808394B4540F0968010F0030FEB
:1091F00000F1FF30F5D17B6823EA01037B60490071
:1092000099423FF6C0AE19B9BDE649000EF1040E11
:109210001942FAD0704667E603F11008D0E69A10BA
:109220004FF001087B6808FA02F21A437A6070E78F
:1092300002EB08014942C1F30B0A51462046009255
:1092400000F066FC431CDDE900237FF4EFAEDA4654
:10925000EFE6542B25D8130B03F16F01C9006E33D1
:1092600044E7B3F5AA7F25D8F30B03F1780003F1A7
:10927000770CC300EAE5294B186840441860B1E652
:10928000CAF30B0CBCF1000F7FF4ACAEBD68C84450
:1092900048F001006860F0E61546EEE601235360F1
:1092A00094E7B3F5AA7F23D8D30B03F17801C90063
:1092B00077331BE740F25452934223D8B30C03F1A7
:1092C0007D0003F17C0CC300C0E5ABF1080BD84472
:1092D000A8EB02084FF0000AABE605F108012046B2
:1092E0000093FFF75BFCBD68009B68681968C4E6E3
:1092F00040F254518B420BD8930C03F17D01C9000D
:109300007C33F3E64FF47E737F204FF07E0C9DE5B7
:109310004FF47E717E23E9E67B6870E720390120F7
:109320000148FFF749BD00BF143901200148FFF78C
:1093300045BD00BF14390120C36C70B505460C460D
:109340004BB153F8240080B1026843F82420002375
:10935000C0E9033370BD2122042100F0FFFC034665
:10936000E8640028EDD1002070BD012101FA04F667
:10937000721D9200284600F0F1FC0028F3D0C0E9ED
:109380000146E4E731B1C36C4A6853F82200086033
:1093900043F82210704700BFF0B50C69064683B051
:1093A0000D4601F1140E0020DEF800101FFA81FCBA
:1093B00002FB0C334FEA134C090C02FB01CC0130C9
:1093C0009BB203EB0C4384424EF8043B4FEA1C4330
:1093D000EADC3BB1AA68A24207DD05EB8402013456
:1093E00053612C61284603B0F0BD696801930131D7
:1093F0003046FFF7A1FF019B0746B8B12A690193E8
:10940000023205F10C0192000C30F7F7C7FAF26C4A
:109410006968019B52F82100286042F821503D46BE
:1094200005EB8402013453612C61DBE7024B0348F6
:109430003A46B52100F072FC30C00008C4C00008F4
:10944000030C1B04D3B90004102310F07F4F04BF9A
:109450000002083310F0704F04BF0001043310F015
:10946000404F04BF80000233002805DB10F0804F1E
:1094700003F1010308BF2023184670470023E4E7E7
:10948000036813F00702014607D0DA071FD49807D4
:1094900021D55B080B600120704798B2A0B110463F
:1094A000DAB20AB908301B0A1A0704BF1B090430D4
:1094B0009A0704BF9B080230DA0703D45B0800F167
:1094C000010006D00B6070471B0C1020E8E700205D
:1094D0007047202070479B080B600220704700BF38
:1094E00038B5C36C04460D464BB15868B0B102683C
:1094F0005A6000220123C0E90435C26038BD212230
:10950000042100F02BFC0346E0640028EDD1094B58
:10951000094800224FF4A07100F000FC1C22012138
:10952000204600F01BFC0028F1D001220223C0E9F4
:109530000123DEE730C00008C4C000082DE9F04F69
:109540000E691569AE4285B08846144605DB2A4689
:10955000234635460C4616469846A3686168AF19FF
:10956000BB42B8BF0131FFF7E7FE0190002800F0D1
:109570008680019B03F1140909EB870AD14505D2C6
:109580004B46002243F8042B9A45FBD808F11408F7
:1095900008EB860B04F11403D8451A4603EB850546
:1095A0005FD22B1B153B23F0030304331534A54274
:1095B00038BF0423CDE902A7AC461F46924605E01A
:1095C000000C29D1C34509F1040948D958F8040B06
:1095D00085B2002DF4D056464C46002356F8040BB5
:1095E000216882B21FFA81FE05FB02EE000C0A0C14
:1095F000734405FB002202EB13429BB243EA024391
:10960000B44544F8043B4FEA1243E7D849F8073021
:1096100058F8040C000CD5D0D9F80030544619463F
:109620004D4600222688090C00FB06110A449BB215
:1096300043EA024345F8043B54F8046B2968360CAE
:109640008BB200FB063303EB1243A4454FEA1342EF
:10965000E8D8C34549F8073009F10409B6D8DDE96F
:1096600002A7002F02DC05E0013F03D05AF8043DB9
:10967000002BF9D00198076105B0BDE8F08F034BCE
:109680000348019A40F25D1100F048FB30C0000829
:10969000C4C0000812F003032DE9F0411446064649
:1096A00032D10D46A41020D0D6F84880B8F1000F72
:1096B00033D0E3074FF0000707D4641015D0D8F873
:1096C0000000A8B18046E307F7D542462946304658
:1096D000FFF734FFB5B16968F36C641053F82120CB
:1096E0002A6043F821500546E9D12846BDE8F081BB
:1096F000424641463046FFF721FFC8F800000760A8
:109700008046E0E70546D8E7013B0F4A52F82320A0
:109710000023FFF741FE0546C4E701213046FFF76D
:109720000BFE804640B1012340F27122C0E90432B1
:109730000023B0640360BCE7044B054842464FF485
:10974000A07100F0EBFA00BF38C2000830C000087A
:10975000C4C000082DE9F0470C4690462669A3686E
:10976000496806EB6216751C9D4207464FEA62196E
:1097700004DD5B009D4201F10101FADC3846FFF790
:10978000DBFD8446002851D0B9F1000F00F1140030
:109790000EDD09F105024FEA820E03460CEB820250
:1097A000002143F8041B9342FBD1AEF1140318448B
:1097B000216904F1140318F01F0803EB81012DD077
:1097C000C8F1200986464FF0000A1A6802FA08F22A
:1097D00042EA0A024EF8042B53F8042B994222FA6B
:1097E00009FAF2D80B1B153B23F00303043304F1F1
:1097F0001502914238BF0423BAF1000F18BF2E465C
:1098000040F803A0FB6C6268CCF8106053F822109B
:109810002160604643F82240BDE8F087043853F8E1
:10982000042B40F8042F9942F9D8EBE7034B044886
:10983000624640F2D91100F071FA00BF30C0000852
:10984000C4C000080B6984460069C01A16D10CF127
:10985000140C14310CEB830210B401EB830301E010
:10986000944508D252F8044D53F8041D8C42F7D0A9
:1098700005D24FF0FF305DF8044B70477047012070
:109880005DF8044B704700BF2DE9F84F0F6913696D
:10989000FF1A002F0E4690467AD101F114051432BA
:1098A00002EB830205EB830301E09D4273D253F880
:1098B000041D52F8044DA142F7D064D37168FFF73C
:1098C0003BFD8146002872D03569D8F81020C7606A
:1098D00008F1140E06F1140009F1140A06F1100C37
:1098E0000EEB820200EB8507564600215EF8044B22
:1098F0005CF804BFA3B211FA8BF1CB1A210CC1EBB7
:109900001B4101EB23419BB243EA0143724546F8F8
:10991000043B4FEA2141E9D8A2EB0804153C08F1C9
:109920001508424524F0030606F1040638BF042654
:10993000304424F0030238BF002287425244B2442C
:1099400016D95646044654F8043B11FA83F10A141A
:1099500002EB134289B241EA0243A74246F8043BB4
:109960004FEA2241EFD87A1E101A20F00302524427
:1099700023B952F8043D013D002BFAD0C9F810502C
:109980004846BDE8F88F334601274646984695E796
:10999000F9DB002792E70021FFF7CEFC814668B192
:1099A00001220023C9E904234846BDE8F88F074B8C
:1099B00007484A464FF4107100F0B0F9034B0448D1
:1099C0004A4640F2322100F0A9F900BF30C0000839
:1099D000C4C000082DE9F043884683B0012157EC4C
:1099E000106B1546FFF7A8FC044600284FD0C7F3BC
:1099F0000A59C7F31303B9F1000F01D043F48013E0
:109A0000002E019324D068460096FFF739FD002808
:109A100039D0DDE90013C0F1200203FA02F20A4353
:109A2000C34062610193002B14BF02220122A36193
:109A30002261B9F1000F16D0A9F233430344C0F1FB
:109A40003500C8F800302860204603B0BDE8F08338
:109A500001A8FFF715FD019B6361012220302261FF
:109A6000B9F1000FE8D104EB8203A0F23240C8F84C
:109A700000001869FFF7E4FCC0EB421028602046A4
:109A800003B0BDE8F083009B6361019BCBE7034B10
:109A90000348224640F20A3100F040F930C0000885
:109AA000C4C0000853EC102B70B5164E23F00041D3
:109AB0000025B1420446056021DC10EE106A0E4319
:109AC0001DD0114E1E40184666B91946002210EEF0
:109AD000100A0E4BF6F750FD6FF0350502460846AA
:109AE00021F0004120F0FF40091520F4E000A1F230
:109AF000FE3140F07F53294443F40013216043ECCE
:109B0000102B70BDFFFFEF7F0000F07F000050437F
:109B100038B5074D0022044608462A60F7F736FD9F
:109B2000431C00D038BD2B68002BFBD0236038BD10
:109B30005439012030B540EA0104A30701D1032ABA
:109B40000FD8844601F1FF3E07E01EF8011F03F81D
:109B5000011B541EC1B19C4622466346002AF4D123
:109B600030BD0B468446194653F8045BA5F1013419
:109B700024EA050414F0803FE4D1043A032A4CF8A7
:109B8000045B1946EFD8DDE76244002CE8D003F807
:109B9000011B9342FBD130BD2DE9F04F936883B098
:109BA0009146002B6ED017688D6880460C46086879
:109BB000083744E0A38913F4906F2ED0D4E904153C
:109BC000A0EB010A05EB450505EBD5750AEB060090
:109BD0006D100130A8422A4684BF05462A465B051F
:109BE00037D511464046FFF7EBF800283BD05246E8
:109BF00021690190F6F7D2FEA289019B22F49062BE
:109C000042F08002A281A5EB0A0203EB0A00656123
:109C1000A260236120603546B2465946524600F0A4
:109C2000FDF8A068D9F808102368451B8E1B03EBCC
:109C30000A00A5602060C9F808601EB3083757E91C
:109C400002B6002EFAD0B542AA46B3D93546B2467E
:109C5000E3E7404600F05EF903460028D3D12169CE
:109C60004046FEF79BFF0C23C8F80030A389002272
:109C700043F040034FF0FF30A381C9E9012203B054
:109C8000BDE8F08F0020C9F8040003B0BDE8F08FF4
:109C90002DE9F047DFF880A00646DAF80000984684
:109CA0000F469146FFF788F81A4B1B68D3F84841D6
:109CB00024B365681F2D26DC5EB96B1C0235DAF80B
:109CC0000000636044F82570FFF778F80020BDE8D5
:109CD000F08704EB85010123C1F88890D4F888212E
:109CE000AB401A43022EC4F88821C1F80881E4D1A0
:109CF000D4F88C211343C4F88C31DEE703F5A67445
:109D0000C3F84841D5E7DAF80000FFF757F84FF0FD
:109D1000FF30DCE7B8BF00083804002000B50B4C6A
:109D200025681446EE681A4685B003460D464CB1C8
:109D300007490095CDE901143046064900F03EF888
:109D400001F0C2FA04490C46F3E700BF0C00002002
:109D500044C2000854C2000850C2000810B502FBFB
:109D600001F1FFF72DF8044668B150F8042C22F0F9
:109D70000302043A242A18D8132A06D802460023DC
:109D8000C2E900339360204610BD00231B2AC0E9BE
:109D900000330FD9242AC0E9023311BF00F11002A9
:109DA000036100F118024361E9E70021FCF76CF858
:109DB000204610BD00F10802E1E700BF0EB410B567
:109DC00083B005AB064C53F8042B01930146206881
:109DD00000F0C8FA03B0BDE8104003B0704700BF00
:109DE0000C000020014B93F8280170474C0800201C
:109DF00082B049B15AB16BB113780B601278101E62
:109E000018BF012002B0704701A9002AF3D1104603
:109E100002B070476FF00100F4E700BF88420DD92F
:109E20008B1883420AD900EB020CBAB1624613F8D0
:109E300001CD02F801CD9942F9D170470F2A0ED811
:109E4000034602F1FF3C4AB10CF1010C013B8C448A
:109E500011F8012B03F8012F6145F9D1704740EA51
:109E600001039B0750D1A2F1100370B501F1200C42
:109E700023F00F0501F1100E00F11004AC441B0992
:109E80005EF8105C44F8105C5EF80C5C44F80C5C06
:109E90005EF8085C44F8085C5EF8045C44F8045C16
:109EA0000EF1100EE64504F11004E9D1013312F071
:109EB0000C0F01EB031102F00F0400EB031327D08A
:109EC000043C24F003064FEA940C1E441C1F8E46EB
:109ED0005EF8045B44F8045FB442F9D10CF101046C
:109EE00002F0030203EB840301EB840102F1FF3C67
:109EF0004AB10CF1010C013B8C4411F8012B03F821
:109F0000012F6145F9D170BD02F1FF3C03469BE78B
:109F10002246EBE72DE9F84F1746002900F098801C
:109F200007F10B0580460C46FFF7FAF9162D5DD8B0
:109F300010252A46AF425ED854F8041C21F00306CF
:109F40009642A4F1080962DABC4BD3F808C009EBC9
:109F50000600844500F09780D0F804C02CF001037F
:109F600003445B68DB0768D42CF0030C06EB0C039E
:109F7000934247DACB0710D454F8083CA9EB030A04
:109F8000DAF8043023F003018C44B444944580F2A1
:109F900011817318934280F2E88039464046FEF7FB
:109FA0000FFF0746E0B154F8043C23F001034B4493
:109FB000A0F10802934200F0D280321F242A00F25E
:109FC000F580132A00F2AC8003462246116819601E
:109FD0005168596092689A6021464046FEF7DEFD5E
:109FE0004046FFF7A3F93846BDE8F88F25F007058E
:109FF000002D2A469EDA0C23C8F800300027384688
:10A00000BDE8F88F1E46D0E90223D3609A60731B27
:10A010000F2B22D8D9F8043003F0010333434E4408
:10A02000C9F80430736843F0010373604046274663
:10A03000FFF77CF93846BDE8F88FC907ADD454F86E
:10A04000083CA9EB030ADAF8041021F00301A0E7A9
:10A05000BDE8F84F1146FEF7B3BED9F8041001F081
:10A0600001012943C9F8041009EB05014E4443F0EE
:10A0700001034B60736843F001030831736040468D
:10A08000FEF78CFDD2E7DCF8040020F0030B06EBB2
:10A090000B0C05F1100084454DDAC9073FF57DAF83
:10A0A00054F8081CA9EB010ADAF8041021F00301A6
:10A0B0008B44B34458453FF76CAF5746DAF80C1061
:10A0C00057F8080F321F242AC160886000F2DB8035
:10A0D000132A40F2D6802168CAF808106168CAF8CD
:10A0E0000C101B2A00F2DF8008340AF110022168EC
:10A0F000116061685160A16891600AEB0501ABEBEA
:10A10000050242F0010299604A60DAF8043003F077
:10A1100001031D434046CAF80450FFF707F96EE7F4
:10A1200023680360636843601B2A68D804F108024F
:10A1300000F108034AE709EB05029A60ACEB05035E
:10A1400043F00103536054F8043C03F001031D4342
:10A15000404644F8045CFFF7E9F827464FE750F81B
:10A16000043C23F003031E4451E75746DAF80C1071
:10A1700057F8080F321F242AC16088604CD8132A70
:10A1800048D92168CAF808106168CAF80C101B2A5F
:10A1900056D808340AF110021E462368136063681B
:10A1A0005360A3689360D1463C4630E72146FFF7F1
:10A1B00035FE11E7D0E902135746CB60996057F896
:10A1C000081FDAF80C30CB60321F242A99602DD892
:10A1D000132A29D92368CAF808306368CAF80C30F2
:10A1E0001B2A42D808340AF1100322681A606268F8
:10A1F0005A60A2689A606646D1463C4607E7A36863
:10A200008360E368C360242A26D004F1100200F1C1
:10A210001003DBE63A46BFE7214638461E46D146E4
:10A22000FFF7FCFD3C46F2E63B46DEE721463846BA
:10A230006646D146FFF7F2FD3C46E8E63C040020C6
:10A24000A168CAF81010E168CAF81410242A20D0B6
:10A2500010340AF118029FE72369036161694161C3
:10A2600004F1180200F11803B0E6A368CAF8103030
:10A27000E368CAF81430242A21D010340AF11803F4
:10A28000B3E73A4633E721463846FFF7C7FD164B9A
:10A2900033E72269CAF818206269CAF81C2018340A
:10A2A0000AF1200278E7A168CAF81010E168CAF83C
:10A2B0001410242A0DD010340AF1180217E723696C
:10A2C000CAF818306369CAF81C3018340AF1200340
:10A2D0008BE72269CAF818206269CAF81C20183472
:10A2E0000AF1200203E700BF3C0400202DE9F84FEB
:10A2F0004B6E9C0490462DD59368126843B38B46F1
:10A30000064602F1080959E9025A5FEA9A0715D090
:10A31000043D002401E0A7420ED055F8041F5A4620
:10A32000304601F08BF9431C04F10104F3D1002302
:10A33000C8E90133BDE8F88FD8F808302AF0030ADD
:10A34000A3EB0A03C8F8083009F10809002BDAD199
:10A350000020ECE701F0A6F90023C8E90133BDE8CD
:10A36000F88F00BF2DE9F04F2DED028BBBB008EE4A
:10A37000101A08EE900A1C461746039318B1836B17
:10A38000002B00F09C8218EE102A536EDE0740F17D
:10A390009E81B2F90C108AB2900409D441F40052A3
:10A3A00018EE101A4B6E8A8123F4005392B24B665A
:10A3B000110740F1F88018EE103A1B69002B00F0ED
:10A3C000F28002F01A030A2B00F0FE8011AB0E930C
:10A3D0000023CDE90F33CDE9083306930DF144098D
:10A3E000079302933B78002B00F05B813C4604E02E
:10A3F00014F8013F002B00F03481252BF8D1E51B28
:10A4000040F031812378002B00F04B814FF00003A6
:10A4100000258DF83330671C637801954FF0FF3BC2
:10A420002B240137A3F120025A2A00F26181DFE8D0
:10A4300012F0AB025F015F01A7025F015F015F01E4
:10A440006A005F015F0149027E025F015402B902A6
:10A450005F01B5025B005B005B005B005B005B00C3
:10A460005B005B005B005F015F015F015F015F01FB
:10A470005F015F015F015F01360284005F015F01E0
:10A480005F015F015F015F015F015F015F015F01CC
:10A49000E5005F015F015F011A025F016C025F016D
:10A4A0005F0148055F015F015F015F015F015F01BF
:10A4B0005F015F015F015F01360286005F015F019E
:10A4C0005F016202860080005F0158025F01940212
:10A4D000E700820280005F011A027E0068055F01CA
:10A4E0005F016A055F017E00A3F13002002117F8C9
:10A4F000013B01EB810102EB4101A3F13002092A8A
:10A50000F5D901918EE718EE900AFEF74DFC4368ED
:10A5100008931846F6F7F4FA0990064618EE900AE2
:10A52000FEF742FC83680793002E40F0A5843B7839
:10A5300077E73B7845F0200573E745F01005AC065A
:10A54000039E40F18281073626F007063246736883
:10A5500052F8086B03929846002BC0F25584BBF169
:10A56000FF3F00F03A8556EA080325F0800A00F024
:10A5700030840A2E78F1000380F0E784303601231E
:10A580008DF8E760554600930DF1E704009A9DF8B9
:10A5900033305A45B8BF5A469046002B00F0B7807A
:10A5A00002F10108B3E018EE101A18EE900A18EE46
:10A5B000105A00F01FFE002840F0A885AA8902F07A
:10A5C0001A030A2B7FF402AF18EE101AB1F90E30FD
:10A5D000002BFFF6FBAE4B6EDE0702D4950540F173
:10A5E000738518EE101A18EE900A23463A463BB0CF
:10A5F000BDEC028BBDE8F04F00F0AEBD45F010059C
:10A6000015F0200800F01281039E073626F0070699
:10A610003346D6F8048053F8086B039325F4806A18
:10A6200000234FF000028DF83320BBF1FF3F00F014
:10A63000D38156EA08022AF0800540F0CC81BBF1B4
:10A64000000F40F0CD84002B40F0C8831AF00103C6
:10A65000009300F0F88330238DF8E7300DF1E70424
:10A6600094E7E51B1DD00F9B109A01332A44072B5A
:10A67000C9E9007510920F9305DC09F10809029BE6
:10A680002B440293BEE6002A00F09F8318EE101AB6
:10A6900018EE900A0EAAFFF729FE40B90DF1440901
:10A6A000EDE7109B002B40F0208500230F9318EE60
:10A6B000102A536ED90740F1AE8093895B0600F1F2
:10A6C0002E8502983BB0BDEC028BBDE8F08FB2F94D
:10A6D0000C108D0518EE103A8AB23FF55DAE18EEFB
:10A6E000105A986DFEF768FBB5F90C108AB253E664
:10A6F000002BD6D08DF884304FF001084FF00003C6
:10A700008DF83330CDF8008021AC4FF0000B15F000
:10A710000203049318BF08F1020815F0840305939F
:10A7200005D1019BA3EB0806002E00F37F82DDE933
:10A730000F21501C9DF833608EB10DF133020131B1
:10A74000C9F8002007284FF00102CDE90F01C9F830
:10A75000042000F34C82024609F108090130049BF1
:10A76000EBB10DAB0231C9F8003007284FF00203FE
:10A77000CDE90F01C9F8043040F35382002900F0FD
:10A780001F8318EE101A18EE900A0EAAFFF7AEFDFE
:10A7900000288CD1DDE90F210DF14409501C059BE7
:10A7A000802B00F05A81009BABEB0306002E00F3D8
:10A7B000BD81009BC9F8004019440728CDE90F016D
:10A7C000C9F8043040F34681002900F0858218EE74
:10A7D000101A18EE900A0EAAFFF788FD00287FF4E1
:10A7E00066AF10990DF14409680705D5019BA3EBED
:10A7F0000804002C00F37A82DDE901234245ACBF56
:10A800009B1843440293002940F0E08100230F93FA
:10A810000DF14409E6E593899A053FF54FAF18EE2F
:10A82000104AA06DFEF7CAFAA38947E715F0100396
:10A8300040F03A8315F0400200F0F983039A52F891
:10A84000046B03929846B6B2E8E656F8043B0396CA
:10A85000E80600F10483690640F1FE8243F3C03844
:10A860001EB2434678E6039E56F8044B4FF00003B1
:10A870008DF83330002C00F0C183BBF1FF3F00F0B6
:10A8800045835A4600212046F6F7AAF9002800F031
:10A890002084031B009303964FF0000B76E6039E83
:10A8A0004FF000038DF833304FF0010856F8043BA9
:10A8B0008DF884300396CDF8008021AC25E700F0B8
:10A8C000D7FD60E5039B53F8042B0192002A80F228
:10A8D000B682019A0393524201923B7845F00405F7
:10A8E0009FE53B786C2B03BF7B7845F02005013753
:10A8F00045F0100595E53B78682B03BF7B7845F460
:10A900000075013745F040058BE545F0100A1AF057
:10A91000200800F06A82039E073626F007063346B9
:10A92000D6F8048053F8086B0393012379E63B784B
:10A930008DF8334075E5039B53F8046B0393302384
:10A940008DF8343078238DF83530C14B069345F0BF
:10A95000020A4FF00008022363E6AE0600F19A8275
:10A96000EC0600F14383680600F1A083A90540F1DD
:10A970003D83039E029A56F8043B03961A7031E514
:10A980003B7845F001054CE59DF83330002B7FF412
:10A99000CEAD20238DF833303B7842E53B7845F04F
:10A9A00080053EE5394611F8013B2A2B00F0C083B3
:10A9B000A3F13002092A0F464FF0000B3FF632ADEB
:10A9C00017F8013B0BEB8B0B02EB4B0BA3F13002A7
:10A9D000092AF5D926E5AA46012B3FF4CAAD022B78
:10A9E0003AAC12D1069A06F00F033609D35C04F88C
:10A9F000013D46EA08764FEA181856EA0803F2D1F4
:10AA00003AAB1B1B55460093C0E506F00703F6085A
:10AA100046EA48764FEAD808303356EA080122461B
:10AA200004F8013DF1D11AF0010FE9D0302BE7D045
:10AA30003023023A04F8013C3AAB9B1A5546009386
:10AA40001446A3E5009911940123129110910F93DC
:10AA50000DF1440909F10809C6E6019BA3EB0806BC
:10AA6000002E7FF7A0AE102E40F35E83DFF8E4A146
:10AA70005346CDE90445BA4618EE904A18EE105AEE
:10AA8000084696461F4607E00EF1020C09F1080938
:10AA90009646103E102E1FDD0EF1010210301023DD
:10AAA000072ACDE90F20C9F80070C9F80430EBDDA2
:10AAB0000EAA002800F09580294620460DF1440991
:10AAC000FFF714FC00287FF4F2ADDDE90FE0103E43
:10AAD000102E0EF1010CDFDCDDE904453B4601469A
:10AAE00057469A463144BCF1070FCDE90FC1C9F86A
:10AAF00000A0C9F8046040F3A981002900F0C682D3
:10AB000018EE101A18EE900A0EAAFFF7EFFB0028B5
:10AB10007FF4CDAD009BDDE90F21ABEB0306002EEA
:10AB200002F101000DF144097FF743AE102EDFF86A
:10AB300024A137DD5346CDE90445BA4618EE904AC4
:10AB400018EE105A4FF0100B084694461F4607E0C7
:10AB50000CF1020E09F108099446103E102E1ADD80
:10AB60000CF101021030072AC9E9007BCDE90F2062
:10AB7000EEDD0EAA20B3294620460DF14409FFF769
:10AB8000B5FB00287FF493ADDDE90FC0103E102E19
:10AB90000CF1010EE4DCDDE904453B460146574675
:10ABA00070469A4631440728CDE90F01C9F800A044
:10ABB000C9F8046000F3EE8009F108090130F8E5F6
:10ABC0004FF0010E84460DF14409C6E718EE101A45
:10ABD00018EE900A0EAAFFF789FB00283FF416AE84
:10ABE00065E54FF0010C86460DF1440951E7002957
:10ABF00000F0E38018EE101A18EE900A0EAAFFF784
:10AC000075FB00287FF453ADDDE90F210DF14409F8
:10AC1000501CA4E502210DAB1291119301200DF1FE
:10AC20004409024609F10809501CB8E5102E40F30A
:10AC30005682DDE90FC1DFF820A0CDE90A451023D7
:10AC4000544618EE105A18EE90AA08460EE000BFBF
:10AC5000CCBF0008A4C2000894C200080CF1020E88
:10AC600009F108099446103E102E1CDD0CF101027A
:10AC70001030072AC9E90043CDE90F20EEDD0EAA06
:10AC800020B3294650460DF14409FFF72FFB002859
:10AC90007FF40DADDDE90FC0103E102E0CF1010E5A
:10ACA0004FF01003E2DCA2460B9D0A9C014672465F
:10ACB0003144072ACDE90F21C9F800A0C9F8046082
:10ACC00000F3AB8009F10809501C33E584464FF0CE
:10ACD000010E0DF14409C6E76C070F9152D5019B97
:10ACE000A3EB0804002C4DDD0DF14409102C40F3BA
:10ACF0000882DFF85CA40F9A0B46BB4649465746CC
:10AD000018EE109A18EE90AA102505E0901C083154
:10AD10003246103C102C18DD561C1033072EC1E9AA
:10AD20000075CDE90F63F1DD0EAA3BB349465046ED
:10AD3000FFF7DCFA00287FF4BAACDDE90F23103C02
:10AD4000102C02F1010011A9E6DC8946BA46194629
:10AD50005F4621440728C9E900A4CDE90F017FF728
:10AD60004BAD79B118EE101A18EE900A0EAAFFF743
:10AD7000BDFA00287FF49BAC10993DE501201A46EE
:10AD800011A9C6E7DDE901234245ACBF9B18434446
:10AD900002933BE500293FF455AE18EE101A18EE69
:10ADA000900A0EAAFFF7A2FA00287FF480AC0F9851
:10ADB000109901300DF14409FBE4049B002B79D17B
:10ADC00001200A460DF14409E9E40F920DF144090E
:10ADD00055E4BBF1000F7FF4D1AB55464FF0000BAB
:10ADE000CDF800B03AACFFF7D1BB1AF010033CD15C
:10ADF0001AF0400200F00C81039A52F8046B03929F
:10AE00009846B6B201230CE42D2376428DF83330F8
:10AE100068EB4808AA46012307E400297FD018EE12
:10AE2000101A18EE900A0EAAFFF760FA00287FF4B5
:10AE30003EACDDE90F210DF14409501C7AE4039387
:10AE40003B78FFF7EEBA3AACFFF7A0BB09F108096F
:10AE50000CF101006246A6E4AA0500F12F814FEA39
:10AE6000E3781E464346FFF777BB039B53F8046B1A
:10AE700003930123FFF7D5BB079B002B3FF457AB90
:10AE8000079B1B78002B3FF452AB3B7845F4806561
:10AE9000FFF7C7BADDE9021656F8042B0396CB1765
:10AEA000C2E90013FFF79EBA039B53F8046B0393A8
:10AEB000FFF7B4BB02210DAB129111930DF14409C0
:10AEC000B0E6A04A069215F0200836D0039E073659
:10AED00026F007063246D6F8048052F8086B039233
:10AEE000EA0709D556EA080206D08DF83530302336
:10AEF00045F002058DF8343025F4806A0223FFF70F
:10AF000090BBAA4603E5904A0692DCE720460396EA
:10AF1000F5F7F6FD4FF0000B0090FFF737BB9DF8FB
:10AF20003320002A00F0B88001200DF13302129086
:10AF300011920DF1440901460DE415F0100242D0C2
:10AF4000039A52F8046B0392CAE70AF48063CDF8BF
:10AF500000A0CDF81090BA46DDF81C9000253AAC60
:10AF60001F4609E030464146F5F750FF0A2E78F1BA
:10AF700000031BD306468846304641460A2200237A
:10AF8000F5F744FF1146303104F8011C0A22002372
:10AF9000013C0135002FE5D099F80010A942E1D11C
:10AFA000FF2DDFD00A2E78F100035BD257463AAB73
:10AFB000DDF800A0CDF81C901B1BDDF8109000936D
:10AFC0005546FFF7E3BA15F040013ED0039951F81A
:10AFD000046B03919046B6B282E7AA46FFF7C9BA5E
:10AFE000012BAA467FF4FBACFFF7C8BA039E029A76
:10AFF00056F8043B1A600396FFF7F4B95B46062B3C
:10B0000028BF0623514C009303969846FFF77DBB5B
:10B01000039B1AF4007814BF53F8046B53F8046BC5
:10B0200003931CBF9046F6B20123FFF7FABA039BC5
:10B0300015F4007814BF53F8046B53F8046B0393B2
:10B040001CBF9046F6B2FFF7E9BA039A15F40078F0
:10B0500014BF52F8046B52F8046B03921CBF88466D
:10B06000F6B23DE7099B0899E41A1A462046FEF716
:10B0700061FD99F801300BB109F1010930464146F3
:10B080000A2200230025F5F7C1FE73E701200A46D6
:10B090000DF14409FFF787BB049B002B7FF4BAAD89
:10B0A0000A4601200DF14409FFF77DBB039E029A79
:10B0B00056F8043B03961A80FFF794B943F3C0187F
:10B0C0005EB24346FFF748BA886DFDF777FEFFF79B
:10B0D00088BACDF800B003968346FFF757BA0F9AA7
:10B0E0001099DFF86CA00132E2E518EE101A18EEA4
:10B0F000900A0EAAFFF7FAF800283FF4D6AAFFF745
:10B10000D6BA0F98DFF848A0013022E66B6EDB0755
:10B1100005D4AB899F0502D4A86DFDF74FFE4FF013
:10B12000FF330293FFF7CDBADFF828A08446D9E4B5
:10B13000039A7B780F4652F8041B039241EAE17BA5
:10B14000FFF76FB9E0BF0008CCBF0008F4BF0008EC
:10B1500094C20008A4C2000870B50C468989ADF5F8
:10B160008E6D21F00201ADF81410616E1B91E18922
:10B17000ADF81610E1690991616A0B911CA9029161
:10B1800006914FF4806106460491079118A80021AA
:10B19000CDE900320891FDF70BFEDDE9003202A98E
:10B1A0003046FFF7DFF8051E07DB02A9304600F046
:10B1B0002BF9002818BF4FF0FF35BDF814305B069F
:10B1C00003D5A38943F04003A3811898FDF7F2FD4E
:10B1D00028460DF58E6D70BD49B1FF2A02D80A7060
:10B1E000012070478A2303604FF0FF307047084604
:10B1F000704700BF38B5334B1B6805460C460BB192
:10B200009A6B12B3B4F90C3018079AB225D521699C
:10B2100000292DD012F0010007D00020A060606945
:10B220004042A06139B1002038BD950758BF606920
:10B23000A0600029F7D1120658BF0846F4D543F0A4
:10B240004003A3814FF0FF3038BD184600F010F9DD
:10B25000B4F90C3018079AB2D9D4D1062AD55207BE
:10B2600014D4216943F00803A3819AB20029D1D1F3
:10B2700002F42070B0F5007FCCD02146284600F0C3
:10B28000ADFBB4F90C3021699AB2C3E7216B51B11F
:10B2900004F14002914204D02846FDF77FFCB4F946
:10B2A0000C300022226321690022C4E9001223F03D
:10B2B0002403D7E7092243F040032A604FF0FF3010
:10B2C000A38138BD0C00002008B5062000F0F6FB75
:10B2D0000120F6F7E4F800BFB1F90C202DE9F041A8
:10B2E0000C461107804647D4636842F40062002B85
:10B2F000A2815EDDA56A002D58D00023D8F8006039
:10B30000C8F8003093B212F4805256D10123E1699B
:10B310004046A847431C67D0A389A56A5F0705D5A7
:10B320006368C01A236B0BB1E36BC01AE169024674
:10B3300000234046A847411C41D1D8F80030002BDB
:10B340003DD01D2B01D0162B56D1A3892269226036
:10B3500023F4006300216160A381216BC8F80060C1
:10B3600021B304F14003994202D04046FDF716FC98
:10B3700000202063BDE8F0812669BEB193B2256844
:10B3800026609A070CBF63690023AD1BA3600BE026
:10B390002B463246E169676A4046B847B0F1000C77
:10B3A000A5EB0C05664417DD002DF1DC0020BDE89F
:10B3B000F081E36B002B9DDCF8E7206DAEE7B4F97C
:10B3C0000C302269226023F40063A3810022DB0495
:10B3D0006260C2D52065C0E7A38943F040034FF007
:10B3E000FF30A381BDE8F081D8F80030002B93D066
:10B3F0001D2B06D0162B04D0A38943F04003A38154
:10B40000D5E7C8F80060D1E738B50C46054608B165
:10B41000836BA3B1B4F90C00B8B1636EDB0701D440
:10B42000810515D528462146FFF756FF636EDA07DA
:10B43000054602D4A3899B050ED5284638BD00F0E9
:10B4400017F8B4F90C000028E7D10546284638BDA6
:10B45000A06DFDF7B1FCE5E7A06DFDF7AFFC284658
:10B4600038BD00BF014900F095BA00BF11BD00080A
:10B470002DE9F04782463948FDF79EFCDAF838405E
:10B48000002C66D1DAF80450354ACAF83C20032370
:10B49000CAE9B843DFF8DC90DFF8DC80314F324E88
:10B4A00004230AF53B72CAF8E8222146C5E90243A3
:10B4B000C5E90044C5E904446C660822AC6105F1A5
:10B4C0005C00FAF7E1FCC5E90759C5E90987EE62B6
:10B4D00005F15800FDF76CFCDAF80850234BEB60DF
:10B4E0002146C5E90044C5E904446C66AC60AC6122
:10B4F000082205F15C00FAF7C7FCC5E90759C5E960
:10B500000987EE6205F15800FDF752FCDAF80C509D
:10B51000174BEB602146C5E90044C5E904446C665D
:10B52000AC60AC61082205F15C00FAF7ADFC05F1F6
:10B530005800C5E90759C5E90A76C5F82480FDF722
:10B5400037FC0123CAF838300448BDE8F047FDF75E
:10B5500035BCBDE8F0470148FDF730BC1C3901207F
:10B5600065B40008ADBB0008CDBB000809000100B0
:10B570001200020049BB00086DBB00080148FDF73E
:10B580001BBC00BF183901200148FDF717BC00BFE4
:10B59000183901202DE9F04782B0824688461446CA
:10B5A000FEF720FC012803D108F1FF33FE2B36D92A
:10B5B000424604F15C0301A9504600F063FB421CC3
:10B5C000064632D030B39DF804C00DF105090025C0
:10B5D00009E023685A1C226083F800C00135B54297
:10B5E00018D219F801CBA368013B002BA360F0DA55
:10B5F000A769BB4261462246504602DBBCF10A0FF6
:10B60000E7D100F0E7FA431CE8D10646304602B025
:10B61000BDE8F0874646304602B0BDE8F0875FFAE5
:10B6200088FC8DF804C00646CFE7A389304643F076
:10B630004003A38102B0BDE8F08700BF30B5536E70
:10B6400013F0010FB2F90C30144683B005469AB2DC
:10B6500001D198051CD5900406D4626E43F40053C2
:10B6600042F40052A381626622462846FFF792FF09
:10B67000636EDA07054602D4A3899B0502D52846E6
:10B6800003B030BDA06DFDF799FB284603B030BD77
:10B69000A06D0191FDF790FBB4F90C3001999AB2BD
:10B6A000D9E700BF9368002B00F085802DE9F04FAB
:10B6B000B1F90C300C461907804683B0174698B292
:10B6C00025D523691BB310F002033D682DD04FF040
:10B6D000000ADFF8BCB25646B9465E4533465246CC
:10B6E00028BF5B464046002E52D0E169676AB847E2
:10B6F000002856DDD9F808301B1A8244361AC9F8DA
:10B700000830002BE9D1002003B0BDE8F08F2146BE
:10B710004046FFF76FFD002840F03681B4F90C3049
:10B720003D6898B210F00203D1D110F0010944D164
:10B730004E46009746B38205D4F808B040F18380A6
:10B74000B3455A4600F2B28010F4906F40F0BF80CB
:10B75000206801924946FEF761FBA368019AA3EBBA
:10B760000B012368A1601344B24623600026009BAE
:10B770009868A0EB0A00D14498600028C3D0B4F9BF
:10B780000C0080B2002ED6D1D5E900960835D1E75D
:10B79000D5E900A60835A0E721464046FFF734FE6C
:10B7A00080B3B4F90C3043F040034FF0FF30A38175
:10B7B00003B0BDE8F08F002070471E46AA469946A8
:10B7C00018461D46009756B388B34A46D4E9041379
:10B7D0002068B24228BF3246884205D9A16803EBEF
:10B7E000010B5A4500F3A680934263DCE169676A66
:10B7F0002A464046B847B0F1000BD2DDB9EB0B0941
:10B80000CAD00120009A9368A3EB0B035D44A6EB1A
:10B810000B069360002B3FF476AF002ED4D10AF1D3
:10B82000080353E902569A460833002EF9D03246EF
:10B830000A212846F5F7D4F9002800F09C80013051
:10B84000A0EB0509C1E720682369984216D863690F
:10B85000B34213D86FF00042B24228BF3246E169CA
:10B8600092FBF3F2676A02FB03F340464A46B8478D
:10B87000B0F1000A95DDA6EB0A0678E7B345DA4693
:10B8800028BFB24652464946FEF7C8FAA368226866
:10B89000A3EB0A035244A3602260002BEBD12146A4
:10B8A0004046FFF7B1FD0028E5D07AE72068B346AF
:10B8B00032464EE729460192FEF7B0FA019AA36894
:10B8C0009B1AA360236813442360934696E723687A
:10B8D0002169A3EB010B636903EB430A0AEBDA7AF4
:10B8E0000BF101034FEA6A0A33445345524684BFC1
:10B8F0009A46524643052CD511464046FDF760FA5C
:10B9000000283BD05A4621690190F5F747F8A289F3
:10B91000019B22F4906242F08002A28103EB0B00B3
:10B920002361AAEB0B03C4F814A0A3602060B34604
:10B9300032460EE729465A46FEF770FA23685B4402
:10B94000236021464046FFF75FFD00283FF456AFD5
:10B9500027E74046FEF7DEFA03460028DED12169DC
:10B960004046FDF71BF9B4F90C300C2223F080039C
:10B97000C8F8002017E7721C914627E70C22B4F99B
:10B980000C30C8F800200EE74FF0FF30BCE600BFD7
:10B9900000FCFF7F2DE9F8430746884600F538761E
:10B9A0004FF00009D6E90154013D11D4A389012BC0
:10B9B00005F1FF3508D9B4F90E300133214603D023
:10B9C0003846C04749EA00096B1C04F16804EDD110
:10B9D0003668002EE6D14846BDE8F8832DE9F041EF
:10B9E0008B890C46990796B008D504F143030122D0
:10B9F000C4E90432236016B0BDE8F081B4F90E103A
:10BA00000029064627DB6A4600F0E8F9002821DB1A
:10BA1000019D05F47045A5F50055B5FA85F54FF47F
:10BA200080686D094FF4006741463046FDF7C8F95C
:10BA3000B4F90C30F0B1204AF26343F08003C4F84B
:10BA40001480A3812060206135BB3B43A38116B0E5
:10BA5000BDE8F081A38913F0800519D04FF04008AC
:10BA600041463046FDF7ACF90025B4F90C302F46BD
:10BA70000028E0D19A05BED423F0030304F1430269
:10BA800043F002030121C4E90421A3812260B2E74B
:10BA90004FF480682F46C7E7B4F90E10304600F027
:10BAA000B3F910B9B4F90C30CFE7A38923F003033D
:10BAB00043F001031BB2C8E765B4000838B5154B65
:10BAC0001F281D6820D8D5F8DC22044662B152F840
:10BAD00020304BB1012B15D0591C0FD0002542F856
:10BAE00020509847284638BD284600F02BF82246BB
:10BAF00001462846BDE8384000F00EB816232B60FA
:10BB0000012038BD002038BD16232B604FF0FF30D8
:10BB100038BD00BF0C00002070B50C46084D034630
:10BB20000026204611461C462E60F5F7A8FC431C53
:10BB300000D070BD2B68002BFBD0236070BD00BF10
:10BB400054390120F5F793BC10B50C46B1F90E102D
:10BB500000F082F9002803DB236D0344236510BD48
:10BB6000A38923F48053A38110BD00BF2DE9F041C8
:10BB70000C46B1F90C101F46CB05054616460BD4F2
:10BB800021F48051A1813B46B4F90E10324628467B
:10BB9000BDE8F04100F094B8B4F90E100223002281
:10BBA00000F044F9B4F90C10EAE700BF10B50C46F8
:10BBB000B1F90E1000F03AF9A389421C0EBF23F42C
:10BBC000805343F480532065A38110BDB1F90E105A
:10BBD00000F08CB8F8B50D461446064610B1836BDC
:10BBE000002B43D0B4F90C20A369A360170790B2CF
:10BBF0001BD52369CBB1EDB281042F4622D5226833
:10BC00006169D31A994229DD0133A1680139A16024
:10BC1000511C2160157062699A422AD0A389DB0702
:10BC200001D50A2D25D03846F8BD21463046FFF70C
:10BC3000E1FA20BBB4F90C20236990B2EDB2810483
:10BC40002F46DCD442F40052A281626E616922F474
:10BC5000005262662268D31A9942D5DC21463046EA
:10BC6000FFF7D2FB58B922680123CEE7FFF700FCAB
:10BC7000B8E721463046FFF7C7FB0028D3D04FF086
:10BC8000FF37D0E770B5054684B01C4639B10B4E7E
:10BC9000D6F8E060B047431C09D004B070BD0A4636
:10BCA0000649D1F8E06001A9B047431CF5D1002254
:10BCB0008A2322602B6004B070BD00BF4C080020B6
:10BCC00038B50C46084D8446114620461A460023D6
:10BCD0002B606446F5F70AFC431C00D038BD2B6886
:10BCE000002BFBD0236038BD5439012038B5074DF7
:10BCF0000022044608462A60F5F714FC431C00D0D5
:10BD000038BD2B68002BFBD0236038BD543901208F
:10BD100070B500294BD006460C4610B1836B002B42
:10BD200048D0636ED80734D5B4F90C30002B3ED020
:10BD300021463046FFF7D0FAE36A054633B1E169A0
:10BD4000304698470028B8BF4FF0FF35A3891A0640
:10BD50003BD4216B41B104F14003994202D03046FB
:10BD6000FCF71CFF00232363616C21B13046FCF714
:10BD700015FF00236364FFF701FC636E0022DB07FD
:10BD8000A28127D5A06DFDF715F8FFF7FDFB28462A
:10BD900070BDA3899905CBD4A06DFDF70DF8B4F95A
:10BDA0000C30002BC4D1656E15F0010508D00025BC
:10BDB000284670BDFFF75CFB636ED807B4D4E8E794
:10BDC000A06DFCF7FBFF284670BD21693046FCF7EB
:10BDD000E5FEBEE7A06DFCF7F1FFD3E770B50C46BA
:10BDE000084D03460026204611461C462E60F5F7F6
:10BDF000A5FB431C00D070BD2B68002BFBD023603B
:10BE000070BD00BF5439012038B5074D00220446EB
:10BE100008462A60F5F7A2FB431C00D038BD2B680A
:10BE2000002BFBD0236038BD5439012038B50C46B7
:10BE3000084D8446114620461A4600232B6064466E
:10BE4000F5F797FB431C00D038BD2B68002BFBD0C7
:10BE5000236038BD5439012038B50C46084D84465E
:10BE6000114620461A4600232B606446F5F721FB55
:10BE7000431C00D038BD2B68002BFBD0236038BD9D
:10BE800054390120F8B500BFF8BC08BC9E46704785
:0CBE9000F8B500BFF8BC08BC9E46704727
:10BEA0004B455930E68C89E4B88BEFBC8CE6889022
:10BEB000E58A9FE794B3E8AFB7E588B0E8BDA6E4AC
:10BEC000BD8DEFBC8CE5BD93E5898DE8BDA6E4BDD5
:10BED0008D3A25640D0A00004B455930E68C89E403
:10BEE000B88BEFBC8CE8BDA6E4BD8DE5B7B2E7BB6F
:10BEF0008FE6B2A1E69C89E4BA86EFBC8CE68C8919
:10BF0000E4B88B4B455931E9878AE694BEE8BDA673
:10BF1000E4BD8D0D0A0000004B455931E68C89E4E3
:10BF2000B88BEFBC8CE9878AE694BEE4B880E4B8AD
:10BF3000AAE8BDA6E4BD8D0D0A0000006C65645F33
:10BF40007461736B00000000737563636573730045
:10BF50006661696C656400006372656174652025C3
:10BF6000732025730D0A000073656E645F7461733E
:10BF70006B000000726563656976655F7461736B61
:10BF80000000000073746172745F7461736B000071
:10BF900049444C4500000000546D72205376630004
:10BFA000546D725100000000000000000102030403
:10BFB000010203040607080910000020494E46004C
:10BFC000696E66004E414E006E616E003031323354
:10BFD00034353637383961626364656600000000C5
:10BFE00030313233343536373839414243444546AF
:10BFF00000000000286E756C6C2900003000000005
:10C000002020202020202020202020202020202030
:10C010003030303030303030303030303030303020
:10C020004E614E00496E66696E69747900000000C9
:10C0300042616C6C6F6320737563636565646564EE
:10C04000000000002F6D6E742F776F726B7370613C
:10C0500063652F776F726B73706163652F4743431E
:10C060002D31302D706970656C696E652F6A656E53
:10C070006B696E732D4743432D31302D70697065A8
:10C080006C696E652D34385F323032303131323484
:10C090005F313630363138303634312F7372632F9A
:10C0A0006E65776C69622F6E65776C69622F6C695B
:10C0B00062632F7374646C69622F64746F612E63A2
:10C0C000000000002F6D6E742F776F726B737061BC
:10C0D00063652F776F726B73706163652F4743439E
:10C0E0002D31302D706970656C696E652F6A656ED3
:10C0F0006B696E732D4743432D31302D7069706528
:10C100006C696E652D34385F323032303131323403
:10C110005F313630363138303634312F7372632F19
:10C120006E65776C69622F6E65776C69622F6C69DA
:10C1300062632F7374646C69622F6D707265632E15
:10C1400063000000000000000080E03779C3414335
:10C15000176E05B5B5B89346F5F93FE9034F384D6D
:10C16000321D30F94877825A3CBF737FDD4F157519
:10C17000000000000000F03F00000000000024402C
:10C1800000000000000059400000000000408F4007
:10C19000000000000088C34000000000006AF84072
:10C1A0000000000080842E4100000000D012634196
:10C1B0000000000084D797410000000065CDCD410C
:10C1C000000000205FA00242000000E876483742ED
:10C1D000000000A2941A6D42000040E59C30A2428B
:10C1E0000000901EC4BCD64200003426F56B0C4300
:10C1F0000080E03779C3414300A0D88557347643A7
:10C2000000C84E676DC1AB43003D9160E458E14307
:10C21000408CB5781DAF154450EFE2D6E41A4B447C
:10C2200092D54D06CFF08044F64AE1C7022DB544C1
:10C23000B49DD9794378EA44050000001900000054
:10C240007D0000002C2066756E6374696F6E3A2065
:10C2500000000000617373657274696F6E2022259F
:10C260007322206661696C65643A2066696C65209A
:10C27000222573222C206C696E6520256425732588
:10C28000730A000043000000504F5349580000005B
:10C290002E000000202020202020202020202020F0
:10C2A00020202020303030303030303030303030CE
:10C2B000303030300020202020202020202028284E
:10C2C0002828282020202020202020202020202056
:10C2D0002020202020881010101010101010101096
:10C2E00010101010100404040404040404040410C6
:10C2F0001010101010104141414141410101010154
:10C30000010101010101010101010101010101011D
:10C310001010101010104242424242420202020229
:10C3200002020202020202020202020202020202ED
:10C33000101010102000000000000000000000009D
:10C3400000000000000000000000000000000000ED
:10C3500000000000000000000000000000000000DD
:10C3600000000000000000000000000000000000CD
:10C3700000000000000000000000000000000000BD
:10C3800000000000000000000000000000000000AD
:10C39000000000000000000000000000000000009D
:10C3A000000000000000000000000000000000008D
:08C3B000000000000000000085
:08C3B800844AFF7F0100000030
:08C3C000457A0008E5010008C0
:04C3C800C1010008A7
:10C3CC000024F400AAAAAAAA04000000100000206D
:10C3DC0000000000FC02002064030020CC030020BD
:10C3EC000000000000000000000000000000000041
:10C3FC000000000000000000000000000000000031
:10C40C000000000000000000000000000000000020
:10C41C000000000000000000000000000000000010
:10C42C000000000000000000000000000000000000
:10C43C0000000000000000000000000000000000F0
:10C44C0000000000000000000000000000000000E0
:10C45C0000000000000000000000000000000000D0
:10C46C0000000000000000000000000000000000C0
:10C47C0000000000000000000100000000000000AF
:10C48C000E33CDAB34126DE6ECDE05000B00000074
:10C49C000000000000000000000000000000000090
:10C4AC000000000000000000000000000000000080
:10C4BC000000000000000000000000000000000070
:10C4CC000000000000000000000000000000000060
:10C4DC000000000000000000000000000000000050
:10C4EC000000000000000000000000000000000040
:10C4FC000000000000000000000000000000000030
:10C50C00000000000000000000000000000000001F
:10C51C00000000000000000000000000000000000F
:10C52C0000000000000000000000000000000000FF
:10C53C0000000000000000000000000000000000EF
:10C54C0000000000000000000000000000000000DF
:10C55C0000000000000000000000000000000000CF
:10C56C0000000000000000000000000000000000BF
:10C57C0000000000000000000000000000000000AF
:10C58C00000000000000000000000000000000009F
:10C59C00000000000000000000000000000000008F
:10C5AC00000000000000000000000000000000007F
:10C5BC00000000000000000000000000000000006F
:10C5CC00000000000000000000000000000000005F
:10C5DC00000000000000000000000000000000004F
:10C5EC00000000000000000000000000000000003F
:10C5FC00000000000000000000000000000000002F
:10C60C00000000000000000000000000000000001E
:10C61C00000000000000000000000000000000000E
:10C62C0000000000000000000000000000000000FE
:10C63C0000000000000000000000000000000000EE
:10C64C0000000000000000000000000000000000DE
:10C65C0000000000000000000000000000000000CE
:10C66C0000000000000000000000000000000000BE
:10C67C0000000000000000000000000000000000AE
:10C68C00000000000000000000000000000000009E
:10C69C00000000000000000000000000000000008E
:10C6AC00000000000000000000000000000000007E
:10C6BC00000000000000000000000000000000006E
:10C6CC00000000000000000000000000000000005E
:10C6DC00000000000000000000000000000000004E
:10C6EC00000000000000000000000000000000003E
:10C6FC00000000000000000000000000000000002E
:10C70C00000000000000000000000000000000001D
:10C71C00000000000000000000000000000000000D
:10C72C0000000000000000000000000000000000FD
:10C73C0000000000000000000000000000000000ED
:10C74C0000000000000000000000000000000000DD
:10C75C0000000000000000000000000000000000CD
:10C76C0000000000000000000000000000000000BD
:10C77C0000000000000000000000000000000000AD
:10C78C00000000000000000000000000000000009D
:10C79C00000000000000000000000000000000008D
:10C7AC00000000000000000000000000000000007D
:10C7BC00000000000000000000000000000000006D
:10C7CC00000000000000000000000000000000005D
:10C7DC00000000000000000000000000000000004D
:10C7EC00000000000000000000000000000000003D
:10C7FC0000000000000000001039012000000000C3
:10C80C00000000003C0400203C04002044040020F4
:10C81C00440400204C0400204C040020540400204C
:10C82C00540400205C0400205C04002064040020FC
:10C83C00640400206C0400206C04002074040020AC
:10C84C00740400207C0400207C040020840400205C
:10C85C00840400208C0400208C040020940400200C
:10C86C00940400209C0400209C040020A4040020BC
:10C87C00A4040020AC040020AC040020B40400206C
:10C88C00B4040020BC040020BC040020C40400201C
:10C89C00C4040020CC040020CC040020D4040020CC
:10C8AC00D4040020DC040020DC040020E40400207C
:10C8BC00E4040020EC040020EC040020F40400202C
:10C8CC00F4040020FC040020FC04002004050020DB
:10C8DC00040500200C0500200C0500201405002088
:10C8EC00140500201C0500201C0500202405002038
:10C8FC00240500202C0500202C05002034050020E8
:10C90C00340500203C0500203C0500204405002097
:10C91C00440500204C0500204C0500205405002047
:10C92C00540500205C0500205C05002064050020F7
:10C93C00640500206C0500206C05002074050020A7
:10C94C00740500207C0500207C0500208405002057
:10C95C00840500208C0500208C0500209405002007
:10C96C00940500209C0500209C050020A4050020B7
:10C97C00A4050020AC050020AC050020B405002067
:10C98C00B4050020BC050020BC050020C405002017
:10C99C00C4050020CC050020CC050020D4050020C7
:10C9AC00D4050020DC050020DC050020E405002077
:10C9BC00E4050020EC050020EC050020F405002027
:10C9CC00F4050020FC050020FC05002004060020D6
:10C9DC00040600200C0600200C0600201406002083
:10C9EC00140600201C0600201C0600202406002033
:10C9FC00240600202C0600202C06002034060020E3
:10CA0C00340600203C0600203C0600204406002092
:10CA1C00440600204C0600204C0600205406002042
:10CA2C00540600205C0600205C06002064060020F2
:10CA3C00640600206C0600206C06002074060020A2
:10CA4C00740600207C0600207C0600208406002052
:10CA5C00840600208C0600208C0600209406002002
:10CA6C00940600209C0600209C060020A4060020B2
:10CA7C00A4060020AC060020AC060020B406002062
:10CA8C00B4060020BC060020BC060020C406002012
:10CA9C00C4060020CC060020CC060020D4060020C2
:10CAAC00D4060020DC060020DC060020E406002072
:10CABC00E4060020EC060020EC060020F406002022
:10CACC00F4060020FC060020FC06002004070020D1
:10CADC00040700200C0700200C070020140700207E
:10CAEC00140700201C0700201C070020240700202E
:10CAFC00240700202C0700202C07002034070020DE
:10CB0C00340700203C0700203C070020440700208D
:10CB1C00440700204C0700204C070020540700203D
:10CB2C00540700205C0700205C07002064070020ED
:10CB3C00640700206C0700206C070020740700209D
:10CB4C00740700207C0700207C070020840700204D
:10CB5C00840700208C0700208C07002094070020FD
:10CB6C00940700209C0700209C070020A4070020AD
:10CB7C00A4070020AC070020AC070020B40700205D
:10CB8C00B4070020BC070020BC070020C40700200D
:10CB9C00C4070020CC070020CC070020D4070020BD
:10CBAC00D4070020DC070020DC070020E40700206D
:10CBBC00E4070020EC070020EC070020F40700201D
:10CBCC00F4070020FC070020FC07002004080020CC
:10CBDC00040800200C0800200C0800201408002079
:10CBEC00140800201C0800201C0800202408002029
:10CBFC00240800202C0800202C08002034080020D9
:10CC0C0034080020FFFFFFFF00000200430000007B
:10CC1C000000000000000000000000000000000008
:10CC2C0000000000000000000000000043000000B5
:10CC3C0000000000000000000000000000000000E8
:10CC4C000000000000000000000000004300000095
:10CC5C0000000000000000000000000000000000C8
:10CC6C000000000000000000000000004300000075
:10CC7C0000000000000000000000000000000000A8
:10CC8C000000000000000000000000004300000055
:10CC9C000000000000000000000000000000000088
:10CCAC000000000000000000000000004300000035
:10CCBC000000000000000000000000000000000068
:10CCCC000000000000000000000000004300000015
:10CCDC000000000000000000000000000000000048
:10CCEC00000000000000000000000000D9B10008A6
:10CCFC00F19D000800000000B4C2000890C20008BA
:10CD0C0050C2000850C2000850C2000850C20008AF
:10CD1C0050C2000850C2000850C2000850C200089F
:10CD2C0050C20008FFFFFFFFFFFFFFFFFFFFFFFFE9
:10CD3C00FFFF00000100415343494900000000007F
:10CD4C0000000000000000000000000000000000D7
:10CD5C00000000000000415343494900000000005E
:10CD6C0000000000000000000000000000000000B7
:08CD7C000000000000000000AF
:040000050800166574
:00000001FF
