:020000040800F2
:100000000000032071160008351400083B14000896
:1000100041140008471400084D14000800000000B7
:10002000000000000000000000000000A1350008F2
:100030005314000800000000F137000861140008A4
:10004000C1160008C1160008C1160008C116000834
:10005000C1160008C1160008C1160008C116000824
:10006000C1160008C1160008C1160008C116000814
:10007000C1160008C1160008C1160008C116000804
:10008000C1160008C1160008C1160008C1160008F4
:10009000C1160008C1160008C1160008C1160008E4
:1000A000C1160008C1160008C1160008C1160008D4
:1000B000C116000839590008C1160008C116000809
:1000C000C1160008C1160008C1160008C1160008B4
:1000D000C11600084D5A0008C1160008C1160008D4
:1000E000C1160008C1160008C1160008C116000894
:1000F000C1160008C1160008C1160008C116000884
:10010000C1160008C1160008C1160008C116000873
:10011000C1160008C1160008C1160008C116000863
:10012000C1160008C1160008C1160008C116000853
:10013000C1160008C1160008C1160008C116000843
:10014000C1160008C1160008C1160008C116000833
:10015000C1160008C1160008C1160008C116000823
:10016000C1160008C1160008C1160008C116000813
:10017000C1160008C1160008C116000800000000E2
:10018000C1160008C1160008C1160008C1160008F3
:10019000C1160008C1160008C1160008C1160008E3
:0C01A000C1160008C1160008C1160008B6
:1001C00010B5054C237833B9044B13B10448AFF391
:1001D00000800123237010BDB8090020000000003A
:1001E000D4BB000808B5034B1BB103490348AFF368
:1001F000008008BD00000000BC090020D4BB00083E
:1002000081F0004102E000BF83F0004330B54FEAC7
:1002100041044FEA430594EA050F08BF90EA020F34
:100220001FBF54EA000C55EA020C7FEA645C7FEAC7
:10023000655C00F0E2804FEA5454D4EB5555B8BFEA
:100240006D420CDD2C4480EA020281EA030382EA5B
:10025000000083EA010180EA020281EA0303362DED
:1002600088BF30BD11F0004F4FEA01314FF4801CC0
:100270004CEA113102D0404261EB410113F0004FD2
:100280004FEA03334CEA133302D0524263EB430389
:1002900094EA050F00F0A780A4F10104D5F1200E27
:1002A0000DDB02FA0EFC22FA05F2801841F1000182
:1002B00003FA0EF2801843FA05F359410EE0A5F156
:1002C00020050EF1200E012A03FA0EFC28BF4CF087
:1002D000020C43FA05F3C01851EBE37101F000453D
:1002E00007D54FF0000EDCF1000C7EEB00006EEB4A
:1002F0000101B1F5801F1BD3B1F5001F0CD34908D4
:100300005FEA30004FEA3C0C04F101044FEA44522A
:1003100012F5800F80F09A80BCF1004F08BF5FEAB1
:10032000500C50F1000041EB045141EA050130BD91
:100330005FEA4C0C404141EB0101013C28BFB1F5A3
:10034000801FE9D291F0000F04BF01460020B1FAEE
:1003500081F308BF2033A3F10B03B3F120020CDAC1
:100360000C3208DD02F1140CC2F10C0201FA0CF09F
:1003700021FA02F10CE002F11402D8BFC2F1200C04
:1003800001FA02F120FA0CFCDCBF41EA0C019040BA
:10039000E41AA2BF01EB0451294330BD6FEA040403
:1003A0001F3C1CDA0C340EDC04F11404C4F12002EE
:1003B00020FA04F001FA02F340EA030021FA04F300
:1003C00045EA030130BDC4F10C04C4F1200220FA57
:1003D00002F001FA04F340EA0300294630BD21FA95
:1003E00004F0294630BD94F0000F83F4801306BF5B
:1003F00081F480110134013D4EE77FEA645C18BF4F
:100400007FEA655C29D094EA050F08BF90EA020FE5
:1004100005D054EA000C04BF1946104630BD91EADD
:10042000030F1EBF0021002030BD5FEA545C05D1E0
:100430004000494128BF41F0004130BD14F580041F
:100440003CBF01F5801130BD01F0004545F0FE4193
:1004500041F470014FF0000030BD7FEA645C1ABFC8
:10046000194610467FEA655C1CBF0B46024650EAFF
:10047000013406BF52EA033591EA030F41F400212B
:1004800030BD00BF90F0000F04BF0021704730B5B1
:100490004FF4806404F132044FF000054FF0000186
:1004A00050E700BF90F0000F04BF0021704730B547
:1004B0004FF4806404F1320410F0004548BF40421C
:1004C0004FF000013EE700BF42004FEAE2014FEA71
:1004D00031014FEA02701FBF12F07F4393F07F4F4C
:1004E00081F06051704732F07F4208BF704793F04F
:1004F0007F4F04BF41F40021704730B54FF4607462
:1005000001F0004521F000411CE700BF50EA010264
:1005100008BF704730B54FF000050AE050EA01020D
:1005200008BF704730B511F0004502D5404261EB7D
:1005300041014FF4806404F132045FEA915C3FF4BE
:10054000D8AE4FF003025FEADC0C18BF03325FEA5B
:10055000DC0C18BF033202EBDC02C2F1200300FA0C
:1005600003FC20FA02F001FA03FE40EA0E0021FA31
:1005700002F11444BDE600BF70B54FF0FF0C4CF41F
:10058000E06C1CEA11541DBF1CEA135594EA0C0FD1
:1005900095EA0C0F00F0DEF82C4481EA030621EA0C
:1005A0004C5123EA4C5350EA013518BF52EA033547
:1005B00041F4801143F4801338D0A0FB02CE4FF0F9
:1005C0000005E1FB02E506F00042E0FB03E54FF029
:1005D0000006E1FB03569CF0000F18BF4EF0010E21
:1005E000A4F1FF04B6F5007F64F5407404D25FEA1D
:1005F0004E0E6D4146EB060642EAC62141EA5551D0
:100600004FEAC52040EA5E504FEACE2EB4F1FD0C11
:1006100088BFBCF5E06F1ED8BEF1004F08BF5FEA8F
:10062000500E50F1000041EB045170BD06F0004641
:1006300046EA010140EA020081EA0301B4EB5C04EE
:10064000C2BFD4EB0C0541EA045170BD41F48011E6
:100650004FF0000E013C00F3AB8014F1360FDEBF0B
:10066000002001F0004170BDC4F10004203C35DAE7
:100670000C341BDC04F11404C4F1200500FA05F36A
:1006800020FA04F001FA05F240EA020001F000420B
:1006900021F0004110EBD37021FA04F642EB060181
:1006A0005EEA430E08BF20EAD37070BDC4F10C04AB
:1006B000C4F1200500FA04F320FA05F001FA04F26F
:1006C00040EA020001F0004110EBD37041F100015B
:1006D0005EEA430E08BF20EAD37070BDC4F1200566
:1006E00000FA05F24EEA020E20FA04F301FA05F2CE
:1006F00043EA020321FA04F001F0004121FA04F276
:1007000020EA020000EBD3705EEA430E08BF20EA45
:10071000D37070BD94F0000F0FD101F0004640007F
:1007200041EB010111F4801F08BF013CF7D041EA01
:10073000060195F0000F18BF704703F00046520005
:1007400043EB030313F4801F08BF013DF7D043EAD6
:100750000603704794EA0C0F0CEA135518BF95EA8C
:100760000C0F0CD050EA410618BF52EA4306D1D113
:1007700081EA030101F000414FF0000070BD50EA32
:10078000410606BF1046194652EA430619D094EABC
:100790000C0F02D150EA013613D195EA0C0F05D1A6
:1007A00052EA03361CBF104619460AD181EA0301FA
:1007B00001F0004141F0FE4141F470014FF00000B2
:1007C00070BD41F0FE4141F4780170BD70B54FF04D
:1007D000FF0C4CF4E06C1CEA11541DBF1CEA1355CD
:1007E00094EA0C0F95EA0C0F00F0A7F8A4EB0504AF
:1007F00081EA030E52EA03354FEA013100F08880A6
:100800004FEA03334FF0805545EA131343EA12636E
:100810004FEA022245EA111545EA10654FEA002623
:100820000EF000419D4208BF964244F1FD0404F5DC
:10083000407402D25B084FEA3202B61A65EB030538
:100840005B084FEA32024FF480104FF4002CB6EBF5
:10085000020E75EB030E22BFB61A754640EA0C0075
:100860005B084FEA3202B6EB020E75EB030E22BFB5
:10087000B61A754640EA5C005B084FEA3202B6EBF6
:10088000020E75EB030E22BFB61A754640EA9C00B5
:100890005B084FEA3202B6EB020E75EB030E22BF85
:1008A000B61A754640EADC0055EA060E18D04FEA43
:1008B000051545EA16754FEA06164FEAC30343EAE3
:1008C00052734FEAC2025FEA1C1CC0D111F4801FB0
:1008D0000BD141EA00014FF000004FF0004CB6E7A9
:1008E00011F4801F04BF01430020B4F1FD0C88BF48
:1008F000BCF5E06F3FF6AFAEB5EB030C04BFB6EB53
:10090000020C5FEA500C50F1000041EB045170BD45
:100910000EF0004E4EEA113114EB5C04C2BFD4EB72
:100920000C0541EA045170BD41F480114FF0000EF6
:10093000013C90E645EA060E8DE60CEA135594EA72
:100940000C0F08BF95EA0C0F3FF43BAF94EA0C0F75
:100950000AD150EA01347FF434AF95EA0C0F7FF4EA
:1009600025AF104619462CE795EA0C0F06D152EA3E
:1009700003353FF4FDAE1046194622E750EA410622
:1009800018BF52EA43067FF4C5AE50EA41047FF433
:100990000DAF52EA43057FF4EBAE12E7844641EA1D
:1009A000000313F003036DD1403A41D351F8043BE7
:1009B00040F8043B51F8043B40F8043B51F8043B39
:1009C00040F8043B51F8043B40F8043B51F8043B29
:1009D00040F8043B51F8043B40F8043B51F8043B19
:1009E00040F8043B51F8043B40F8043B51F8043B09
:1009F00040F8043B51F8043B40F8043B51F8043BF9
:100A000040F8043B51F8043B40F8043B51F8043BE8
:100A100040F8043B51F8043B40F8043B51F8043BD8
:100A200040F8043B51F8043B40F8043B403ABDD247
:100A3000303211D351F8043B40F8043B51F8043BE9
:100A400040F8043B51F8043B40F8043B51F8043BA8
:100A500040F8043B103AEDD20C3205D351F8043B78
:100A600040F8043B043AF9D2043208D0D2071CBF44
:100A700011F8013B00F8013B01D30B88038060466D
:100A8000704700BF082A13D38B078DD010F00303E3
:100A90008AD0C3F10403D21ADB071CBF11F8013B53
:100AA00000F8013B80D331F8023B20F8023B7BE7A2
:100AB000043AD9D3013A11F8013B00F8013BF9D2CD
:100AC0000B7803704B7843708B7883706046704767
:100AD0000000000000000000000000000000000016
:100AE0000000000000000000000000000000000006
:100AF00000000000000000000000000000000000F6
:100B000090F800F06DE9024520F007016FF0000C4D
:100B100010F0070491F820F040F049804FF00004F5
:100B20006FF00700D1E9002391F840F000F10800D0
:100B300082FA4CF2A4FA8CF283FA4CF3A2FA8CF308
:100B40004BBBD1E9022382FA4CF200F10800A4FA6F
:100B50008CF283FA4CF3A2FA8CF3E3B9D1E90423C3
:100B600082FA4CF200F10800A4FA8CF283FA4CF3FA
:100B7000A2FA8CF37BB9D1E9062301F1200182FAB4
:100B80004CF200F10800A4FA8CF283FA4CF3A2FABA
:100B90008CF3002BC6D0002A04BF04301A4612BAC8
:100BA000B2FA82F2FDE8024500EBD2007047D1E9CB
:100BB000002304F00305C4F100004FEAC50514F05A
:100BC000040F91F840F00CFA05F562EA05021CBF2B
:100BD00063EA050362464FF00004A9E70000000045
:100BE00001F0FF01102A2BDB10F0070F08D010F8DE
:100BF000013B013A8B422DD010F0070F42B3F6D1E2
:100C0000F0B441EA012141EA014122F007047FF0FA
:100C100000070023F0E80256083C85EA010586EA51
:100C2000010685FA47F5A3FA87F586FA47F6A5FA8D
:100C300087F68EB9EED1F0BC01F0FF0102F0070299
:100C400032B110F8013B013A83EA010313B1F8D144
:100C50000020704701387047002D06BF3546033825
:100C6000073815F0010F07D1013015F4807F02BF5E
:100C7000013015F4C03F0130F0BC0138704700BFAF
:100C80004FF0FF3C06E000BF4FF0010C02E000BF58
:100C90004FF0010C4DF804CD4FEA410C7FEA6C5C3B
:100CA0004FEA430C18BF7FEA6C5C1BD001B050EADE
:100CB000410C0CBF52EA430C91EA030F02BF90EAC9
:100CC000020F0020704710F1000F91EA030F58BF88
:100CD000994208BF90422CBFD8176FEAE37040F0EA
:100CE000010070474FEA410C7FEA6C5C02D150EA88
:100CF000013C07D14FEA430C7FEA6C5CD6D152EA43
:100D0000033CD3D05DF8040B704700BF8446104607
:100D100062468C461946634600E000BF01B5FFF706
:100D2000B7FF002848BF10F1000F01BD4DF808EDD6
:100D3000FFF7F4FF0CBF012000205DF808FB00BFA7
:100D40004DF808EDFFF7EAFF34BF012000205DF801
:100D500008FB00BF4DF808EDFFF7E0FF94BF01204E
:100D600000205DF808FB00BF4DF808EDFFF7CEFF4F
:100D700094BF012000205DF808FB00BF4DF808ED8E
:100D8000FFF7C4FF34BF012000205DF808FB00BF5F
:100D90004FEA410C7FEA6C5C02D150EA013C0AD177
:100DA0004FEA430C7FEA6C5C02D152EA033C02D169
:100DB0004FF0000070474FF0010070474FEA4102CA
:100DC00012F5001215D211D56FF47873B3EB62529D
:100DD00012D94FEAC12343F0004343EA505311F0C4
:100DE000004F23FA02F018BF404270474FF0000056
:100DF000704750EA013005D111F0004008BF6FF094
:100E0000004070474FF00000704700BF53B94AB927
:100E1000002908BF00281CBF4FF0FF314FF0FF3002
:100E200000F074B9ADF1080C6DE904CE00F006F8DD
:100E3000DDF804E0DDE9022304B070472DE9F04756
:100E4000089D04468E46002B4DD18A42944669D9AE
:100E5000B2FA82F252B101FA02F3C2F1200120FA91
:100E600001F10CFA02FC41EA030E94404FEA1C48DF
:100E7000210CBEFBF8F61FFA8CF708FB16E341EADB
:100E8000034306FB07F199420AD91CEB030306F161
:100E9000FF3080F01F81994240F21C81023E634482
:100EA0005B1AA4B2B3FBF8F008FB103344EA034426
:100EB00000FB07F7A7420AD91CEB040400F1FF333B
:100EC00080F00A81A74240F207816444023840EA78
:100ED0000640E41B00261DB1D4400023C5E90043B1
:100EE0003146BDE8F0878B4209D9002D00F0EF8034
:100EF0000026C5E9000130463146BDE8F087B3FA67
:100F000083F6002E4AD18B4202D3824200F2F9804E
:100F1000841A61EB030301209E46002DE0D0C5E951
:100F2000004EDDE702B9FFDEB2FA82F2002A40F09D
:100F30009280A1EB0C014FEA1C471FFA8CFE0126A0
:100F4000200CB1FBF7F307FB131140EA01410EFB44
:100F500003F0884208D91CEB010103F1FF3802D2EB
:100F6000884200F2CB804346091AA4B2B1FBF7F0E5
:100F700007FB101144EA01440EFB00FEA64508D908
:100F80001CEB040400F1FF3102D2A64500F2BB8045
:100F90000846A4EB0E0440EA03409CE7C6F1200794
:100FA000B34022FA07FC4CEA030C20FA07F401FADA
:100FB00006F31C43F9404FEA1C4900FA06F3B1FB63
:100FC000F9F8200C1FFA8CFE09FB181140EA0141C8
:100FD00008FB0EF0884202FA06F20BD91CEB010165
:100FE00008F1FF3A80F08880884240F28580A8F1BD
:100FF00002086144091AA4B2B1FBF9F009FB10110F
:1010000044EA014100FB0EFE8E4508D91CEB0101AC
:1010100000F1FF346CD28E456AD90238614440EA4F
:101020000840A0FB0294A1EB0E01A142C846A646CF
:1010300056D353D05DB1B3EB080261EB0E0101FA58
:1010400007F722FA06F3F1401F43C5E900710026B5
:101050003146BDE8F087C2F12003D8400CFA02FC0B
:1010600021FA03F3914001434FEA1C471FFA8CFE1B
:10107000B3FBF7F007FB10360B0C43EA064300FB0B
:101080000EF69E4204FA02F408D91CEB030300F1A9
:10109000FF382FD29E422DD9023863449B1B89B260
:1010A000B3FBF7F607FB163341EA034106FB0EF3E9
:1010B0008B4208D91CEB010106F1FF3816D28B4296
:1010C00014D9023E6144C91A46EA004638E72E4662
:1010D000284605E70646E3E61846F8E64B45A9D25A
:1010E000B9EB020864EB0C0E0138A3E74646EAE7C9
:1010F000204694E74046D1E7D0467BE7023B614477
:1011000032E7304609E76444023842E7704700BFDF
:1011100080B400AF084B1B6B074A43F08003136396
:10112000054B1B6B044A43F00103136300BFBD462C
:101130005DF8047B704700BF0038024080B582B084
:1011400000AF786004F0C0FB04F0D6FB04F0E0FBD5
:1011500004F0E8FB4FF4FA7003F098FAF6E70000A9
:1011600080B584B000AF78600023FB6008212E4872
:1011700000F0B2FD0346002B31D1FB68002B2AD1D1
:1011800002F0D2FCB860BA682849294804F0B2FCE1
:101190004FF4806002F0B2FBF860FB68002B15D0C2
:1011A000FA682449224804F0A5FC02F0BDFCB860AE
:1011B000BA6821491E4804F09DFC03F0F7FB034682
:1011C0001A461E49F86804F03BFD08E01C4918481F
:1011D00004F090FC03E01B49154804F08BFC04214B
:1011E000114800F079FD0346002B18D1FB68002B55
:1011F00011D015490E4804F07DFCF86802F038FC67
:101200000023FB6002F090FCB860BA680A49084805
:1012100004F070FC03E00D49054804F06BFCC820A5
:1012200003F034FAA2E700BF001C0240F0BB000844
:10123000C83701202CBC000864BC00088CBC000826
:10124000A8BC0008C0BC0008E0BC0008F0BC000856
:1012500080B586B002AF78600123FB6002F06CFAC3
:101260001B4B01930223009300234FF48072194912
:10127000194803F00DF8F860FB68012B01D1174BFA
:1012800000E0174B134A1749174804F033FC174B7B
:1012900001930323009300234FF4807214491548EF
:1012A00002F0F6FFF860FB68012B01D10B4B00E068
:1012B0000B4B0F4A0B490C4804F01CFC002003F0B8
:1012C00051F902F069FA00BF1037BD4680BD00BF7A
:1012D000D809002010BD00083D1100081CBD000801
:1012E00024BD00082CBD0008C8370120DC090020FF
:1012F0003CBD00086111000880B582B002AF00F06B
:10130000E1F900F01DF8FFF703FF04F0B3FA04F071
:101310006BFA4FF4E13004F023FB064B01930123F9
:101320000093002380220449044802F0B1FF03F037
:10133000E1F9FEE7D409002048BD00085112000879
:1013400080B592B000AF07F1180330220021184693
:1013500004F024FC3B1D00221A605A609A60DA6097
:101360001A61244B1B6C234A43F080531364224BB5
:101370001B68214A43F4404313600123BB610123EE
:10138000FB6102233B634FF480037B630F23BB634A
:10139000D823FB6302233B6404237B6407F1180317
:1013A000184600F049FD0346002B01D000F026F856
:1013B00000F0D6FC0346002B01D000F01FF80F23ED
:1013C0007B600223BB600023FB604FF4A0533B61B2
:1013D0004FF480537B613B1D0521184600F07EFFD2
:1013E0000346002B01D000F009F800BF4837BD4686
:1013F00080BD00BF003802400070004080B400AFE4
:1014000072B600BFFEE7000080B400AF084B5B6C13
:10141000074A43F480435364054B1B6C044A43F072
:101420008053136400BFBD465DF8047B704700BF66
:101430000038024080B400AFFEE780B400AFFEE7A2
:1014400080B400AFFEE780B400AFFEE780B400AF29
:10145000FEE780B400AF00BFBD465DF8047B704777
:1014600080B500AF03F09EFE0346012B01D002F0D1
:10147000F3F900F065F900BF80BD80B400AF01232F
:101480001846BD465DF8047B704780B582B000AF5A
:101490007860396004F058FB034616221A604FF05A
:1014A000FF3318460837BD4680BD80B582B000AF17
:1014B00078604FF0FF317868FFF7E7FFFEE780B50F
:1014C00086B000AFF860B9607A6000237B610AE003
:1014D000AFF300800146BB685A1CBA60CAB21A70EA
:1014E0007B6901337B617A697B689A42F0DB7B68B8
:1014F00018461837BD4680BD80B586B000AFF8608D
:10150000B9607A6000237B6109E0BB685A1CBA604D
:101510001B781846AFF300807B6901337B617A69E1
:101520007B689A42F1DB7B6818461837BD4680BD60
:1015300080B483B000AF78604FF0FF3318460C37AB
:10154000BD465DF8047B704780B483B000AF78601F
:1015500039603B684FF400525A60002318460C373C
:10156000BD465DF8047B704780B483B000AF7860FF
:10157000012318460C37BD465DF8047B704780B4E4
:1015800085B000AFF860B9607A6000231846143760
:10159000BD465DF8047B704780B586B000AF7860CB
:1015A000144A154BD31A7B617B693B61134B1B6853
:1015B000002B02D1114B124A1A60104B1A687B683B
:1015C00013443A699A4207D204F0BEFA03460C2249
:1015D0001A604FF0FF3309E0084B1B68FB60074BB4
:1015E0001A687B681344054A1360FB68184618376D
:1015F000BD4680BD0000032000040000E00900207B
:101600005839012080B400AF164BD3F88830154A02
:1016100043F47003C2F88830134B1B68124A43F03E
:1016200001031360104B00229A600F4B1B680E4A97
:1016300023F0847323F4803313600B4B0B4A5A60FE
:10164000094B1B68084A23F480231360064B0022D1
:10165000DA60044B4FF000629A6000BFBD465DF84F
:10166000047B704700ED00E0003802401030002499
:10167000DFF834D0002103E00C4B5B5843500431B9
:101680000B480C4B42189A42F6D30B4A02E0002357
:1016900042F8043B094B9A42F9D3FFF7B3FF04F039
:1016A00059FAFFF729FE7047000003208CC100089B
:1016B00000000020B8090020B8090020543901209A
:1016C000FEE7000080B500AF0E4B1B680D4A43F4E7
:1016D000007313600B4B1B680A4A43F4806313606A
:1016E000084B1B68074A43F480731360032000F023
:1016F0000DF90F2000F008F8FFF786FE00231846CA
:1017000080BD00BF003C024080B582B000AF786071
:1017100000F0CEFF0346094AA2FB03239B091846AB
:1017200000F029F9002279684FF0FF3000F0F9F855
:10173000002318460837BD4680BD00BFD34D621058
:1017400080B400AF044B1B680133034A136000BF31
:10175000BD465DF8047B7047E409002080B400AF0B
:10176000034B1B681846BD465DF8047B704700BFFD
:10177000E409002080B485B000AF78607B6803F096
:101780000703FB600C4BDB68BB60BA684FF6FF03D6
:101790001340BB60FB681A02BB68134343F0BF638E
:1017A00043F40033BB60044ABB68D36000BF143706
:1017B000BD465DF8047B704700ED00E080B400AFEB
:1017C000044BDB681B0A03F007031846BD465DF8AF
:1017D000047B704700ED00E080B483B000AF0346A7
:1017E000FB71FB7903F01F03012202FA03F1064AA1
:1017F00097F907305B0942F8231000BF0C37BD464C
:101800005DF8047B704700BF00E100E080B483B066
:1018100000AF03463960FB7197F90730002B0BDAF4
:101820003B68DAB20C49FB7903F00F03043B120169
:10183000D2B20B441A7609E03B68DAB2074997F94D
:1018400007301201D2B20B4483F8002300BF0C37DB
:10185000BD465DF8047B704700ED00E000E100E06C
:1018600080B489B000AFF860B9607A60FB6803F0BB
:101870000703FB61FB69C3F10703042B28BF0423A3
:10188000BB61FB690433062B02D9FB69033B00E013
:1018900000237B610122BB6902FA03F3013B1A4674
:1018A000BB681A407B699A4001217B6901FA03F306
:1018B000013B19467B680B40134318462437BD464D
:1018C0005DF8047B7047000080B582B000AF78609F
:1018D0007B68013BB3F1807F01D301230FE00A4A0B
:1018E0007B68013B53600F214FF0FF30FFF78EFF05
:1018F000054B00229A60044B07221A600023184609
:101900000837BD4680BD00BF10E000E080B582B062
:1019100000AF78607868FFF72DFF00BF0837BD463D
:1019200080BD80B586B000AF0346B9607A60FB73B6
:1019300000237B61FFF742FF78617A68B9687869B4
:10194000FFF78EFF024697F90F3011461846FFF752
:101950005DFF00BF1837BD4680BD80B582B000AFC7
:101960000346FB7197F907301846FFF735FF00BFB4
:101970000837BD4680BD80B582B000AF786078681A
:10198000FFF7A2FF034618460837BD4680BD00009A
:1019900080B487B000AF786039600023FB6000231B
:1019A000BB6000233B6100237B616FE101227B6907
:1019B00002FA03F3FB603B681B68FA681340BB60E4
:1019C000BA68FB689A4240F05E813B685B68022B14
:1019D00003D03B685B68122B23D17B69DA087B68F4
:1019E000083253F822303B617B6903F007039B0008
:1019F0000F2202FA03F3DB433A6913403B613B6871
:101A00001A697B6903F007039B0002FA03F33A6942
:101A100013433B617B69DA087B680832396943F814
:101A200022107B681B683B617B695B00032202FA22
:101A300003F3DB433A6913403B613B685B6803F0A7
:101A400003027B695B0002FA03F33A6913433B61CB
:101A50007B683A691A603B685B68012B0BD03B6876
:101A60005B68022B07D03B685B68112B03D03B6897
:101A70005B68122B30D17B689B683B617B695B00A4
:101A8000032202FA03F3DB433A6913403B613B68EC
:101A9000DA687B695B0002FA03F33A6913433B613E
:101AA0007B683A699A607B685B683B6101227B696D
:101AB00002FA03F3DB433A6913403B613B685B681E
:101AC0001B0903F001027B6902FA03F33A6913432D
:101AD0003B617B683A695A607B68DB683B617B6984
:101AE0005B00032202FA03F3DB433A6913403B61D4
:101AF0003B689A687B695B0002FA03F33A69134317
:101B00003B617B683A69DA603B685B6803F080534D
:101B1000002B00F0B880634B5B6C624A43F4804357
:101B20005364614A7B699B08023352F823303B615E
:101B30007B6903F003039B000F2202FA03F3DB43EC
:101B40003A6913403B617B68584A934237D07B68BF
:101B5000574A934231D07B68564A93422BD07B68D8
:101B6000554A934225D07B68544A93421FD07B68E4
:101B7000534A934219D07B68524A934213D07B68F0
:101B8000514A93420DD07B68504A934207D07B68FC
:101B90004F4A934201D1092312E00A2310E008239F
:101BA0000EE007230CE006230AE0052308E00423E7
:101BB00006E0032304E0022302E0012300E0002307
:101BC0007A6902F00302920093403A6913433B6141
:101BD00035497B699B0802333A6941F823203D4B24
:101BE0001B683B61BB68DB433A6913403B613B6860
:101BF0005B6803F48033002B03D03A69BB6813435E
:101C00003B61344A3B691360324B5B683B61BB68A4
:101C1000DB433A6913403B613B685B6803F4003384
:101C2000002B03D03A69BB6813433B61294A3B69E7
:101C30005360284B9B683B61BB68DB433A691340A8
:101C40003B613B685B6803F48013002B03D03A6967
:101C5000BB6813433B611F4A3B6993601D4BDB68C4
:101C60003B61BB68DB433A6913403B613B685B689F
:101C700003F40013002B03D03A69BB6813433B61A4
:101C8000144A3B69D3607B6901337B617B690F2B0D
:101C90007FF68CAE00BF00BF1C37BD465DF8047BED
:101CA000704700BF00380240003801400000024089
:101CB0000004024000080240000C024000100240F4
:101CC0000014024000180240001C024000200240A4
:101CD00000240240003C014080B485B000AF786031
:101CE0000B467B807B681A697B881340002B02D0EF
:101CF0000123FB7301E00023FB73FB7B18461437C1
:101D0000BD465DF8047B704780B483B000AF786057
:101D10000B467B8013467B707B78002B03D07A8840
:101D20007B689A6103E07B881A047B689A6100BF34
:101D30000C37BD465DF8047B704780B483B000AFBC
:101D400078600B467B807B685A697B885A407B6849
:101D50005A6100BF0C37BD465DF8047B7047000038
:101D600080B58AB000AF00237B62314B1B6C304AD8
:101D700043F0805313644FF48033BB61BB6993FA23
:101D8000A3F37B617B693B623B6AB3FA83F3FB613C
:101D9000FB69DBB29B0003F1844303F560231A4621
:101DA00001231360FFF7DAFC786209E0FFF7D6FC45
:101DB00002467B6AD31AB3F57A7F01D9032333E055
:101DC0001C4B5B6803F48033B3F5803FEED14FF4D6
:101DD0000033BB60BB6893FAA3F37B607B683B6115
:101DE0003B69B3FA83F3FB60FB68DBB29B0003F152
:101DF000844303F560231A4601231360FFF7AEFC0A
:101E0000786209E0FFF7AAFC02467B6AD31AB3F5B1
:101E10007A7F01D9032307E0064B5B6803F40033A4
:101E2000B3F5003FEED1002318462837BD4680BDEC
:101E3000003802400070004080B598B000AF786074
:101E40000023FB657B681B6803F00103002B66D051
:101E50009C4B9B6803F00C03042B0CD0994B9B68A4
:101E600003F00C03082B12D1964B5B6803F480033C
:101E7000B3F5800F0BD1934B1B6803F40033002B99
:101E80004CD07B685B68002B48D101231AE28E4B53
:101E900000221A70FFF762FCF86508E0FFF75EFCAD
:101EA0000246FB6DD31A642B01D903230AE2854B4A
:101EB0001B6803F40033002BF0D17B685A68824B17
:101EC000D2B21A707B685B68002B13D0FFF746FC18
:101ED000F86508E0FFF742FC0246FB6DD31A642B5D
:101EE00001D90323EEE1774B1B6803F40033002B89
:101EF000F0D014E0FFF732FCF86508E0FFF72EFCA5
:101F00000246FB6DD31A642B01D90323DAE16D4B32
:101F10001B6803F40033002BF0D100E000BF7B68A6
:101F20001B6803F00203002B7FD0664B9B6803F015
:101F30000C03002B0BD0634B9B6803F00C03082BA6
:101F40002AD1604B5B6803F48003002B24D15D4BE6
:101F50001B6803F00203002B05D07B68DB68012BB4
:101F600001D00123AEE1574B1B6823F0F8027B68D8
:101F70001B69F8213965396D91FAA1F1F964F96CA1
:101F8000B965B96DB1FA81F17965796DC9B28B40E6
:101F90004C4913430B6048E07B68DB68002B2ED074
:101FA0004A4B01221A60FFF7D9FBF86508E0FFF7FA
:101FB000D5FB0246FB6DD31A642B01D9032381E1C3
:101FC000404B1B6803F00203002BF0D03D4B1B6815
:101FD00023F0F8027B681B69F8213964396C91FAA7
:101FE000A1F1F963F96BB964B96CB1FA81F1796463
:101FF000796CC9B28B40334913430B6015E0334B06
:1020000000221A60FFF7AAFBF86508E0FFF7A6FBBD
:102010000246FB6DD31A642B01D9032352E1294BED
:102020001B6803F00203002BF0D17B681B6803F0F0
:102030000803002B30D07B685B69002B16D0244B43
:1020400001221A60FFF78AFBF86508E0FFF786FBBC
:102050000246FB6DD31A642B01D9032332E1194BDD
:102060005B6F03F00203002BF0D015E0184B002249
:102070001A60FFF773FBF86508E0FFF76FFB024695
:10208000FB6DD31A642B01D903231BE10D4B5B6F4E
:1020900003F00203002BF0D17B681B6803F00403FC
:1020A000002B74D0074B1B6C064A43F0805313641B
:1020B000084B1B68074A43F480731360FFF74EFB1D
:1020C000F86512E000380240023802400000474242
:1020D000800E474200700040FFF740FB0246FB6D58
:1020E000D31A642B01D90323ECE0784B1B6803F46B
:1020F0008073002BF0D0764B00221A70FFF72EFB76
:10210000F8650AE0FFF72AFB0246FB6DD31A41F29D
:102110008832934201D90323D4E06E4B1B6F03F046
:102120000203002BEED17B689A68694BD2B21A7019
:102130007B689B68012B15D1FFF710FBF8650AE05F
:10214000FFF70CFB0246FB6DD31A41F28832934233
:1021500001D90323B6E05F4B1B6F03F00203002B92
:10216000EED014E0FFF7FAFAF8650AE0FFF7F6FAA6
:102170000246FB6DD31A41F28832934201D9032300
:10218000A0E0544B1B6F03F00203002BEED17B68E1
:102190009B69002B00F095804E4B9B6803F00C036D
:1021A000082B00F08C807B689B69022B70D14A4B16
:1021B00000221A60FFF7D2FAF86508E0FFF7CEFABE
:1021C0000246FB6DD31A642B01D903237AE0414BFD
:1021D0001B6803F00073002BF0D17B681A6A7B68E0
:1021E0005B6A47F6C0713961396991FAA1F1F9600A
:1021F000F968B961B969B1FA81F179617969C9B2EE
:102200008B401A437B689B6A5B08013B4FF440316B
:102210003962396A91FAA1F1F961F969B962B96A69
:10222000B1FA81F17962796AC9B28B401A437B684D
:10223000DB691A437B68DB6A4FF070613963396B85
:1022400091FAA1F1F962F96AB963B96BB1FA81F156
:102250007963796BC9B28B4013431E4A43F0005334
:1022600053601D4B01221A60FFF778FAF86508E009
:10227000FFF774FA0246FB6DD31A642B01D90323CE
:1022800020E0144B1B6803F00073002BF0D018E023
:10229000114B00221A60FFF761FAF86508E0FFF7BA
:1022A0005DFA0246FB6DD31A642B01D9032309E0C2
:1022B000084B1B6803F00073002BF0D101E00123F1
:1022C00000E0002318466037BD4680BD0070004026
:1022D00070380240003802406000474280B584B048
:1022E00000AF786039600023FB60924B1B6803F0FD
:1022F0000F033A689A4240F28F808E4B3A68D2B20E
:102300001A708C4B1B6803F00F033A689A4201D095
:10231000012336E17B681B6803F00203002B08D021
:10232000854B9B6823F0F0027B689B6882491343CE
:102330008B607B681B6803F00103002B00F0FE80BC
:102340007B685B68012B07D17B4B1B6803F4003370
:10235000002B15D1012314E17B685B68022B07D1A8
:10236000754B1B6803F00073002B09D1012308E1B2
:10237000714B1B6803F00203002B01D1012300E124
:102380006D4B9B6823F003027B685B686A491343CB
:102390008B60FFF7E3F9F8607B685B68012B12D173
:1023A0000AE0FFF7DBF90246FB68D31A41F28832F4
:1023B000934201D90323E4E05F4B9B6803F00C03D5
:1023C000042BEED1BAE07B685B68022B1DD10AE0DA
:1023D000FFF7C4F90246FB68D31A41F288329342F0
:1023E00001D90323CDE0544B9B6803F00C03082B69
:1023F000EED1A3E0FFF7B2F90246FB68D31A41F22F
:102400008832934201D90323BBE04B4B9B6803F016
:102410000C03002BEED191E07B681B6803F00203F4
:10242000002B08D0444B9B6823F0F0027B689B682C
:10243000414913438B607B681B6803F00103002B49
:102440006AD07B685B68012B07D13B4B1B6803F4A8
:102450000033002B15D1012393E07B685B68022BCE
:1024600007D1354B1B6803F00073002B09D1012302
:1024700087E0314B1B6803F00203002B01D10123DD
:102480007FE02D4B9B6823F003027B685B682A4941
:1024900013438B60FFF762F9F8607B685B68012B80
:1024A00012D10AE0FFF75AF90246FB68D31A41F24B
:1024B0008832934201D9032363E01F4B9B6803F0EA
:1024C0000C03042BEED127E07B685B68022B1DD147
:1024D0000AE0FFF743F90246FB68D31A41F288325B
:1024E000934201D903234CE0134B9B6803F00C0388
:1024F000082BEED110E0FFF731F90246FB68D31A42
:1025000041F28832934201D903233AE00A4B9B6897
:1025100003F00C03002BEED1064B3A68D2B21A70CE
:10252000044B1B6803F00F033A689A4206D001235C
:1025300027E000BF003C0240003802407B681B6877
:1025400003F00403002B08D0104B9B6823F4E052E7
:102550007B68DB680D4913438B607B681B6803F065
:102560000803002B09D0094B9B6823F460427B6869
:102570001B69DB00054913438B600F20FFF7C4F88C
:10258000002318461037BD4680BD00BF003802400A
:1025900080B491B000AF00237B630023FB63002372
:1025A0003B630023BB633F4B9B6803F00C03082B8A
:1025B0000CD0082B6BD8002B02D0042B03D066E084
:1025C000394BBB6366E0394BBB6363E0354B5B68FB
:1025D00003F03F037B63334B5B6803F48003002B02
:1025E0001CD0324A7B6BB2FBF3F22E4B596847F694
:1025F000C0730B4047F6C0717962796A91FAA1F114
:102600003962396AF962F96AB1FA81F1B962B96A73
:10261000C9B2CB4002FB03F3FB631BE0224A7B6B96
:10262000B2FBF3F21F4B596847F6C0730B4047F6F5
:10263000C0717961796991FAA1F139613969F961FA
:10264000F969B1FA81F1B961B969C9B2CB4002FB4C
:1026500003F3FB63134B5B6803F440334FF44032E6
:102660007A607A6892FAA2F23A603A68FA60FA6896
:10267000B2FA82F2BA60BA68D2B2D34001335B00D8
:102680003B63FA6B3B6BB2FBF3F3BB6302E0064BBD
:10269000BB6300BFBB6B18464437BD465DF8047B87
:1026A000704700BF003802400024F40040787D01EC
:1026B00080B584B000AFFFF76BFF01460F4B9B68FE
:1026C00003F0F003F0227A607A6892FAA2F23A609C
:1026D0003A68FA60FA68B2FA82F2BA60BA68D2B2BC
:1026E000D340074AD35C21FA03F3064A1360054B33
:1026F0001B6818461037BD4680BD00BF0038024039
:102700006CBD00080000002080B584B000AFFFF76A
:10271000CFFF01460D4B9B6803F4E0534FF4E052AA
:102720007A607A6892FAA2F23A603A68FA60FA68D5
:10273000B2FA82F2BA60BA68D2B2D340044AD35C29
:1027400021FA03F318461037BD4680BD0038024019
:102750006CBD000880B584B000AFFFF7A9FF01464B
:102760000D4B9B6803F460434FF460427A607A68D3
:1027700092FAA2F23A603A68FA60FA68B2FA82F221
:10278000BA60BA68D2B2D340044AD35C21FA03F3E8
:1027900018461037BD4680BD003802406CBD0008A9
:1027A00080B582B000AF78607B68002B01D1012337
:1027B00037E07B6893F83930DBB2002B02D17868C0
:1027C00003F0F2F87B68022283F839207B681B68EB
:1027D000DA687B681B6822F40052DA60786800F0DF
:1027E0005DFC7B681B681A697B681B6822F4904259
:1027F0001A617B681B685A697B681B6822F02A0291
:102800005A617B681B68DA687B681B6842F4005277
:10281000DA607B680022DA637B68012283F8392062
:10282000002318460837BD4680BD80B586B000AF8E
:10283000F860B9603B601346FB8000237B61FB6856
:1028400093F83930DBB27B617B69012B03D07B6964
:10285000222B40F08E80BB68002B02D0FB88002B1F
:1028600001D1012386E0FB6893F83830012B01D1B8
:1028700002237FE0FB68012283F83820FB680022F6
:10288000DA63FB6893F83930DBB2222B04D1FB68A2
:10289000322283F8392003E0FB68122283F83920C2
:1028A000FB68FA889A84FB68FA88DA843DE0FB6862
:1028B000DB8C013B9AB2FB68DA84FB689B68B3F55A
:1028C000805F20D13B6800228021F86800F029FA5F
:1028D0000346002B01D003234CE0BB683B613B69FE
:1028E0001B881A46FB681B68C2F308025A60FB6823
:1028F0001B69002B03D1BB680233BB6015E0BB68CA
:102900000133BB6011E03B6800228021F86800F0D1
:1029100008FA0346002B01D003232BE0BB685A1CA6
:10292000BA601A78FB681B685A60FB68DB8C002B66
:10293000BDD13B6800224021F86800F0F2F903465F
:10294000002B01D0032315E0FB6893F83930DBB28C
:10295000322B04D1FB68222283F8392003E0FB6884
:10296000012283F83920FB68002283F838200023F5
:1029700000E0022318461837BD4680BD80B586B0FA
:1029800000AFF860B9603B601346FB8000237B61B9
:10299000FB6893F83930DBB27B617B69012B03D094
:1029A0007B69122B40F09D80BB68002B02D0FB8816
:1029B000002B01D1012395E0FB6893F83830012BFF
:1029C00001D102238EE0FB68012283F83820FB68E6
:1029D0000022DA63FB6893F83930DBB2122B04D1A2
:1029E000FB68322283F8392003E0FB68222283F857
:1029F0003920FB68FA889A85FB68FA88DA8557E0FF
:102A0000FB68DB8D013B9AB2FB68DA85FB689B684B
:102A1000B3F5805F29D13B6800222021F86800F0DF
:102A200080F90346002B01D003235BE0BB683B61C8
:102A3000FB681B69002B0CD1FB681B685B689BB2B1
:102A4000C3F308039AB23B691A80BB680233BB60C8
:102A50002EE0FB681B685B689BB2DBB29AB23B69F5
:102A60001A80BB680133BB6022E03B680022202152
:102A7000F86800F056F90346002B01D0032331E03B
:102A8000FB681B69002B08D1FB681B685968BB6891
:102A90005A1CBA60CAB21A700AE0FB681B685B680D
:102AA000DAB2BB68591CB96002F07F02D2B21A7068
:102AB000FB68DB8D002BA3D1FB6893F83930DBB2C8
:102AC000322B04D1FB68122283F8392003E0FB6823
:102AD000012283F83920FB68002283F83820002384
:102AE00000E0022318461837BD4680BD80B588B087
:102AF00000AF78600023FB610023BB617B681B682B
:102B00001B6803F00103012B0CBF01230023DBB280
:102B1000FB617B681B68DB6803F48073BB61FB6946
:102B2000002B11D0BB69002B0ED07B681B681B6883
:102B30007B617B681B685B687B617B697B68DB6BA7
:102B400043F001027B68DA637B681B681B6803F053
:102B50000203022B0CBF01230023DBB2FB617B6865
:102B60001B685B6903F00103BB61FB69002B11D09B
:102B7000BB69002B0ED07B681B681B683B617B68C0
:102B80001B685B683B613B697B68DB6B43F004025D
:102B90007B68DA637B681B681B6803F00403042B03
:102BA0000CBF01230023DBB2FB617B681B685B6900
:102BB00003F00103BB61FB69002B11D0BB69002B43
:102BC0000ED07B681B681B68FB607B681B685B68BA
:102BD000FB60FB687B68DB6B43F002027B68DA63B7
:102BE0007B681B681B6803F00803082B0CBF0123DC
:102BF0000023DBB2FB617B681B685B6903F00103A8
:102C0000BB61FB69002B11D0BB69002B0ED07B6828
:102C10001B681B68BB607B681B685B68BB60BB682C
:102C20007B68DB6B43F008027B68DA637B681B68B8
:102C30001B6803F02003202B0CBF01230023DBB211
:102C4000FB617B681B68DB6803F02003BB61FB69E9
:102C5000002B05D0BB69002B02D0786800F08AF900
:102C60007B681B681B6803F08003802B0CBF01236B
:102C70000023DBB2FB617B681B68DB6803F0800329
:102C8000BB61FB69002B05D0BB69002B02D07868C3
:102C900000F0E0F87B681B681B6803F04003402BE2
:102CA0000CBF01230023DBB2FB617B681B68DB6880
:102CB00003F04003BB61FB69002B05D0BB69002B0F
:102CC00002D0786800F023F97B68DB6B002B06D01C
:102CD0007B68012283F83920786800F018F800BF7B
:102CE0002037BD4680BD80B483B000AF786000BFA0
:102CF0000C37BD465DF8047B704780B483B000AFED
:102D0000786000BF0C37BD465DF8047B704780B427
:102D100083B000AF786000BF0C37BD465DF8047B20
:102D2000704780B586B000AFF860B9603B6013466D
:102D3000FB7100237B61FEF711FD7861FB79002BAD
:102D40007BD138E03B68B3F1FF3F34D03B68002BC8
:102D500007D0FEF703FD02467B69D31A3A689A4210
:102D600029D2FB681B68DA68FB681B6822F08002C6
:102D7000DA60FB681B68DA68FB681B6822F02002D7
:102D8000DA60FB681B68DA68FB681B6822F48072F3
:102D9000DA60FB681B685A69FB681B6822F0010255
:102DA0005A61FB68012283F83920FB68002283F80E
:102DB000382003234AE0FB681B681A68BB6813408D
:102DC000BA689A42BED140E03B68B3F1FF3F34D0CD
:102DD0003B68002B07D0FEF7C1FC02467B69D31A83
:102DE0003A689A4229D2FB681B68DA68FB681B685C
:102DF00022F08002DA60FB681B68DA68FB681B68F7
:102E000022F02002DA60FB681B68DA68FB681B6846
:102E100022F48072DA60FB681B685A69FB681B68E1
:102E200022F001025A61FB68012283F83920FB6815
:102E3000002283F83820032308E0FB681B681A6827
:102E4000BB681340BA689A42BED0002318461837B0
:102E5000BD4680BD80B485B000AF78600023FB60C4
:102E60007B6893F83930DBB2FB60FB68122B02D031
:102E7000FB68322B44D17B689B68B3F5805F1AD125
:102E80007B681B6ABB60BB681B881A467B681B6833
:102E9000C2F308025A607B681B69002B05D17B686E
:102EA0001B6A9A1C7B681A620EE07B681B6A5A1CBC
:102EB0007B681A6208E07B681B6A591C7A68116299
:102EC0001A787B681B685A607B68DB8C013B9AB27E
:102ED0007B68DA847B68DB8C002B0FD17B681B68F6
:102EE000DA687B681B6822F08002DA607B681B6806
:102EF000DA687B681B6842F04002DA60002300E079
:102F0000022318461437BD465DF8047B704780B530
:102F100082B000AF78607B681B68DA687B681B68EA
:102F200022F04002DA607B6893F83930DBB2322B52
:102F300004D17B68222283F8392013E07B681B6868
:102F4000DA687B681B6822F48072DA607B681B6831
:102F50005A697B681B6822F001025A617B68012272
:102F600083F839207868FFF7BEFE0023184608373B
:102F7000BD4680BD80B584B000AF78600023FB60A3
:102F80007B6893F83930DBB2FB60FB68222B02D000
:102F9000FB68322B7CD17B689B68B3F5805F23D1C3
:102FA0007B689B6ABB607B681B69002B0ED17B68CA
:102FB0001B685B689BB2C3F308039AB2BB681A80B4
:102FC0007B689B6A9A1C7B689A6229E07B681B6815
:102FD0005B689BB2DBB29AB2BB681A807B689B6A63
:102FE0005A1C7B689A621BE07B681B69002B0AD124
:102FF0007B681B6858687B689B6A591C7A68916279
:10300000C2B21A700CE07B681B685B68DAB27B683E
:103010009B6A581C7968886202F07F02D2B21A70EB
:103020007B68DB8D013B9AB27B68DA857B68DB8D40
:10303000002B2BD17B681B68DA687B681B6822F049
:103040002002DA607B6893F83930DBB2322B04D18E
:103050007B68122283F8392013E07B681B68DA68EA
:103060007B681B6822F48072DA607B681B685A698F
:103070007B681B6822F001025A617B68012283F899
:1030800039207868FFF739FE002302E0002300E0D2
:10309000022318461037BD4680BD0000B0B584B08D
:1030A00000AF78600023FB607B681B681B69FB60D6
:1030B000FB6823F44053FB607B68DB68FA681343CA
:1030C000FB607B681B68FA681A617B681B68DB68B9
:1030D000FB60FB6823F4164323F00C03FB607B6862
:1030E0009A687B681B691A437B685B691A437B6833
:1030F000DB691343FA681343FB607B681B68FA685B
:10310000DA607B681B685B69FB60FB6823F44073D3
:10311000FB607B689B69FA681343FB607B681B68F4
:10312000FA685A617B68DB69B3F5004F40F08C8028
:103130007B681B688C4A934204D07B681B688B4A6F
:10314000934240D1FFF706FB024613469B0013440F
:103150009A001A447B685B685B00B2FBF3F3844A15
:10316000A2FB03235B091C01FFF7F4FA0246134696
:103170009B0013449A001A447B685B685B00B2FBB7
:10318000F3F5FFF7E7FA024613469B0013449A0053
:103190001A447B685B685B00B2FBF3F3744AA2FBE2
:1031A00003235B09642202FB03F3EB1A1B01323396
:1031B0006F4AA2FB03235B0903F00F027B681B68C5
:1031C00022439A60CCE0FFF79FFA024613469B0029
:1031D00013449A001A447B685B685B00B2FBF3F30C
:1031E000634AA2FB03235B091C01FFF78DFA024629
:1031F00013469B0013449A001A447B685B685B008B
:10320000B2FBF3F5FFF780FA024613469B00134426
:103210009A001A447B685B685B00B2FBF3F3544A84
:10322000A2FB03235B09642202FB03F3EB1A1B01DD
:1032300032334F4AA2FB03235B0903F00F027B6882
:103240001B6822439A608BE07B681B68464A934266
:1032500004D07B681B68454A934240D1FFF77AFA55
:10326000024613469B0013449A001A447B685B682D
:103270009B00B2FBF3F33E4AA2FB03235B091C0154
:10328000FFF768FA024613469B0013449A001A445B
:103290007B685B689B00B2FBF3F5FFF75BFA0246C5
:1032A00013469B0013449A001A447B685B689B009A
:1032B000B2FBF3F32E4AA2FB03235B09642202FB59
:1032C00003F3EB1A1B013233294AA2FB03235B09E8
:1032D00003F00F027B681B6822439A6040E0FFF70F
:1032E00013FA024613469B0013449A001A447B6863
:1032F0005B689B00B2FBF3F31D4AA2FB03235B094F
:103300001C01FFF701FA024613469B0013449A0082
:103310001A447B685B689B00B2FBF3F5FFF7F4F996
:10332000024613469B0013449A001A447B685B686C
:103330009B00B2FBF3F30E4AA2FB03235B0964225A
:1033400002FB03F3EB1A1B013233094AA2FB0323EE
:103350005B0903F00F027B681B6822439A60FFE75A
:1033600000BF1037BD46B0BD001001400014014041
:103370001F85EB5180B483B000AF78607B6803F1A8
:1033800008027B685A607B684FF0FF329A607B6866
:1033900003F108027B68DA607B6803F108027B684E
:1033A0001A617B6800221A6000BF0C37BD465DF8C9
:1033B000047B704780B483B000AF78607B680022E4
:1033C0001A6100BF0C37BD465DF8047B704780B4BE
:1033D00085B000AF786039607B685B68FB603B68F4
:1033E000FA685A60FB689A683B689A60FB689B6859
:1033F0003A685A60FB683A689A603B687A681A6172
:103400007B681B685A1C7B681A6000BF1437BD4676
:103410005DF8047B704780B485B000AF7860396098
:103420003B681B68BB60BB68B3F1FF3F03D17B689F
:103430001B69FB600CE07B680833FB6002E0FB6803
:103440005B68FB60FB685B681B68BA689A42F6D2EF
:10345000FB685A683B685A603B685B683A689A60E8
:103460003B68FA689A60FB683A685A603B687A6819
:103470001A617B681B685A1C7B681A6000BF14378E
:10348000BD465DF8047B704780B485B000AF7860BE
:103490007B681B69FB607B685B687A6892689A60EE
:1034A0007B689B687A6852685A60FB685B687A68D8
:1034B0009A4203D17B689A68FB685A607B68002255
:1034C0001A61FB681B685A1EFB681A60FB681B6860
:1034D00018461437BD465DF8047B704780B485B04C
:1034E00000AFF860B9607A60FB68043BFB60FB6882
:1034F0004FF080721A60FB68043BFB60BB6823F0EE
:103500000102FB681A60FB68043BFB600C4AFB6825
:103510001A60FB68143BFB607A68FB681A60FB6802
:10352000043BFB60FB686FF002021A60FB68203B03
:10353000FB60FB6818461437BD465DF8047B704796
:103540004535000880B485B000AF00237B60124B86
:103550001B68B3F1FF3F0AD04FF0500383F311888B
:10356000BFF36F8FBFF34F8FFB6000BFFEE74FF0DD
:10357000500383F31188BFF36F8FBFF34F8FBB608E
:1035800000BF00BF7B68002BFCD000BF00BF14371A
:10359000BD465DF8047B7047040000200000000079
:1035A000074B19680868B0E8F04F80F30988BFF34B
:1035B0006F8F4FF0000080F311887047AFF30080E9
:1035C0004C36012000BF00BF08480068006880F347
:1035D00008884FF0000080F3148862B661B6BFF32C
:1035E0004F8FBFF36F8F00DF00BF000008ED00E0DA
:1035F00000BF00BF80B586B000AF464B1B68464A8F
:1036000093420AD14FF0500383F31188BFF36F8FB9
:10361000BFF34F8F3B6100BFFEE73E4B1B683F4A45
:1036200093420AD14FF0500383F31188BFF36F8F99
:10363000BFF34F8FFB6000BFFEE7394B7B617B69B7
:103640001B78DBB27B607B69FF221A707B691B7879
:10365000DBB2FB70FB78DBB203F05003DAB2314B24
:103660001A70314B07221A6009E02F4B1B68013B8F
:103670002D4A1360FB78DBB25B00DBB2FB70FB789A
:10368000DBB203F08003802BEFD0274B1B68C3F124
:103690000703042B0AD04FF0500383F31188BFF3C4
:1036A0006F8FBFF34F8FBB6000BFFEE71E4B1B68E1
:1036B0001B021D4A13601C4B1B6803F4E0631A4A8B
:1036C00013607B68DAB27B691A70184B1B68174A63
:1036D00043F470031360154B1B68144A43F07043A6
:1036E000136000F0DBF8124B00221A6000F0FAF8C9
:1036F000104B1B680F4A43F040431360FFF764FF11
:1037000001F07AFAFFF71EFF002318461837BD466E
:1037100080BD00BF00ED00E071C20F4170C20F41DB
:1037200000E400E0E8090020EC09002020ED00E0C2
:103730000400002034EF00E080B483B000AF4FF00D
:10374000500383F31188BFF36F8FBFF34F8F7B60FC
:1037500000BF0F4B1B6801330D4A13600C4B1B68F5
:10376000012B0FD10B4B1B68DBB2002B0AD04FF0A3
:10377000500383F31188BFF36F8FBFF34F8F3B600C
:1037800000BFFEE700BF0C37BD465DF8047B704705
:103790000400002004ED00E080B483B000AF124BC1
:1037A0001B68002B0AD14FF0500383F31188BFF33D
:1037B0006F8FBFF34F8F7B6000BFFEE70A4B1B6824
:1037C000013B094A1360084B1B68002B05D10023FD
:1037D0003B603B6883F3118800BF00BF0C37BD46D8
:1037E0005DF8047B704700BF04000020000000006B
:1037F000EFF30980BFF36F8F154B1A681EF0100F9F
:1038000008BF20ED108A20E9F04F10602DE9090073
:103810004FF0500080F31188BFF34F8FBFF36F8FCD
:1038200001F0EAF94FF0000080F3118809BC196833
:103830000868B0E8F04F1EF0100F08BFB0EC108A17
:1038400080F30988BFF36F8F704700BFAFF300802C
:103850004C36012000BF00BF80B582B000AF4FF0F2
:10386000500383F31188BFF36F8FBFF34F8F7B60DB
:1038700000BF01F0ABF80346002B03D0064B4FF01E
:1038800080521A6000233B603B6883F3118800BFBD
:1038900000BF0837BD4680BD04ED00E080B400AF36
:1038A0000B4B00221A600B4B00221A600A4B1B685C
:1038B0000A4AA2FB03239B09094A013B1360044BFC
:1038C00007221A6000BFBD465DF8047B704700BF49
:1038D00010E000E018E000E000000020D34D62108E
:1038E00014E000E0DFF80C00016841F470010160B1
:1038F0007047000088ED00E000BF00BF80B58AB0CF
:1039000000AF78600023FB6100F046FF534B1B685B
:10391000002B01D100F014F97B68002B12D0082293
:103920007B6803F00703D31A0833BB61BB69DB4331
:103930007A689A4204D87A68BB6913447B6001E0D4
:1039400000237B607B68002B70DB7B68002B6DD0D5
:10395000434B1B687A689A4268D8424B3B62414BA2
:103960001B687B6204E07B6A3B627B6A1B687B624C
:103970007B6A5B687A689A4203D97B6A1B68002B72
:10398000F1D1364B1B687A6A9A424FD03B6A1B686A
:1039900008221344FB617B6A1A683B6A1A607B6ADF
:1039A0005A687B68D21A08235B009A421FD97A6A48
:1039B0007B6813447B617B6903F00703002B0AD00B
:1039C0004FF0500383F31188BFF36F8FBFF34F8F16
:1039D0003B6100BFFEE77B6A5A687B68D21A7B694D
:1039E0005A607B6A7A685A60786900F005F91C4B66
:1039F0001A687B6A5B68D31A194A1360184B1A68F5
:103A0000194B1B689A4203D2154B1B68164A136068
:103A10007B6A5B6843F000427B6A5A607B6A0022E3
:103A20001A60124B1B680133104A136000F0C2FE8B
:103A3000FB6903F00703002B0AD04FF0500383F318
:103A40001188BFF36F8FBFF34F8FFB6000BFFEE79E
:103A5000FB6918462837BD4680BD00BFF8350120F8
:103A6000FC350120F035012000360120043601200C
:103A700080B586B000AF78607B687B617B68002B87
:103A800049D008235B427A6913447B617B693B61BF
:103A90003B695B68002B0ADB4FF0500383F311880E
:103AA000BFF36F8FBFF34F8FFB6000BFFEE73B6933
:103AB0001B68002B0AD04FF0500383F31188BFF32B
:103AC0006F8FBFF34F8FBB6000BFFEE73B695B6842
:103AD000DB0F03F00103DBB2002B1CD03B691B683A
:103AE000002B18D13B695B6823F000423B695A60A8
:103AF00000F052FE3B695A68094B1B681344084AA0
:103B00001360386900F078F8064B1B680133054AEA
:103B1000136000F04FFE00BF1837BD4680BD00BFE8
:103B2000FC3501200836012080B400AF034B1B6830
:103B30001846BD465DF8047B704700BFFC35012088
:103B400080B485B000AF4FF49633BB60254BFB606B
:103B5000FB6803F00703002B0CD0FB680733FB6006
:103B6000FB6823F00703FB60BA68FB68D31A1D4AA1
:103B70001344BB60FB687B601B4A7B6813601A4B75
:103B800000225A607B68BA681344FB600822FB6815
:103B90009B1AFB60FB6823F00703FB60FB68134A7A
:103BA0001360124B1B6800225A60104B1B680022E6
:103BB0001A607B683B603B68FA68D21A3B685A60BF
:103BC0000A4B1A683B681A603B685B68084A1360D6
:103BD0003B685B68074A136000BF1437BD465DF859
:103BE000047B7047F0090020F0350120F8350120F2
:103BF00000360120FC35012080B485B000AF78602C
:103C0000284BFB6002E0FB681B68FB60FB681B68DD
:103C10007A689A42F7D8FB68BB60FB685B68BA6851
:103C200013447A689A4208D1FB685A687B685B68DB
:103C30001A44FB685A60FB687B607B68BB607B68EA
:103C40005B68BA681A44FB681B689A4218D1FB6823
:103C50001A68154B1B689A420DD07B685A68FB683E
:103C60001B685B681A447B685A60FB681B681A68AB
:103C70007B681A6008E00C4B1A687B681A6003E0E6
:103C8000FB681A687B681A60FA687B689A4202D0FF
:103C9000FB687A681A6000BF1437BD465DF8047B84
:103CA000704700BFF0350120F835012080B586B09F
:103CB00000AF7860396001237B617B683B613B69C1
:103CC000002B0AD14FF0500383F31188BFF36F8F9D
:103CD000BFF34F8FFB6000BFFEE73B69002B5DD059
:103CE0003B69DB6B002B59D03B691A6C3B69DB6B82
:103CF0000021A3FB0223002B00D001210B46002B47
:103D00004CD1FFF719FD3B691A683B69DB6B3969D8
:103D1000096C01FB03F31A443B699A603B6900227A
:103D20009A633B691A683B695A603B691A683B6948
:103D3000DB6B013B3969096C01FB03F31A443B69F6
:103D4000DA603B69FF2283F844203B69FF2283F855
:103D500045203B68002B14D13B691B69002B1AD00E
:103D60003B691033184601F00DF80346002B12D0C2
:103D7000154B4FF080521A60BFF34F8FBFF36F8F18
:103D800009E03B6910331846FFF7F4FA3B69243326
:103D90001846FFF7EFFAFFF7FFFC01E000237B6115
:103DA0007B69002B0AD14FF0500383F31188BFF3D6
:103DB0006F8FBFF34F8FBB6000BFFEE77B69184674
:103DC0001837BD4680BD00BF04ED00E080B58AB065
:103DD00002AFF860B9601346FB710023FB61FB681A
:103DE000002B2ED00021BA68FB68A3FB0223002B16
:103DF00000D001210B46002B23D1FB68BA6802FBDF
:103E000003F313F1510F1CD8FB68BA6802FB03F3EC
:103E1000BB61BB6950331846FFF770FDF861FB6961
:103E2000002B1CD0FB697B617B6950337B61FA7985
:103E3000FB69009313467A69B968F86800F014F8D2
:103E40000DE0FB69002B0AD14FF0500383F311887A
:103E5000BFF36F8FBFF34F8F3B6100BFFEE7FB697E
:103E600018462037BD4680BD80B584B000AFF860ED
:103E7000B9607A60FB70BB68002B03D1BB69BA697B
:103E80001A6002E0BB697A681A60BB69FA68DA6393
:103E9000BB69BA681A640121B869FFF707FFBB69FB
:103EA000FA7883F84C2000BF1037BD4680BD000073
:103EB00080B58CB000AFF860B9607A600023FB6217
:103EC000FB68BB62BB6A002B0AD14FF0500383F33F
:103ED0001188BFF36F8FBFF34F8F3B6200BFFEE7C8
:103EE000BB68002B03D1BB6A1B6C002B01D10123E3
:103EF00000E00023002B0AD14FF0500383F3118818
:103F0000BFF36F8FBFF34F8FFB6100BFFEE701F080
:103F100049F90346002B02D17B68002B01D1012314
:103F200000E00023002B0AD14FF0500383F31188E7
:103F3000BFF36F8FBFF34F8FBB6100BFFEE7FFF78B
:103F4000FBFBBB6A9B6B7B627B6A002B1FD0B96853
:103F5000B86A00F08DF87B6A5A1EBB6A9A63BB6A26
:103F60001B69002B0FD0BB6A1033184600F00AFF04
:103F70000346002B07D03D4B4FF080521A60BFF331
:103F80004F8FBFF36F8FFFF707FC012369E07B685A
:103F9000002B03D1FFF700FC002362E0FB6A002B3B
:103FA00006D107F11003184600F0C2FF0123FB629F
:103FB000FFF7F2FB00F0F0FBFFF7BEFBBB6A93F8E4
:103FC00044305BB2B3F1FF3F03D1BB6A002283F8F8
:103FD0004420BB6A93F845305BB2B3F1FF3F03D195
:103FE000BB6A002283F84520FFF7D6FB3A1D07F194
:103FF00010031146184600F0B1FF0346002B23D1F1
:10400000B86A00F0ADF80346002B17D0BB6A243322
:104010007A681146184600F04BFEB86A00F04EF878
:1040200000F0C8FB0346002B89D1104B4FF08052A3
:104030001A60BFF34F8FBFF36F8F80E7B86A00F04D
:104040003DF800F0B7FB7AE7B86A00F037F800F007
:10405000B1FBB86A00F084F80346002B3FF46FAF61
:10406000002318463037BD4680BD00BF04ED00E098
:1040700080B582B000AF786039607B681B6C002B24
:1040800018D07B68DA687B681B6C1A447B68DA603E
:104090007B68DA687B689B689A4203D37B681A68FE
:1040A0007B68DA607B68D9687B681B6C1A46386865
:1040B000FCF774FC00BF0837BD4680BD80B584B0F6
:1040C00000AF7860FFF738FB7B6893F84530FB73EF
:1040D00011E07B685B6A002B12D07B6824331846A2
:1040E00000F050FE0346002B01D000F09DFFFB7B4B
:1040F000013BDBB2FB7397F90F30002BE9DC00E0EA
:1041000000BF7B68FF2283F84520FFF745FBFFF7E0
:1041100013FB7B6893F84430BB7311E07B681B6929
:10412000002B12D07B681033184600F02BFE03469C
:10413000002B01D000F078FFBB7B013BDBB2BB73EF
:1041400097F90E30002BE9DC00E000BF7B68FF220E
:1041500083F84420FFF720FB00BF1037BD4680BD29
:1041600080B584B000AF7860FFF7E6FA7B689B6BA0
:10417000002B02D10123FB6001E00023FB60FFF76D
:104180000BFBFB6818461037BD4680BD80B487B076
:1041900000AF7860396000233B617B68002B0AD157
:1041A0004FF0500383F31188BFF36F8FBFF34F8F2E
:1041B000FB6000BFFEE73B68002B24D000237B613F
:1041C0001EE0184A7B69DB0013445B687A689A42F8
:1041D00005D17B69DB00134A13443B6113E03B6963
:1041E000002B0AD10F4A7B6952F83330002B04D1DF
:1041F0007B69DB000B4A13443B617B6901337B61C4
:104200007B69072BDDD93B69002B05D03B693A68F8
:104210001A603B697A685A6000BF1C37BD465DF87A
:10422000047B70470C36012080B586B000AFF86083
:10423000B9607A60FB687B61FFF77EFA7B6993F86F
:1042400044305BB2B3F1FF3F03D17B69002283F8B6
:1042500044207B6993F845305BB2B3F1FF3F03D153
:104260007B69002283F84520FFF796FA7B699B6BF8
:10427000002B06D17B6924337A68B968184600F0B0
:104280003BFD7869FFF71AFF00BF1837BD4680BDB8
:1042900080B58CB004AFF860B9603B601346FB801A
:1042A000FB889B001846FFF729FB78617B69002B90
:1042B00013D05820FFF722FBF861FB69002B08D0D0
:1042C00058220021F86901F069FCFB697A691A63D8
:1042D00005E07869FFF7CCFB01E00023FB61FB6997
:1042E000002B13D0FA8800230393FB690293FB6A27
:1042F0000193BB6A00933B68B968F86800F00EF858
:10430000F86900F099F80123BB6102E04FF0FF3338
:10431000BB61BB6918462037BD4680BD80B588B0FB
:1043200000AFF860B9607A603B603B6B186B7B68EC
:104330009B001A46A52101F031FC3B6B1A6B7B6890
:1043400003F18043013B9B001344BB61BB6923F035
:104350000703BB61BB6903F00703002B0AD04FF0D2
:10436000500383F31188BFF36F8FBFF34F8F7B61CF
:1043700000BFFEE7BB68002B1ED00023FB6112E0EC
:10438000BA68FB69134419783A6BFB6913443433F8
:104390000A461A70BA68FB6913441B78002B06D0D2
:1043A000FB690133FB61FB69092BE9D900E000BF20
:1043B0003B6B002283F83D20BB6A042B0AD94FF0E7
:1043C000500383F31188BFF36F8FBFF34F8F3B61AF
:1043D00000BFFEE7BB6A042B01D90423BB623B6B21
:1043E000BA6ADA623B6BBA6A9A643B6B043318466A
:1043F000FEF7E0FF3B6B18331846FEF7DBFF3B6B25
:104400003A6B1A61BB6AC3F105023B6B9A613B6B65
:104410003A6B5A623A68F968B869FFF75FF8024682
:104420003B6B1A60FB6A002B02D0FB6A3A6B1A6086
:1044300000BF2037BD4680BD80B584B000AF786036
:10444000FFF77AF9404B1B6801333F4A13603F4B3B
:104450001B68002B09D13D4A7B6813603A4B1B68EF
:10446000012B10D100F004FE0DE0394B1B68002B2E
:1044700009D1364B1B68DA6A7B68DB6A9A4202D83C
:10448000324A7B681360334B1B680133314A136037
:10449000304B1A687B681A647B68DB6A01229A4099
:1044A0002D4B1B6813432C4A13607B68DA6A2B4937
:1044B00013469B0013449B000B4404331B68FB60B2
:1044C0007B68FA689A60FB689A687B68DA60FB68C8
:1044D0009B687A6804325A607B681A1DFB689A6090
:1044E0007B68DA6A13469B0013449B001B4A1A44FC
:1044F0007B685A617B68DA6A184913469B0013444B
:104500009B000B441B68591C144813469B00134422
:104510009B0003441960FFF73FF90D4B1B68002B0C
:104520000ED00A4B1B68DA6A7B68DB6A9A4207D2B4
:104530000B4B4FF080521A60BFF34F8FBFF36F8F5A
:1045400000BF1037BD4680BD243701204C36012006
:1045500030370120403701202C3701205036012010
:1045600004ED00E080B584B000AF7860FFF7E4F8B8
:104570007B68002B02D13B4B1B6800E07B68FB6033
:10458000FB6804331846FEF77FFF0346002B15D166
:10459000FB68DA6A344913469B0013449B000B44C2
:1045A0001B68002B0AD1FB68DB6A012202FA03F3C5
:1045B000DA432E4B1B6813402C4A1360FB689B6A3E
:1045C000002B04D0FB6818331846FEF75DFF284B1C
:1045D0001B680133264A1360224B1B68FA689A4213
:1045E0000BD1FB68043319462248FEF7F0FE224B3C
:1045F0001B680133204A136006E0204B1B68013B17
:104600001E4A136000F0B2FDFFF7C6F8154B1B6899
:10461000FA689A4202D0F86800F098FD184B1B68BF
:10462000002B1BD00F4B1B68FA689A4216D1154B12
:104630001B68002B0AD04FF0500383F31188BFF39F
:104640006F8FBFF34F8FBB6000BFFEE70E4B4FF085
:1046500080521A60BFF34F8FBFF36F8F00BF1037C8
:10466000BD4680BD4C360120503601202C3701203C
:1046700040370120F83601200C3701202437012073
:10468000303701204C37012004ED00E080B584B0C4
:1046900000AF78600023FB607B68002B17D0134BC2
:1046A0001B68002B0AD04FF0500383F31188BFF32F
:1046B0006F8FBFF34F8FBB6000BFFEE700F06CF859
:1046C0000021786800F08CFD00F074F8F860FB6859
:1046D000002B07D1064B4FF080521A60BFF34F8F6B
:1046E000BFF36F8F00BF1037BD4680BD4C37012030
:1046F00004ED00E080B586B002AF204B01930023AB
:104700000093002382221E491E48FFF7C1FDF86076
:10471000FB68012B02D100F0E3FDF860FB68012B80
:1047200016D14FF0500383F31188BFF36F8FBFF39F
:104730004F8FBB6000BF144B4FF0FF321A60134B1A
:1047400001221A60124B00221A60FEF753FF0EE09E
:10475000FB68B3F1FF3F0AD14FF0500383F3118898
:10476000BFF36F8FBFF34F8F7B6000BFFEE7094B36
:104770001B6800BF1037BD4680BD00BF4837012011
:1047800054BD000841500008443701203037012053
:10479000283701200800002080B400AF044B1B68BC
:1047A0000133034A136000BFBD465DF8047B7047C8
:1047B0004C37012080B588B000AF0023FB61002397
:1047C000BB61714B1B68002B0AD14FF0500383F380
:1047D0001188BFF36F8FBFF34F8F7B6000BFFEE781
:1047E000FEF7AAFF684B1B68013B674A1360664BE4
:1047F0001B68002B40F0C080644B1B68002B00F04E
:10480000BB808AE0624BDB68DB68FB61FB699B6A0B
:104810003B61FB69DB69FA69126A9A60FB691B6A92
:10482000FA69D2695A603B695A68FB6918339A423F
:1048300003D1FB691A6A3B695A60FB6900229A62DC
:104840003B691B685A1E3B691A60FB695B69FB6028
:10485000FB699B68FA69D2689A60FB69DB68FA6950
:1048600092685A60FB685A68FB6904339A4203D124
:10487000FB69DA68FB685A60FB6900225A61FB68D1
:104880001B685A1EFB681A60FB69DB6A01229A40AA
:10489000404B1B6813433F4A1360FB69DA6A3E4989
:1048A00013469B0013449B000B4404331B68BB60FE
:1048B000FB69BA689A60BB689A68FB69DA60BB6892
:1048C0009B68FA6904325A60FB691A1DBB689A60DA
:1048D000FB69DA6A13469B0013449B002E4A1A4474
:1048E000FB695A61FB69DA6A2B4913469B00134442
:1048F0009B000B441B68591C274813469B0013441C
:104900009B0003441960FB69DA6A244B1B68DB6A6D
:104910009A4202D3224B01221A601D4B1B68002BC6
:104920007FF470AFFB69002B01D000F01FFC1D4B22
:104930001B687B617B69002B10D000F047F80346B1
:10494000002B02D0164B01221A607B69013B7B6170
:104950007B69002BF1D1134B00221A60104B1B68AE
:10496000002B09D00123BB610F4B4FF080521A601E
:10497000BFF34F8FBFF36F8FFEF70EFFBB69184673
:104980002037BD4680BD00BF4C37012024370120B1
:10499000E43601202C370120503601204C3601200E
:1049A000383701203437012004ED00E080B483B0B3
:1049B00000AF054B1B687B607B6818460C37BD4613
:1049C0005DF8047B704700BF2837012080B58AB0AE
:1049D00000AF00237B627D4B1B68002B40F0EC8016
:1049E0007B4B1B6801333B62794A3B6A13603B6A2D
:1049F000002B20D1774B1B681B68002B0AD04FF08F
:104A0000500383F31188BFF36F8FBFF34F8F7B6029
:104A100000BFFEE76F4B1B68FB616F4B1B686D4A65
:104A200013606D4AFB6913606C4B1B6801336B4A62
:104A3000136000F09BFB6A4B1B683A6A9A42C0F015
:104A4000A680644B1B681B68002B04D1644B4FF09D
:104A5000FF321A609BE05F4B1B68DB68DB68BB6161
:104A6000BB695B687B613A6A7B699A4203D25C4AA4
:104A70007B6913608BE0BB695B693B61BB699B68C9
:104A8000BA69D2689A60BB69DB68BA6992685A6091
:104A90003B695A68BB6904339A4203D1BB69DA683F
:104AA0003B695A60BB6900225A613B691B685A1E08
:104AB0003B691A60BB699B6A002B1ED0BB699B6A6D
:104AC000FB60BB69DB69BA69126A9A60BB691B6AE1
:104AD000BA69D2695A60FB685A68BB6918339A424E
:104AE00003D1BB691A6AFB685A60BB6900229A62EB
:104AF000FB681B685A1EFB681A60BB69DB6A0122EF
:104B00009A40384B1B681343364A1360BB69DA6A14
:104B1000354913469B0013449B000B4404331B6828
:104B2000BB60BB69BA689A60BB689A68BB69DA60A7
:104B3000BB689B68BA6904325A60BB691A1DBB68BE
:104B40009A60BB69DA6A13469B0013449B00264AAD
:104B50001A44BB695A61BB69DA6A234913469B0050
:104B600013449B000B441B68591C1F4813469B00B1
:104B700013449B0003441960BB69DA6A1B4B1B6832
:104B8000DB6A9A427FF65DAF01237B6259E7174BE0
:104B90001B68DA6A144913469B0013449B000B44BC
:104BA0001B68012B01D901237B62114B1B68002B71
:104BB00007D001237B6204E00E4B1B6801330D4AD2
:104BC00013607B6A18462837BD4680BD4C370120EC
:104BD00028370120DC360120E03601203C37012057
:104BE000443701202C370120503601204C3601205B
:104BF000383701203437012080B487B000AF274B0D
:104C00001B68002B03D0264B01221A603FE0244B87
:104C100000221A60234B1B68FB60FB68B3FA83F326
:104C2000FB72FB7AC3F11F037B611F497A6913464C
:104C30009B0013449B000B441B68002B0AD14FF0D0
:104C4000500383F31188BFF36F8FBFF34F8F7B60E7
:104C500000BFFEE77A6913469B0013449B00124A8B
:104C600013443B613B695B685A683B695A603B6926
:104C70005A683B6908339A4204D13B695B685A68B9
:104C80003B695A603B695B68DB68084A136000BF98
:104C90001C37BD465DF8047B704700BF4C370120D0
:104CA000383701202C370120503601204C360120A6
:104CB00080B584B000AF786039607B68002B0AD182
:104CC0004FF0500383F31188BFF36F8FBFF34F8F03
:104CD000FB6000BFFEE7074B1B6818331946786876
:104CE000FEF799FB0121386800F07AFA00BF10370F
:104CF000BD4680BD4C36012080B586B000AFF8605F
:104D0000B9607A60FB68002B0AD14FF0500383F33F
:104D10001188BFF36F8FBFF34F8F3B6100BFFEE77A
:104D2000FB685B687B61164B1B687A69DA61144B20
:104D30001B687A6992681A62114B1A687B699B68D2
:104D400018325A600E4B1B6803F118027B699A6097
:104D50000B4B1B68FA689A62FB681B685A1CFB685D
:104D60001A607B68002B02D04FF0FF33BB6079687C
:104D7000B86800F035FA00BF1837BD4680BD00BFE7
:104D80004C36012080B48BB000AF78607B68DB6864
:104D9000DB683B623B6A002B0AD14FF0500383F380
:104DA0001188BFF36F8FBFF34F8FFB6000BFFEE72B
:104DB0003B6A9B6AFB613B6ADB693A6A126A9A60EA
:104DC0003B6A1B6A3A6AD2695A60FB695A683B6A55
:104DD00018339A4203D13B6A1A6AFB695A603B6AEC
:104DE00000229A62FB691B685A1EFB691A604A4BD3
:104DF0001B68002B5ED13B6A5B697B613B6A9B68E9
:104E00003A6AD2689A603B6ADB683A6A92685A608A
:104E10007B695A683B6A04339A4203D13B6ADA6879
:104E20007B695A603B6A00225A617B691B685A1E83
:104E30007B691A603B6ADB6A01229A40374B1B6828
:104E40001343364A13603B6ADA6A354913469B00BE
:104E500013449B000B4404331B683B613B6A3A6973
:104E60009A603B699A683B6ADA603B699B683A6A78
:104E700004325A603B6A1A1D3B699A603B6ADA6ADF
:104E800013469B0013449B00254A1A443B6A5A610F
:104E90003B6ADA6A224913469B0013449B000B4489
:104EA0001B68591C1E4813469B0013449B00034477
:104EB00019601BE01B4B5B68BB613B6ABA69DA6136
:104EC000BB699A683B6A1A62BB699B683A6A183286
:104ED0005A603B6A03F11802BB699A603B6A114A47
:104EE0009A62104B1B6801330E4A13603B6ADA6A00
:104EF0000D4B1B68DB6A9A4205D901237B620B4B81
:104F000001221A6001E000237B627B6A18462C377D
:104F1000BD465DF8047B70474C3701202C370120DB
:104F200050360120E43601204C360120383701206C
:104F300080B483B000AF7860064B1A687B681A6053
:104F4000054B1A687B685A6000BF0C37BD465DF898
:104F5000047B70473C3701202837012080B588B09A
:104F600000AF786039607B68002B0AD14FF05003A6
:104F700083F31188BFF36F8FBFF34F8F3B6100BF87
:104F8000FEE73B68002B0AD14FF0500383F31188F2
:104F9000BFF36F8FBFF34F8FFB6000BFFEE7FEF7DD
:104FA000CBFB1F4B1B68BB617B685B68BA69D31A7C
:104FB0007B613B681B68B3F1FF3F02D10023FB61BB
:104FC00026E07B681A68174B1B689A420AD07B68F8
:104FD0005B68BA699A4205D30123FB613B680022F2
:104FE0001A6015E03B681B687A699A420BD23B68ED
:104FF0001A687B69D21A3B681A607868FFF798FFD5
:105000000023FB6104E03B6800221A600123FB617E
:10501000FEF7C2FBFB6918462037BD4680BD00BFC6
:10502000283701203C37012080B400AF034B012218
:105030001A6000BFBD465DF8047B70473837012019
:1050400080B582B000AF786000F052F8064B1B6864
:10505000012BF9D9054B4FF080521A60BFF34F8FE7
:10506000BFF36F8FF0E700BF5036012004ED00E082
:1050700080B582B000AF00237B600CE07A681346F5
:105080009B0013449B00124A13441846FEF772F922
:105090007B6801337B607B68042BEFD90D48FEF7FA
:1050A00069F90D48FEF766F90C48FEF763F90C48FC
:1050B000FEF760F90B48FEF75DF90B4B054A1A60E5
:1050C0000A4B054A1A6000BF0837BD4680BD00BFC5
:1050D00050360120B4360120C8360120E4360120C4
:1050E000F836012010370120DC360120E03601209F
:1050F00080B582B000AF19E0FEF71EFB104BDB68F5
:10510000DB687B607B6804331846FEF7BDF90D4B06
:105110001B68013B0B4A13600B4B1B68013B0A4A9F
:105120001360FEF739FB786800F010F8064B1B6837
:10513000002BE1D100BF00BF0837BD4680BD00BFD6
:10514000F8360120243701200C37012080B582B0C9
:1051500000AF78607B681B6B1846FEF789FC7868A7
:10516000FEF786FC00BF0837BD4680BD80B400AFA7
:105170000A4B1B681B68002B04D1094B4FF0FF3210
:105180001A6005E0054B1B68DB681B68044A136066
:1051900000BFBD465DF8047B704700BFDC360120D0
:1051A0004437012080B483B000AF0B4B1B68002B49
:1051B00002D101237B6008E0084B1B68002B02D161
:1051C00002237B6001E000237B607B6818460C377C
:1051D000BD465DF8047B7047303701204C37012015
:1051E00080B586B000AF78603960364B1B687B6154
:1051F000354B1B6804331846FEF746F90346002B6F
:105200000BD1314B1B68DB6A012202FA03F3DA434C
:105210002E4B1B6813402D4A13607B68B3F1FF3F90
:1052200024D13B68002B21D0294B5B683B61264B86
:105230001B683A699A60244B1B683A699268DA6085
:10524000214B1A683B699B6804325A601E4B1B68ED
:105250001A1D3B699A601C4B1B681D4A5A611C4B06
:105260001B6801331A4A136000BF26E07A697B6825
:105270001344FB60144B1B68FA685A60FA687B6938
:105280009A4209D2134B1A680F4B1B680433194614
:105290001046FEF7C0F810E00F4B1A680A4B1B6867
:1052A000043319461046FEF7B6F80C4B1B68FA6833
:1052B0009A4202D2094AFB68136000BF1837BD4604
:1052C00080BD00BF283701204C3601202C3701203B
:1052D00010370120E0360120DC3601204437012060
:1052E00080B584B002AF00237B6000F047FA114B19
:1052F0001B68002B0BD0104B01930223009300235B
:105300004FF482720D490E48FEF7C2FF78607B6849
:10531000002B0AD14FF0500383F31188BFF36F8F36
:10532000BFF34F8F3B6000BFFEE77B68184608372E
:10533000BD4680BD80370120843701205CBD000858
:10534000E953000880B584B000AFF860B9607A60B6
:1053500008E0FB689B69BA681344BB60FB681B6A82
:10536000F8689847FB689A69BB68D118BB687A6887
:10537000F86800F0DDF80346002BEAD100BF00BF5B
:105380001037BD4680BD000080B584B000AF7860A6
:105390003960144B1B68DB68DB68FB60FB68043317
:1053A0001846FEF771F8FB6893F8283003F0040301
:1053B000002B05D03A687968F868FFF7C3FF08E06A
:1053C000FB6893F8283023F00103DAB2FB6883F816
:1053D0002820FB681B6AF868984700BF1037BD4655
:1053E00080BD00BF7837012080B584B000AF786001
:1053F00007F10803184600F057F8F860BB68194633
:10540000F86800F003F800F0D5F8F1E780B584B053
:1054100000AF78603960FFF7BFF907F1080318465D
:1054200000F066F8F860BB68002B30D13B68002BB9
:105430000AD17A68FB689A4206D8FFF7BBF9F96887
:105440007868FFF7A1FF24E03B68002B08D0134BDE
:105450001B681B68002B01D1012300E000233B6087
:105460000F4B18687A68FB68D31A3A681946FEF73A
:10547000DBFEFFF79FF90346002B0AD1094B4FF0E3
:1054800080521A60BFF34F8FBFF36F8F01E0FFF7B9
:1054900091F900BF1037BD4680BD00BF7C370120A9
:1054A0008037012004ED00E080B485B000AF786063
:1054B0000E4B1B681B68002B01D1012200E000226B
:1054C0007B681A607B681B68002B05D1074B1B6843
:1054D000DB681B68FB6001E00023FB60FB6818468B
:1054E0001437BD465DF8047B704700BF7837012054
:1054F00080B584B000AF7860FFF758FAF8600B4BC6
:105500001B68FA689A4205D200F012F97B68012202
:105510001A6002E07B6800221A60044AFB6813608C
:10552000FB6818461037BD4680BD00BF8837012094
:1055300080B586B000AFF860B9607A603B60002348
:105540007B61FB68BA685A60FB68FA681A61BA68DE
:105550007B689A4212D87A683B68D21AFB689B69CA
:105560009A4202D301237B611BE0104B1A68FB684F
:10557000043319461046FDF74EFF12E07A683B6887
:105580009A4206D2BA683B689A4202D301237B61F1
:1055900007E0074B1A68FB68043319461046FDF70D
:1055A0003AFF7B6918461837BD4680BD7C3701201D
:1055B0007837012080B588B000AFA6E0BB68002B2B
:1055C000C0F2A2803B69FB61FB695B69002B04D0E0
:1055D000FB6904331846FDF757FF3B1D1846FFF7DC
:1055E00087FFB861BB68013B082B00F28E8001A2E7
:1055F00052F823F019560008195600088156000881
:1056000095560008DF56000819560008195600087C
:105610008156000895560008FB6993F8283043F03E
:105620000103DAB2FB6983F82820FA68FB699B69F9
:10563000D118FB68BA69F869FFF77AFF0346002BB7
:1056400063D0FB6993F8283003F00403002B09D0E2
:10565000FA68FB699B691344BA691946F869FFF750
:1056600071FE08E0FB6993F8283023F00103DAB2F9
:10567000FB6983F82820FB691B6AF869984744E0B6
:10568000FB6993F8283023F00103DAB2FB6983F851
:1056900028203AE0FB6993F8283043F00103DAB29E
:1056A000FB6983F82820FA68FB699A61FB699B69AA
:1056B000002B0AD14FF0500383F31188BFF36F8F93
:1056C000BFF34F8F7B6100BFFEE7FB699A69BB693F
:1056D000D118BB69BA69F869FFF72AFF15E0FB69C1
:1056E00093F8283003F00203002B03D1F869FEF78A
:1056F000BFF90AE0FB6993F8283023F00103DAB21E
:10570000FB6983F8282000E000BF084B1B6807F105
:10571000080100221846FEF7CBFB0346002B7FF45E
:105720004DAF00BF00BF2037BD4680BD8037012090
:1057300080B582B000AF09E00E4B1B68DB681B68C8
:105740003B604FF0FF313868FFF71EFE094B1B68C6
:105750001B68002BF0D1074B1B687B60064B1B6856
:10576000044A1360044A7B68136000BF0837BD46D3
:1057700080BD00BF783701207C37012080B500AFA5
:10578000FDF7DAFF124B1B68002B1DD11148FDF706
:10579000F1FD1148FDF7EEFD104B0E4A1A60104B5B
:1057A0000D4A1A6000220C210A20FEF70FFB034667
:1057B000074A1360064B1B68002B05D0044B1B687F
:1057C00008491846FEF7E2FCFDF7E6FF00BF80BD82
:1057D00080370120503701206437012078370120BD
:1057E0007C37012064BD000880B586B000AF1D4B3A
:1057F0001B6B1C4A43F0010313631A4B1B6B194AC2
:1058000043F004031363174B1B6B164A43F08003EA
:1058100013630023BB6001237B600223FB6003232F
:105820003B613B1D19461048FCF7B2F808237B602A
:105830000123FB603B1D19460C48FCF7A9F8042323
:105840007B603B1D19460948FCF7A2F84FF4005352
:105850007B603B1D19460648FCF79AF800BF1837D5
:10586000BD4680BD0038024000000240001C0240DE
:105870000008024080B586B000AF114B1B6B104A88
:1058800043F0020313630123BB6001237B60012308
:10589000FB6003233B613B1D19460A48FCF778F87F
:1058A00002237B603B1D19460648FCF771F800F0A7
:1058B00017F800F021F800BF1837BD4680BD00BFC3
:1058C000003802400004024080B500AF00220121F0
:1058D0000248FCF719FA00BF80BD00BF0004024077
:1058E00080B500AF012201210248FCF70DFA00BF8C
:1058F00080BD00BF0004024080B500AF012202213C
:105900000248FCF701FA00BF80BD00BF000402405E
:1059100080B500AF01210248FCF70FFA00BF80BD3F
:105920000004024080B500AF02210248FCF705FAEE
:1059300000BF80BD0004024080B500AF074B1B686C
:105940001B6903F00103012B06D1FFF7E1FF034BB5
:105950001B686FF001021A6100BF80BD8C37012007
:1059600080B582B000AF78600D4B0E4A1A600C4BC8
:105970000C225A610A4A7B685360094B00229A61E3
:10598000074B00221A61064B0022DA60044B00220A
:105990009A600348FCF704FF00BF0837BD4680BD8E
:1059A000C83701200010014080B588B000AF786092
:1059B0007B681B68214A93423BD1214B1B6B204AD9
:1059C00043F0010313631E4B5B6C1D4A43F010034D
:1059D000536402233B610323BB614FF40073FB60FC
:1059E0000723FB6107F10C0319461648FBF7D0FFAC
:1059F0004FF48063FB6007F10C0319461148FBF775
:105A0000C7FF114B1B68DA680F4B1B6842F020027E
:105A1000DA600D4B1B68DA680B4B1B6842F0100212
:105A2000DA602520FBF799FF022202212520FBF7EF
:105A300078FF00BF2037BD4680BD00BF0010014089
:105A40000038024000000240C837012080B582B013
:105A500000AF2648FDF74AF8244B1B681B6803F08B
:105A60002003202B23D1F91D4FF47A7301221F4804
:105A7000FCF784FF1E4BB3F800311A46F9791C4B32
:105A800099541B4BB3F8003101339AB2184BA3F869
:105A90000021174BB3F80031FF2B03D9144B002220
:105AA000A3F80021114B1B686FF020021A600F4B06
:105AB0001B681B6803F01003102B13D10C4BB3F8B9
:105AC00000311A460A4B00219954094B012283F8F0
:105AD0000221064B1B681B683B60044B1B685B681C
:105AE0003B603B6800BF0837BD4680BDC83701201A
:105AF000083801200EB480B5B7B000AF786007F168
:105B0000E803C7F8D03007F10803D7F8D020D7F85A
:105B1000E410184601F022FE07F108031846FAF7D0
:105B2000EFFF0346A7F8D630B7F8D62007F10801F3
:105B30004FF47A737868FCF778FE00BFDC37BD4617
:105B4000BDE8804003B07047014B1868704700BF44
:105B50000C00002070B50D4E0D4D761BB61006D012
:105B6000002455F8043B01349847A642F9D1094E68
:105B7000094D761B06F02EF8B61006D0002455F815
:105B8000043B01349847A642F9D170BD80C100089A
:105B900080C1000888C1000880C10008830730B5B3
:105BA00048D0541E002A3FD0CAB2034601E0013C4F
:105BB0003AD303F8012B9D07F9D1032C2DD9CDB28F
:105BC00045EA05250F2C45EA054536D9A4F1100212
:105BD00022F00F0C03F1200EE6444FEA121C03F1F1
:105BE000100242E9045542E9025510327245F8D1DB
:105BF0000CF1010214F00C0F03EB021204F00F0C75
:105C000013D0ACF1040323F003030433134442F82C
:105C1000045B9342FBD10CF003042CB1CAB21C44C8
:105C200003F8012B9C42FBD130BD64461346002C87
:105C3000F4D1F9E703461446BFE71A46A446E0E765
:105C40000EB410B59DB06FF000411FABCDE9060159
:105C50000491094953F8042B0290084C08680193F9
:105C600002A9059400F00CF8029B00221A701DB0E6
:105C7000BDE8104003B070470C0000200802FFFF91
:105C80002DE9F04F2DED0A8BCFB00C4691460AEE70
:105C9000101A09930AEE900A02F02EFF036813937C
:105CA0001846FAF72DFFA38912901A0603D5236927
:105CB000002B00F0A8874D469FEDA77B2B78002492
:105CC00025AACDE92344CDE91544CDE917448DED4E
:105CD000107B1AEE909A0E9422929046149405949A
:105CE000002B00F0F081AB4604E01BF8013F002BD5
:105CF00000F01B81252BF8D1BBEB050640F0198184
:105D00009BF80030002B00F0DE8100234FF0FF32C3
:105D10009BF801708DF86B3006930BF1010B049228
:105D20009A462B2420210BF1010BA7F120035A2BBB
:105D300000F24081DFE813F0D9023E013E01D402B7
:105D40003E013E013E016A003E013E01690202033E
:105D50003E017402E8023E01E3025B005B005B006F
:105D60005B005B005B005B005B005B003E013E0193
:105D70003E013E013E013E013E01D6013E013A0296
:105D80008500D601D601D6013E013E013E013E010D
:105D9000CF023E013E01C6003E013E013E014402EB
:105DA0003E0179023E013E0157073E013E013E01A0
:105DB0003E013E013E013E013E01D6013E013A0256
:105DC0008700D601D601D601C202870080003E01BD
:105DD000B5023E019D02C8008B0280003E014402D4
:105DE0007D0032073E013E0136073E017D00A7F1EE
:105DF000300300221BF8017B02EB820203EB42021C
:105E0000A7F13003092BF5D906928EE7484602F038
:105E100073FE436817931846FAF772FE1890064609
:105E2000484602F069FE836815932021002E40F059
:105E3000CA859BF8007076E79BF800704AF0200A4C
:105E400071E74AF0100A1AF0200F099B00F09E81BA
:105E5000073323F007031A465B6852F8084B099290
:105E60001E46002BC0F27385049B013301F0428073
:105E70002AF08003039354EA060300F0EF840A2C0F
:105E800076F1000380F0988730340123DDF80CA010
:105E90008DF8374107930DF23715049907989DF84F
:105EA0006B3081424FF00002B8BF01460892039167
:105EB0000C920F920D92002B00F08D80039A01320C
:105EC000039288E04AF0100A1AF0200600F04F8191
:105ED000099B073323F007035E6853F8084B0993C7
:105EE0002AF480630393002300228DF86B20049A28
:105EF0001146013100F02982039921F0800A54EA09
:105F0000060140F02082002A41F03080002B40F052
:105F1000AB84039B13F00103079300F04985302302
:105F20008DF837310DF23715B7E7BBEB050600F0FA
:105F3000CA80249B33442493239B0133072BC8E955
:105F4000005623930CDC08F10808059B33440593A5
:105F5000D6E600BFAFF300800000000000000000A4
:105F60001AEE101A22AA484603F0BEFC90B90DF1B1
:105F70009408EAE71AEE101A22AA484603F0B4FC85
:105F8000002800F09180089B23B108991AEE900A2E
:105F900002F0ACFC1AEE103A9B8913F0400F059BFF
:105FA00018BF4FF0FF33059305984FB0BDEC0A8B37
:105FB000BDE8F08F002F00F0868000238DF8D470AC
:105FC0008DF86B300122CDE90723039204930C93E3
:105FD0000F930D9335AD1AF002020A9202D0039A84
:105FE000023203921AF084020B9205D1069A0399A9
:105FF000561A002E00F30F83249C8BB1239B0DF1C6
:106000006B0201330134C8F80020072B4FF0010266
:1060100024942393C8F8042000F3358308F108087A
:106020000A9B83B1239B1BAA01330234C8F80020CA
:10603000072B4FF0020224942393C8F8042000F3A6
:106040002F8308F108080B9B802B00F01182049B22
:10605000079A9E1A002E00F352821AF4807F40F0B5
:10606000AD81079BC8F804301C44239BC8F800503E
:106070000133072B2494239300F3C08208F108080E
:106080001AF0040F05D0069B039A9D1A002D00F309
:106090001483DDE9053203998A42ACBF9B185B1873
:1060A0000593002C7FF466AF00232393089B1BB15C
:1060B0000899484602F01AFC0DF194085D462B78C9
:1060C000002B7FF410AE249B002B3FF463AF1AEE3D
:1060D000104A1AEE101A1AEE900A22AA03F004FCD3
:1060E000A3895AE7099B073323F00703B3EC027B2C
:1060F0008DED107BDDE91012099322F000430BEEC9
:10610000101A0BEE903A4FF0FF32B0EE4B9AF0EED1
:106110006B9AA64B51EC190BFAF73AFE002840F0A7
:106120006B84A24B51EC190B4FF0FF32FAF712FEC1
:10613000002840F06184DDE9100100220023FAF715
:10614000FFFD002840F0A8879DF86B30984D994AD4
:106150002AF0800A0321472FC8BF15460022089263
:106160000391079104920C920F920D92A3E61AF0FC
:10617000100340F03B841AF0400200F05E87099A59
:1061800052F8044B09921E46A4B2A9E653F8044BF8
:1061900009931AF0100F40F012841AF0400F00F02B
:1061A0000A8444F3C036334624B25AE6099A0023DF
:1061B00052F8041B8DF86B308DF8D410099201E76A
:1061C000099C049A54F8045B00268DF86B60002D3E
:1061D00000F0DC861346013300F04985314628463D
:1061E000FAF7FEFC0890002801F07D80089B0496D9
:1061F000591B079121EAE1719DF86B3009940391D5
:1062000008960C960F960D9655E6099B53F8042BAD
:106210000692002A80F2C783069A09935242069298
:106220009BF800704AF0040A7DE54AF010030393DE
:10623000039B13F0200600F07783099B073323F0BC
:1062400007035E6853F8084B099301234CE6099B4A
:1062500053F8044B099330234AF0020278278DF853
:106260006C30554B149303928DF86D700026022309
:106270003AE61AF0200F40F086841AF0100F40F032
:106280007C861AF0400F40F04F871AF4007F00F030
:106290007486099B059953F8042B099311705D4688
:1062A0000DE79BF800706C2F03BF9BF801704AF05C
:1062B000200A0BF1010B4AF0100A34E59BF800703C
:1062C000682F03BF9BF801704AF4007A0BF1010BB1
:1062D0004AF0400A27E59BF800704AF0080A22E5D8
:1062E0009BF800704AF0010A1DE59DF86B30002B09
:1062F0007FF49FAD9BF800708DF86B1013E59BF851
:1063000000704AF0800A0EE55A4612F8017B2A2FE7
:1063100001F0F781A7F13003092B934698BF0022C3
:1063200000F2F7871BF8017B02EB820203EB4202CB
:10633000A7F13003092BF5D90492F6E49BF800701D
:106340008DF86B40EFE4CDF80CA0012B3FF497AD36
:10635000022B4EAD12D1149A04F00F032409D35C22
:1063600005F8013D44EA0674360954EA0603F3D100
:106370004EAB5B1BDDF80CA007938EE504F0070322
:10638000E40844EA4674F608303354EA06012A4623
:1063900005F8013DF2D103990846C00700F14F828C
:1063A0004EAB5B1B8A46079377E500BFFFFFEF7F8D
:1063B00080BD000884BD000890BD0008652F40F333
:1063C000D780DDE9100100220023FAF7AFFC002896
:1063D00000F0B481239BBC4AC8F80020013301348B
:1063E0000122072B24942393C8F8042000F3868508
:1063F00008F108081C9B0E9A934280F2CF82129BF0
:10640000139A1C44C8E90023239B24940133072BCF
:10641000239300F3EB8308F108080E9B5D1E002D0B
:106420007FF72EAE102D239B41F34981A74F0A978A
:10643000224610261AEE104A05E008F10808103D21
:10644000102D40F3698501331032072BC8E900761F
:10645000CDE92332F1DD22AA2146484603F044FA71
:1064600000287FF490ADDDE923320DF19408E6E7D2
:10647000069B039A9E1A002E7FF7E9AD102E239BF0
:1064800041F3508091490B9522461AEE105A0A9119
:106490000C4604E0103E102E08F1080819DD013307
:1064A00010321021072BCDE92332C8F80040C8F87C
:1064B0000410EFDD22AA294648460DF1940803F0A6
:1064C00013FA00287FF45FAD103E102EDDE9233271
:1064D000E5DC0B9D144601330A9AC8F800203444C9
:1064E000072BCDE92334C8F8046000F33185049B01
:1064F000079A9E1A002E08F108087FF7AEAD102EFD
:10650000239B40F3C58571480A90424621461AEE06
:10651000108A044604E0103E102E02F1080216DD37
:10652000013310311020072BCDE923311460506066
:10653000F1DD22AA4146484603F0D6F900287FF44F
:1065400022AD103E102EDDE9233125AAE8DC90466D
:106550000C4601330A9AC8F800203444072BCDE9D1
:106560002334C8F8046000F3D18108F1080874E509
:106570000E9B012B40F37E81239EC8F8005001360C
:1065800001340123072E24942396C8F8043000F325
:10659000E98108F10808129B139A01361C44072E62
:1065A000C8E90023CDE9236400F3EA8108F1080873
:1065B000DDE9100100220023FAF7B8FB002840F0C3
:1065C00078810E9B0136013B01351C44072EC8F82B
:1065D00000502396C8F80430249400F35C8108F13D
:1065E0000808169BC8F8043001361C44072E1EAB61
:1065F000CDE92364C8F800307FF740AD1AEE101AD9
:1066000022AA484603F070F900287FF4BCAC249C11
:106610000DF1940834E5102EDDE9233222DD1995C1
:1066200010241AEE105A04E0103E102E08F108084B
:1066300017DD013326491032072BC8E90014CDE9D4
:106640002332F1DD22AA294648460DF1940803F0D1
:106650004BF900287FF497AC103E102EDDE9233271
:10666000E7DC199DC8F804600133B418072B184AF9
:10667000C8F80020CDE9233400F3E3839DF86B30A4
:1066800008F10808B9E41AEE101A22AA484603F0E5
:106690002BF900287FF477AC249C0DF19408BFE41B
:1066A0001AEE101A22AA484603F01EF900287FF4B9
:1066B0006AAC249C0DF19408C5E4102D239B26DDC3
:1066C0001AEE107A10260AE0C0BD0008D4BD0008FA
:1066D000C4BD0008103D102D08F1080817DD013376
:1066E000C04A1034072BC8E90026CDE92334F1DD78
:1066F00022AA394648460DF1940803F0F5F800281F
:106700007FF441AC103D102DDDE92334E7DC01338B
:10671000B44AC8F804502C44072BCDE92334C8F8F8
:1067200000207FF7B6AC1AEE101A22AA484603F0F2
:10673000DBF800287FF427AC249CAAE41C9A002AEA
:1067400040F39883DDE90D329342A8BF1346002B36
:106750001F460BDD1C44C8E90053239B24940133DE
:10676000072B239300F35C8508F108080D9B002F8D
:10677000A8BFDB1B002B1E4600F353820D9B1AF4AF
:10678000806F2B44079340F083821C9B0E9A9342A8
:1067900003DB1AF0010F00F0B784129A1399144426
:1067A000C8E90012239A24940132072A239200F3A5
:1067B000758508F108080E9A0799AE18761AD51A49
:1067C000AE42A8BF2E46002E0DDD239BC8F8001058
:1067D00001333444072BC8F804602494239300F356
:1067E0009C8508F10808002EA8BFAD1B002D7FF77F
:1067F00047AC102D239B40F362877B4F0A972246BC
:1068000010261AEE104A05E008F10808103D102D78
:1068100040F3828301331032072BC8E90076CDE9BB
:106820002332F1DD22AA2146484603F05DF8002814
:106830007FF4A9ABDDE923320DF19408E6E7302BB4
:106840003FF496AD3023023A05F8013C4EAB9B1A5B
:10685000DDF80CA007931546FFF71FBB049B002B28
:106860007FF412ABDDF80CA00023049307934EAD28
:10687000FFF713BB1AF0010F7FF47EAE239EC8F81A
:106880000050013601340123072E24942396C8F8C2
:1068900004307FF7A4AE1AEE101A22AA484603F07D
:1068A00023F800287FF46FABDDE923640DF1940831
:1068B00097E60E9B5D1E002D7FF793AE102D40F3E3
:1068C0001587494ACDF810A023461AEE10AA0A925D
:1068D0001027144605E008F10808103D102D40F37C
:1068E0009C8301361033072EC8E90047CDE92363A6
:1068F000F1DD22AA5146484602F0F6FF00287FF457
:1069000042ABDDE923630DF19408E6E71AEE101AB5
:1069100022AA484602F0E8FF00287FF434AB249C0A
:106920000DF19408FFF799BB039B13F0100340F09F
:106930002381039A12F0400200F09A83099A52F8D8
:10694000044B09921E46A4B20123FFF7CDBA2D23B2
:1069500064428DF86B3066EB4606CDF80CA001233F
:10696000FFF7C5BA1AEE101A22AA484602F0BCFF79
:1069700000287FF408ABDDE923640DF194080AE6F2
:106980001AEE101A22AA484602F0AEFF00287FF441
:10699000FAAADDE923640DF1940809E61AF0010F63
:1069A0003FF46EAB2BE59BF800700993FFF7BBB982
:1069B0004EADFFF772BA1AF4007F40F0AF83E617CE
:1069C0003346FFF74EBA159B002B3FF432AA159BB6
:1069D0001B78002B3FF42DAA9BF800704AF4806AC4
:1069E000FFF7A1B9C4BD0008D4BD0008099B53F846
:1069F000044B0993FFF774BADDE9100102460B4618
:106A0000FAF7C6F9002840F0C285612F00F08585AD
:106A1000412F00F09384049B013327F0200303935C
:106A200000F0A883472B00F08185DDE910014AF4CE
:106A30008072002907924FF00003C0F2238541ECD9
:106A4000180B0A930893039B462B00F0F783452B02
:106A500000F04D85B0EE480AF0EE680A20AB0193D5
:106A60001DAB0093049A1CAB0221484600F038FF8E
:106A7000039B472B054640F069861AF0010F5646E6
:106A8000DDF81CA040F00A85209B5B1B0E93039B46
:106A9000472B00F08A83039B462B00F00E841C9B3F
:106AA0000D930D9B039A013B412A1C9300F0D68560
:106AB000FAB20021002BB8BF0D9B8DF87820BABF29
:106AC000C3F101032D222B22092B8DF8792040F3ED
:106AD000B6850DF18704DFF898C3224610468CFB7B
:106AE0000321DA17C2EBA10202EB8201A3EB410101
:106AF000303100F8011C19466329134600F1FF32BA
:106B0000ECDC3033D9B2831E9C4202F8011C40F207
:106B1000048613460DF17A0201E013F8011B02F816
:106B2000011B9C42F9D10DF189030DF17A021B1A68
:106B300013441EAA9B1A16930E9B169A012B1A44F5
:106B4000079240F3B785079B129A13440793079A5D
:106B5000002326F4806622EAE27246F4807A0C93DF
:106B600003920F930D930A9B002B40F044830493F0
:106B70009DF86B30FFF79FB9099B53F8044B0993BD
:106B80000123FFF7B1B9099B059853F8041B09933A
:106B9000C217C1E900025D46FFF791BACDF80CA01B
:106BA000FFF746BBAF4B14931AF0200600F0EF80BE
:106BB000099B073323F007035E6853F8084B0993DA
:106BC0001AF0010F09D054EA060306D030238DF8DD
:106BD0006D704AF0020A8DF86C302AF480630393DA
:106BE0000223FFF781B9A04B1493DDE71AEE101AC8
:106BF00022AA484602F078FE00287FF4C4A9249C0B
:106C00000DF1940809E41AEE900A402101F080FF8A
:106C100020602061002800F0848540236361FFF735
:106C20004AB8102E239B40F3698590480A9042464B
:106C300021461AEE108A1027044604E00832103E5E
:106C4000102E40F32E8201331031072BC2E900478A
:106C5000CDE92331F2DD22AA4146484602F044FE46
:106C600000287FF490A9DDE9233125AAE7E728462B
:106C700004960994F9F744FF20EAE0719DF86B301F
:106C80000790039108960C960F960D96FFF713B98F
:106C90000E9BCDF828B0DDF83CB0079E159FCDF8CF
:106CA0001CA0EB1804934246DDF860A00C9B0B95EA
:106CB0001AEE108AA446BBF1000F30D093BB013FFF
:106CC0000BF1FF3B179BC2E9003A239B0133D444ED
:106CD000072BCDF890C0239362DC0832049B3878F0
:106CE0009B1B8342A8BF0346002B1C460CDD239848
:106CF00001309C440728C2E90063CDF890C023907E
:106D000000F3198138780832002CACBF051B05460A
:106D1000002D0BDC06440C9BBBF1000FCED1002BE9
:106D200000F032820C9B013B0C93CBE7102D239893
:106D30001FDD1024634604E0103D102D02F108020F
:106D400016DD0130494910330728C2E90014CDE9A6
:106D50002303F1DD22AA4146484602F0C5FD002882
:106D60007FF411A9103D102DDDE9230325AAE8DCED
:106D70009C4601303D4B5560AC440728CDE9230CBF
:106D8000136000F33F82387808320644C3E71AF0F4
:106D9000100300F0A480099B53F8044B09930FE7FC
:106DA00022AA4146484602F09FFD00287FF4EBA846
:106DB000DDF890C025AA91E7039B079703F4806351
:106DC000002209EE109ACDF82080DDF854900DF5E0
:106DD0009C7A174698460CE00023204631460A224A
:106DE000FAF714F80A2C76F100031CD304460E4679
:106DF000AA4620460A2200233146FAF707F8303225
:106E00000AF1FF3501370AF8012CB8F1000FE3D081
:106E100099F800309F42DFD1FF2FDDD00A2C76F1A8
:106E2000000380F04F814EAB5B1BCDF854900E9762
:106E300019EE109ADDE90778DDF80CA00793FFF74B
:106E40002CB81AEE101A22AA484602F04DFD00286E
:106E50007FF499A89DF86B30249C0DF19408FFF7FE
:106E6000CCB800BF90BD0008A4BD0008D4BD000888
:106E700067666666239BC149C8F800100133013478
:106E80000121072B24942393C8F8041000F32E81CA
:106E900008F10808002A40F089800E9A0AF00103E0
:106EA00013433FF4EDA8129B139A1C44C8E9002336
:106EB000239B24940133072B239300F33E8108F195
:106EC00008080E9AC8F8005001331444072BCDE986
:106ED0002334C8F804207FF7D1A8FFF78FBB1AF03E
:106EE000400200F0B880099A52F8044B09921E46FD
:106EF000A4B265E6CDF80CA0FEF7C1BF1AEE101AD9
:106F000022AA484602F0F0FC00287FF43CA8249C0A
:106F10000DF19408FFF76EBA144601330A9AC8F8C7
:106F200000202C44072BC8F80450CDE923347FF708
:106F3000A5A8FFF763BB22AA4146484602F0D4FC4D
:106F400000287FF420A83878DDF890C025AADBE679
:106F50001AEE101A22AA484602F0C6FC00287FF456
:106F600012A8249C0DF19408FFF771B8012BCDF8FD
:106F70000CA07FF4EDA9FEF787BF099B059953F894
:106F8000042B5D4611600993FFF799B8062A29463C
:106F900028BF0622049508952B460392784D099444
:106FA00007920C910F910D91FEF785BF129B1399DB
:106FB0001C44C8E90013239B24940133072B23931B
:106FC00000F3BB8008F10808002ABFF67AAF5642EA
:106FD000103280F2AF836B480A9021464246102758
:106FE0001AEE108A044604E00832103E102E40F3D8
:106FF000AF8201331031072BC2E90047CDE92331BD
:10700000F2DD22AA4146484602F06EFC00287EF4DA
:10701000BAAFDDE9233125AAE7E7DDF810A01C4669
:1070200001360A9BC8F800302C44072ECDE92364B2
:10703000C8F804507FF7D3AA2DE4099B1AF4007610
:1070400014BF53F8044B53F8044B09931CBF164666
:10705000E4B2FEF745BF099B1AF4007614BF53F85B
:10706000044B53F8044B09931CBF1646E4B2A7E542
:10707000039B13F40076099B14BF53F8044B53F899
:10708000044B09931CBF1646E4B20123FEF72CBF44
:107090003C4A0A92FFF75DBA2D238DF86B30FFF75B
:1070A00055B890460C4601330A9AC8F8002034447B
:1070B000072BCDE92334C8F804604DDC08F108083B
:1070C000FFF75CBB189B1799ED1A1A46284602F089
:1070D000D9FB99F801300BB109F10109204631467D
:1070E0000A2200230027F9F791FE7FE61AEE101A14
:1070F00022AA484602F0F8FB00287EF444AF1C9A0E
:10710000249C0DF19408C5E60E9A0799AE18761ADC
:10711000D51AAE42A8BF2E46FFF765BB44F3C01692
:10712000334664B2FEF79DBE099B059953F8042BC4
:10713000099311805D46FEF7C2BF1AEE101A22AA0B
:10714000484602F0D1FB00287EF41DAFDDE9233470
:107150001C9A0DF1940837E71AEE101A22AA484635
:1071600002F0C2FB00287EF40EAF249C0DF19408BF
:10717000FFF704BB0623049357E400BFC0BD00081B
:10718000B8BD0008D4BD00080B9D0E9BDDF81CA007
:10719000DDF828B01597EB189E429046324628BF7E
:1071A0001A4664460792FFF7F0BA1C9B0D93DA1C4F
:1071B00002DB049A934204DD023F27F0200303938D
:1071C0006FE4DDE90D318B42C0F29980F70740F1A1
:1071D000DB81129A13440793740503D50D9B002B92
:1071E00000F3FF81079B23EAE373039367270023E0
:1071F0000C930F93B7E42D2300228DF86B3004928B
:10720000FEF75CBE22AA4146484602F06DFB00280C
:107210007EF4B9AE3878DDF890C025AA06447AE548
:107220001AEE101A22AA484602F05EFB00287EF4ED
:10723000AAAE249C0DF19408FFF798BA20AB0193F5
:107240001DAB0093049AB0EE480AF0EE680A1CAB3E
:107250000321484600F044FB0378302B054600F03C
:1072600003821C9B049A56461344DDF81CA0EC18BC
:1072700051EC180B00220023F9F758FD08B1234602
:1072800003E4209BA342BFF400AC30215A1C20929F
:107290001970209B9C42F9D8FFF7F7BB1AEE101A21
:1072A00022AA484602F020FB00287EF46CAE1C9B0C
:1072B000249C0DF19408FFF77EBA1C9A0D92002AC7
:1072C00040F30082049906F001030B4340F0B181C2
:1072D0000D9B07936627730500F18481079B23EAC2
:1072E000E373039383E7049B0393079309949DF847
:1072F0006B3004900C900F900D90FEF7DCBD0E9B50
:10730000129A9A180D9B0792002B40F3BB816727B6
:10731000E1E700230493FEF708BD1AEE101A22AA33
:10732000484602F0E1FA00287EF42DAE1C9D0E9B2B
:10733000249C5D1B0DF19408FFF755BA30238DF89E
:107340006C3058238DF86D30049B632B4AF0020497
:1073500000F3A7800023089335ADDDE910124AF44D
:1073600081730793002A27F02003A2460393C0F2FB
:107370008A80002342EC181B0A93612F00F01581CC
:10738000412F7FF460ABB0EE480AF0EE680A1CA80B
:1073900002F030FA00224FF07F5351EC100BF9F756
:1073A000EBF802460B4643EC192B00220023F9F7B9
:1073B000BDFC08B101231C93B74B0B93049B19959B
:1073C000CDE90CB7CDE90EA80CEE109ADDF82CB083
:1073D00059EC198B5E1E2C4605E000220023013E6D
:1073E000F9F7A4FCE0B9AD4B002240464946F9F755
:1073F000C3F889468046F9F7E1FC0546F9F752F8EB
:107400000B46024649464046F8F7FEFE1BF805309B
:10741000A24604F8013B731C374680468946DCD1FE
:1074200049EC198B9E4BDDF830B0DDF83C80CDF88F
:1074300030A051EC190B00223E46DDF838A00D9F1C
:107440000D951CEE109A199DF9F798FC98BB51EC1C
:10745000190B934B0022F9F769FC10B10D9BD9076A
:1074600029D4002E334606DB01332344302204F8AE
:10747000012BA342FBD1631B56460E93DDF81CA0E3
:10748000FFF705BB0893DDE9103408EE103A04F16C
:10749000004308EE903A2D230A936EE7049BEC1804
:1074A000E6E6591C484601F033FB0546002800F08B
:1074B0004481089051E70C9B20930B9B14F8012CFE
:1074C000D97B8A42234609D1302003F8010C209B46
:1074D0005A1E209213F8012C9142F6D0392A0BBF84
:1074E0000B9A0132927AD2B203F8012CC3E7049BC3
:1074F000B0EE480AF0EE680A5C1C20AB01931DABAD
:10750000009322461CAB0221484600F0E9F90546EB
:1075100056462C44DDF81CA0AAE630238DF86C30CA
:1075200078230FE75F4A0A92FEF7D5BF049B002B32
:1075300008BF01230493119B4AF48072002B079229
:10754000C0F2DA809DED108B08900A90FFF782BAA6
:107550000C46904601330A9AC8F800203444072BA1
:10756000CDE92334C8F804607FF7A9AC1AEE101AED
:1075700022AA484602F0B8F900287EF404ADDDE9FD
:1075800023340DF194089CE40D9B079324E6119B92
:10759000454D464A002BB6BF2D239DF86B308DF824
:1075A0006B302AF0800AFEF7D5BD1CA8B0EE480A61
:1075B000F0EE680A02F01EF900224FF07F5351EC02
:1075C000100BF8F7D9FF02460B4643EC192B0022AB
:1075D0000023F9F7ABFB08B101231C93344B0B9349
:1075E000ECE6672715990B78FF2B00F0B18000249B
:1075F0000D9A204603E001300131FF2B08D0934261
:1076000006DAD21A4B78002BF5D10B780134F4E767
:1076100015910D920F900C940C9A0F9B189913448E
:10762000079A01FB0323079323EAE3730393FFF70E
:107630009ABA129BD3181944079166274BE6002982
:1076400057D130228DF87A200DF17B02303302F8C9
:10765000013B1EABD31A1693FFF76EBA07F10F0268
:10766000D2B20121FFF726BA51EC180B00220023F9
:10767000F9F75CFB00287FF4F4AD049BC3F1010330
:107680001C93EFE5C3F101031A4422EAE273079267
:1076900003936727ABE500BFA4BD0008000030409E
:1076A0000000E03FD4BD000888BD00088CBD000884
:1076B00090BD0008F3077FF54AAAFFF744BA264AAF
:1076C0000A922AE4049A06F001061346334304D1D1
:1076D000012303936627079389E5129B01331A441C
:1076E00022EAE27307920393662780E51A4B0A9316
:1076F00096E40DF17A02A9E70890C4E6164A0A92C8
:10770000D1E4099B9BF80170934653F8042B09932D
:1077100042EAE2720492FEF706BB02231693FFF7D9
:107720000BBA1AEE902A0C2313604FF0FF33059327
:10773000FEF73ABC084A0A920CE71AEE101A8B8937
:1077400043F0400213468A81FEF727BC049CDFE623
:1077500000230C930F935FE7D4BD000870B50B4E68
:107760009AB004466FF00045CDE9044513460094F5
:107770000A463068064C029569460394FEF780FA83
:10778000009B00221A701AB070BD00BF0C000020D0
:107790000802FFFF024B13B1024800F005B8704722
:1077A0000000000021880008002301461A46184600
:1077B00002F016B92DE9F04F03690C69A34283B0BA
:1077C000C0F28780013C01F11405A30000F1140808
:1077D000009355F8243058F82420013381469A420A
:1077E00008EB840005EB84070190B2FBF3F63BD372
:1077F0000023AE4640469B465EF804AB02681FFA83
:107800008AFC06FB0C334FEA134C4FEA1A4A06FB7C
:107810000ACA1FFA83FCABEB0C0C1FFA8AF31CFAA2
:1078200082FCC3EB124202EB2C421FFA8CFC4CEAA6
:107830000243774540F8043B4FEA224B4FEA1A4394
:10784000DAD2009B58F8033073B9019B043B98458A
:1078500004D307E0984504F1FF3403D253F8042918
:10786000002AF7D0C9F81040484601F093FE0028DE
:107870002BDB01364046002355F8041BD0F800C02E
:107880008AB29A1A0B0C12FA8CF2C3EB1C4303EB6C
:10789000224392B242EA0342AF4240F8042B4FEA3D
:1078A0002343E9D258F8242008EB84036AB9043B47
:1078B000984504D307E0984504F1FF3403D253F808
:1078C0000429002AF7D0C9F81040304603B0BDE8BB
:1078D000F08F002003B0BDE8F08F00BF0000000073
:1078E0002DE9F04F2DED068B95B08DED020B01913A
:1078F000016C249D099259EC108B0446069341B10A
:10790000426C4A60012393408B6001F0E3FB00234B
:107910002364B9F1000AB4BF012300232B607C4B20
:10792000BCBF2AF0004ACDF80CA033EA0A0300F0ED
:10793000B2809DED027B002251EC170BB0EE479A0E
:10794000F0EE679A0023F9F7F1F9074680B1069A3D
:1079500001231360259B002B00F0DC826D4818602A
:10796000431E0093009815B0BDEC068BBDE8F08F68
:1079700012AA13A92046B0EE490AF0EE690A01F0F6
:10798000D1FEB0EE498AF0EE698A5FEA1A560546E2
:1079900040F09980DDE912763E4406F2324020281C
:1079A00040F3AD83C0F140000AFA00FA06F212403B
:1079B00028FA00F04AEA0000F8F764FD0123013ECE
:1079C0000D93A1F1F871544B0022F8F71DFC4AA366
:1079D000D3E90023F8F7D0FD49A3D3E90023F8F752
:1079E00015FC804630468946F8F75CFD46A3D3E98E
:1079F0000023F8F7C1FD02460B4640464946F8F71A
:107A000005FC80468946F9F7D9F900228346002310
:107A100040464946F9F794F9002840F06E82BBF1E0
:107A2000160F00F25D823D4B03EBCB03D3E900233D
:107A300051EC190BF9F784F9002875D00023BE1B0F
:107A40000C93731E0BF1FF3B049300F15082002353
:107A50000893BBF1000F6EDA089BCDF814B0A3EBCE
:107A60000B030893CBF100030B93019B092B4FF001
:107A7000000B69D8052B40F34083043B019300269B
:107A8000019B023B032B00F29B86DFE813F05004BE
:107A90004D0445042804069A42F20F73CAF3130AF0
:107AA00013605AEA08031DD1259B002B00F07F8646
:107AB0001B4B00930833259A0098136015B0BDEC5A
:107AC000068BBDE8F08F18EE903AC3F3130351EC28
:107AD000190B43F07F510D97A6F2FF36129F41F428
:107AE000401170E7259B002B40F0DD830D4B009388
:107AF00038E700BFAFF3008061436F63A787D23FD1
:107B0000B3C8608B288AC63FFB799F501344D33F8C
:107B10000000F07FC1BD00080000F83F30BF000842
:107B2000E8BD0008E4BD0008BE1B731E049300F10D
:107B30009C840C900890049B5B44CDE9043B00239B
:107B40000B93019B092B95D9002301264FF0FF329F
:107B500001930A9607920993079B0F930021616492
:107B6000204601F091FA0090002800F03186009B39
:107B70002364079B0E2B00F2F980002E00F0F680A4
:107B80000599002940F37384BD4B01F00F0203EB0C
:107B9000C2034FEA2118C905D3E9006740F1058403
:107BA000B84B51EC190BD3E90823F8F70FFE41EC61
:107BB000180B08F00F084FF0030AB8F1000F13D0AC
:107BC000DFF8C09218F0010F09D030463946D9E9E4
:107BD0000023F8F7D1FC0AF1010A06460F465FEAD6
:107BE000680809F10809EDD151EC180B32463B4603
:107BF000F8F7ECFD41EC1A0B0C9B5BB157EC1A6BE0
:107C0000A14B1AEE100A00223946F9F799F800281C
:107C100040F054855046F8F745FC53EC1A2BF8F722
:107C2000ABFC9A4B0022F8F7F1FA079B8046A1F1D2
:107C30005079002B00F0F583059B1093079B0E9362
:107C40000A9B002B00F0C2840E9A8D4B9049DDF800
:107C500000A003EBC20353E902230020F8F7B6FDAE
:107C600042464B46F8F7D0FA59EC1A8B41EC180B08
:107C700049461AEE100AF9F7A1F80746F8F712FC80
:107C800002460B461AEE100A4946F8F7BDFA30379D
:107C90000AF8017B53EC182B06460F46F9F750F80B
:107CA000002840F057854FF000080AEE105ACDF832
:107CB00044B055465BEC18AB08EE104A44462AE047
:107CC0000E9B01349C424BDA724B504659460022BF
:107CD000F8F752FC6F4B002282468B4630463946FD
:107CE000F8F74AFC89468046F9F768F80746F8F73E
:107CF000D9FB02460B4640464946F8F785FA30372D
:107D000005F8017B52465B4606460F46F9F718F820
:107D1000002840F01A8532463B465B490020F8F7C0
:107D200073FA52465B46F9F70BF80028C8D0109B4F
:107D3000009A0593AA4618EE104A1AEE105A02E06D
:107D4000924500F0EC84D1461AF8013D392BF7D06A
:107D50000133DBB28AF80030059B01330593ACE1B7
:107D6000DDF844B01AEE105A18EE104A139B002B9F
:107D7000C0F29480059A0E2A00F39080404B03EBEA
:107D8000C203D3E90089099B002B1BDA079B002B58
:107D900018DC40F05F83404B002240464946F8F72C
:107DA000EBFB02460B4651EC190BF8F7D3FFDDF85D
:107DB0001CA05646002800F0D282099BDDF8008006
:107DC000DF43D4E242464B4651EC190BF8F7FEFC78
:107DD000F8F7F4FF06468346F8F764FB42464B4645
:107DE000F8F7CAFB0B46024651EC190BF8F70CFAF0
:107DF000DDF800A0334630330AF8013B079B012B26
:107E000000F090834FF0010B08EE105A08EE904AF4
:107E10001D465446DA461DE042464B46304639463A
:107E2000F8F7D4FCF8F7CAFF8346F8F73BFB424665
:107E30004B46F8F7A1FB0AF1010A0B460246394608
:107E40003046F8F7E1F90BF13003AA4504F8013B9D
:107E500000F063830F4B0022F8F78EFB0022002313
:107E600006460F46F8F762FF0028D5D0A24618EE66
:107E7000105A18EE904A059B01330593D1461CE138
:107E800030BF000808BF00080000F03F00001C40A1
:107E90000000E03F00002440000014400A9A002A3D
:107EA00040D0019A012A40F39E82079B03F1FF38DC
:107EB0000B9B4345C0F27082A3EB0808079B002B85
:107EC000C0F26883049A1146089A194417461A4466
:107ED000049108920121204601F0AAF9064625E006
:107EE0000123BE1B0C93731E04937FF5B0ADC6F146
:107EF0000103089300230493ABE55846F8F7D2FA40
:107F000042464B46F8F712FF00287FF488AD0BF18C
:107F1000FF3B84E5874B0093009815B0BDEC068BC2
:107F2000BDE8F08FDDF82C80089F0A9E002F0CDD45
:107F3000049A002A09DD0899BA421346A8BF3B46B5
:107F4000C91AFF1AD31A089104930B9BDBB10A9B41
:107F5000002B00F08382B8F1000F0FDD314642465E
:107F6000204601F03FFA2A4601460646204601F027
:107F70008DF929460546204601F0ACF80B9BB3EB82
:107F8000080240F001830121204601F051F9BBF1C4
:107F9000000F824600F3B880019B012B40F38781DC
:107FA0004FF000080120BBF1000F40F0B980049AA7
:107FB000104410F01F0000F09780C0F12003042B44
:107FC00040F3F983089BC0F11C000344024408936A
:107FD00007440492089B002B05DD29461A462046DB
:107FE00001F060FA0546049B002B05DD51461A4658
:107FF000204601F057FA82460C9B002B40F0388156
:10800000079B002B40F31F810A9B002B40F0A280AE
:10801000059B01330593DDF80080DDF81C900127F6
:1080200007E0294600230A22204601F05DF80137C7
:10803000054651462846FFF7BDFB4F4500F130008D
:1080400008F8010BEDDB079A002AC8BF9346009A97
:10805000D8BF4FF0010B0346934400272946012265
:108060002046019301F01EFA5146054601F092FAAE
:10807000002840F3A6811BF8013C009A0BF1FF3B5E
:1080800004E05A4500F0A8811BF8013D392B0BF1A3
:108090000109F6D001338BF800305146204601F03B
:1080A00019F856B12FB1B74203D03946204601F036
:1080B00011F83146204601F00DF82946204601F01E
:1080C00009F8002389F80030069B1A46059B1360C7
:1080D000259B002B3FF446AC0098C3F8009015B0E8
:1080E000BDEC068BBDE8F08F1C20089B0344089371
:1080F000049B0344074404936CE70126C0E4C0F1E9
:10810000200008FA00F057E401465A46204601F0E4
:1081100069F9019B012B824640F3D5814FF000089D
:10812000DAF810300AEB8303186901F031F8C0F176
:1081300020003CE7C0BD0008314600230A2220464B
:1081400000F0D2FF0F9B002B064640F32383CDF8AF
:1081500014900793002F00F31881B8F1000F40F03E
:10816000FC81B046029B009F079903F001027B1E31
:108170001944019B0A9213430891099351462846DA
:10818000FFF718FB31468346284601F003FA4246C2
:1081900051468146204601F01FFAC26801460BF1A4
:1081A0003003002A42D104902846079301F0F2F9E7
:1081B00004990290204600F08DFF029A079B1AB99D
:1081C0000999002900F0D682B9F1000FC0F2878129
:1081D000019949EA01090A9951EA090100F07F81F0
:1081E000002A00F3E781089A3B7007F101099742E2
:1081F000CB4600F0E581294600230A22204600F004
:1082000073FF4645054631464FF000034FF00A0222
:10821000204612D000F068FF4146064600230A229D
:10822000204600F061FF4F468046A7E720460293B4
:1082300000F050FF029B0122C6E700F055FF4F46B9
:10824000064680469AE7019B022B77DC0A9B002BAF
:1082500080D1059B5146013328460593FFF7AAFAC2
:10826000DDF800B000F130030BF8013B0027F5E624
:108270005146284601F08EF90028BFF6C1AE2946C6
:1082800000230A22204600F02FFF059B03F1FF394F
:108290000A9B0546002B7FF44FAF0F9B002B40F34A
:1082A00070820793B7E6BD4B0093033303E4DDE927
:1082B000021200297FF474AEC2F31303002B7FF483
:1082C0006FAEB74B1340002B00F03D82089B01338B
:1082D0000893049B013304934FF0010862E60123E5
:1082E0000A93099B059A13440F930133012B1F46F0
:1082F0000793B8BF01270021172F61647FF730ACC7
:10830000012204235B0003F11400B842114602F17C
:108310000102F7D9616423E401230A93099F002F26
:108320004ADD0F970797E6E700230A93D9E7002372
:108330000A93F3E70F9BCDF814900793079B002B4C
:108340007FF43BAD51460522204600F0CDFE0146AC
:108350008246284601F01EF900287FF72EAD0098CE
:10836000059F3123804600F8013B013700905146BC
:10837000204600F0AFFE7B1CDDF800900593CDF8A1
:108380000080002E7FF495AE97E631463A462046AF
:1083900001F088F80646E0E60B9BCDF82C80A8EBB0
:1083A00003039B444FF0000888E54FF0020AB0EE4B
:1083B000498AF0EE698A00E4012309930793FFF7E5
:1083C000CBBB03D1019BDB073FF555AED9461BF86C
:1083D000013D302BFAD060E6059B009A01330593EE
:1083E0003123137059E60D9A002A00F0638103F2DD
:1083F0003343049ADDF82C801A440492089A1746F5
:108400001A44089266E55046F8F74CF853EC1A2BDC
:10841000F8F7B2F8634B0022F7F7F8FE8046A1F1B7
:108420005079614B002251EC1A0BF7F7EDFE4246F2
:108430004B4606460F46F8F7A1FC002840F07F8126
:1084400030463946424609F10043F8F779FC0028E6
:108450003FF48CAC4FF0000A5646AEE429460B9A26
:10846000204600F0BFFF05468DE50C903FE500F08B
:108470004E81059A4D4B564206F00F0203EBC203A4
:10848000D3E9002351EC190BF8F776F8361141ECDB
:108490001A0B00F08881464F00234FF0020AF207C2
:1084A00006D5D7E90023F8F767F80AF1010A012396
:1084B000761007F10807F2D1002B3FF49DAB41EC99
:1084C0001A0BFFF799BB029B002B7FF427AEDDE967
:1084D0000212C2F31303002B3FF4F3AE1EE6002A90
:1084E00012DD294601222046019300F0DBFF5146B0
:1084F000054601F04FF80028019B40F33581392BE8
:1085000000F013810BF13103B94609F8013B059BDB
:108510000133374605934646BFE5A24618EE105A8A
:1085200018EE904A02460B46F7F770FE42464B465D
:1085300006460F46F8F722FC60B942464B463046E5
:108540003946F8F7F3FB00283FF495AC5FEACB71AE
:108550007FF591AC009AFFF7F6BB7168204600F0FA
:1085600093FD0746002800F03A81336902339A00F0
:1085700006F10C010C30F8F711FA394601222046B9
:1085800000F090FF8046EDE52946204600F02AFFE6
:108590000546F8E4DDE907239F1A9BE4E4BD0008E3
:1085A0000000F07F00001C400000144030BF0008B5
:1085B00008BF0008392B00F0B880B9460133A4E7A2
:1085C000059A013237460592464647E50E988D4991
:1085D00001EBC00142464B4651E90201F7F7CCFFDF
:1085E0005AEC1A9B41EC180B51461AEE100AF8F798
:1085F000E5FB0746F7F756FF02460B461AEE100A50
:108600005146F7F701FE06460E98DDF80080303738
:10861000012808F8017B0F4600F0BA800E9B009AF3
:10862000CDF838B013449B46C246774B0022304603
:108630003946F7F7A1FF89468046F8F7BFFB0746A2
:10864000F7F730FF303702460B4640464946F7F70A
:10865000DBFD0AF8017BDA4506460F46E5D1DA462E
:10866000DDF838B0694B59EC188B002218EE100A6F
:108670004946F7F7CBFD32463B46F8F761FB002849
:108680006DD118EE102A4B4660490020F7F7BCFD6B
:1086900032463B46F8F772FB00283FF467ABD14601
:1086A0000AF1FF3A19F8013C302BF8D0109B013346
:1086B000059302E5129BC3F136039AE6079B002B54
:1086C0003FF4A1AE0F9B002B7FF750AB059A0E93A2
:1086D000013A4D4B10921AEE100A39460022F7F774
:1086E0004BFF024616460F460AF10100F7F7DAFE85
:1086F00032463B46F7F740FF454B0022F7F786FD31
:1087000047EC1A6B8046A1F15079FFF799BA4FF008
:10871000020AB0EE49AAF0EE69AAFFF76DBA059B0E
:10872000013305933123FFF715BB059BBB4601338E
:108730000593392337460BF8013B46469DE44FF03D
:10874000000A56460BE698462CE4AA4618EE104A54
:108750001AEE105A109B01330593D146ADE4109BDD
:10876000009A0593FFF7EFBA7FF4CEAEDA077FF5F4
:10877000CBAEC4E6392BD8D0B9F1000F3FF7C2AE6B
:10878000C2E6019B022B3FF7D5ADCDF8149060E512
:10879000C24667E7019B022B3FF7CCAD0F9BCDF89C
:1087A00014900793D6E44FF0020AFFF725BA194B4D
:1087B0000093FFF7D7B83FF40DACC0F13C0094E450
:1087C000002666643146204600F05EFC009068B9E1
:1087D000114B124800224FF4D57101F047F90E4BAE
:1087E0000E483A4640F2EA2101F040F9009B23642A
:1087F00001224FF0FF3309960F930A920793FFF778
:10880000B5BA00BF30BF0008000024400000E03FC0
:1088100000001C40E8BD0008F4BD000808BE0008C8
:1088200038B5084B084D5B1B9C1007D0043B1D441A
:10883000013C55F804399847002CF9D1BDE838407F
:1088400003F0CEB98CC1000888C10008F8B5244FE8
:108850000C46064600F00CFCBA685568C4F57E6309
:108860000F3325F003052B4423F47F6323F00F031C
:10887000A3F58054B4F5805F07DB0021304600F09B
:10888000EFFFBB682B44984204D0304600F0F6FB63
:108890000020F8BD6142304600F0E2FF01300DD00B
:1088A000104ABB682D1B45F001055D60136830461A
:1088B0001B1B136000F0E2FB0120F8BD00213046D5
:1088C00000F0CEFFBA68831A0F2BDEDD43F0010300
:1088D0005360054B03491B68C01A0860D5E700BF09
:1088E0003C0400201C39012044080020002961D0EC
:1088F000F8B50C46064600F0BBFB54F8042C7B4F41
:10890000A4F1080522F0010105EB010CB868DCF8C0
:108910000430604523F0030300F08B80D207CCF8CD
:10892000043032D454F8082CAD1A1144AA6807F167
:10893000080082426AD00CEB0304D4F804E0EC682F
:10894000D4601EF0010FA26000F0978041F0010397
:108950006B60CCF80010B1F5007F35D27A68CB0897
:1089600048090121013381401143796007EBC302BB
:1089700057F83310083AC5E9021247F83350CD6072
:108980003046BDE8F84000F079BB0CEB03025268BA
:10899000D00710D4194407F10800DCF808308342EE
:1089A00073D0DCF80C20DA60936041F001036B6057
:1089B0006950D0E7704741F00103B1F5007F44F8FA
:1089C000043CCCF80010C9D3B1F5206F4FEA512315
:1089D00048D28B0903F1390003F13802C300F818BB
:1089E000FB580838984259D05A6822F003028A424C
:1089F00002D99B689842F7D1D868C5E902308560F2
:108A0000DD603046BDE8F84000F038BB0CEB0302F7
:108A10005268D20763D40B44DCE90212CA60916049
:108A200043F001026A603046EB50BDE8F84000F0C8
:108A300025BB0B44D10707D454F8082CAD1A1344B6
:108A4000D5E90212CA60916043F001026A60284AC7
:108A5000BD6012689A4293D8264B30461968FFF7DA
:108A6000F5FE8DE7142B0AD9542B1FD80B0B03F1FD
:108A70006F0003F16E02C300B1E719448DE703F103
:108A80005C0003F15B02C300A9E741F00103C7E901
:108A90000455C5E902006B60695071E7796892106E
:108AA000012404FA02F20A437A60A6E7B3F5AA7F2A
:108AB00006D8CB0B03F1780003F17702C3008EE7F1
:108AC00040F25452934206D88B0C03F17D0003F11F
:108AD0007C02C30083E74FF47E737E227FE741F080
:108AE00001036B60CCF800104AE700BF3C04002093
:108AF000480800204C390120004870473C090020FC
:108B0000704700BF704700BF704700BF704700BF8D
:108B10002DE9F04F01F10B06162E83B0044624D840
:108B2000102900F2BA8000F0A3FA102618220220C1
:108B3000B54F3A44A2F1080153688B4200F0BA8065
:108B40005A68D96822F003021A449D68E9608D6072
:108B5000516841F001012046516003F1080500F021
:108B60008DFA284603B0BDE8F08F36F0070600F115
:108B70009480B14200F2918000F07AFAB6F5FC7F61
:108B8000C0F09A81730A00F08F80042B00F26F818D
:108B9000B30903F1390003F1380CC3009A4F3B4489
:108BA000A3F108055B689D4206D10CE0002980F224
:108BB0002781DB689D4206D05A6822F00302911B90
:108BC0000F29F3DD60463D69DFF850C265457CD072
:108BD0006A6822F00302931B0F2B00F37B81002BAA
:108BE000C7E904CC80F26C81B2F5007F80F01A8175
:108BF000D308796801334FEA521E012202FA0EF2BD
:108C00000A4357F833E0C5F808E007EBC301083919
:108C1000E9607A6047F83350CEF80C508310012198
:108C20009940914257D8114206D120F003004900E3
:108C3000114200F10400FAD007EBC0094D46864608
:108C4000D5F80C80454508D11DE1002B80F2248128
:108C5000D8F80C80454500F01681D8F8042022F0A1
:108C60000302931B0F2BF0DD2046D8E9025408EBDA
:108C7000060146F00106C8F80460EC60A56043F008
:108C80000104C7E90411C1E902CC4C6048F8023084
:108C900000F0F4F908F1080502E00C232360002538
:108CA000284603B0BDE8F08F4FF4007340204FF02A
:108CB0003F0C73E7D3689A4208BF02307FF440AF9D
:108CC0003D69DFF858C1654582D17A68831001217A
:108CD00099409142A7D9BD686B6823F003094E45BE
:108CE00003D8A9EB06030F2B7ADCDFF834B1474B2E
:108CF000DBF800201B680132334405EB090A00F061
:108D0000338103F580530F3323F47F6828F00F0875
:108D10004146204600F0A4FD411C024600F0F380CD
:108D2000824500F2EE803A4B1968414419600846CA
:108D300000F04E81DBF80010019301311BBFA2EB64
:108D40000A0A5044CBF80020186012F0070B00F01C
:108D50001781CBF108010A44CBF5805190440831CA
:108D6000A1EB0801C1F30B0A51462046009200F026
:108D700077FD421CDDE9002300F04F81801A00EBF3
:108D80000A081968BA6048F001005144BD425060B9
:108D9000196000F02981B9F10F0F40F2278168684E
:108DA000A9F10C0C2CF0070C00F0010040EA0C00BB
:108DB00068604FF0050E05EB0C00BCF10F0FC0E929
:108DC00001EE00F2328150681546124B1A688A4251
:108DD00038BF1960104B1A688A4238BF196094E096
:108DE000AA1943F0010346F001066E602046BA60FE
:108DF000536000F043F90835284603B0BDE8F08F12
:108E0000D9681A44A1E600BF3C0400204C39012077
:108E10001C39012044390120483901204404002034
:108E200044080020B2F5206F4FEA522363D3142B7D
:108E300000F2B78003F15C01C9005B3307EB010E60
:108E40007958AEF1080E8E4500F091804B6823F002
:108E50000303934202D989688E45F7D1D1F80CE01B
:108E60007A68C5E9021ECEF80850CD60D6E6142B0C
:108E700059D9542B00F29D80330B03F16F0003F19D
:108E80006E0CC3008AE60EF1010E1EF0030F05F111
:108E900008057FF4D5AE51E0424445465368D8F802
:108EA0000C1043F00103536055F8083F2046D96089
:108EB0008B6000F0E3F8F3E6F00806F1080237E60D
:108EC0002A442046536843F001035360083500F0FC
:108ED000D5F8E5E6A919204646F0010643F001045D
:108EE0006E60C7E90411C1E902CC4C60AB5000F0E0
:108EF000C5F80835D4E6930903F13901C9003833C0
:108F00009CE7BD425FD0BD68686820F00308464515
:108F1000A8EB060302D80F2B3FF762AF204600F004
:108F2000ADF80025BCE603F15C0003F15B0CC30067
:108F300034E659F808394B4540F0968010F0030F9D
:108F400000F1FF30F5D17B6823EA01037B60490023
:108F500099423FF6C0AE19B9BDE649000EF1040EC4
:108F60001942FAD0704667E603F11008D0E69A106D
:108F70004FF001087B6808FA02F21A437A6070E742
:108F800002EB08014942C1F30B0A51462046009208
:108F900000F066FC431CDDE900237FF4EFAEDA4607
:108FA000EFE6542B25D8130B03F16F01C9006E3384
:108FB00044E7B3F5AA7F25D8F30B03F1780003F15A
:108FC000770CC300EAE5294B186840441860B1E605
:108FD000CAF30B0CBCF1000F7FF4ACAEBD68C84403
:108FE00048F001006860F0E61546EEE601235360A4
:108FF00094E7B3F5AA7F23D8D30B03F17801C90016
:1090000077331BE740F25452934223D8B30C03F159
:109010007D0003F17C0CC300C0E5ABF1080BD84424
:10902000A8EB02084FF0000AABE605F10801204664
:109030000093FFF75BFCBD68009B68681968C4E695
:1090400040F254518B420BD8930C03F17D01C900BF
:109050007C33F3E64FF47E737F204FF07E0C9DE56A
:109060004FF47E717E23E9E67B6870E71C390120AE
:109070000148FFF749BD00BF103901200148FFF743
:1090800045BD00BF10390120C36C70B505460C46C4
:109090004BB153F8240080B1026843F82420002328
:1090A000C0E9033370BD2122042100F0FFFC034618
:1090B000E8640028EDD1002070BD012101FA04F61A
:1090C000721D9200284600F0F1FC0028F3D0C0E9A0
:1090D0000146E4E731B1C36C4A6853F822000860E6
:1090E00043F82210704700BFF0B50C69064683B004
:1090F0000D4601F1140E0020DEF800101FFA81FC6D
:1091000002FB0C334FEA134C090C02FB01CC01307B
:109110009BB203EB0C4384424EF8043B4FEA1C43E2
:10912000EADC3BB1AA68A24207DD05EB8402013408
:1091300053612C61284603B0F0BD69680193013189
:109140003046FFF7A1FF019B0746B8B12A6901939A
:10915000023205F10C0192000C30F7F71FFCF26CA3
:109160006968019B52F82100286042F821503D4671
:1091700005EB8402013453612C61DBE7024B0348A9
:109180003A46B52100F072FCF4BD000888BE000824
:10919000030C1B04D3B90004102310F07F4F04BF4D
:1091A0000002083310F0704F04BF0001043310F0C8
:1091B000404F04BF80000233002805DB10F0804FD1
:1091C00003F1010308BF2023184670470023E4E79A
:1091D000036813F00702014607D0DA071FD4980787
:1091E00021D55B080B600120704798B2A0B11046F2
:1091F000DAB20AB908301B0A1A0704BF1B09043087
:109200009A0704BF9B080230DA0703D45B0800F119
:10921000010006D00B6070471B0C1020E8E700200F
:109220007047202070479B080B600220704700BFEA
:1092300038B5C36C04460D464BB15868B0B10268EE
:109240005A6000220123C0E90435C26038BD2122E2
:10925000042100F02BFC0346E0640028EDD1094B0B
:10926000094800224FF4A07100F000FC1C220121EB
:10927000204600F01BFC0028F1D001220223C0E9A7
:109280000123DEE7F4BD000888BE00082DE9F04F99
:109290000E691569AE4285B08846144605DB2A463C
:1092A000234635460C4616469846A3686168AF19B2
:1092B000BB42B8BF0131FFF7E7FE0190002800F084
:1092C0008680019B03F1140909EB870AD14505D279
:1092D0004B46002243F8042B9A45FBD808F11408AA
:1092E00008EB860B04F11403D8451A4603EB8505F9
:1092F0005FD22B1B153B23F0030304331534A54227
:1093000038BF0423CDE902A7AC461F46924605E0CC
:10931000000C29D1C34509F1040948D958F8040BB8
:1093200085B2002DF4D056464C46002356F8040B67
:10933000216882B21FFA81FE05FB02EE000C0A0CC6
:10934000734405FB002202EB13429BB243EA024343
:10935000B44544F8043B4FEA1243E7D849F80730D4
:1093600058F8040C000CD5D0D9F8003054461946F2
:109370004D4600222688090C00FB06110A449BB2C8
:1093800043EA024345F8043B54F8046B2968360C61
:109390008BB200FB063303EB1243A4454FEA1342A2
:1093A000E8D8C34549F8073009F10409B6D8DDE922
:1093B00002A7002F02DC05E0013F03D05AF8043D6C
:1093C000002BF9D00198076105B0BDE8F08F034B81
:1093D0000348019A40F25D1100F048FBF4BD00081B
:1093E00088BE000812F003032DE9F041144606463A
:1093F00032D10D46A41020D0D6F84880B8F1000F25
:1094000033D0E3074FF0000707D4641015D0D8F825
:109410000000A8B18046E307F7D54246294630460A
:10942000FFF734FFB5B16968F36C641053F821207D
:109430002A6043F821500546E9D12846BDE8F0816D
:10944000424641463046FFF721FFC8F8000007605A
:109450008046E0E70546D8E7013B0F4A52F8232053
:109460000023FFF741FE0546C4E701213046FFF720
:109470000BFE804640B1012340F27122C0E9043264
:109480000023B0640360BCE7044B054842464FF438
:10949000A07100F0EBFA00BFF8BF0008F4BD0008AF
:1094A00088BE00082DE9F0470C4690462669A3685F
:1094B000496806EB6216751C9D4207464FEA621921
:1094C00004DD5B009D4201F10101FADC3846FFF743
:1094D000DBFD8446002851D0B9F1000F00F11400E3
:1094E0000EDD09F105024FEA820E03460CEB820203
:1094F000002143F8041B9342FBD1AEF1140318443E
:10950000216904F1140318F01F0803EB81012DD029
:10951000C8F1200986464FF0000A1A6802FA08F2DC
:1095200042EA0A024EF8042B53F8042B994222FA1D
:1095300009FAF2D80B1B153B23F00303043304F1A3
:109540001502914238BF0423BAF1000F18BF2E460E
:1095500040F803A0FB6C6268CCF8106053F822104E
:109560002160604643F82240BDE8F087043853F894
:10957000042B40F8042F9942F9D8EBE7034B044839
:10958000624640F2D91100F071FA00BFF4BD000844
:1095900088BE00080B6984460069C01A16D10CF118
:1095A000140C14310CEB830210B401EB830301E0C3
:1095B000944508D252F8044D53F8041D8C42F7D05C
:1095C00005D24FF0FF305DF8044B70477047012023
:1095D0005DF8044B704700BF2DE9F84F0F69136920
:1095E000FF1A002F0E4690467AD101F1140514326D
:1095F00002EB830205EB830301E09D4273D253F833
:10960000041D52F8044DA142F7D064D37168FFF7EE
:109610003BFD8146002872D03569D8F81020C7601C
:1096200008F1140E06F1140009F1140A06F1100CE9
:109630000EEB820200EB8507564600215EF8044BD4
:109640005CF804BFA3B211FA8BF1CB1A210CC1EB69
:109650001B4101EB23419BB243EA0143724546F8AB
:10966000043B4FEA2141E9D8A2EB0804153C08F17C
:109670001508424524F0030606F1040638BF042607
:10968000304424F0030238BF002287425244B244DF
:1096900016D95646044654F8043B11FA83F10A14CD
:1096A00002EB134289B241EA0243A74246F8043B67
:1096B0004FEA2241EFD87A1E101A20F003025244DA
:1096C00023B952F8043D013D002BFAD0C9F81050DF
:1096D0004846BDE8F88F334601274646984695E749
:1096E000F9DB002792E70021FFF7CEFC814668B145
:1096F00001220023C9E904234846BDE8F88F074B3F
:1097000007484A464FF4107100F0B0F9034B044883
:109710004A4640F2322100F0A9F900BFF4BD00082A
:1097200088BE00082DE9F043884683B0012157EC3C
:10973000106B1546FFF7A8FC044600284FD0C7F36E
:109740000A59C7F31303B9F1000F01D043F4801392
:10975000002E019324D068460096FFF739FD0028BB
:1097600039D0DDE90013C0F1200203FA02F20A4306
:10977000C34062610193002B14BF02220122A36146
:109780002261B9F1000F16D0A9F233430344C0F1AE
:109790003500C8F800302860204603B0BDE8F083EB
:1097A00001A8FFF715FD019B6361012220302261B2
:1097B000B9F1000FE8D104EB8203A0F23240C8F8FF
:1097C00000001869FFF7E4FCC0EB42102860204657
:1097D00003B0BDE8F083009B6361019BCBE7034BC3
:1097E0000348224640F20A3100F040F9F4BD000877
:1097F00088BE000853EC102B70B5164E23F00041C4
:109800000025B1420446056021DC10EE106A0E43CB
:109810001DD0114E1E40184666B91946002210EEA2
:10982000100A0E4BF6F7A8FE6FF035050246084603
:1098300021F0004120F0FF40091520F4E000A1F2E2
:10984000FE3140F07F53294443F40013216043EC80
:10985000102B70BDFFFFEF7F0000F07F0000504332
:1098600038B5074D0022044608462A60F7F794FEF3
:10987000431C00D038BD2B68002BFBD0236038BDC3
:109880005039012030B540EA0104A30701D1032A71
:109890000FD8844601F1FF3E07E01EF8011F03F8D0
:1098A000011B541EC1B19C4622466346002AF4D1D6
:1098B00030BD0B468446194653F8045BA5F10134CC
:1098C00024EA050414F0803FE4D1043A032A4CF85A
:1098D000045B1946EFD8DDE76244002CE8D003F8BA
:1098E000011B9342FBD130BD2DE9F04F936883B04B
:1098F0009146002B6ED017688D6880460C4608682C
:10990000083744E0A38913F4906F2ED0D4E90415EE
:10991000A0EB010A05EB450505EBD5750AEB060042
:109920006D100130A8422A4684BF05462A465B05D1
:1099300037D511464046FFF7EBF800283BD052469A
:1099400021690190F7F72AF8A289019B22F490621D
:1099500042F08002A281A5EB0A0203EB0A006561D6
:10996000A260236120603546B2465946524600F057
:10997000FDF8A068D9F808102368451B8E1B03EB7F
:109980000A00A5602060C9F808601EB3083757E9CF
:1099900002B6002EFAD0B542AA46B3D93546B24631
:1099A000E3E7404600F05EF903460028D3D1216981
:1099B0004046FEF79BFF0C23C8F80030A389002225
:1099C00043F040034FF0FF30A381C9E9012203B007
:1099D000BDE8F08F0020C9F8040003B0BDE8F08FA7
:1099E0002DE9F047DFF880A00646DAF80000984637
:1099F0000F469146FFF788F81A4B1B68D3F8484189
:109A000024B365681F2D26DC5EB96B1C0235DAF8BD
:109A10000000636044F82570FFF778F80020BDE887
:109A2000F08704EB85010123C1F88890D4F88821E0
:109A3000AB401A43022EC4F88821C1F80881E4D152
:109A4000D4F88C211343C4F88C31DEE703F5A674F7
:109A5000C3F84841D5E7DAF80000FFF757F84FF0B0
:109A6000FF30DCE77CBD00083804002000B50B4C5B
:109A700025681446EE681A4685B003460D464CB17B
:109A800007490095CDE901143046064900F03EF83B
:109A900001F0C2FA04490C46F3E700BF0C000020B5
:109AA00004C0000814C0000810C0000810B502FB74
:109AB00001F1FFF72DF8044668B150F8042C22F0AC
:109AC0000302043A242A18D8132A06D8024600238F
:109AD000C2E900339360204610BD00231B2AC0E971
:109AE00000330FD9242AC0E9023311BF00F110025C
:109AF000036100F118024361E9E70021FCF74EF829
:109B0000204610BD00F10802E1E700BF0EB410B519
:109B100083B005AB064C53F8042B01930146206833
:109B200000F0C8FA03B0BDE8104003B0704700BFB2
:109B30000C000020014B93F8280170474C080020CE
:109B400082B049B15AB16BB113780B601278101E14
:109B500018BF012002B0704701A9002AF3D11046B6
:109B600002B070476FF00100F4E700BF88420DD9E2
:109B70008B1883420AD900EB020CBAB1624613F883
:109B800001CD02F801CD9942F9D170470F2A0ED8C4
:109B9000034602F1FF3C4AB10CF1010C013B8C443D
:109BA00011F8012B03F8012F6145F9D1704740EA04
:109BB00001039B0750D1A2F1100370B501F1200CF5
:109BC00023F00F0501F1100E00F11004AC441B0945
:109BD0005EF8105C44F8105C5EF80C5C44F80C5CB9
:109BE0005EF8085C44F8085C5EF8045C44F8045CC9
:109BF0000EF1100EE64504F11004E9D1013312F024
:109C00000C0F01EB031102F00F0400EB031327D03C
:109C1000043C24F003064FEA940C1E441C1F8E469D
:109C20005EF8045B44F8045FB442F9D10CF101041E
:109C300002F0030203EB840301EB840102F1FF3C19
:109C40004AB10CF1010C013B8C4411F8012B03F8D3
:109C5000012F6145F9D170BD02F1FF3C03469BE73E
:109C60002246EBE72DE9F84F1746002900F09880CF
:109C700007F10B0580460C46FFF7FAF9162D5DD863
:109C800010252A46AF425ED854F8041C21F0030682
:109C90009642A4F1080962DABC4BD3F808C009EB7C
:109CA0000600844500F09780D0F804C02CF0010332
:109CB00003445B68DB0768D42CF0030C06EB0C0351
:109CC000934247DACB0710D454F8083CA9EB030AB7
:109CD000DAF8043023F003018C44B444944580F254
:109CE00011817318934280F2E88039464046FEF7AE
:109CF0000FFF0746E0B154F8043C23F001034B4446
:109D0000A0F10802934200F0D280321F242A00F210
:109D1000F580132A00F2AC800346224611681960D0
:109D20005168596092689A6021464046FEF7DEFD10
:109D30004046FFF7A3F93846BDE8F88F25F0070540
:109D4000002D2A469EDA0C23C8F80030002738463A
:109D5000BDE8F88F1E46D0E90223D3609A60731BDA
:109D60000F2B22D8D9F8043003F0010333434E44BB
:109D7000C9F80430736843F0010373604046274616
:109D8000FFF77CF93846BDE8F88FC907ADD454F821
:109D9000083CA9EB030ADAF8041021F00301A0E75C
:109DA000BDE8F84F1146FEF7B3BED9F8041001F034
:109DB00001012943C9F8041009EB05014E4443F0A1
:109DC00001034B60736843F0010308317360404640
:109DD000FEF78CFDD2E7DCF8040020F0030B06EB65
:109DE0000B0C05F1100084454DDAC9073FF57DAF36
:109DF00054F8081CA9EB010ADAF8041021F0030159
:109E00008B44B34458453FF76CAF5746DAF80C1013
:109E100057F8080F321F242AC160886000F2DB80E7
:109E2000132A40F2D6802168CAF808106168CAF87F
:109E30000C101B2A00F2DF8008340AF1100221689E
:109E4000116061685160A16891600AEB0501ABEB9C
:109E5000050242F0010299604A60DAF8043003F02A
:109E600001031D434046CAF80450FFF707F96EE7A7
:109E700023680360636843601B2A68D804F1080202
:109E800000F108034AE709EB05029A60ACEB050311
:109E900043F00103536054F8043C03F001031D43F5
:109EA000404644F8045CFFF7E9F827464FE750F8CE
:109EB000043C23F003031E4451E75746DAF80C1024
:109EC00057F8080F321F242AC16088604CD8132A23
:109ED00048D92168CAF808106168CAF80C101B2A12
:109EE00056D808340AF110021E46236813606368CE
:109EF0005360A3689360D1463C4630E72146FFF7A4
:109F000035FE11E7D0E902135746CB60996057F848
:109F1000081FDAF80C30CB60321F242A99602DD844
:109F2000132A29D92368CAF808306368CAF80C30A4
:109F30001B2A42D808340AF1100322681A606268AA
:109F40005A60A2689A606646D1463C4607E7A36815
:109F50008360E368C360242A26D004F1100200F174
:109F60001003DBE63A46BFE7214638461E46D14697
:109F7000FFF7FCFD3C46F2E63B46DEE7214638466D
:109F80006646D146FFF7F2FD3C46E8E63C04002079
:109F9000A168CAF81010E168CAF81410242A20D069
:109FA00010340AF118029FE7236903616169416176
:109FB00004F1180200F11803B0E6A368CAF81030E3
:109FC000E368CAF81430242A21D010340AF11803A7
:109FD000B3E73A4633E721463846FFF7C7FD164B4D
:109FE00033E72269CAF818206269CAF81C201834BD
:109FF0000AF1200278E7A168CAF81010E168CAF8EF
:10A000001410242A0DD010340AF1180217E723691E
:10A01000CAF818306369CAF81C3018340AF12003F2
:10A020008BE72269CAF818206269CAF81C20183424
:10A030000AF1200203E700BF3C0400202DE9F84F9D
:10A040004B6E9C0490462DD59368126843B38B46A3
:10A05000064602F1080959E9025A5FEA9A0715D043
:10A06000043D002401E0A7420ED055F8041F5A46D3
:10A07000304601F08BF9431C04F10104F3D10023B5
:10A08000C8E90133BDE8F88FD8F808302AF0030A90
:10A09000A3EB0A03C8F8083009F10809002BDAD14C
:10A0A0000020ECE701F0A6F90023C8E90133BDE880
:10A0B000F88F00BF2DE9F04F2DED028BBBB008EEFD
:10A0C000101A08EE900A1C461746039318B1836BCA
:10A0D000002B00F09C8218EE102A536EDE0740F130
:10A0E0009E81B2F90C108AB2900409D441F4005256
:10A0F00018EE101A4B6E8A8123F4005392B24B660D
:10A10000110740F1F88018EE103A1B69002B00F09F
:10A11000F28002F01A030A2B00F0FE8011AB0E93BE
:10A120000023CDE90F33CDE9083306930DF144093F
:10A13000079302933B78002B00F05B813C4604E0E0
:10A1400014F8013F002B00F03481252BF8D1E51BDA
:10A1500040F031812378002B00F04B814FF0000359
:10A1600000258DF83330671C637801954FF0FF3B75
:10A170002B240137A3F120025A2A00F26181DFE883
:10A1800012F0AB025F015F01A7025F015F015F0197
:10A190006A005F015F0149027E025F015402B90259
:10A1A0005F01B5025B005B005B005B005B005B0076
:10A1B0005B005B005B005F015F015F015F015F01AE
:10A1C0005F015F015F015F01360284005F015F0193
:10A1D0005F015F015F015F015F015F015F015F017F
:10A1E000E5005F015F015F011A025F016C025F0120
:10A1F0005F0148055F015F015F015F015F015F0172
:10A200005F015F015F015F01360286005F015F0150
:10A210005F016202860080005F0158025F019402C4
:10A22000E700820280005F011A027E0068055F017C
:10A230005F016A055F017E00A3F13002002117F87B
:10A24000013B01EB810102EB4101A3F13002092A3C
:10A25000F5D901918EE718EE900AFEF74DFC4368A0
:10A2600008931846F6F74CFC0990064618EE900A3B
:10A27000FEF742FC83680793002E40F0A5843B78EC
:10A2800077E73B7845F0200573E745F01005AC060D
:10A29000039E40F18281073626F007063246736836
:10A2A00052F8086B03929846002BC0F25584BBF11C
:10A2B000FF3F00F03A8556EA080325F0800A00F0D7
:10A2C00030840A2E78F1000380F0E78430360123D1
:10A2D0008DF8E760554600930DF1E704009A9DF86C
:10A2E00033305A45B8BF5A469046002B00F0B7802D
:10A2F00002F10108B3E018EE101A18EE900A18EEF9
:10A30000105A00F01FFE002840F0A885AA8902F02C
:10A310001A030A2B7FF402AF18EE101AB1F90E30AF
:10A32000002BFFF6FBAE4B6EDE0702D4950540F125
:10A33000738518EE101A18EE900A23463A463BB081
:10A34000BDEC028BBDE8F04F00F0AEBD45F010054E
:10A3500015F0200800F01281039E073626F007064C
:10A360003346D6F8048053F8086B039325F4806ACB
:10A3700000234FF000028DF83320BBF1FF3F00F0C7
:10A38000D38156EA08022AF0800540F0CC81BBF167
:10A39000000F40F0CD84002B40F0C8831AF0010379
:10A3A000009300F0F88330238DF8E7300DF1E704D7
:10A3B00094E7E51B1DD00F9B109A01332A44072B0D
:10A3C000C9E9007510920F9305DC09F10809029B99
:10A3D0002B440293BEE6002A00F09F8318EE101A69
:10A3E00018EE900A0EAAFFF729FE40B90DF14409B4
:10A3F000EDE7109B002B40F0208500230F9318EE13
:10A40000102A536ED90740F1AE8093895B0600F1A4
:10A410002E8502983BB0BDEC028BBDE8F08FB2F9FF
:10A420000C108D0518EE103A8AB23FF55DAE18EEAD
:10A43000105A986DFEF768FBB5F90C108AB253E616
:10A44000002BD6D08DF884304FF001084FF0000378
:10A450008DF83330CDF8008021AC4FF0000B15F0B3
:10A460000203049318BF08F1020815F08403059352
:10A4700005D1019BA3EB0806002E00F37F82DDE9E6
:10A480000F21501C9DF833608EB10DF13302013164
:10A49000C9F8002007284FF00102CDE90F01C9F8E3
:10A4A000042000F34C82024609F108090130049BA4
:10A4B000EBB10DAB0231C9F8003007284FF00203B1
:10A4C000CDE90F01C9F8043040F35382002900F0B0
:10A4D0001F8318EE101A18EE900A0EAAFFF7AEFDB1
:10A4E00000288CD1DDE90F210DF14409501C059B9A
:10A4F000802B00F05A81009BABEB0306002E00F38B
:10A50000BD81009BC9F8004019440728CDE90F011F
:10A51000C9F8043040F34681002900F0858218EE26
:10A52000101A18EE900A0EAAFFF788FD00287FF493
:10A5300066AF10990DF14409680705D5019BA3EB9F
:10A540000804002C00F37A82DDE901234245ACBF08
:10A550009B1843440293002940F0E08100230F93AD
:10A560000DF14409E6E593899A053FF54FAF18EEE2
:10A57000104AA06DFEF7CAFAA38947E715F0100349
:10A5800040F03A8315F0400200F0F983039A52F844
:10A59000046B03929846B6B2E8E656F8043B03967D
:10A5A000E80600F10483690640F1FE8243F3C038F7
:10A5B0001EB2434678E6039E56F8044B4FF0000364
:10A5C0008DF83330002C00F0C183BBF1FF3F00F069
:10A5D00045835A4600212046F6F702FB002800F08A
:10A5E0002084031B009303964FF0000B76E6039E36
:10A5F0004FF000038DF833304FF0010856F8043B5C
:10A600008DF884300396CDF8008021AC25E700F06A
:10A61000D7FD60E5039B53F8042B0192002A80F2DA
:10A62000B682019A0393524201923B7845F00405A9
:10A630009FE53B786C2B03BF7B7845F02005013705
:10A6400045F0100595E53B78682B03BF7B7845F412
:10A650000075013745F040058BE545F0100A1AF00A
:10A66000200800F06A82039E073626F0070633466C
:10A67000D6F8048053F8086B0393012379E63B78FE
:10A680008DF8334075E5039B53F8046B0393302337
:10A690008DF8343078238DF83530C14B069345F072
:10A6A000020A4FF00008022363E6AE0600F19A8228
:10A6B000EC0600F14383680600F1A083A90540F190
:10A6C0003D83039E029A56F8043B03961A7031E5C7
:10A6D0003B7845F001054CE59DF83330002B7FF4C5
:10A6E000CEAD20238DF833303B7842E53B7845F002
:10A6F00080053EE5394611F8013B2A2B00F0C08366
:10A70000A3F13002092A0F464FF0000B3FF632AD9D
:10A7100017F8013B0BEB8B0B02EB4B0BA3F1300259
:10A72000092AF5D926E5AA46012B3FF4CAAD022B2A
:10A730003AAC12D1069A06F00F033609D35C04F83E
:10A74000013D46EA08764FEA181856EA0803F2D1A6
:10A750003AAB1B1B55460093C0E506F00703F6080D
:10A7600046EA48764FEAD808303356EA08012246CE
:10A7700004F8013DF1D11AF0010FE9D0302BE7D0F8
:10A780003023023A04F8013C3AAB9B1A5546009339
:10A790001446A3E5009911940123129110910F938F
:10A7A0000DF1440909F10809C6E6019BA3EB08066F
:10A7B000002E7FF7A0AE102E40F35E83DFF8E4A1F9
:10A7C0005346CDE90445BA4618EE904A18EE105AA1
:10A7D000084696461F4607E00EF1020C09F10809EB
:10A7E0009646103E102E1FDD0EF101021030102390
:10A7F000072ACDE90F20C9F80070C9F80430EBDD55
:10A800000EAA002800F09580294620460DF1440943
:10A81000FFF714FC00287FF4F2ADDDE90FE0103EF5
:10A82000102E0EF1010CDFDCDDE904453B4601464C
:10A8300057469A463144BCF1070FCDE90FC1C9F81C
:10A8400000A0C9F8046040F3A981002900F0C68285
:10A8500018EE101A18EE900A0EAAFFF7EFFB002868
:10A860007FF4CDAD009BDDE90F21ABEB0306002E9D
:10A8700002F101000DF144097FF743AE102EDFF81D
:10A8800024A137DD5346CDE90445BA4618EE904A77
:10A8900018EE105A4FF0100B084694461F4607E07A
:10A8A0000CF1020E09F108099446103E102E1ADD33
:10A8B0000CF101021030072AC9E9007BCDE90F2015
:10A8C000EEDD0EAA20B3294620460DF14409FFF71C
:10A8D000B5FB00287FF493ADDDE90FC0103E102ECC
:10A8E0000CF1010EE4DCDDE904453B460146574628
:10A8F00070469A4631440728CDE90F01C9F800A0F7
:10A90000C9F8046000F3EE8009F108090130F8E5A8
:10A910004FF0010E84460DF14409C6E718EE101AF7
:10A9200018EE900A0EAAFFF789FB00283FF416AE36
:10A9300065E54FF0010C86460DF1440951E7002909
:10A9400000F0E38018EE101A18EE900A0EAAFFF736
:10A9500075FB00287FF453ADDDE90F210DF14409AB
:10A96000501CA4E502210DAB1291119301200DF1B1
:10A970004409024609F10809501CB8E5102E40F3BD
:10A980005682DDE90FC1DFF820A0CDE90A4510238A
:10A99000544618EE105A18EE90AA08460EE000BF72
:10A9A00090BD000864C0000854C000080CF1020EFD
:10A9B00009F108099446103E102E1CDD0CF101022D
:10A9C0001030072AC9E90043CDE90F20EEDD0EAAB9
:10A9D00020B3294650460DF14409FFF72FFB00280C
:10A9E0007FF40DADDDE90FC0103E102E0CF1010E0D
:10A9F0004FF01003E2DCA2460B9D0A9C0146724612
:10AA00003144072ACDE90F21C9F800A0C9F8046034
:10AA100000F3AB8009F10809501C33E584464FF080
:10AA2000010E0DF14409C6E76C070F9152D5019B49
:10AA3000A3EB0804002C4DDD0DF14409102C40F36C
:10AA40000882DFF85CA40F9A0B46BB46494657467E
:10AA500018EE109A18EE90AA102505E0901C083107
:10AA60003246103C102C18DD561C1033072EC1E95D
:10AA70000075CDE90F63F1DD0EAA3BB349465046A0
:10AA8000FFF7DCFA00287FF4BAACDDE90F23103CB5
:10AA9000102C02F1010011A9E6DC8946BA461946DC
:10AAA0005F4621440728C9E900A4CDE90F017FF7DB
:10AAB0004BAD79B118EE101A18EE900A0EAAFFF7F6
:10AAC000BDFA00287FF49BAC10993DE501201A46A1
:10AAD00011A9C6E7DDE901234245ACBF9B184344F9
:10AAE00002933BE500293FF455AE18EE101A18EE1C
:10AAF000900A0EAAFFF7A2FA00287FF480AC0F9804
:10AB0000109901300DF14409FBE4049B002B79D12D
:10AB100001200A460DF14409E9E40F920DF14409C0
:10AB200055E4BBF1000F7FF4D1AB55464FF0000B5D
:10AB3000CDF800B03AACFFF7D1BB1AF010033CD10E
:10AB40001AF0400200F00C81039A52F8046B039251
:10AB50009846B6B201230CE42D2376428DF83330AB
:10AB600068EB4808AA46012307E400297FD018EEC5
:10AB7000101A18EE900A0EAAFFF760FA00287FF468
:10AB80003EACDDE90F210DF14409501C7AE403933A
:10AB90003B78FFF7EEBA3AACFFF7A0BB09F1080922
:10ABA0000CF101006246A6E4AA0500F12F814FEAEC
:10ABB000E3781E464346FFF777BB039B53F8046BCD
:10ABC00003930123FFF7D5BB079B002B3FF457AB43
:10ABD000079B1B78002B3FF452AB3B7845F4806514
:10ABE000FFF7C7BADDE9021656F8042B0396CB1718
:10ABF000C2E90013FFF79EBA039B53F8046B03935B
:10AC0000FFF7B4BB02210DAB129111930DF1440972
:10AC1000B0E6A04A069215F0200836D0039E07360B
:10AC200026F007063246D6F8048052F8086B0392E5
:10AC3000EA0709D556EA080206D08DF835303023E8
:10AC400045F002058DF8343025F4806A0223FFF7C1
:10AC500090BBAA4603E5904A0692DCE7204603969D
:10AC6000F5F74EFF4FF0000B0090FFF737BB9DF854
:10AC70003320002A00F0B88001200DF13302129039
:10AC800011920DF1440901460DE415F0100242D075
:10AC9000039A52F8046B0392CAE70AF48063CDF872
:10ACA00000A0CDF81090BA46DDF81C9000253AAC13
:10ACB0001F4609E030464146F6F7A8F80A2E78F11B
:10ACC00000031BD306468846304641460A2200232D
:10ACD000F6F79CF81146303104F8011C0A220023D3
:10ACE000013C0135002FE5D099F80010A942E1D1CF
:10ACF000FF2DDFD00A2E78F100035BD257463AAB26
:10AD0000DDF800A0CDF81C901B1BDDF8109000931F
:10AD10005546FFF7E3BA15F040013ED0039951F8CC
:10AD2000046B03919046B6B282E7AA46FFF7C9BA10
:10AD3000012BAA467FF4FBACFFF7C8BA039E029A28
:10AD400056F8043B1A600396FFF7F4B95B46062BEE
:10AD500028BF0623514C009303969846FFF77DBB0E
:10AD6000039B1AF4007814BF53F8046B53F8046B78
:10AD700003931CBF9046F6B20123FFF7FABA039B78
:10AD800015F4007814BF53F8046B53F8046B039365
:10AD90001CBF9046F6B2FFF7E9BA039A15F40078A3
:10ADA00014BF52F8046B52F8046B03921CBF884620
:10ADB000F6B23DE7099B0899E41A1A462046FEF7C9
:10ADC00061FD99F801300BB109F1010930464146A6
:10ADD0000A2200230025F6F719F873E701200A4636
:10ADE0000DF14409FFF787BB049B002B7FF4BAAD3C
:10ADF0000A4601200DF14409FFF77DBB039E029A2C
:10AE000056F8043B03961A80FFF794B943F3C01831
:10AE10005EB24346FFF748BA886DFDF777FEFFF74D
:10AE200088BACDF800B003968346FFF757BA0F9A59
:10AE30001099DFF86CA00132E2E518EE101A18EE56
:10AE4000900A0EAAFFF7FAF800283FF4D6AAFFF7F7
:10AE5000D6BA0F98DFF848A0013022E66B6EDB0708
:10AE600005D4AB899F0502D4A86DFDF74FFE4FF0C6
:10AE7000FF330293FFF7CDBADFF828A08446D9E468
:10AE8000039A7B780F4652F8041B039241EAE17B58
:10AE9000FFF76FB9A4BD000890BD0008B8BD000859
:10AEA00054C0000864C0000870B50C468989ADF52F
:10AEB0008E6D21F00201ADF81410616E1B91E189D5
:10AEC000ADF81610E1690991616A0B911CA9029114
:10AED00006914FF4806106460491079118A800215D
:10AEE000CDE900320891FDF70BFEDDE9003202A941
:10AEF0003046FFF7DFF8051E07DB02A9304600F0F9
:10AF00002BF9002818BF4FF0FF35BDF814305B0651
:10AF100003D5A38943F04003A3811898FDF7F2FD00
:10AF200028460DF58E6D70BD49B1FF2A02D80A7012
:10AF3000012070478A2303604FF0FF3070470846B6
:10AF4000704700BF38B5334B1B6805460C460BB144
:10AF50009A6B12B3B4F90C3018079AB225D521694F
:10AF600000292DD012F0010007D00020A0606069F8
:10AF70004042A06139B1002038BD950758BF6069D3
:10AF8000A0600029F7D1120658BF0846F4D543F057
:10AF90004003A3814FF0FF3038BD184600F010F990
:10AFA000B4F90C3018079AB2D9D4D1062AD5520771
:10AFB00014D4216943F00803A3819AB20029D1D1A6
:10AFC00002F42070B0F5007FCCD02146284600F076
:10AFD000ADFBB4F90C3021699AB2C3E7216B51B1D2
:10AFE00004F14002914204D02846FDF77FFCB4F9F9
:10AFF0000C300022226321690022C4E9001223F0F0
:10B000002403D7E7092243F040032A604FF0FF30C2
:10B01000A38138BD0C00002008B5062000F0F6FB27
:10B020000120F6F742FA00BFB1F90C202DE9F041FA
:10B030000C461107804647D4636842F40062002B37
:10B04000A2815EDDA56A002D58D00023D8F80060EB
:10B05000C8F8003093B212F4805256D10123E1694E
:10B060004046A847431C67D0A389A56A5F0705D55A
:10B070006368C01A236B0BB1E36BC01AE169024627
:10B0800000234046A847411C41D1D8F80030002B8E
:10B090003DD01D2B01D0162B56D1A38922692260E9
:10B0A00023F4006300216160A381216BC8F8006074
:10B0B00021B304F14003994202D04046FDF716FC4B
:10B0C00000202063BDE8F0812669BEB193B22568F7
:10B0D00026609A070CBF63690023AD1BA3600BE0D9
:10B0E0002B463246E169676A4046B847B0F1000C2A
:10B0F000A5EB0C05664417DD002DF1DC0020BDE852
:10B10000F081E36B002B9DDCF8E7206DAEE7B4F92E
:10B110000C302269226023F40063A3810022DB0447
:10B120006260C2D52065C0E7A38943F040034FF0B9
:10B13000FF30A381BDE8F081D8F80030002B93D018
:10B140001D2B06D0162B04D0A38943F04003A38106
:10B15000D5E7C8F80060D1E738B50C46054608B118
:10B16000836BA3B1B4F90C00B8B1636EDB0701D4F3
:10B17000810515D528462146FFF756FF636EDA078D
:10B18000054602D4A3899B050ED5284638BD00F09C
:10B1900017F8B4F90C000028E7D10546284638BD59
:10B1A000A06DFDF7B1FCE5E7A06DFDF7AFFC28460B
:10B1B00038BD00BF014900F095BA00BF61BA000870
:10B1C0002DE9F04782463948FDF79EFCDAF8384011
:10B1D000002C66D1DAF80450354ACAF83C20032323
:10B1E000CAE9B843DFF8DC90DFF8DC80314F324E3B
:10B1F00004230AF53B72CAF8E8222146C5E9024356
:10B20000C5E90044C5E904446C660822AC6105F157
:10B210005C00FAF7C3FCC5E90759C5E90987EE6286
:10B2200005F15800FDF76CFCDAF80850234BEB6091
:10B230002146C5E90044C5E904446C66AC60AC61D4
:10B24000082205F15C00FAF7A9FCC5E90759C5E930
:10B250000987EE6205F15800FDF752FCDAF80C5050
:10B26000174BEB602146C5E90044C5E904446C6610
:10B27000AC60AC61082205F15C00FAF78FFC05F1C7
:10B280005800C5E90759C5E90A76C5F82480FDF7D5
:10B2900037FC0123CAF838300448BDE8F047FDF711
:10B2A00035BCBDE8F0470148FDF730BC1839012036
:10B2B000B5B10008FDB800081DB90008090001007B
:10B2C0001200020099B80008BDB800080148FDF757
:10B2D0001BBC00BF143901200148FDF717BC00BF9B
:10B2E000143901202DE9F04782B082468846144681
:10B2F000FEF720FC012803D108F1FF33FE2B36D9DD
:10B30000424604F15C0301A9504600F063FB421C75
:10B31000064632D030B39DF804C00DF10509002572
:10B3200009E023685A1C226083F800C00135B54249
:10B3300018D219F801CBA368013B002BA360F0DA07
:10B34000A769BB4261462246504602DBBCF10A0FA8
:10B35000E7D100F0E7FA431CE8D10646304602B0D8
:10B36000BDE8F0874646304602B0BDE8F0875FFA98
:10B3700088FC8DF804C00646CFE7A389304643F029
:10B380004003A38102B0BDE8F08700BF30B5536E23
:10B3900013F0010FB2F90C30144683B005469AB28F
:10B3A00001D198051CD5900406D4626E43F4005375
:10B3B00042F40052A381626622462846FFF792FFBC
:10B3C000636EDA07054602D4A3899B0502D5284699
:10B3D00003B030BDA06DFDF799FB284603B030BD2A
:10B3E000A06D0191FDF790FBB4F90C3001999AB270
:10B3F000D9E700BF9368002B00F085802DE9F04F5E
:10B40000B1F90C300C461907804683B0174698B244
:10B4100025D523691BB310F002033D682DD04FF0F2
:10B42000000ADFF8BCB25646B9465E45334652467E
:10B4300028BF5B464046002E52D0E169676AB84794
:10B44000002856DDD9F808301B1A8244361AC9F88C
:10B450000830002BE9D1002003B0BDE8F08F214671
:10B460004046FFF76FFD002840F03681B4F90C30FC
:10B470003D6898B210F00203D1D110F0010944D117
:10B480004E46009746B38205D4F808B040F1838059
:10B49000B3455A4600F2B28010F4906F40F0BF807E
:10B4A000206801924946FEF761FBA368019AA3EB6D
:10B4B0000B012368A1601344B24623600026009B61
:10B4C0009868A0EB0A00D14498600028C3D0B4F972
:10B4D0000C0080B2002ED6D1D5E900960835D1E710
:10B4E000D5E900A60835A0E721464046FFF734FE1F
:10B4F00080B3B4F90C3043F040034FF0FF30A38128
:10B5000003B0BDE8F08F002070471E46AA4699465A
:10B5100018461D46009756B388B34A46D4E904132B
:10B520002068B24228BF3246884205D9A16803EBA1
:10B53000010B5A4500F3A680934263DCE169676A18
:10B540002A464046B847B0F1000BD2DDB9EB0B09F3
:10B55000CAD00120009A9368A3EB0B035D44A6EBCD
:10B560000B069360002B3FF476AF002ED4D10AF186
:10B57000080353E902569A460833002EF9D03246A2
:10B580000A212846F5F72CFB002800F09C800130AA
:10B59000A0EB0509C1E720682369984216D86369C2
:10B5A000B34213D86FF00042B24228BF3246E1697D
:10B5B00092FBF3F2676A02FB03F340464A46B84740
:10B5C000B0F1000A95DDA6EB0A0678E7B345DA4646
:10B5D00028BFB24652464946FEF7C8FAA368226819
:10B5E000A3EB0A035244A3602260002BEBD1214657
:10B5F0004046FFF7B1FD0028E5D07AE72068B34662
:10B6000032464EE729460192FEF7B0FA019AA36846
:10B610009B1AA360236813442360934696E723682C
:10B620002169A3EB010B636903EB430A0AEBDA7AA6
:10B630000BF101034FEA6A0A33445345524684BF73
:10B640009A46524643052CD511464046FDF760FA0E
:10B6500000283BD05A4621690190F5F79FF9A2894D
:10B66000019B22F4906242F08002A28103EB0B0066
:10B670002361AAEB0B03C4F814A0A3602060B346B7
:10B6800032460EE729465A46FEF770FA23685B44B5
:10B69000236021464046FFF75FFD00283FF456AF88
:10B6A00027E74046FEF7DEFA03460028DED121698F
:10B6B0004046FDF71BF9B4F90C300C2223F080034F
:10B6C000C8F8002017E7721C914627E70C22B4F94E
:10B6D0000C30C8F800200EE74FF0FF30BCE600BF8A
:10B6E00000FCFF7F2DE9F8430746884600F53876D1
:10B6F0004FF00009D6E90154013D11D4A389012B73
:10B7000005F1FF3508D9B4F90E300133214603D0D5
:10B710003846C04749EA00096B1C04F16804EDD1C2
:10B720003668002EE6D14846BDE8F8832DE9F041A1
:10B730008B890C46990796B008D504F14303012282
:10B74000C4E90432236016B0BDE8F081B4F90E10EC
:10B750000029064627DB6A4600F0E8F9002821DBCD
:10B76000019D05F47045A5F50055B5FA85F54FF432
:10B7700080686D094FF4006741463046FDF7C8F90F
:10B78000B4F90C30F0B1204AF26343F08003C4F8FE
:10B790001480A3812060206135BB3B43A38116B098
:10B7A000BDE8F081A38913F0800519D04FF040085F
:10B7B00041463046FDF7ACF90025B4F90C302F4670
:10B7C0000028E0D19A05BED423F0030304F143021C
:10B7D00043F002030121C4E90421A3812260B2E7FE
:10B7E0004FF480682F46C7E7B4F90E10304600F0DA
:10B7F000B3F910B9B4F90C30CFE7A38923F00303F0
:10B8000043F001031BB2C8E7B5B1000838B5154BCA
:10B810001F281D6820D8D5F8DC22044662B152F8F2
:10B8200020304BB1012B15D0591C0FD0002542F808
:10B8300020509847284638BD284600F02BF822466D
:10B8400001462846BDE8384000F00EB816232B60AC
:10B85000012038BD002038BD16232B604FF0FF308B
:10B8600038BD00BF0C00002070B50C46084D0346E3
:10B870000026204611461C462E60F5F706FE431CA6
:10B8800000D070BD2B68002BFBD0236070BD00BFC3
:10B8900050390120F5F7F1BD10B50C46B1F90E1085
:10B8A00000F082F9002803DB236D0344236510BDFB
:10B8B000A38923F48053A38110BD00BF2DE9F0417B
:10B8C0000C46B1F90C101F46CB05054616460BD4A5
:10B8D00021F48051A1813B46B4F90E10324628462E
:10B8E000BDE8F04100F094B8B4F90E100223002234
:10B8F00000F044F9B4F90C10EAE700BF10B50C46AB
:10B90000B1F90E1000F03AF9A389421C0EBF23F4DE
:10B91000805343F480532065A38110BDB1F90E100C
:10B9200000F08CB8F8B50D461446064610B1836B8E
:10B93000002B43D0B4F90C20A369A360170790B281
:10B940001BD52369CBB1EDB281042F4622D52268E5
:10B950006169D31A994229DD0133A1680139A160D7
:10B96000511C2160157062699A422AD0A389DB07B5
:10B9700001D50A2D25D03846F8BD21463046FFF7BF
:10B98000E1FA20BBB4F90C20236990B2EDB2810436
:10B990002F46DCD442F40052A281626E616922F427
:10B9A000005262662268D31A9942D5DC214630469D
:10B9B000FFF7D2FB58B922680123CEE7FFF700FC5E
:10B9C000B8E721463046FFF7C7FB0028D3D04FF039
:10B9D000FF37D0E770B5054684B01C4639B10B4E31
:10B9E000D6F8E060B047431C09D004B070BD0A46E9
:10B9F0000649D1F8E06001A9B047431CF5D1002207
:10BA00008A2322602B6004B070BD00BF4C08002068
:10BA100038B50C46084D8446114620461A46002388
:10BA20002B606446F5F768FD431C00D038BD2B68D9
:10BA3000002BFBD0236038BD5039012038B5074DAD
:10BA40000022044608462A60F5F772FD431C00D028
:10BA500038BD2B68002BFBD0236038BD5039012046
:10BA600070B500294BD006460C4610B1836B002BF5
:10BA700048D0636ED80734D5B4F90C30002B3ED0D3
:10BA800021463046FFF7D0FAE36A054633B1E16953
:10BA9000304698470028B8BF4FF0FF35A3891A06F3
:10BAA0003BD4216B41B104F14003994202D03046AE
:10BAB000FCF71CFF00232363616C21B13046FCF7C7
:10BAC00015FF00236364FFF701FC636E0022DB07B0
:10BAD000A28127D5A06DFDF715F8FFF7FDFB2846DD
:10BAE00070BDA3899905CBD4A06DFDF70DF8B4F90D
:10BAF0000C30002BC4D1656E15F0010508D000256F
:10BB0000284670BDFFF75CFB636ED807B4D4E8E746
:10BB1000A06DFCF7FBFF284670BD21693046FCF79D
:10BB2000E5FEBEE7A06DFCF7F1FFD3E770B50C466C
:10BB3000084D03460026204611461C462E60F5F7A8
:10BB400003FD431C00D070BD2B68002BFBD023608D
:10BB500070BD00BF5039012038B5074D00220446A2
:10BB600008462A60F5F700FD431C00D038BD2B685D
:10BB7000002BFBD0236038BD5039012038B50C466E
:10BB8000084D8446114620461A4600232B60644621
:10BB9000F5F7F5FC431C00D038BD2B68002BFBD01B
:10BBA000236038BD5039012038B50C46084D844615
:10BBB000114620461A4600232B606446F5F77FFCA9
:10BBC000431C00D038BD2B68002BFBD0236038BD50
:10BBD00050390120F8B500BFF8BC08BC9E4670473C
:0CBBE000F8B500BFF8BC08BC9E467047DA
:10BBF000E5BD93E5898DE7B3BBE7BB9FE58685E5AA
:10BC0000AD98E5A4A7E5B08FE4B8BA2564E5AD9793
:10BC1000E88A8220E5BC80E5A78BE794B3E8AFB75C
:10BC2000E58685E5AD980D0A00000000E58685E50E
:10BC3000AD98E794B3E8AFB7E68890E58A9F20E730
:10BC400094B3E8AFB7E588B0E79A84E58685E5ADBB
:10BC500098E59CB0E59D80E4B8BA30782530385836
:10BC60000D0A0000E5BD93E5898DE7B3BBE7BB9FF7
:10BC7000E58685E5AD98E5A4A7E5B08FE4B8BA25DB
:10BC800064E5AD97E88A820D0A000000E5BD93E502
:10BC9000898DE7B3BBE7BB9F7379737469636B20CE
:10BCA0003D2025640D0A0000E58685E5AD98E79402
:10BCB000B3E8AFB7E5A4B1E8B4A50D0A00000000F1
:10BCC000E8AFB7E58588E68C89E4B88B4B455932F7
:10BCD00020E9878AE694BEE58685E5AD980D0A00E1
:10BCE000E9878AE694BEE58685E5AD980D0A0000F1
:10BCF000E8AFB7E58588E68C89E4B88B4B455931C8
:10BD000020E794B3E8AFB7E58685E5AD980D0A0066
:10BD10006C65645F7461736B00000000737563632E
:10BD2000657373006661696C6564000063726561C8
:10BD300074652025732025730D0A00006D656D6FF5
:10BD400072795F7461736B0073746172745F746194
:10BD5000736B000049444C4500000000546D722094
:10BD600053766300546D7251000000000000000023
:10BD70000102030401020304060708091000002061
:10BD8000494E4600696E66004E414E006E616E007F
:10BD90003031323334353637383961626364656641
:10BDA0000000000030313233343536373839414203
:10BDB0004344454600000000286E756C6C29000065
:10BDC00030000000202020202020202020202020C3
:10BDD00020202020303030303030303030303030A3
:10BDE000303030304E614E00496E66696E6974794C
:10BDF0000000000042616C6C6F63207375636365C3
:10BE000065646564000000002F6D6E742F776F729B
:10BE10006B73706163652F776F726B7370616365AD
:10BE20002F4743432D31302D706970656C696E6505
:10BE30002F6A656E6B696E732D4743432D31302D2C
:10BE4000706970656C696E652D34385F32303230E0
:10BE5000313132345F313630363138303634312F8B
:10BE60007372632F6E65776C69622F6E65776C698C
:10BE7000622F6C6962632F7374646C69622F6474DF
:10BE80006F612E63000000002F6D6E742F776F724C
:10BE90006B73706163652F776F726B73706163652D
:10BEA0002F4743432D31302D706970656C696E6585
:10BEB0002F6A656E6B696E732D4743432D31302DAC
:10BEC000706970656C696E652D34385F3230323060
:10BED000313132345F313630363138303634312F0B
:10BEE0007372632F6E65776C69622F6E65776C690C
:10BEF000622F6C6962632F7374646C69622F6D705A
:10BF00007265632E630000000080E03779C341430F
:10BF1000176E05B5B5B89346F5F93FE9034F384DAF
:10BF2000321D30F94877825A3CBF737FDD4F15755B
:10BF3000000000000000F03F00000000000024406E
:10BF400000000000000059400000000000408F4049
:10BF5000000000000088C34000000000006AF840B4
:10BF60000000000080842E4100000000D0126341D8
:10BF70000000000084D797410000000065CDCD414E
:10BF8000000000205FA00242000000E8764837422F
:10BF9000000000A2941A6D42000040E59C30A242CD
:10BFA0000000901EC4BCD64200003426F56B0C4342
:10BFB0000080E03779C3414300A0D88557347643E9
:10BFC00000C84E676DC1AB43003D9160E458E1434A
:10BFD000408CB5781DAF154450EFE2D6E41A4B44BF
:10BFE00092D54D06CFF08044F64AE1C7022DB54404
:10BFF000B49DD9794378EA44050000001900000097
:10C000007D0000002C2066756E6374696F6E3A20A7
:10C0100000000000617373657274696F6E202225E1
:10C020007322206661696C65643A2066696C6520DC
:10C03000222573222C206C696E65202564257325CA
:10C04000730A000043000000504F5349580000009D
:10C050002E00000020202020202020202020202032
:10C060002020202030303030303030303030303010
:10C070003030303000202020202020202020282890
:10C080002828282020202020202020202020202098
:10C0900020202020208810101010101010101010D8
:10C0A0001010101010040404040404040404041008
:10C0B0001010101010104141414141410101010196
:10C0C0000101010101010101010101010101010160
:10C0D000101010101010424242424242020202026C
:10C0E0000202020202020202020202020202020230
:10C0F00010101010200000000000000000000000E0
:10C10000000000000000000000000000000000002F
:10C11000000000000000000000000000000000001F
:10C12000000000000000000000000000000000000F
:10C1300000000000000000000000000000000000FF
:10C1400000000000000000000000000000000000EF
:10C1500000000000000000000000000000000000DF
:10C1600000000000000000000000000000000000CF
:08C170000000000000000000C7
:08C17800C44CFF7F0100000030
:08C1800095770008E5010008B5
:04C18800C1010008E9
:10C18C000024F400AAAAAAAA0400000010000020AF
:10C19C0000000000FC02002064030020CC030020FF
:10C1AC000000000000000000000000000000000083
:10C1BC000000000000000000000000000000000073
:10C1CC000000000000000000000000000000000063
:10C1DC000000000000000000000000000000000053
:10C1EC000000000000000000000000000000000043
:10C1FC000000000000000000000000000000000033
:10C20C000000000000000000000000000000000022
:10C21C000000000000000000000000000000000012
:10C22C000000000000000000000000000000000002
:10C23C0000000000000000000100000000000000F1
:10C24C000E33CDAB34126DE6ECDE05000B000000B6
:10C25C0000000000000000000000000000000000D2
:10C26C0000000000000000000000000000000000C2
:10C27C0000000000000000000000000000000000B2
:10C28C0000000000000000000000000000000000A2
:10C29C000000000000000000000000000000000092
:10C2AC000000000000000000000000000000000082
:10C2BC000000000000000000000000000000000072
:10C2CC000000000000000000000000000000000062
:10C2DC000000000000000000000000000000000052
:10C2EC000000000000000000000000000000000042
:10C2FC000000000000000000000000000000000032
:10C30C000000000000000000000000000000000021
:10C31C000000000000000000000000000000000011
:10C32C000000000000000000000000000000000001
:10C33C0000000000000000000000000000000000F1
:10C34C0000000000000000000000000000000000E1
:10C35C0000000000000000000000000000000000D1
:10C36C0000000000000000000000000000000000C1
:10C37C0000000000000000000000000000000000B1
:10C38C0000000000000000000000000000000000A1
:10C39C000000000000000000000000000000000091
:10C3AC000000000000000000000000000000000081
:10C3BC000000000000000000000000000000000071
:10C3CC000000000000000000000000000000000061
:10C3DC000000000000000000000000000000000051
:10C3EC000000000000000000000000000000000041
:10C3FC000000000000000000000000000000000031
:10C40C000000000000000000000000000000000020
:10C41C000000000000000000000000000000000010
:10C42C000000000000000000000000000000000000
:10C43C0000000000000000000000000000000000F0
:10C44C0000000000000000000000000000000000E0
:10C45C0000000000000000000000000000000000D0
:10C46C0000000000000000000000000000000000C0
:10C47C0000000000000000000000000000000000B0
:10C48C0000000000000000000000000000000000A0
:10C49C000000000000000000000000000000000090
:10C4AC000000000000000000000000000000000080
:10C4BC000000000000000000000000000000000070
:10C4CC000000000000000000000000000000000060
:10C4DC000000000000000000000000000000000050
:10C4EC000000000000000000000000000000000040
:10C4FC000000000000000000000000000000000030
:10C50C00000000000000000000000000000000001F
:10C51C00000000000000000000000000000000000F
:10C52C0000000000000000000000000000000000FF
:10C53C0000000000000000000000000000000000EF
:10C54C0000000000000000000000000000000000DF
:10C55C0000000000000000000000000000000000CF
:10C56C0000000000000000000000000000000000BF
:10C57C0000000000000000000000000000000000AF
:10C58C00000000000000000000000000000000009F
:10C59C00000000000000000000000000000000008F
:10C5AC00000000000000000000000000000000007F
:10C5BC0000000000000000000C3901200000000009
:10C5CC00000000003C0400203C0400204404002037
:10C5DC00440400204C0400204C040020540400208F
:10C5EC00540400205C0400205C040020640400203F
:10C5FC00640400206C0400206C04002074040020EF
:10C60C00740400207C0400207C040020840400209E
:10C61C00840400208C0400208C040020940400204E
:10C62C00940400209C0400209C040020A4040020FE
:10C63C00A4040020AC040020AC040020B4040020AE
:10C64C00B4040020BC040020BC040020C40400205E
:10C65C00C4040020CC040020CC040020D40400200E
:10C66C00D4040020DC040020DC040020E4040020BE
:10C67C00E4040020EC040020EC040020F40400206E
:10C68C00F4040020FC040020FC040020040500201D
:10C69C00040500200C0500200C05002014050020CA
:10C6AC00140500201C0500201C050020240500207A
:10C6BC00240500202C0500202C050020340500202A
:10C6CC00340500203C0500203C05002044050020DA
:10C6DC00440500204C0500204C050020540500208A
:10C6EC00540500205C0500205C050020640500203A
:10C6FC00640500206C0500206C05002074050020EA
:10C70C00740500207C0500207C0500208405002099
:10C71C00840500208C0500208C0500209405002049
:10C72C00940500209C0500209C050020A4050020F9
:10C73C00A4050020AC050020AC050020B4050020A9
:10C74C00B4050020BC050020BC050020C405002059
:10C75C00C4050020CC050020CC050020D405002009
:10C76C00D4050020DC050020DC050020E4050020B9
:10C77C00E4050020EC050020EC050020F405002069
:10C78C00F4050020FC050020FC0500200406002018
:10C79C00040600200C0600200C06002014060020C5
:10C7AC00140600201C0600201C0600202406002075
:10C7BC00240600202C0600202C0600203406002025
:10C7CC00340600203C0600203C06002044060020D5
:10C7DC00440600204C0600204C0600205406002085
:10C7EC00540600205C0600205C0600206406002035
:10C7FC00640600206C0600206C06002074060020E5
:10C80C00740600207C0600207C0600208406002094
:10C81C00840600208C0600208C0600209406002044
:10C82C00940600209C0600209C060020A4060020F4
:10C83C00A4060020AC060020AC060020B4060020A4
:10C84C00B4060020BC060020BC060020C406002054
:10C85C00C4060020CC060020CC060020D406002004
:10C86C00D4060020DC060020DC060020E4060020B4
:10C87C00E4060020EC060020EC060020F406002064
:10C88C00F4060020FC060020FC0600200407002013
:10C89C00040700200C0700200C07002014070020C0
:10C8AC00140700201C0700201C0700202407002070
:10C8BC00240700202C0700202C0700203407002020
:10C8CC00340700203C0700203C07002044070020D0
:10C8DC00440700204C0700204C0700205407002080
:10C8EC00540700205C0700205C0700206407002030
:10C8FC00640700206C0700206C07002074070020E0
:10C90C00740700207C0700207C070020840700208F
:10C91C00840700208C0700208C070020940700203F
:10C92C00940700209C0700209C070020A4070020EF
:10C93C00A4070020AC070020AC070020B40700209F
:10C94C00B4070020BC070020BC070020C40700204F
:10C95C00C4070020CC070020CC070020D4070020FF
:10C96C00D4070020DC070020DC070020E4070020AF
:10C97C00E4070020EC070020EC070020F40700205F
:10C98C00F4070020FC070020FC070020040800200E
:10C99C00040800200C0800200C08002014080020BB
:10C9AC00140800201C0800201C080020240800206B
:10C9BC00240800202C0800202C080020340800201B
:10C9CC0034080020FFFFFFFF0000020043000000BE
:10C9DC00000000000000000000000000000000004B
:10C9EC0000000000000000000000000043000000F8
:10C9FC00000000000000000000000000000000002B
:10CA0C0000000000000000000000000043000000D7
:10CA1C00000000000000000000000000000000000A
:10CA2C0000000000000000000000000043000000B7
:10CA3C0000000000000000000000000000000000EA
:10CA4C000000000000000000000000004300000097
:10CA5C0000000000000000000000000000000000CA
:10CA6C000000000000000000000000004300000077
:10CA7C0000000000000000000000000000000000AA
:10CA8C000000000000000000000000004300000057
:10CA9C00000000000000000000000000000000008A
:10CAAC0000000000000000000000000029AF00089A
:10CABC00419B00080000000074C0000850C0000832
:10CACC0010C0000810C0000810C0000810C00008FA
:10CADC0010C0000810C0000810C0000810C00008EA
:10CAEC0010C00008FFFFFFFFFFFFFFFFFFFFFFFF6E
:10CAFC00FFFF0000010041534349490000000000C2
:10CB0C000000000000000000000000000000000019
:10CB1C0000000000000041534349490000000000A0
:10CB2C0000000000000000000000000000000000F9
:08CB3C000000000000000000F1
:040000050800167168
:00000001FF
