:020000040800F2
:1000000000000320A5160008691400086F140008FA
:10001000751400087B14000881140008000000001B
:10002000000000000000000000000000D1350008C2
:10003000871400080000000021380008951400080B
:10004000F5160008F5160008F5160008F516000864
:10005000F5160008F5160008F5160008F516000854
:10006000F5160008F5160008F5160008F516000844
:10007000F5160008F5160008F5160008F516000834
:10008000F5160008F5160008F5160008F516000824
:10009000F5160008F5160008F5160008F516000814
:1000A000F5160008F5160008F5160008F516000804
:1000B000F5160008995D0008F5160008F516000809
:1000C000F5160008F5160008F5160008F5160008E4
:1000D000F5160008AD5E0008F5160008F5160008D4
:1000E000F5160008F5160008F5160008F5160008C4
:1000F000F5160008F5160008F5160008F5160008B4
:10010000F5160008F5160008F5160008F5160008A3
:10011000F5160008F5160008F5160008F516000893
:10012000F5160008F5160008F5160008F516000883
:10013000F5160008F5160008F5160008F516000873
:10014000F5160008F5160008F5160008F516000863
:10015000F5160008F5160008F5160008F516000853
:10016000F5160008F5160008F5160008F516000843
:10017000F5160008F5160008F51600080000000046
:10018000F5160008F5160008F5160008F516000823
:10019000F5160008F5160008F5160008F516000813
:0C01A000F5160008F5160008F51600081A
:1001C00010B5054C237833B9044B13B10448AFF391
:1001D00000800123237010BDB8090020000000003A
:1001E000F4BF000808B5034B1BB103490348AFF344
:1001F000008008BD00000000BC090020F4BF00081A
:1002000081F0004102E000BF83F0004330B54FEAC7
:1002100041044FEA430594EA050F08BF90EA020F34
:100220001FBF54EA000C55EA020C7FEA645C7FEAC7
:10023000655C00F0E2804FEA5454D4EB5555B8BFEA
:100240006D420CDD2C4480EA020281EA030382EA5B
:10025000000083EA010180EA020281EA0303362DED
:1002600088BF30BD11F0004F4FEA01314FF4801CC0
:100270004CEA113102D0404261EB410113F0004FD2
:100280004FEA03334CEA133302D0524263EB430389
:1002900094EA050F00F0A780A4F10104D5F1200E27
:1002A0000DDB02FA0EFC22FA05F2801841F1000182
:1002B00003FA0EF2801843FA05F359410EE0A5F156
:1002C00020050EF1200E012A03FA0EFC28BF4CF087
:1002D000020C43FA05F3C01851EBE37101F000453D
:1002E00007D54FF0000EDCF1000C7EEB00006EEB4A
:1002F0000101B1F5801F1BD3B1F5001F0CD34908D4
:100300005FEA30004FEA3C0C04F101044FEA44522A
:1003100012F5800F80F09A80BCF1004F08BF5FEAB1
:10032000500C50F1000041EB045141EA050130BD91
:100330005FEA4C0C404141EB0101013C28BFB1F5A3
:10034000801FE9D291F0000F04BF01460020B1FAEE
:1003500081F308BF2033A3F10B03B3F120020CDAC1
:100360000C3208DD02F1140CC2F10C0201FA0CF09F
:1003700021FA02F10CE002F11402D8BFC2F1200C04
:1003800001FA02F120FA0CFCDCBF41EA0C019040BA
:10039000E41AA2BF01EB0451294330BD6FEA040403
:1003A0001F3C1CDA0C340EDC04F11404C4F12002EE
:1003B00020FA04F001FA02F340EA030021FA04F300
:1003C00045EA030130BDC4F10C04C4F1200220FA57
:1003D00002F001FA04F340EA0300294630BD21FA95
:1003E00004F0294630BD94F0000F83F4801306BF5B
:1003F00081F480110134013D4EE77FEA645C18BF4F
:100400007FEA655C29D094EA050F08BF90EA020FE5
:1004100005D054EA000C04BF1946104630BD91EADD
:10042000030F1EBF0021002030BD5FEA545C05D1E0
:100430004000494128BF41F0004130BD14F580041F
:100440003CBF01F5801130BD01F0004545F0FE4193
:1004500041F470014FF0000030BD7FEA645C1ABFC8
:10046000194610467FEA655C1CBF0B46024650EAFF
:10047000013406BF52EA033591EA030F41F400212B
:1004800030BD00BF90F0000F04BF0021704730B5B1
:100490004FF4806404F132044FF000054FF0000186
:1004A00050E700BF90F0000F04BF0021704730B547
:1004B0004FF4806404F1320410F0004548BF40421C
:1004C0004FF000013EE700BF42004FEAE2014FEA71
:1004D00031014FEA02701FBF12F07F4393F07F4F4C
:1004E00081F06051704732F07F4208BF704793F04F
:1004F0007F4F04BF41F40021704730B54FF4607462
:1005000001F0004521F000411CE700BF50EA010264
:1005100008BF704730B54FF000050AE050EA01020D
:1005200008BF704730B511F0004502D5404261EB7D
:1005300041014FF4806404F132045FEA915C3FF4BE
:10054000D8AE4FF003025FEADC0C18BF03325FEA5B
:10055000DC0C18BF033202EBDC02C2F1200300FA0C
:1005600003FC20FA02F001FA03FE40EA0E0021FA31
:1005700002F11444BDE600BF70B54FF0FF0C4CF41F
:10058000E06C1CEA11541DBF1CEA135594EA0C0FD1
:1005900095EA0C0F00F0DEF82C4481EA030621EA0C
:1005A0004C5123EA4C5350EA013518BF52EA033547
:1005B00041F4801143F4801338D0A0FB02CE4FF0F9
:1005C0000005E1FB02E506F00042E0FB03E54FF029
:1005D0000006E1FB03569CF0000F18BF4EF0010E21
:1005E000A4F1FF04B6F5007F64F5407404D25FEA1D
:1005F0004E0E6D4146EB060642EAC62141EA5551D0
:100600004FEAC52040EA5E504FEACE2EB4F1FD0C11
:1006100088BFBCF5E06F1ED8BEF1004F08BF5FEA8F
:10062000500E50F1000041EB045170BD06F0004641
:1006300046EA010140EA020081EA0301B4EB5C04EE
:10064000C2BFD4EB0C0541EA045170BD41F48011E6
:100650004FF0000E013C00F3AB8014F1360FDEBF0B
:10066000002001F0004170BDC4F10004203C35DAE7
:100670000C341BDC04F11404C4F1200500FA05F36A
:1006800020FA04F001FA05F240EA020001F000420B
:1006900021F0004110EBD37021FA04F642EB060181
:1006A0005EEA430E08BF20EAD37070BDC4F10C04AB
:1006B000C4F1200500FA04F320FA05F001FA04F26F
:1006C00040EA020001F0004110EBD37041F100015B
:1006D0005EEA430E08BF20EAD37070BDC4F1200566
:1006E00000FA05F24EEA020E20FA04F301FA05F2CE
:1006F00043EA020321FA04F001F0004121FA04F276
:1007000020EA020000EBD3705EEA430E08BF20EA45
:10071000D37070BD94F0000F0FD101F0004640007F
:1007200041EB010111F4801F08BF013CF7D041EA01
:10073000060195F0000F18BF704703F00046520005
:1007400043EB030313F4801F08BF013DF7D043EAD6
:100750000603704794EA0C0F0CEA135518BF95EA8C
:100760000C0F0CD050EA410618BF52EA4306D1D113
:1007700081EA030101F000414FF0000070BD50EA32
:10078000410606BF1046194652EA430619D094EABC
:100790000C0F02D150EA013613D195EA0C0F05D1A6
:1007A00052EA03361CBF104619460AD181EA0301FA
:1007B00001F0004141F0FE4141F470014FF00000B2
:1007C00070BD41F0FE4141F4780170BD70B54FF04D
:1007D000FF0C4CF4E06C1CEA11541DBF1CEA1355CD
:1007E00094EA0C0F95EA0C0F00F0A7F8A4EB0504AF
:1007F00081EA030E52EA03354FEA013100F08880A6
:100800004FEA03334FF0805545EA131343EA12636E
:100810004FEA022245EA111545EA10654FEA002623
:100820000EF000419D4208BF964244F1FD0404F5DC
:10083000407402D25B084FEA3202B61A65EB030538
:100840005B084FEA32024FF480104FF4002CB6EBF5
:10085000020E75EB030E22BFB61A754640EA0C0075
:100860005B084FEA3202B6EB020E75EB030E22BFB5
:10087000B61A754640EA5C005B084FEA3202B6EBF6
:10088000020E75EB030E22BFB61A754640EA9C00B5
:100890005B084FEA3202B6EB020E75EB030E22BF85
:1008A000B61A754640EADC0055EA060E18D04FEA43
:1008B000051545EA16754FEA06164FEAC30343EAE3
:1008C00052734FEAC2025FEA1C1CC0D111F4801FB0
:1008D0000BD141EA00014FF000004FF0004CB6E7A9
:1008E00011F4801F04BF01430020B4F1FD0C88BF48
:1008F000BCF5E06F3FF6AFAEB5EB030C04BFB6EB53
:10090000020C5FEA500C50F1000041EB045170BD45
:100910000EF0004E4EEA113114EB5C04C2BFD4EB72
:100920000C0541EA045170BD41F480114FF0000EF6
:10093000013C90E645EA060E8DE60CEA135594EA72
:100940000C0F08BF95EA0C0F3FF43BAF94EA0C0F75
:100950000AD150EA01347FF434AF95EA0C0F7FF4EA
:1009600025AF104619462CE795EA0C0F06D152EA3E
:1009700003353FF4FDAE1046194622E750EA410622
:1009800018BF52EA43067FF4C5AE50EA41047FF433
:100990000DAF52EA43057FF4EBAE12E7844641EA1D
:1009A000000313F003036DD1403A41D351F8043BE7
:1009B00040F8043B51F8043B40F8043B51F8043B39
:1009C00040F8043B51F8043B40F8043B51F8043B29
:1009D00040F8043B51F8043B40F8043B51F8043B19
:1009E00040F8043B51F8043B40F8043B51F8043B09
:1009F00040F8043B51F8043B40F8043B51F8043BF9
:100A000040F8043B51F8043B40F8043B51F8043BE8
:100A100040F8043B51F8043B40F8043B51F8043BD8
:100A200040F8043B51F8043B40F8043B403ABDD247
:100A3000303211D351F8043B40F8043B51F8043BE9
:100A400040F8043B51F8043B40F8043B51F8043BA8
:100A500040F8043B103AEDD20C3205D351F8043B78
:100A600040F8043B043AF9D2043208D0D2071CBF44
:100A700011F8013B00F8013B01D30B88038060466D
:100A8000704700BF082A13D38B078DD010F00303E3
:100A90008AD0C3F10403D21ADB071CBF11F8013B53
:100AA00000F8013B80D331F8023B20F8023B7BE7A2
:100AB000043AD9D3013A11F8013B00F8013BF9D2CD
:100AC0000B7803704B7843708B7883706046704767
:100AD0000000000000000000000000000000000016
:100AE0000000000000000000000000000000000006
:100AF00000000000000000000000000000000000F6
:100B000090F800F06DE9024520F007016FF0000C4D
:100B100010F0070491F820F040F049804FF00004F5
:100B20006FF00700D1E9002391F840F000F10800D0
:100B300082FA4CF2A4FA8CF283FA4CF3A2FA8CF308
:100B40004BBBD1E9022382FA4CF200F10800A4FA6F
:100B50008CF283FA4CF3A2FA8CF3E3B9D1E90423C3
:100B600082FA4CF200F10800A4FA8CF283FA4CF3FA
:100B7000A2FA8CF37BB9D1E9062301F1200182FAB4
:100B80004CF200F10800A4FA8CF283FA4CF3A2FABA
:100B90008CF3002BC6D0002A04BF04301A4612BAC8
:100BA000B2FA82F2FDE8024500EBD2007047D1E9CB
:100BB000002304F00305C4F100004FEAC50514F05A
:100BC000040F91F840F00CFA05F562EA05021CBF2B
:100BD00063EA050362464FF00004A9E70000000045
:100BE00001F0FF01102A2BDB10F0070F08D010F8DE
:100BF000013B013A8B422DD010F0070F42B3F6D1E2
:100C0000F0B441EA012141EA014122F007047FF0FA
:100C100000070023F0E80256083C85EA010586EA51
:100C2000010685FA47F5A3FA87F586FA47F6A5FA8D
:100C300087F68EB9EED1F0BC01F0FF0102F0070299
:100C400032B110F8013B013A83EA010313B1F8D144
:100C50000020704701387047002D06BF3546033825
:100C6000073815F0010F07D1013015F4807F02BF5E
:100C7000013015F4C03F0130F0BC0138704700BFAF
:100C80004FF0FF3C06E000BF4FF0010C02E000BF58
:100C90004FF0010C4DF804CD4FEA410C7FEA6C5C3B
:100CA0004FEA430C18BF7FEA6C5C1BD001B050EADE
:100CB000410C0CBF52EA430C91EA030F02BF90EAC9
:100CC000020F0020704710F1000F91EA030F58BF88
:100CD000994208BF90422CBFD8176FEAE37040F0EA
:100CE000010070474FEA410C7FEA6C5C02D150EA88
:100CF000013C07D14FEA430C7FEA6C5CD6D152EA43
:100D0000033CD3D05DF8040B704700BF8446104607
:100D100062468C461946634600E000BF01B5FFF706
:100D2000B7FF002848BF10F1000F01BD4DF808EDD6
:100D3000FFF7F4FF0CBF012000205DF808FB00BFA7
:100D40004DF808EDFFF7EAFF34BF012000205DF801
:100D500008FB00BF4DF808EDFFF7E0FF94BF01204E
:100D600000205DF808FB00BF4DF808EDFFF7CEFF4F
:100D700094BF012000205DF808FB00BF4DF808ED8E
:100D8000FFF7C4FF34BF012000205DF808FB00BF5F
:100D90004FEA410C7FEA6C5C02D150EA013C0AD177
:100DA0004FEA430C7FEA6C5C02D152EA033C02D169
:100DB0004FF0000070474FF0010070474FEA4102CA
:100DC00012F5001215D211D56FF47873B3EB62529D
:100DD00012D94FEAC12343F0004343EA505311F0C4
:100DE000004F23FA02F018BF404270474FF0000056
:100DF000704750EA013005D111F0004008BF6FF094
:100E0000004070474FF00000704700BF53B94AB927
:100E1000002908BF00281CBF4FF0FF314FF0FF3002
:100E200000F074B9ADF1080C6DE904CE00F006F8DD
:100E3000DDF804E0DDE9022304B070472DE9F04756
:100E4000089D04468E46002B4DD18A42944669D9AE
:100E5000B2FA82F252B101FA02F3C2F1200120FA91
:100E600001F10CFA02FC41EA030E94404FEA1C48DF
:100E7000210CBEFBF8F61FFA8CF708FB16E341EADB
:100E8000034306FB07F199420AD91CEB030306F161
:100E9000FF3080F01F81994240F21C81023E634482
:100EA0005B1AA4B2B3FBF8F008FB103344EA034426
:100EB00000FB07F7A7420AD91CEB040400F1FF333B
:100EC00080F00A81A74240F207816444023840EA78
:100ED0000640E41B00261DB1D4400023C5E90043B1
:100EE0003146BDE8F0878B4209D9002D00F0EF8034
:100EF0000026C5E9000130463146BDE8F087B3FA67
:100F000083F6002E4AD18B4202D3824200F2F9804E
:100F1000841A61EB030301209E46002DE0D0C5E951
:100F2000004EDDE702B9FFDEB2FA82F2002A40F09D
:100F30009280A1EB0C014FEA1C471FFA8CFE0126A0
:100F4000200CB1FBF7F307FB131140EA01410EFB44
:100F500003F0884208D91CEB010103F1FF3802D2EB
:100F6000884200F2CB804346091AA4B2B1FBF7F0E5
:100F700007FB101144EA01440EFB00FEA64508D908
:100F80001CEB040400F1FF3102D2A64500F2BB8045
:100F90000846A4EB0E0440EA03409CE7C6F1200794
:100FA000B34022FA07FC4CEA030C20FA07F401FADA
:100FB00006F31C43F9404FEA1C4900FA06F3B1FB63
:100FC000F9F8200C1FFA8CFE09FB181140EA0141C8
:100FD00008FB0EF0884202FA06F20BD91CEB010165
:100FE00008F1FF3A80F08880884240F28580A8F1BD
:100FF00002086144091AA4B2B1FBF9F009FB10110F
:1010000044EA014100FB0EFE8E4508D91CEB0101AC
:1010100000F1FF346CD28E456AD90238614440EA4F
:101020000840A0FB0294A1EB0E01A142C846A646CF
:1010300056D353D05DB1B3EB080261EB0E0101FA58
:1010400007F722FA06F3F1401F43C5E900710026B5
:101050003146BDE8F087C2F12003D8400CFA02FC0B
:1010600021FA03F3914001434FEA1C471FFA8CFE1B
:10107000B3FBF7F007FB10360B0C43EA064300FB0B
:101080000EF69E4204FA02F408D91CEB030300F1A9
:10109000FF382FD29E422DD9023863449B1B89B260
:1010A000B3FBF7F607FB163341EA034106FB0EF3E9
:1010B0008B4208D91CEB010106F1FF3816D28B4296
:1010C00014D9023E6144C91A46EA004638E72E4662
:1010D000284605E70646E3E61846F8E64B45A9D25A
:1010E000B9EB020864EB0C0E0138A3E74646EAE7C9
:1010F000204694E74046D1E7D0467BE7023B614477
:1011000032E7304609E76444023842E7704700BFDF
:1011100080B400AF084B1B6B074A43F08003136396
:10112000054B1B6B044A43F00103136300BFBD462C
:101130005DF8047B704700BF0038024080B582B084
:1011400000AF786004F0F0FD04F006FE04F010FE3D
:1011500004F018FE4FF4FA7003F024FCF6E70000E8
:1011600080B586B000AF786001233B610223FB604D
:1011700001237B610821114800F0C8FD0346002BC4
:1011800008D10F4B186807F110010023002202F06C
:101190009BFE78610421094800F0B8FD0346002B4E
:1011A00008D1074B186807F10C010023002202F058
:1011B0008BFE7861322003F0F5FBDBE7001C024078
:1011C000E409002080B584B000AF78600123FB60A3
:1011D0000E4B1B6807F108014FF0FF32184602F072
:1011E00071FFF860FB68012B06D1BB681A460849FD
:1011F000084804F0AFFE04E0FA680749054804F027
:10120000A9FE012003F0CEFBE2E700BFE4090020C5
:1012100010C00008D037012024C0000880B586B077
:1012200002AF78600123FB6002F09EFA304B01931D
:101230000223009300234FF480722E492E4803F0BE
:10124000B3F9F860FB68012B01D12C4B00E02C4B6B
:10125000284A2C492C4804F07DFE2C4B0193022394
:10126000009300234FF4807229492A4803F09CF927
:10127000F860FB68012B01D1204B00E0204B244A91
:101280002049214804F066FE234B0193022300937A
:1012900000234FF480722149214803F085F9F8605A
:1012A000FB68012B01D1154B00E0154B1B4A15497A
:1012B000154804F04FFE00220421042002F092FDA4
:1012C0000346184A1360174B1B68002B01D00B4BC9
:1012D00000E00B4B144A0B490B4804F03BFE002086
:1012E00003F0CCFA02F070FA00BF1037BD4680BDA3
:1012F000D809002048C000083D11000854C000086B
:101300005CC0000864C00008D0370120DC09002060
:1013100074C0000861110008E009002080C00008C6
:10132000C5110008E409002090C0000880B582B013
:1013300002AF00F0E1F900F01DF8FFF7E9FE04F05C
:10134000C9FC04F081FC4FF4E13004F039FD064B98
:10135000019301230093002380220449044803F0F1
:1013600023F903F053FBFEE7D409002098C00008DE
:101370001D12000880B592B000AF07F118033022AB
:101380000021184604F03AFE3B1D00221A605A6004
:101390009A60DA601A61244B1B6C234A43F0805335
:1013A0001364224B1B68214A43F44043136001231A
:1013B000BB610123FB6102233B634FF480037B632A
:1013C0000F23BB63D823FB6302233B6404237B64AA
:1013D00007F11803184600F049FD0346002B01D021
:1013E00000F026F800F0D6FC0346002B01D000F0F8
:1013F0001FF80F237B600223BB600023FB604FF4C8
:10140000A0533B614FF480537B613B1D052118467F
:1014100000F07EFF0346002B01D000F009F800BF6A
:101420004837BD4680BD00BF003802400070004014
:1014300080B400AF72B600BFFEE7000080B400AF1A
:10144000084B5B6C074A43F480435364054B1B6CA9
:10145000044A43F08053136400BFBD465DF8047B2B
:10146000704700BF0038024080B400AFFEE780B490
:1014700000AFFEE780B400AFFEE780B400AFFEE748
:1014800080B400AFFEE780B400AF00BFBD465DF89A
:10149000047B704780B500AF04F010F80346012BC1
:1014A00001D002F0F1F900F065F900BF80BD80B411
:1014B00000AF01231846BD465DF8047B704780B538
:1014C00082B000AF7860396004F06EFD03461622EA
:1014D0001A604FF0FF3318460837BD4680BD80B50F
:1014E00082B000AF78604FF0FF317868FFF7E7FF18
:1014F000FEE780B586B000AFF860B9607A6000237F
:101500007B610AE0AFF300800146BB685A1CBA60F9
:10151000CAB21A707B6901337B617A697B689A422F
:10152000F0DB7B6818461837BD4680BD80B586B0B5
:1015300000AFF860B9607A6000237B6109E0BB68A6
:101540005A1CBA601B781846AFF300807B690133E0
:101550007B617A697B689A42F1DB7B6818461837B1
:10156000BD4680BD80B483B000AF78604FF0FF33DC
:1015700018460C37BD465DF8047B704780B483B0D5
:1015800000AF786039603B684FF400525A60002326
:1015900018460C37BD465DF8047B704780B483B0B5
:1015A00000AF7860012318460C37BD465DF8047B18
:1015B000704780B485B000AFF860B9607A600023EE
:1015C00018461437BD465DF8047B704780B586B079
:1015D00000AF7860144A154BD31A7B617B693B617D
:1015E000134B1B68002B02D1114B124A1A60104B8F
:1015F0001A687B6813443A699A4207D204F0D4FC13
:1016000003460C221A604FF0FF3309E0084B1B68B9
:10161000FB60074B1A687B681344054A1360FB683C
:1016200018461837BD4680BD0000032000040000A6
:10163000E80900206039012080B400AF164BD3F8D0
:101640008830154A43F47003C2F88830134B1B6886
:10165000124A43F001031360104B00229A600F4BB3
:101660001B680E4A23F0847323F4803313600B4B02
:101670000B4A5A60094B1B68084A23F48023136005
:10168000064B0022DA60044B4FF000629A6000BF04
:10169000BD465DF8047B704700ED00E00038024075
:1016A00010300024DFF834D0002103E00C4B5B58ED
:1016B000435004310B480C4B42189A42F6D30B4A64
:1016C00002E0002342F8043B094B9A42F9D3FFF7AA
:1016D000B3FF04F06FFCFFF729FE70470000032002
:1016E000DCC4000800000020B8090020B809002070
:1016F0005C390120FEE7000080B500AF0E4B1B688F
:101700000D4A43F4007313600B4B1B680A4A43F401
:1017100080631360084B1B68074A43F480731360AF
:10172000032000F00DF90F2000F008F8FFF786FE07
:101730000023184680BD00BF003C024080B582B047
:1017400000AF786000F0CEFF0346094AA2FB0323F6
:101750009B09184600F029F9002279684FF0FF3004
:1017600000F0F9F8002318460837BD4680BD00BFD9
:10177000D34D621080B400AF044B1B680133034AA1
:10178000136000BFBD465DF8047B7047EC09002084
:1017900080B400AF034B1B681846BD465DF8047B60
:1017A000704700BFEC09002080B485B000AF7860BE
:1017B0007B6803F00703FB600C4BDB68BB60BA6817
:1017C0004FF6FF031340BB60FB681A02BB6813436C
:1017D00043F0BF6343F40033BB60044ABB68D3608B
:1017E00000BF1437BD465DF8047B704700ED00E094
:1017F00080B400AF044BDB681B0A03F007031846F4
:10180000BD465DF8047B704700ED00E080B483B016
:1018100000AF0346FB71FB7903F01F03012202FABC
:1018200003F1064A97F907305B0942F8231000BF1D
:101830000C37BD465DF8047B704700BF00E100E057
:1018400080B483B000AF03463960FB7197F907306D
:10185000002B0BDA3B68DAB20C49FB7903F00F037B
:10186000043B1201D2B20B441A7609E03B68DAB2AB
:10187000074997F907301201D2B20B4483F80023CD
:1018800000BF0C37BD465DF8047B704700ED00E0FB
:1018900000E100E080B489B000AFF860B9607A6020
:1018A000FB6803F00703FB61FB69C3F10703042B2B
:1018B00028BF0423BB61FB690433062B02D9FB69F3
:1018C000033B00E000237B610122BB6902FA03F3C2
:1018D000013B1A46BB681A407B699A4001217B692B
:1018E00001FA03F3013B19467B680B40134318468A
:1018F0002437BD465DF8047B7047000080B582B098
:1019000000AF78607B68013BB3F1807F01D3012396
:101910000FE00A4A7B68013B53600F214FF0FF3014
:10192000FFF78EFF054B00229A60044B07221A60D6
:10193000002318460837BD4680BD00BF10E000E018
:1019400080B582B000AF78607868FFF72DFF00BFE8
:101950000837BD4680BD80B586B000AF0346B9608C
:101960007A60FB7300237B61FFF742FF78617A683E
:10197000B9687869FFF78EFF024697F90F30114674
:101980001846FFF75DFF00BF1837BD4680BD80B524
:1019900082B000AF0346FB7197F907301846FFF796
:1019A00035FF00BF0837BD4680BD80B582B000AFAF
:1019B00078607868FFF7A2FF034618460837BD46EF
:1019C00080BD000080B487B000AF7860396000232C
:1019D000FB600023BB6000233B6100237B616FE160
:1019E00001227B6902FA03F3FB603B681B68FA681B
:1019F0001340BB60BA68FB689A4240F05E813B6866
:101A00005B68022B03D03B685B68122B23D17B6998
:101A1000DA087B68083253F822303B617B6903F0B7
:101A200007039B000F2202FA03F3DB433A691340DA
:101A30003B613B681A697B6903F007039B0002FA6C
:101A400003F33A6913433B617B69DA087B68083228
:101A5000396943F822107B681B683B617B695B0036
:101A6000032202FA03F3DB433A6913403B613B680C
:101A70005B6803F003027B695B0002FA03F33A69D7
:101A800013433B617B683A691A603B685B68012BD2
:101A90000BD03B685B68022B07D03B685B68112B5F
:101AA00003D03B685B68122B30D17B689B683B613D
:101AB0007B695B00032202FA03F3DB433A691340BC
:101AC0003B613B68DA687B695B0002FA03F33A69C1
:101AD00013433B617B683A699A607B685B683B6152
:101AE00001227B6902FA03F3DB433A6913403B614D
:101AF0003B685B681B0903F001027B6902FA03F390
:101B00003A6913433B617B683A695A607B68DB68DA
:101B10003B617B695B00032202FA03F3DB433A6912
:101B200013403B613B689A687B695B0002FA03F3F0
:101B30003A6913433B617B683A69DA603B685B68EA
:101B400003F08053002B00F0B880634B5B6C624A5B
:101B500043F480435364614A7B699B08023352F823
:101B600023303B617B6903F003039B000F2202FAE1
:101B700003F3DB433A6913403B617B68584A934265
:101B800037D07B68574A934231D07B68564A93429C
:101B90002BD07B68554A934225D07B68544A9342A8
:101BA0001FD07B68534A934219D07B68524A9342B4
:101BB00013D07B68514A93420DD07B68504A9342C0
:101BC00007D07B684F4A934201D1092312E00A23D0
:101BD00010E008230EE007230CE006230AE00523AB
:101BE00008E0042306E0032304E0022302E00123CB
:101BF00000E000237A6902F00302920093403A6900
:101C000013433B6135497B699B0802333A6941F8CC
:101C100023203D4B1B683B61BB68DB433A691340A3
:101C20003B613B685B6803F48033002B03D03A6967
:101C3000BB6813433B61344A3B691360324B5B68BA
:101C40003B61BB68DB433A6913403B613B685B68BF
:101C500003F40033002B03D03A69BB6813433B61A4
:101C6000294A3B695360284B9B683B61BB68DB4357
:101C70003A6913403B613B685B6803F48013002BB7
:101C800003D03A69BB6813433B611F4A3B699360C9
:101C90001D4BDB683B61BB68DB433A6913403B612A
:101CA0003B685B6803F40013002B03D03A69BB6800
:101CB00013433B61144A3B69D3607B6901337B6109
:101CC0007B690F2B7FF68CAE00BF00BF1C37BD4673
:101CD0005DF8047B704700BF0038024000380140C7
:101CE000000002400004024000080240000C0240D4
:101CF000001002400014024000180240001C024084
:101D00000020024000240240003C014080B485B025
:101D100000AF78600B467B807B681A697B88134034
:101D2000002B02D00123FB7301E00023FB73FB7B3C
:101D300018461437BD465DF8047B704780B483B005
:101D400000AF78600B467B8013467B707B78002B5E
:101D500003D07A887B689A6103E07B881A047B68E9
:101D60009A6100BF0C37BD465DF8047B704780B4B4
:101D700083B000AF78600B467B807B685A697B88B4
:101D80005A407B685A6100BF0C37BD465DF8047B42
:101D90007047000080B58AB000AF00237B62314BF2
:101DA0001B6C304A43F0805313644FF48033BB61A3
:101DB000BB6993FAA3F37B617B693B623B6AB3FA2D
:101DC00083F3FB61FB69DBB29B0003F1844303F502
:101DD00060231A4601231360FFF7DAFC786209E0FA
:101DE000FFF7D6FC02467B6AD31AB3F57A7F01D996
:101DF000032333E01C4B5B6803F48033B3F5803F6F
:101E0000EED14FF40033BB60BB6893FAA3F37B6061
:101E10007B683B613B69B3FA83F3FB60FB68DBB231
:101E20009B0003F1844303F560231A4601231360EA
:101E3000FFF7AEFC786209E0FFF7AAFC02467B6A76
:101E4000D31AB3F57A7F01D9032307E0064B5B6809
:101E500003F40033B3F5003FEED1002318462837D2
:101E6000BD4680BD003802400070004080B598B08B
:101E700000AF78600023FB657B681B6803F00103FB
:101E8000002B66D09C4B9B6803F00C03042B0CD0FA
:101E9000994B9B6803F00C03082B12D1964B5B689F
:101EA00003F48003B3F5800F0BD1934B1B6803F44D
:101EB0000033002B4CD07B685B68002B48D101239A
:101EC0001AE28E4B00221A70FFF762FCF86508E0F8
:101ED000FFF75EFC0246FB6DD31A642B01D9032386
:101EE0000AE2854B1B6803F40033002BF0D17B68BA
:101EF0005A68824BD2B21A707B685B68002B13D091
:101F0000FFF746FCF86508E0FFF742FC0246FB6D70
:101F1000D31A642B01D90323EEE1774B1B6803F43A
:101F20000033002BF0D014E0FFF732FCF86508E036
:101F3000FFF72EFC0246FB6DD31A642B01D9032355
:101F4000DAE16D4B1B6803F40033002BF0D100E0A5
:101F500000BF7B681B6803F00203002B7FD0664B39
:101F60009B6803F00C03002B0BD0634B9B6803F0C2
:101F70000C03082B2AD1604B5B6803F48003002B11
:101F800024D15D4B1B6803F00203002B05D07B6856
:101F9000DB68012B01D00123AEE1574B1B6823F016
:101FA000F8027B681B69F8213965396D91FAA1F156
:101FB000F964F96CB965B96DB1FA81F17965796D3A
:101FC000C9B28B404C4913430B6048E07B68DB6827
:101FD000002B2ED04A4B01221A60FFF7D9FBF8657F
:101FE00008E0FFF7D5FB0246FB6DD31A642B01D93D
:101FF000032381E1404B1B6803F00203002BF0D068
:102000003D4B1B6823F0F8027B681B69F82139649B
:10201000396C91FAA1F1F963F96BB964B96CB1FA51
:1020200081F17964796CC9B28B40334913430B60F9
:1020300015E0334B00221A60FFF7AAFBF86508E0B1
:10204000FFF7A6FB0246FB6DD31A642B01D90323CD
:1020500052E1294B1B6803F00203002BF0D17B688F
:102060001B6803F00803002B30D07B685B69002BF2
:1020700016D0244B01221A60FFF78AFBF86508E0AE
:10208000FFF786FB0246FB6DD31A642B01D90323AD
:1020900032E1194B5B6F03F00203002BF0D015E027
:1020A000184B00221A60FFF773FBF86508E0FFF792
:1020B0006FFB0246FB6DD31A642B01D903231BE18E
:1020C0000D4B5B6F03F00203002BF0D17B681B68A4
:1020D00003F00403002B74D0074B1B6C064A43F03B
:1020E00080531364084B1B68074A43F480731360E2
:1020F000FFF74EFBF86512E000380240023802405C
:1021000000004742800E474200700040FFF740FB4E
:102110000246FB6DD31A642B01D90323ECE0784B04
:102120001B6803F48073002BF0D0764B00221A70EA
:10213000FFF72EFBF8650AE0FFF72AFB0246FB6D6E
:10214000D31A41F28832934201D90323D4E06E4B73
:102150001B6F03F00203002BEED17B689A68694B7A
:10216000D2B21A707B689B68012B15D1FFF710FB68
:10217000F8650AE0FFF70CFB0246FB6DD31A41F24B
:102180008832934201D90323B6E05F4B1B6F03F003
:102190000203002BEED014E0FFF7FAFAF8650AE02C
:1021A000FFF7F6FA0246FB6DD31A41F288329342EA
:1021B00001D90323A0E0544B1B6F03F00203002B53
:1021C000EED17B689B69002B00F095804E4B9B689D
:1021D00003F00C03082B00F08C807B689B69022BBA
:1021E00070D14A4B00221A60FFF7D2FAF86508E076
:1021F000FFF7CEFA0246FB6DD31A642B01D90323F5
:102200007AE0414B1B6803F00073002BF0D17B6830
:102210001A6A7B685B6A47F6C0713961396991FA5D
:10222000A1F1F960F968B961B969B1FA81F179612F
:102230007969C9B28B401A437B689B6A5B08013B92
:102240004FF440313962396A91FAA1F1F961F969C3
:10225000B962B96AB1FA81F17962796AC9B28B401F
:102260001A437B68DB691A437B68DB6A4FF0706155
:102270003963396B91FAA1F1F962F96AB963B96B03
:10228000B1FA81F17963796BC9B28B4013431E4A6D
:1022900043F0005353601D4B01221A60FFF778FA98
:1022A000F86508E0FFF774FA0246FB6DD31A642B59
:1022B00001D9032320E0144B1B6803F00073002BAB
:1022C000F0D018E0114B00221A60FFF761FAF865B0
:1022D00008E0FFF75DFA0246FB6DD31A642B01D9C3
:1022E000032309E0084B1B6803F00073002BF0D1B7
:1022F00001E0012300E0002318466037BD4680BDA1
:1023000000700040703802400038024060004742D0
:1023100080B584B000AF786039600023FB60924BD9
:102320001B6803F00F033A689A4240F28F808E4B8D
:102330003A68D2B21A708C4B1B6803F00F033A68EC
:102340009A4201D0012336E17B681B6803F0020347
:10235000002B08D0854B9B6823F0F0027B689B68BC
:10236000824913438B607B681B6803F00103002BD9
:1023700000F0FE807B685B68012B07D17B4B1B68FC
:1023800003F40033002B15D1012314E17B685B6853
:10239000022B07D1754B1B6803F00073002B09D18A
:1023A000012308E1714B1B6803F00203002B01D1EC
:1023B000012300E16D4B9B6823F003027B685B689F
:1023C0006A4913438B60FFF7E3F9F8607B685B6849
:1023D000012B12D10AE0FFF7DBF90246FB68D31AA2
:1023E00041F28832934201D90323E4E05F4B9B68BA
:1023F00003F00C03042BEED1BAE07B685B68022B80
:102400001DD10AE0FFF7C4F90246FB68D31A41F276
:102410008832934201D90323CDE0544B9B6803F0EB
:102420000C03082BEED1A3E0FFF7B2F90246FB68DC
:10243000D31A41F28832934201D90323BBE04B4BBC
:102440009B6803F00C03002BEED191E07B681B68C6
:1024500003F00203002B08D0444B9B6823F0F002EA
:102460007B689B68414913438B607B681B6803F062
:102470000103002B6AD07B685B68012B07D13B4BC3
:102480001B6803F40033002B15D1012393E07B6814
:102490005B68022B07D1354B1B6803F00073002BE0
:1024A00009D1012387E0314B1B6803F00203002BA5
:1024B00001D101237FE02D4B9B6823F003027B6851
:1024C0005B682A4913438B60FFF762F9F8607B6809
:1024D0005B68012B12D10AE0FFF75AF90246FB684C
:1024E000D31A41F28832934201D9032363E01F4B90
:1024F0009B6803F00C03042BEED127E07B685B683C
:10250000022B1DD10AE0FFF743F90246FB68D31AFC
:1025100041F28832934201D903234CE0134B9B686C
:1025200003F00C03082BEED110E0FFF731F902465F
:10253000FB68D31A41F28832934201D903233AE06F
:102540000A4B9B6803F00C03002BEED1064B3A6854
:10255000D2B21A70044B1B6803F00F033A689A4218
:1025600006D0012327E000BF003C024000380240B3
:102570007B681B6803F00403002B08D0104B9B689A
:1025800023F4E0527B68DB680D4913438B607B6862
:102590001B6803F00803002B09D0094B9B6823F448
:1025A00060427B681B69DB00054913438B600F2089
:1025B000FFF7C4F8002318461037BD4680BD00BFA2
:1025C0000038024080B491B000AF00237B63002349
:1025D000FB6300233B630023BB633F4B9B6803F01B
:1025E0000C03082B0CD0082B6BD8002B02D0042B2B
:1025F00003D066E0394BBB6366E0394BBB6363E0F5
:10260000354B5B6803F03F037B63334B5B6803F43C
:102610008003002B1CD0324A7B6BB2FBF3F22E4BB3
:10262000596847F6C0730B4047F6C0717962796A02
:1026300091FAA1F13962396AF962F96AB1FA81F164
:10264000B962B96AC9B2CB4002FB03F3FB631BE07A
:10265000224A7B6BB2FBF3F21F4B596847F6C073FB
:102660000B4047F6C0717961796991FAA1F139613E
:102670003969F961F969B1FA81F1B961B969C9B228
:10268000CB4002FB03F3FB63134B5B6803F4403363
:102690004FF440327A607A6892FAA2F23A603A686D
:1026A000FA60FA68B2FA82F2BA60BA68D2B2D3407B
:1026B00001335B003B63FA6B3B6BB2FBF3F3BB6331
:1026C00002E0064BBB6300BFBB6B18464437BD46F8
:1026D0005DF8047B704700BF003802400024F4001E
:1026E00040787D0180B584B000AFFFF76BFF0146F5
:1026F0000F4B9B6803F0F003F0227A607A6892FA3D
:10270000A2F23A603A68FA60FA68B2FA82F2BA6003
:10271000BA68D2B2D340074AD35C21FA03F3064A1F
:102720001360054B1B6818461037BD4680BD00BFBF
:1027300000380240BCC000080000002080B584B012
:1027400000AFFFF7CFFF01460D4B9B6803F4E0534A
:102750004FF4E0527A607A6892FAA2F23A603A68EC
:10276000FA60FA68B2FA82F2BA60BA68D2B2D340BA
:10277000044AD35C21FA03F318461037BD4680BDE6
:1027800000380240BCC0000880B584B000AFFFF73D
:10279000A9FF01460D4B9B6803F460434FF4604270
:1027A0007A607A6892FAA2F23A603A68FA60FA6855
:1027B000B2FA82F2BA60BA68D2B2D340044AD35CA9
:1027C00021FA03F318461037BD4680BD0038024099
:1027D000BCC0000880B582B000AF78607B68002B79
:1027E00001D1012337E07B6893F83930DBB2002B4D
:1027F00002D1786803F008FB7B68022283F8392055
:102800007B681B68DA687B681B6822F40052DA6018
:10281000786800F05DFC7B681B681A697B681B6840
:1028200022F490421A617B681B685A697B681B68B6
:1028300022F02A025A617B681B68DA687B681B6891
:1028400042F40052DA607B680022DA637B6801227E
:1028500083F83920002318460837BD4680BD80B56F
:1028600086B000AFF860B9603B601346FB80002380
:102870007B61FB6893F83930DBB27B617B69012BAC
:1028800003D07B69222B40F08E80BB68002B02D0E6
:10289000FB88002B01D1012386E0FB6893F83830D8
:1028A000012B01D102237FE0FB68012283F838204D
:1028B000FB680022DA63FB6893F83930DBB2222B25
:1028C00004D1FB68322283F8392003E0FB6812222E
:1028D00083F83920FB68FA889A84FB68FA88DA84DE
:1028E0003DE0FB68DB8C013B9AB2FB68DA84FB6855
:1028F0009B68B3F5805F20D13B6800228021F86897
:1029000000F029FA0346002B01D003234CE0BB68FA
:102910003B613B691B881A46FB681B68C2F30802CF
:102920005A60FB681B69002B03D1BB680233BB6094
:1029300015E0BB680133BB6011E03B6800228021D9
:10294000F86800F008FA0346002B01D003232BE0BF
:10295000BB685A1CBA601A78FB681B685A60FB682F
:10296000DB8C002BBDD13B6800224021F86800F0D1
:10297000F2F90346002B01D0032315E0FB6893F81E
:102980003930DBB2322B04D1FB68222283F83920A4
:1029900003E0FB68012283F83920FB68002283F8FA
:1029A0003820002300E0022318461837BD4680BDBA
:1029B00080B586B000AFF860B9603B601346FB801D
:1029C00000237B61FB6893F83930DBB27B617B6964
:1029D000012B03D07B69122B40F09D80BB68002B3C
:1029E00002D0FB88002B01D1012395E0FB6893F80E
:1029F0003830012B01D102238EE0FB68012283F8DD
:102A00003820FB680022DA63FB6893F83930DBB2C8
:102A1000122B04D1FB68322283F8392003E0FB68D3
:102A2000222283F83920FB68FA889A85FB68FA88A5
:102A3000DA8557E0FB68DB8D013B9AB2FB68DA85EB
:102A4000FB689B68B3F5805F29D13B680022202199
:102A5000F86800F080F90346002B01D003235BE007
:102A6000BB683B61FB681B69002B0CD1FB681B68D2
:102A70005B689BB2C3F308039AB23B691A80BB68D8
:102A80000233BB602EE0FB681B685B689BB2DBB265
:102A90009AB23B691A80BB680133BB6022E03B6895
:102AA00000222021F86800F056F90346002B01D0DF
:102AB000032331E0FB681B69002B08D1FB681B680E
:102AC0005968BB685A1CBA60CAB21A700AE0FB683F
:102AD0001B685B68DAB2BB68591CB96002F07F0200
:102AE000D2B21A70FB68DB8D002BA3D1FB6893F880
:102AF0003930DBB2322B04D1FB68122283F8392043
:102B000003E0FB68012283F83920FB68002283F888
:102B10003820002300E0022318461837BD4680BD48
:102B200080B588B000AF78600023FB610023BB61F3
:102B30007B681B681B6803F00103012B0CBF01239A
:102B40000023DBB2FB617B681B68DB6803F48073E6
:102B5000BB61FB69002B11D0BB69002B0ED07B68D9
:102B60001B681B687B617B681B685B687B617B699A
:102B70007B68DB6B43F001027B68DA637B681B6870
:102B80001B6803F00203022B0CBF01230023DBB2FE
:102B9000FB617B681B685B6903F00103BB61FB6938
:102BA000002B11D0BB69002B0ED07B681B681B6803
:102BB0003B617B681B685B683B613B697B68DB6BE7
:102BC00043F004027B68DA637B681B681B6803F0D0
:102BD0000403042B0CBF01230023DBB2FB617B68E1
:102BE0001B685B6903F00103BB61FB69002B11D01B
:102BF000BB69002B0ED07B681B681B68FB607B6881
:102C00001B685B68FB60FB687B68DB6B43F0020260
:102C10007B68DA637B681B681B6803F00803082B7A
:102C20000CBF01230023DBB2FB617B681B685B697F
:102C300003F00103BB61FB69002B11D0BB69002BC2
:102C40000ED07B681B681B68BB607B681B685B6879
:102C5000BB60BB687B68DB6B43F008027B68DA63B0
:102C60007B681B681B6803F02003202B0CBF01232B
:102C70000023DBB2FB617B681B68DB6803F0200389
:102C8000BB61FB69002B05D0BB69002B02D07868C3
:102C900000F08AF97B681B681B6803F08003802BB7
:102CA0000CBF01230023DBB2FB617B681B68DB6880
:102CB00003F08003BB61FB69002B05D0BB69002BCF
:102CC00002D0786800F0E0F87B681B681B6803F0AE
:102CD0004003402B0CBF01230023DBB2FB617B6868
:102CE0001B68DB6803F04003BB61FB69002B05D068
:102CF000BB69002B02D0786800F023F97B68DB6B9E
:102D0000002B06D07B68012283F83920786800F018
:102D100018F800BF2037BD4680BD80B483B000AF37
:102D2000786000BF0C37BD465DF8047B704780B407
:102D300083B000AF786000BF0C37BD465DF8047B00
:102D4000704780B483B000AF786000BF0C37BD46D9
:102D50005DF8047B704780B586B000AFF860B9605D
:102D60003B601346FB7100237B61FEF711FD786128
:102D7000FB79002B7BD138E03B68B3F1FF3F34D0C7
:102D80003B68002B07D0FEF703FD02467B69D31A90
:102D90003A689A4229D2FB681B68DA68FB681B68AC
:102DA00022F08002DA60FB681B68DA68FB681B6847
:102DB00022F02002DA60FB681B68DA68FB681B6897
:102DC00022F48072DA60FB681B685A69FB681B6832
:102DD00022F001025A61FB68012283F83920FB6866
:102DE000002283F8382003234AE0FB681B681A6836
:102DF000BB681340BA689A42BED140E03B68B3F169
:102E0000FF3F34D03B68002B07D0FEF7C1FC0246E1
:102E10007B69D31A3A689A4229D2FB681B68DA6840
:102E2000FB681B6822F08002DA60FB681B68DA68C6
:102E3000FB681B6822F02002DA60FB681B68DA6816
:102E4000FB681B6822F48072DA60FB681B685A69B1
:102E5000FB681B6822F001025A61FB68012283F8BB
:102E60003920FB68002283F83820032308E0FB6840
:102E70001B681A68BB681340BA689A42BED0002328
:102E800018461837BD4680BD80B485B000AF786065
:102E90000023FB607B6893F83930DBB2FB60FB6892
:102EA000122B02D0FB68322B44D17B689B68B3F5B0
:102EB000805F1AD17B681B6ABB60BB681B881A469F
:102EC0007B681B68C2F308025A607B681B69002B91
:102ED00005D17B681B6A9A1C7B681A620EE07B68CE
:102EE0001B6A5A1C7B681A6208E07B681B6A591CC3
:102EF0007A6811621A787B681B685A607B68DB8C81
:102F0000013B9AB27B68DA847B68DB8C002B0FD1A3
:102F10007B681B68DA687B681B6822F08002DA60D5
:102F20007B681B68DA687B681B6842F04002DA60E5
:102F3000002300E0022318461437BD465DF8047BE9
:102F4000704780B582B000AF78607B681B68DA6834
:102F50007B681B6822F04002DA607B6893F83930A6
:102F6000DBB2322B04D17B68222283F8392013E0B4
:102F70007B681B68DA687B681B6822F48072DA6001
:102F80007B681B685A697B681B6822F001025A61E2
:102F90007B68012283F839207868FFF7BEFE0023A2
:102FA00018460837BD4680BD80B584B000AF786054
:102FB0000023FB607B6893F83930DBB2FB60FB6871
:102FC000222B02D0FB68322B7CD17B689B68B3F547
:102FD000805F23D17B689B6ABB607B681B69002B89
:102FE0000ED17B681B685B689BB2C3F308039AB27F
:102FF000BB681A807B689B6A9A1C7B689A6229E08E
:103000007B681B685B689BB2DBB29AB2BB681A80B4
:103010007B689B6A5A1C7B689A621BE07B681B6911
:10302000002B0AD17B681B6858687B689B6A591C17
:103030007A689162C2B21A700CE07B681B685B68A8
:10304000DAB27B689B6A581C7968886202F07F025A
:10305000D2B21A707B68DB8D013B9AB27B68DA854D
:103060007B68DB8D002B2BD17B681B68DA687B6863
:103070001B6822F02002DA607B6893F83930DBB2FB
:10308000322B04D17B68122283F8392013E07B684D
:103090001B68DA687B681B6822F48072DA607B68E0
:1030A0001B685A697B681B6822F001025A617B68C1
:1030B000012283F839207868FFF739FE002302E007
:1030C000002300E0022318461037BD4680BD0000F3
:1030D000B0B584B000AF78600023FB607B681B68EC
:1030E0001B69FB60FB6823F44053FB607B68DB6873
:1030F000FA681343FB607B681B68FA681A617B6897
:103100001B68DB68FB60FB6823F4164323F00C03A9
:10311000FB607B689A687B681B691A437B685B6904
:103120001A437B68DB691343FA681343FB607B68CF
:103130001B68FA68DA607B681B685B69FB60FB6888
:1031400023F44073FB607B689B69FA681343FB6060
:103150007B681B68FA685A617B68DB69B3F5004FCE
:1031600040F08C807B681B688C4A934204D07B685B
:103170001B688B4A934240D1FFF706FB0246134679
:103180009B0013449A001A447B685B685B00B2FBA7
:10319000F3F3844AA2FB03235B091C01FFF7F4FA53
:1031A000024613469B0013449A001A447B685B68EE
:1031B0005B00B2FBF3F5FFF7E7FA024613469B000C
:1031C00013449A001A447B685B685B00B2FBF3F31C
:1031D000744AA2FB03235B09642202FB03F3EB1A8C
:1031E0001B0132336F4AA2FB03235B0903F00F027A
:1031F0007B681B6822439A60CCE0FFF79FFA024687
:1032000013469B0013449A001A447B685B685B007A
:10321000B2FBF3F3634AA2FB03235B091C01FFF734
:103220008DFA024613469B0013449A001A447B68A9
:103230005B685B00B2FBF3F5FFF780FA02461346CA
:103240009B0013449A001A447B685B685B00B2FBE6
:10325000F3F3544AA2FB03235B09642202FB03F34A
:10326000EB1A1B0132334F4AA2FB03235B0903F025
:103270000F027B681B6822439A608BE07B681B68A7
:10328000464A934204D07B681B68454A934240D12A
:10329000FFF77AFA024613469B0013449A001A4439
:1032A0007B685B689B00B2FBF3F33E4AA2FB0323FF
:1032B0005B091C01FFF768FA024613469B001344A2
:1032C0009A001A447B685B689B00B2FBF3F5FFF73A
:1032D0005BFA024613469B0013449A001A447B682B
:1032E0005B689B00B2FBF3F32E4AA2FB03235B094E
:1032F000642202FB03F3EB1A1B013233294AA2FBBF
:1033000003235B0903F00F027B681B6822439A606A
:1033100040E0FFF713FA024613469B0013449A005D
:103320001A447B685B689B00B2FBF3F31D4AA2FB67
:1033300003235B091C01FFF701FA024613469B00B9
:1033400013449A001A447B685B689B00B2FBF3F558
:10335000FFF7F4F9024613469B0013449A001A44FF
:103360007B685B689B00B2FBF3F30E4AA2FB03236E
:103370005B09642202FB03F3EB1A1B013233094A97
:10338000A2FB03235B0903F00F027B681B68224347
:103390009A60FFE700BF1037BD46B0BD0010014086
:1033A000001401401F85EB5180B483B000AF7860FA
:1033B0007B6803F108027B685A607B684FF0FF323C
:1033C0009A607B6803F108027B68DA607B6803F12E
:1033D00008027B681A617B6800221A6000BF0C3704
:1033E000BD465DF8047B704780B483B000AF786061
:1033F0007B6800221A6100BF0C37BD465DF8047B74
:10340000704780B485B000AF786039607B685B68D6
:10341000FB603B68FA685A60FB689A683B689A6090
:10342000FB689B683A685A60FB683A689A603B6838
:103430007A681A617B681B685A1C7B681A6000BF37
:103440001437BD465DF8047B704780B485B000AF8B
:10345000786039603B681B68BB60BB68B3F1FF3FB5
:1034600003D17B681B69FB600CE07B680833FB6061
:1034700002E0FB685B68FB60FB685B681B68BA681E
:103480009A42F6D2FB685A683B685A603B685B68B0
:103490003A689A603B68FA689A60FB683A685A60D2
:1034A0003B687A681A617B681B685A1C7B681A60E3
:1034B00000BF1437BD465DF8047B704780B485B00B
:1034C00000AF78607B681B69FB607B685B687A682B
:1034D00092689A607B689B687A6852685A60FB6859
:1034E0005B687A689A4203D17B689A68FB685A6085
:1034F0007B6800221A61FB681B685A1EFB681A6011
:10350000FB681B6818461437BD465DF8047B70479E
:1035100080B485B000AFF860B9607A60FB68043BA6
:10352000FB60FB684FF080721A60FB68043BFB6035
:10353000BB6823F00102FB681A60FB68043BFB6078
:103540000C4AFB681A60FB68143BFB607A68FB68F6
:103550001A60FB68043BFB60FB686FF002021A60B4
:10356000FB68203BFB60FB6818461437BD465DF8DE
:10357000047B70477935000880B485B000AF002324
:103580007B60124B1B68B3F1FF3F0AD04FF0500332
:1035900083F31188BFF36F8FBFF34F8FFB6000BFC2
:1035A000FEE74FF0500383F31188BFF36F8FBFF333
:1035B0004F8FBB6000BF00BF7B68002BFCD000BFFB
:1035C00000BF1437BD465DF8047B7047040000203F
:1035D000074B19680868B0E8F04F80F30988BFF31B
:1035E0006F8F4FF0000080F311887047AFF30080B9
:1035F0005436012000BF00BF08480068006880F30F
:1036000008884FF0000080F3148862B661B6BFF3FB
:103610004F8FBFF36F8F00DF00BF000008ED00E0A9
:1036200000BF00BF80B586B000AF464B1B68464A5E
:1036300093420AD14FF0500383F31188BFF36F8F89
:10364000BFF34F8F3B6100BFFEE73E4B1B683F4A15
:1036500093420AD14FF0500383F31188BFF36F8F69
:10366000BFF34F8FFB6000BFFEE7394B7B617B6987
:103670001B78DBB27B607B69FF221A707B691B7849
:10368000DBB2FB70FB78DBB203F05003DAB2314BF4
:103690001A70314B07221A6009E02F4B1B68013B5F
:1036A0002D4A1360FB78DBB25B00DBB2FB70FB786A
:1036B000DBB203F08003802BEFD0274B1B68C3F1F4
:1036C0000703042B0AD04FF0500383F31188BFF394
:1036D0006F8FBFF34F8FBB6000BFFEE71E4B1B68B1
:1036E0001B021D4A13601C4B1B6803F4E0631A4A5B
:1036F00013607B68DAB27B691A70184B1B68174A33
:1037000043F470031360154B1B68144A43F0704375
:10371000136000F0DBF8124B00221A6000F0FAF898
:10372000104B1B680F4A43F040431360FFF764FFE0
:1037300001F0EEFBFFF720FF002318461837BD46C7
:1037400080BD00BF00ED00E071C20F4170C20F41AB
:1037500000E400E0F0090020F409002020ED00E082
:103760000400002034EF00E080B483B000AF4FF0DD
:10377000500383F31188BFF36F8FBFF34F8F7B60CC
:1037800000BF0F4B1B6801330D4A13600C4B1B68C5
:10379000012B0FD10B4B1B68DBB2002B0AD04FF073
:1037A000500383F31188BFF36F8FBFF34F8F3B60DC
:1037B00000BFFEE700BF0C37BD465DF8047B7047D5
:1037C0000400002004ED00E080B483B000AF124B91
:1037D0001B68002B0AD14FF0500383F31188BFF30D
:1037E0006F8FBFF34F8F7B6000BFFEE70A4B1B68F4
:1037F000013B094A1360084B1B68002B05D10023CD
:103800003B603B6883F3118800BF00BF0C37BD46A7
:103810005DF8047B704700BF04000020000000003A
:10382000EFF30980BFF36F8F154B1A681EF0100F6E
:1038300008BF20ED108A20E9F04F10602DE9090043
:103840004FF0500080F31188BFF34F8FBFF36F8F9D
:1038500001F05EFB4FF0000080F3118809BC19688D
:103860000868B0E8F04F1EF0100F08BFB0EC108AE7
:1038700080F30988BFF36F8F704700BFAFF30080FC
:103880005436012000BF00BF80B582B000AF4FF0BA
:10389000500383F31188BFF36F8FBFF34F8F7B60AB
:1038A00000BF01F01FFA0346002B03D0064B4FF078
:1038B00080521A6000233B603B6883F3118800BF8D
:1038C00000BF0837BD4680BD04ED00E080B400AF06
:1038D0000B4B00221A600B4B00221A600A4B1B682C
:1038E0000A4AA2FB03239B09094A013B1360044BCC
:1038F00007221A6000BFBD465DF8047B704700BF19
:1039000010E000E018E000E000000020D34D62105D
:1039100014E000E0DFF80C00016841F47001016080
:103920007047000088ED00E000BF00BF80B58AB09E
:1039300000AF78600023FB6101F0BAF8534B1B68BD
:10394000002B01D100F008F97B68002B12D008226F
:103950007B6803F00703D31A0833BB61BB69DB4301
:103960007A689A4204D87A68BB6913447B6001E0A4
:1039700000237B607B68002B70DB7B68002B6DD0A5
:10398000434B1B687A689A4268D8424B3B62414B72
:103990001B687B6204E07B6A3B627B6A1B687B621C
:1039A0007B6A5B687A689A4203D97B6A1B68002B42
:1039B000F1D1364B1B687A6A9A424FD03B6A1B683A
:1039C00008221344FB617B6A1A683B6A1A607B6AAF
:1039D0005A687B68D21A08235B009A421FD97A6A18
:1039E0007B6813447B617B6903F00703002B0AD0DB
:1039F0004FF0500383F31188BFF36F8FBFF34F8FE6
:103A00003B6100BFFEE77B6A5A687B68D21A7B691C
:103A10005A607B6A7A685A60786900F0F9F81C4B42
:103A20001A687B6A5B68D31A194A1360184B1A68C4
:103A3000194B1B689A4203D2154B1B68164A136038
:103A40007B6A5B6843F000427B6A5A607B6A0022B3
:103A50001A60124B1B680133104A136001F036F8EC
:103A6000FB6903F00703002B0AD04FF0500383F3E8
:103A70001188BFF36F8FBFF34F8FFB6000BFFEE76E
:103A8000FB6918462837BD4680BD00BF00360120BF
:103A900004360120F8350120083601200C360120BB
:103AA00080B586B000AF78607B687B617B68002B57
:103AB00049D008235B427A6913447B617B693B618F
:103AC0003B695B68002B0ADB4FF0500383F31188DE
:103AD000BFF36F8FBFF34F8FFB6000BFFEE73B6903
:103AE0001B68002B0AD04FF0500383F31188BFF3FB
:103AF0006F8FBFF34F8FBB6000BFFEE73B695B6812
:103B0000DB0F03F00103DBB2002B1CD03B691B6809
:103B1000002B18D13B695B6823F000423B695A6077
:103B200000F0C6FF3B695A68094B1B681344084AFA
:103B30001360386900F06CF8064B1B680133054AC6
:103B4000136000F0C3FF00BF1837BD4680BD00BF43
:103B5000043601201036012080B485B000AF4FF448
:103B60009633BB60254BFB60FB6803F00703002B1B
:103B70000CD0FB680733FB60FB6823F00703FB6096
:103B8000BA68FB68D31A1D4A1344BB60FB687B60AC
:103B90001B4A7B6813601A4B00225A607B68BA6824
:103BA0001344FB600822FB689B1AFB60FB6823F050
:103BB0000703FB60FB68134A1360124B1B6800226B
:103BC0005A60104B1B6800221A607B683B603B68A0
:103BD000FA68D21A3B685A600A4B1A683B681A6046
:103BE0003B685B68084A13603B685B68074A136080
:103BF00000BF1437BD465DF8047B7047F80900200C
:103C0000F835012000360120083601200436012055
:103C100080B485B000AF7860284BFB6002E0FB68A1
:103C20001B68FB60FB681B687A689A42F7D8FB68E0
:103C3000BB60FB685B68BA6813447A689A4208D133
:103C4000FB685A687B685B681A44FB685A60FB68CB
:103C50007B607B68BB607B685B68BA681A44FB6802
:103C60001B689A4218D1FB681A68154B1B689A4268
:103C70000DD07B685A68FB681B685B681A447B68D8
:103C80005A60FB681B681A687B681A6008E00C4B76
:103C90001A687B681A6003E0FB681A687B681A6020
:103CA000FA687B689A4202D0FB687A681A6000BFA3
:103CB0001437BD465DF8047B704700BFF83501201E
:103CC0000036012080B586B000AF786039600123EE
:103CD0007B617B683B613B69002B0AD14FF050034D
:103CE00083F31188BFF36F8FBFF34F8FFB6000BF6B
:103CF000FEE73B69002B5DD03B69DB6B002B59D0A5
:103D00003B691A6C3B69DB6B0021A3FB0223002B90
:103D100000D001210B46002B4CD1FFF725FD3B695C
:103D20001A683B69DB6B3969096C01FB03F31A44C0
:103D30003B699A603B6900229A633B691A683B6958
:103D40005A603B691A683B69DB6B013B3969096C56
:103D500001FB03F31A443B69DA603B69FF2283F8F5
:103D600044203B69FF2283F845203B68002B14D197
:103D70003B691B69002B1AD03B691033184601F0D0
:103D80008DF90346002B12D0154B4FF080521A606C
:103D9000BFF34F8FBFF36F8F09E03B6910331846B5
:103DA000FFF702FB3B6924331846FFF7FDFAFFF7E4
:103DB0000BFD01E000237B617B69002B0AD14FF0F2
:103DC000500383F31188BFF36F8FBFF34F8FBB6036
:103DD00000BFFEE77B6918461837BD4680BD00BFAF
:103DE00004ED00E080B58AB002AFF860B960134618
:103DF000FB710023FB61FB68002B2ED00021BA6809
:103E0000FB68A3FB0223002B00D001210B46002BF3
:103E100023D1FB68BA6802FB03F313F1510F1CD8DE
:103E2000FB68BA6802FB03F3BB61BB6950331846F9
:103E3000FFF77CFDF861FB69002B1CD0FB697B61FF
:103E40007B6950337B61FA79FB69009313467A6989
:103E5000B968F86800F014F80DE0FB69002B0AD18E
:103E60004FF0500383F31188BFF36F8FBFF34F8F71
:103E70003B6100BFFEE7FB6918462037BD4680BDA9
:103E800080B584B000AFF860B9607A60FB70BB6841
:103E9000002B03D1BB69BA691A6002E0BB697A687A
:103EA0001A60BB69FA68DA63BB69BA681A640121EF
:103EB000B869FFF707FFBB69FA7883F84C2000BFA9
:103EC0001037BD4680BD000080B58EB000AFF860F1
:103ED000B9607A603B6000237B63FB683B633B6BAC
:103EE000002B0AD14FF0500383F31188BFF36F8F7B
:103EF000BFF34F8FBB6200BFFEE7BB68002B03D14F
:103F00003B6B1B6C002B01D1012300E00023002B35
:103F10000AD14FF0500383F31188BFF36F8FBFF3C3
:103F20004F8F7B6200BFFEE73B68022B03D13B6BE8
:103F3000DB6B012B01D1012300E00023002B0AD110
:103F40004FF0500383F31188BFF36F8FBFF34F8F90
:103F50003B6200BFFEE701F0B1FA0346002B02D13D
:103F60007B68002B01D1012300E00023002B0AD144
:103F70004FF0500383F31188BFF36F8FBFF34F8F60
:103F8000FB6100BFFEE7FFF7EFFB3B6B9A6B3B6B00
:103F9000DB6B9A4202D33B68022B29D13A68B9689D
:103FA000386B00F06FF9F8623B6B5B6A002B10D046
:103FB0003B6B2433184601F071F80346002B13D0F5
:103FC0003F4B4FF080521A60BFF34F8FBFF36F8F9C
:103FD0000AE0FB6A002B07D0394B4FF080521A6081
:103FE000BFF34F8FBFF36F8FFFF7EEFB012363E04B
:103FF0007B68002B03D1FFF7E7FB00235CE07B6BC2
:10400000002B06D107F11403184601F01DF9012316
:104010007B63FFF7D9FB00F04BFDFFF7A5FB3B6B84
:1040200093F844305BB2B3F1FF3F03D13B6B002206
:1040300083F844203B6B93F845305BB2B3F1FF3F0C
:1040400003D13B6B002283F84520FFF7BDFB3A1DEF
:1040500007F114031146184601F00CF90346002B32
:1040600024D1386B00F006FA0346002B18D03B6BC6
:1040700010337A681146184600F0A6FF386B00F03E
:1040800091F900F023FD0346002B7FF47CAF0C4B2D
:104090004FF080521A60BFF34F8FBFF36F8F72E7FC
:1040A000386B00F07FF900F011FD6CE7386B00F021
:1040B00079F900F00BFD002318463837BD4680BD66
:1040C00004ED00E080B58CB000AFF860B9607A60B4
:1040D0000023FB62FB68BB62BB6A002B0AD14FF076
:1040E000500383F31188BFF36F8FBFF34F8F3B6291
:1040F00000BFFEE7BB68002B03D1BB6A1B6C002B23
:1041000001D1012300E00023002B0AD14FF050031E
:1041100083F31188BFF36F8FBFF34F8FFB6100BF35
:10412000FEE701F0CBF90346002B02D17B68002BA0
:1041300001D1012300E00023002B0AD14FF05003EE
:1041400083F31188BFF36F8FBFF34F8FBB6100BF45
:10415000FEE7FFF709FBBB6A9B6B7B627B6A002B68
:104160001FD0B968B86A00F0F7F87B6A5A1EBB6ABC
:104170009A63BB6A1B69002B0FD0BB6A10331846C9
:1041800000F08CFF0346002B07D03D4B4FF08052D0
:104190001A60BFF34F8FBFF36F8FFFF715FB01233B
:1041A00069E07B68002B03D1FFF70EFB002362E080
:1041B000FB6A002B06D107F11003184601F044F802
:1041C0000123FB62FFF700FB00F072FCFFF7CCFA63
:1041D000BB6A93F844305BB2B3F1FF3F03D1BB6AD3
:1041E000002283F84420BB6A93F845305BB2B3F1F8
:1041F000FF3F03D1BB6A002283F84520FFF7E4FAB2
:104200003A1D07F110031146184601F033F8034632
:10421000002B23D1B86A00F017F90346002B17D002
:10422000BB6A24337A681146184600F0CDFEB86A9E
:1042300000F0B8F800F04AFC0346002B89D1104B7F
:104240004FF080521A60BFF34F8FBFF36F8F80E73C
:10425000B86A00F0A7F800F039FC7AE7B86A00F015
:10426000A1F800F033FCB86A00F0EEF80346002B2A
:104270003FF46FAF002318463037BD4680BD00BF06
:1042800004ED00E080B586B000AFF860B9607A60F8
:1042900000237B61FB689B6B3B61FB681B6C002B05
:1042A0000DD1FB681B68002B4DD1FB689B6818463D
:1042B00001F022F97861FB6800229A6043E07B6894
:1042C000002B19D1FB685868FB681B6C1A46B9684B
:1042D000FCF764FBFB685A68FB681B6C1A44FB68BC
:1042E0005A60FB685A68FB689B689A422BD3FB684C
:1042F0001A68FB685A6026E0FB68D868FB681B6C8C
:104300001A46B968FCF74AFBFB68DA68FB681B6C65
:104310005B421A44FB68DA60FB68DA68FB681B687A
:104320009A4207D2FB689A68FB681B6C5B421A448E
:10433000FB68DA607B68022B05D13B69002B02D059
:104340003B69013B3B613B695A1CFB689A637B6993
:1043500018461837BD4680BD80B582B000AF786082
:1043600039607B681B6C002B18D07B68DA687B682F
:104370001B6C1A447B68DA607B68DA687B689B6830
:104380009A4203D37B681A687B68DA607B68D968D5
:104390007B681B6C1A463868FCF700FB00BF0837C7
:1043A000BD4680BD80B584B000AF7860FFF7DCF912
:1043B0007B6893F84530FB7311E07B685B6A002BE8
:1043C00012D07B682433184600F068FE0346002BA9
:1043D00001D000F0B5FFFB7B013BDBB2FB7397F92B
:1043E0000F30002BE9DC00E000BF7B68FF2283F880
:1043F0004520FFF7E9F9FFF7B7F97B6893F84430F8
:10440000BB7311E07B681B69002B12D07B681033F3
:10441000184600F043FE0346002B01D000F090FF49
:10442000BB7B013BDBB2BB7397F90E30002BE9DCA1
:1044300000E000BF7B68FF2283F84420FFF7C4F947
:1044400000BF1037BD4680BD80B584B000AF786036
:10445000FFF78AF97B689B6B002B02D10123FB607D
:1044600001E00023FB60FFF7AFF9FB681846103747
:10447000BD4680BD80B584B000AF7860FFF774F9A9
:104480007B689A6B7B68DB6B9A4202D10123FB60ED
:1044900001E00023FB60FFF797F9FB68184610372F
:1044A000BD4680BD80B487B000AF7860396000231E
:1044B0003B617B68002B0AD14FF0500383F31188D6
:1044C000BFF36F8FBFF34F8FFB6000BFFEE73B680A
:1044D000002B24D000237B611EE0184A7B69DB009F
:1044E00013445B687A689A4205D17B69DB00134A02
:1044F00013443B6113E03B69002B0AD10F4A7B69EF
:1045000052F83330002B04D17B69DB000B4A134493
:104510003B617B6901337B617B69072BDDD93B699B
:10452000002B05D03B693A681A603B697A685A608B
:1045300000BF1C37BD465DF8047B70471436012070
:1045400080B586B000AFF860B9607A60FB687B61C7
:10455000FFF70AF97B6993F844305BB2B3F1FF3F90
:1045600003D17B69002283F844207B6993F84530AE
:104570005BB2B3F1FF3F03D17B69002283F8452092
:10458000FFF722F97B699B6B002B06D17B692433F3
:104590007A68B968184600F03BFD7869FFF702FFBA
:1045A00000BF1837BD4680BD80B58CB004AFF86041
:1045B000B9603B601346FB80FB889B001846FFF701
:1045C000B5F978617B69002B13D05820FFF7AEF95D
:1045D000F861FB69002B08D058220021F86901F02E
:1045E0000DFDFB697A691A6305E07869FFF758FAEF
:1045F00001E00023FB61FB69002B13D0FA88002344
:104600000393FB690293FB6A0193BB6A00933B68C7
:10461000B968F86800F00EF8F86900F099F801231D
:10462000BB6102E04FF0FF33BB61BB691846203726
:10463000BD4680BD80B588B000AFF860B9607A60D3
:104640003B603B6B186B7B689B001A46A52101F011
:10465000D5FC3B6B1A6B7B6803F18043013B9B00ED
:104660001344BB61BB6923F00703BB61BB6903F063
:104670000703002B0AD04FF0500383F31188BFF3D8
:104680006F8FBFF34F8F7B6100BFFEE7BB68002BCE
:104690001ED00023FB6112E0BA68FB69134419784D
:1046A0003A6BFB69134434330A461A70BA68FB69E3
:1046B00013441B78002B06D0FB690133FB61FB69B7
:1046C000092BE9D900E000BF3B6B002283F83D20B5
:1046D000BB6A042B0AD94FF0500383F31188BFF350
:1046E0006F8FBFF34F8F3B6100BFFEE7BB6A042BA8
:1046F00001D90423BB623B6BBA6ADA623B6BBA6ACC
:104700009A643B6B04331846FEF76EFE3B6B18331E
:104710001846FEF769FE3B6B3A6B1A61BB6AC3F140
:1047200005023B6B9A613B6B3A6B5A623A68F968D7
:10473000B869FEF7EDFE02463B6B1A60FB6A002B80
:1047400002D0FB6A3A6B1A6000BF2037BD4680BDBD
:1047500080B584B000AF7860FFF706F8404B1B6867
:1047600001333F4A13603F4B1B68002B09D13D4A80
:104770007B6813603A4B1B68012B10D100F004FEDC
:104780000DE0394B1B68002B09D1364B1B68DA6AE8
:104790007B68DB6A9A4202D8324A7B681360334BEB
:1047A0001B680133314A1360304B1A687B681A6406
:1047B0007B68DB6A01229A402D4B1B6813432C4A0D
:1047C00013607B68DA6A2B4913469B0013449B00F5
:1047D0000B4404331B68FB607B68FA689A60FB68D3
:1047E0009A687B68DA60FB689B687A6804325A6072
:1047F0007B681A1DFB689A607B68DA6A13469B0027
:1048000013449B001B4A1A447B685A617B68DA6A2E
:10481000184913469B0013449B000B441B68591C0A
:10482000144813469B0013449B0003441960FEF791
:10483000CBFF0D4B1B68002B0ED00A4B1B68DA6AAE
:104840007B68DB6A9A4207D20B4B4FF080521A60AA
:10485000BFF34F8FBFF36F8F00BF1037BD4680BDD2
:104860002C370120543601203837012048370120E9
:10487000343701205836012004ED00E080B584B0C3
:1048800000AF7860FEF770FF7B68002B02D13B4BD6
:104890001B6800E07B68FB60FB6804331846FEF78A
:1048A0000DFE0346002B15D1FB68DA6A3449134626
:1048B0009B0013449B000B441B68002B0AD1FB6830
:1048C000DB6A012202FA03F3DA432E4B1B68134022
:1048D0002C4A1360FB689B6A002B04D0FB681833DA
:1048E0001846FEF7EBFD284B1B680133264A136080
:1048F000224B1B68FA689A420BD1FB6804331946B5
:104900002248FEF77EFD224B1B680133204A1360CC
:1049100006E0204B1B68013B1E4A136000F0B2FD0D
:10492000FEF752FF154B1B68FA689A4202D0F868EE
:1049300000F098FD184B1B68002B1BD00F4B1B6819
:10494000FA689A4216D1154B1B68002B0AD04FF01B
:10495000500383F31188BFF36F8FBFF34F8FBB609A
:1049600000BFFEE70E4B4FF080521A60BFF34F8F2F
:10497000BFF36F8F00BF1037BD4680BD5436012096
:1049800058360120343701204837012000370120F4
:10499000143701202C3701203837012054370120EB
:1049A00004ED00E080B584B000AF78600023FB60C8
:1049B0007B68002B17D0134B1B68002B0AD04FF0DD
:1049C000500383F31188BFF36F8FBFF34F8FBB602A
:1049D00000BFFEE700F06CF80021786800F030FEC0
:1049E00000F074F8F860FB68002B07D1064B4FF01D
:1049F00080521A60BFF34F8FBFF36F8F00BF103725
:104A0000BD4680BD5437012004ED00E080B586B07E
:104A100002AF204B019300230093002382221E4902
:104A20001E48FFF7C1FDF860FB68012B02D100F0C2
:104A300087FEF860FB68012B16D14FF0500383F31B
:104A40001188BFF36F8FBFF34F8FBB6000BF144B54
:104A50004FF0FF321A60134B01221A60124B0022F2
:104A60001A60FEF7DFFD0EE0FB68B3F1FF3F0AD1ED
:104A70004FF0500383F31188BFF36F8FBFF34F8F55
:104A80007B6000BFFEE7094B1B6800BF1037BD46C7
:104A900080BD00BF50370120A4C000085953000852
:104AA0004C37012038370120303701200800002022
:104AB00080B400AF044B1B680133034A136000BF8E
:104AC000BD465DF8047B70475437012080B588B03F
:104AD00000AF0023FB610023BB61714B1B68002BFF
:104AE0000AD14FF0500383F31188BFF36F8FBFF3E8
:104AF0004F8F7B6000BFFEE7FEF736FE684B1B68FA
:104B0000013B674A1360664B1B68002B40F0C08076
:104B1000644B1B68002B00F0BB808AE0624BDB68B3
:104B2000DB68FB61FB699B6A3B61FB69DB69FA69D6
:104B3000126A9A60FB691B6AFA69D2695A603B691A
:104B40005A68FB6918339A4203D1FB691A6A3B69B8
:104B50005A60FB6900229A623B691B685A1E3B69D6
:104B60001A60FB695B69FB60FB699B68FA69D26844
:104B70009A60FB69DB68FA6992685A60FB685A6858
:104B8000FB6904339A4203D1FB69DA68FB685A6017
:104B9000FB6900225A61FB681B685A1EFB681A6099
:104BA000FB69DB6A01229A40404B1B6813433F4A72
:104BB0001360FB69DA6A3E4913469B0013449B006D
:104BC0000B4404331B68BB60FB69BA689A60BB681E
:104BD0009A68FB69DA60BB689B68FA6904325A60BC
:104BE000FB691A1DBB689A60FB69DA6A13469B0071
:104BF00013449B002E4A1A44FB695A61FB69DA6A26
:104C00002B4913469B0013449B000B441B68591C03
:104C1000274813469B0013449B0003441960FB691B
:104C2000DA6A244B1B68DB6A9A4202D3224B0122C8
:104C30001A601D4B1B68002B7FF470AFFB69002BC3
:104C400001D000F01FFC1D4B1B687B617B69002BB2
:104C500010D000F047F80346002B02D0164B01227B
:104C60001A607B69013B7B617B69002BF1D1134B9F
:104C700000221A60104B1B68002B09D00123BB6176
:104C80000F4B4FF080521A60BFF34F8FBFF36F8FFF
:104C9000FEF79AFDBB6918462037BD4680BD00BFB0
:104CA000543701202C370120EC3601203437012005
:104CB0005836012054360120403701203C3701206E
:104CC00004ED00E080B483B000AF054B1B687B604F
:104CD0007B6818460C37BD465DF8047B704700BF03
:104CE0003037012080B58AB000AF00237B627D4B56
:104CF0001B68002B40F0EC807B4B1B6801333B6250
:104D0000794A3B6A13603B6A002B20D1774B1B68C2
:104D10001B68002B0AD04FF0500383F31188BFF3B8
:104D20006F8FBFF34F8F7B6000BFFEE76F4B1B6839
:104D3000FB616F4B1B686D4A13606D4AFB69136022
:104D40006C4B1B6801336B4A136000F09BFB6A4B92
:104D50001B683A6A9A42C0F0A680644B1B681B68C5
:104D6000002B04D1644B4FF0FF321A609BE05F4B85
:104D70001B68DB68DB68BB61BB695B687B613A6AA7
:104D80007B699A4203D25C4A7B6913608BE0BB6902
:104D90005B693B61BB699B68BA69D2689A60BB6911
:104DA000DB68BA6992685A603B695A68BB69043328
:104DB0009A4203D1BB69DA683B695A60BB69002239
:104DC0005A613B691B685A1E3B691A60BB699B6A42
:104DD000002B1ED0BB699B6AFB60BB69DB69BA69AB
:104DE000126A9A60BB691B6ABA69D2695A60FB6829
:104DF0005A68BB6918339A4203D1BB691A6AFB68C7
:104E00005A60BB6900229A62FB681B685A1EFB68E5
:104E10001A60BB69DB6A01229A40384B1B68134356
:104E2000364A1360BB69DA6A354913469B0013445E
:104E30009B000B4404331B68BB60BB69BA689A6073
:104E4000BB689A68BB69DA60BB689B68BA69043260
:104E50005A60BB691A1DBB689A60BB69DA6A13465F
:104E60009B0013449B00264A1A44BB695A61BB69E4
:104E7000DA6A234913469B0013449B000B441B68CA
:104E8000591C1F4813469B0013449B0003441960A0
:104E9000BB69DA6A1B4B1B68DB6A9A427FF65DAF1F
:104EA00001237B6259E7174B1B68DA6A14491346E2
:104EB0009B0013449B000B441B68012B01D9012369
:104EC0007B62114B1B68002B07D001237B6204E03F
:104ED0000E4B1B6801330D4A13607B6A1846283756
:104EE000BD4680BD5437012030370120E436012013
:104EF000E8360120443701204C37012034370120A7
:104F00005836012054360120403701203C3701201B
:104F100080B487B000AF274B1B68002B03D0264B13
:104F200001221A603FE0244B00221A60234B1B68C9
:104F3000FB60FB68B3FA83F3FB72FB7AC3F11F03D8
:104F40007B611F497A6913469B0013449B000B4405
:104F50001B68002B0AD14FF0500383F31188BFF375
:104F60006F8FBFF34F8F7B6000BFFEE77A691346F8
:104F70009B0013449B00124A13443B613B695B68EE
:104F80005A683B695A603B695A683B6908339A42E0
:104F900004D13B695B685A683B695A603B695B684E
:104FA000DB68084A136000BF1C37BD465DF8047B10
:104FB000704700BF543701204037012034370120AB
:104FC000583601205436012080B584B000AF786097
:104FD00039607B68002B0AD14FF0500383F31188AE
:104FE000BFF36F8FBFF34F8FFB6000BFFEE7074B30
:104FF0001B68183319467868FEF727FA01213868CC
:1050000000F01EFB00BF1037BD4680BD54360120A6
:1050100080B586B000AFF860B9607A60FB68002B9D
:105020000AD14FF0500383F31188BFF36F8FBFF3A2
:105030004F8F3B6100BFFEE7FB685B687B61164BEF
:105040001B687A69DA61144B1B687A6992681A6284
:10505000114B1A687B699B6818325A600E4B1B68AB
:1050600003F118027B699A600B4B1B68FA689A621D
:10507000FB681B685A1CFB681A607B68002B02D017
:105080004FF0FF33BB607968B86800F0D9FA00BF11
:105090001837BD4680BD00BF5436012080B48BB0A8
:1050A00000AF78607B68DB68DB683B623B6A002BA3
:1050B0000AD14FF0500383F31188BFF36F8FBFF312
:1050C0004F8FFB6000BFFEE73B6A9B6AFB613B6A58
:1050D000DB693A6A126A9A603B6A1B6A3A6AD26969
:1050E0005A60FB695A683B6A18339A4203D13B6A9B
:1050F0001A6AFB695A603B6A00229A62FB691B6864
:105100005A1EFB691A604A4B1B68002B5ED13B6A32
:105110005B697B613B6A9B683A6AD2689A603B6ACA
:10512000DB683A6A92685A607B695A683B6A043362
:105130009A4203D13B6ADA687B695A603B6A002273
:105140005A617B691B685A1E7B691A603B6ADB6A7D
:1051500001229A40374B1B681343364A13603B6A5F
:10516000DA6A354913469B0013449B000B44043311
:105170001B683B613B6A3A699A603B699A683B6A83
:10518000DA603B699B683A6A04325A603B6A1A1DCE
:105190003B699A603B6ADA6A13469B0013449B00A2
:1051A000254A1A443B6A5A613B6ADA6A2249134625
:1051B0009B0013449B000B441B68591C1E4813465C
:1051C0009B0013449B00034419601BE01B4B5B686E
:1051D000BB613B6ABA69DA61BB699A683B6A1A6269
:1051E000BB699B683A6A18325A603B6A03F118023D
:1051F000BB699A603B6A114A9A62104B1B68013383
:105200000E4A13603B6ADA6A0D4B1B68DB6A9A42EE
:1052100005D901237B620B4B01221A6001E00023B8
:105220007B627B6A18462C37BD465DF8047B70476D
:10523000543701203437012058360120EC36012044
:10524000543601204037012080B483B000AF78602D
:10525000064B1A687B681A60054B1A687B685A60AF
:1052600000BF0C37BD465DF8047B70474437012012
:105270003037012080B588B000AF786039607B6836
:10528000002B0AD14FF0500383F31188BFF36F8FC7
:10529000BFF34F8F3B6100BFFEE73B68002B0AD195
:1052A0004FF0500383F31188BFF36F8FBFF34F8F1D
:1052B000FB6000BFFEE7FEF757FA1F4B1B68BB61A0
:1052C0007B685B68BA69D31A7B613B681B68B3F182
:1052D000FF3F02D10023FB6126E07B681A68174B71
:1052E0001B689A420AD07B685B68BA699A4205D308
:1052F0000123FB613B6800221A6015E03B681B68D4
:105300007A699A420BD23B681A687B69D21A3B6869
:105310001A607868FFF798FF0023FB6104E03B68A0
:1053200000221A600123FB61FEF74EFAFB69184662
:105330002037BD4680BD00BF3037012044370120F3
:1053400080B400AF034B01221A6000BFBD465DF878
:10535000047B70474037012080B582B000AF786091
:1053600000F052F8064B1B68012BF9D9054B4FF0A2
:1053700080521A60BFF34F8FBFF36F8FF0E700BF0B
:105380005836012004ED00E080B582B000AF002364
:105390007B600CE07A6813469B0013449B00124A22
:1053A00013441846FEF700F87B6801337B607B6886
:1053B000042BEFD90D48FDF7F7FF0D48FDF7F4FF7B
:1053C0000C48FDF7F1FF0C48FDF7EEFF0B48FDF729
:1053D000EBFF0B4B054A1A600A4B054A1A6000BFE7
:1053E0000837BD4680BD00BF58360120BC360120BD
:1053F000D0360120EC36012000370120183701207B
:10540000E4360120E836012080B582B000AF19E013
:10541000FEF7AAF9104BDB68DB687B607B6804331E
:105420001846FEF74BF80D4B1B68013B0B4A136007
:105430000B4B1B68013B0A4A1360FEF7C5F97868FD
:1054400000F010F8064B1B68002BE1D100BF00BF35
:105450000837BD4680BD00BF003701202C37012032
:105460001437012080B582B000AF78607B681B6B79
:105470001846FEF715FB7868FEF712FB00BF0837E9
:10548000BD4680BD80B400AF0A4B1B681B68002B73
:1054900004D1094B4FF0FF321A6005E0054B1B6841
:1054A000DB681B68044A136000BFBD465DF8047BDF
:1054B000704700BFE43601204C37012080B483B030
:1054C00000AF0B4B1B68002B02D101237B6008E06F
:1054D000084B1B68002B02D102237B6001E00023F4
:1054E0007B607B6818460C37BD465DF8047B7047CF
:1054F000383701205437012080B588B000AF78607C
:105500007B68BB610023FB617B68002B00F08C8013
:10551000484B1B68BA699A420AD04FF0500383F394
:105520001188BFF36F8FBFF34F8F3B6100BFFEE762
:10553000BB69DB6C002B0AD14FF0500383F3118859
:10554000BFF36F8FBFF34F8FFB6000BFFEE7BB69F8
:10555000DB6C5A1EBB69DA64BB69DA6ABB699B6C97
:105560009A4261D0BB69DB6C002B5DD1BB6904330F
:105570001846FDF7A3FF0346002B0AD1BB69DB6A7F
:10558000012202FA03F3DA432B4B1B6813402A4A29
:105590001360BB699A6CBB69DA62BB69DB6AC3F1F1
:1055A0000502BB699A61BB69DB6A01229A40224B02
:1055B0001B681343204A1360BB69DA6A1F4913460C
:1055C0009B0013449B000B4404331B687B61BB6945
:1055D0007A699A607B699A68BB69DA607B699B68C3
:1055E000BA6904325A60BB691A1D7B699A60BB694B
:1055F000DA6A13469B0013449B00104A1A44BB69A5
:105600005A61BB69DA6A0D4913469B0013449B003B
:105610000B441B68591C094813469B0013449B000C
:10562000034419600123FB61FB6918462037BD461E
:1056300080BD00BF54360120343701205836012088
:1056400080B586B000AF78603960364B1B687B61EF
:10565000354B1B6804331846FDF730FF0346002B1B
:105660000BD1314B1B68DB6A012202FA03F3DA43E8
:105670002E4B1B6813402D4A13607B68B3F1FF3F2C
:1056800024D13B68002B21D0294B5B683B61264B22
:105690001B683A699A60244B1B683A699268DA6021
:1056A000214B1A683B699B6804325A601E4B1B6889
:1056B0001A1D3B699A601C4B1B681D4A5A611C4BA2
:1056C0001B6801331A4A136000BF26E07A697B68C1
:1056D0001344FB60144B1B68FA685A60FA687B69D4
:1056E0009A4209D2134B1A680F4B1B6804331946B0
:1056F0001046FDF7AAFE10E00F4B1A680A4B1B6814
:10570000043319461046FDF7A0FE0C4B1B68FA68DF
:105710009A4202D2094AFB68136000BF1837BD469F
:1057200080BD00BF303701205436012034370120BE
:1057300018370120E8360120E43601204C370120DB
:1057400080B584B002AF00237B6000F047FA114BB4
:105750001B68002B0BD0104B0193022300930023F6
:105760004FF482720D490E48FEF71EFF78607B6889
:10577000002B0AD14FF0500383F31188BFF36F8FD2
:10578000BFF34F8F3B6000BFFEE77B6818460837CA
:10579000BD4680BD883701208C370120ACC0000891
:1057A0004958000880B584B000AFF860B9607A60ED
:1057B00008E0FB689B69BA681344BB60FB681B6A1E
:1057C000F8689847FB689A69BB68D118BB687A6823
:1057D000F86800F0DDF80346002BEAD100BF00BFF7
:1057E0001037BD4680BD000080B584B000AF786042
:1057F0003960144B1B68DB68DB68FB60FB680433B3
:105800001846FDF75BFEFB6893F8283003F00403AD
:10581000002B05D03A687968F868FFF7C3FF08E005
:10582000FB6893F8283023F00103DAB2FB6883F8B1
:105830002820FB681B6AF868984700BF1037BD46F0
:1058400080BD00BF8037012080B584B000AF786094
:1058500007F10803184600F057F8F860BB681946CE
:10586000F86800F003F800F0D5F8F1E780B584B0EF
:1058700000AF78603960FFF71BF907F1080318469D
:1058800000F066F8F860BB68002B30D13B68002B55
:105890000AD17A68FB689A4206D8FFF717F9F968C7
:1058A0007868FFF7A1FF24E03B68002B08D0134B7A
:1058B0001B681B68002B01D1012300E000233B6023
:1058C0000F4B18687A68FB68D31A3A681946FEF7D6
:1058D00037FEFFF7FBF80346002B0AD1094B4FF0C8
:1058E00080521A60BFF34F8FBFF36F8F01E0FFF755
:1058F000EDF800BF1037BD4680BD00BF84370120E2
:105900008837012004ED00E080B485B000AF7860F6
:105910000E4B1B681B68002B01D1012200E0002206
:105920007B681A607B681B68002B05D1074B1B68DE
:10593000DB681B68FB6001E00023FB60FB68184626
:105940001437BD465DF8047B704700BF80370120E7
:1059500080B584B000AF7860FFF7B4F9F8600B4B06
:105960001B68FA689A4205D200F012F97B6801229E
:105970001A6002E07B6800221A60044AFB68136028
:10598000FB6818461037BD4680BD00BF9037012028
:1059900080B586B000AFF860B9607A603B600023E4
:1059A0007B61FB68BA685A60FB68FA681A61BA687A
:1059B0007B689A4212D87A683B68D21AFB689B6966
:1059C0009A4202D301237B611BE0104B1A68FB68EB
:1059D000043319461046FDF738FD12E07A683B683B
:1059E0009A4206D2BA683B689A4202D301237B618D
:1059F00007E0074B1A68FB68043319461046FDF7A9
:105A000024FD7B6918461837BD4680BD84370120C8
:105A10008037012080B588B000AFA6E0BB68002BBE
:105A2000C0F2A2803B69FB61FB695B69002B04D07B
:105A3000FB6904331846FDF741FD3B1D1846FFF78F
:105A400087FFB861BB68013B082B00F28E8001A282
:105A500052F823F0795A0008795A0008E15A0008F0
:105A6000F55A00083F5B0008795A0008795A000887
:105A7000E15A0008F55A0008FB6993F8283043F012
:105A80000103DAB2FB6983F82820FA68FB699B6995
:105A9000D118FB68BA69F869FFF77AFF0346002B53
:105AA00063D0FB6993F8283003F00403002B09D07E
:105AB000FA68FB699B691344BA691946F869FFF7EC
:105AC00071FE08E0FB6993F8283023F00103DAB295
:105AD000FB6983F82820FB691B6AF869984744E052
:105AE000FB6993F8283023F00103DAB2FB6983F8ED
:105AF00028203AE0FB6993F8283043F00103DAB23A
:105B0000FB6983F82820FA68FB699A61FB699B6945
:105B1000002B0AD14FF0500383F31188BFF36F8F2E
:105B2000BFF34F8F7B6100BFFEE7FB699A69BB69DA
:105B3000D118BB69BA69F869FFF72AFF15E0FB695C
:105B400093F8283003F00203002B03D1F869FDF726
:105B5000A7FF0AE0FB6993F8283023F00103DAB2CB
:105B6000FB6983F8282000E000BF084B1B6807F1A1
:105B7000080100221846FEF7A5FA0346002B7FF421
:105B80004DAF00BF00BF2037BD4680BD8837012024
:105B900080B582B000AF09E00E4B1B68DB681B6864
:105BA0003B604FF0FF313868FFF71EFE094B1B6862
:105BB0001B68002BF0D1074B1B687B60064B1B68F2
:105BC000044A1360044A7B68136000BF0837BD466F
:105BD00080BD00BF803701208437012080B500AF31
:105BE000FDF7C2FD124B1B68002B1DD11148FDF7BC
:105BF000DBFB1148FDF7D8FB104B0E4A1A60104B27
:105C00000D4A1A6000220C210A20FEF7EBF8034629
:105C1000074A1360064B1B68002B05D0044B1B681A
:105C200008491846FEF73EFCFDF7CEFD00BF80BDDB
:105C300088370120583701206C3701208037012038
:105C400084370120B4C0000880B586B000AF1D4B7A
:105C50001B6B1C4A43F0010313631A4B1B6B194A5D
:105C600043F004031363174B1B6B164A43F0800386
:105C700013630023BB6001237B600223FB600323CB
:105C80003B613B1D19461048FBF79CFE08237B60D7
:105C90000123FB603B1D19460C48FBF793FE0423D0
:105CA0007B603B1D19460948FBF78CFE4FF40053FF
:105CB0007B603B1D19460648FBF784FE00BF183782
:105CC000BD4680BD0038024000000240001C02407A
:105CD0000008024080B586B000AF114B1B6B104A24
:105CE00043F0020313630123BB6001237B600123A4
:105CF000FB6003233B613B1D19460A48FBF762FE2C
:105D000002237B603B1D19460648FBF75BFE00F053
:105D100017F800F021F800BF1837BD4680BD00BF5E
:105D2000003802400004024080B500AF002201218B
:105D30000248FCF703F800BF80BD00BF000402402A
:105D400080B500AF012201210248FBF7F7FF00BF39
:105D500080BD00BF0004024080B500AF01220221D7
:105D60000248FBF7EBFF00BF80BD00BF000402400C
:105D700080B500AF01210248FBF7F9FF00BF80BDED
:105D80000004024080B500AF02210248FBF7EFFF9C
:105D900000BF80BD0004024080B500AF074B1B6808
:105DA0001B6903F00103012B06D1FFF7E1FF034B51
:105DB0001B686FF001021A6100BF80BD943701209B
:105DC00080B582B000AF78600D4B0E4A1A600C4B64
:105DD0000C225A610A4A7B685360094B00229A617F
:105DE000074B00221A61064B0022DA60044B0022A6
:105DF0009A600348FCF7EEFC00BF0837BD4680BD43
:105E0000D03701200010014080B588B000AF786025
:105E10007B681B68214A93423BD1214B1B6B204A74
:105E200043F0010313631E4B5B6C1D4A43F01003E8
:105E3000536402233B610323BB614FF40073FB6097
:105E40000723FB6107F10C0319461648FBF7BAFD5F
:105E50004FF48063FB6007F10C0319461148FBF710
:105E6000B1FD114B1B68DA680F4B1B6842F0200232
:105E7000DA600D4B1B68DA680B4B1B6842F01002AE
:105E8000DA602520FBF783FD022202212520FBF7A3
:105E900062FD00BF2037BD4680BD00BF001001403D
:105EA0000038024000000240D037012080B582B0A7
:105EB00000AF2648FCF734FE244B1B681B6803F038
:105EC0002003202B23D1F91D4FF47A7301221F48A0
:105ED000FCF76EFD1E4BB3F800311A46F9791C4BE6
:105EE00099541B4BB3F8003101339AB2184BA3F805
:105EF0000021174BB3F80031FF2B03D9144B0022BC
:105F0000A3F80021114B1B686FF020021A600F4BA1
:105F10001B681B6803F01003102B13D10C4BB3F854
:105F200000311A460A4B00219954094B012283F88B
:105F30000221064B1B681B683B60044B1B685B68B7
:105F40003B603B6800BF0837BD4680BDD0370120AD
:105F5000103801200EB480B5B7B000AF786007F1FB
:105F6000E803C7F8D03007F10803D7F8D020D7F8F6
:105F7000E410184601F002FE07F108031846FAF78C
:105F8000BFFD0346A7F8D630B7F8D62007F10801C1
:105F90004FF47A737868FCF762FC00BFDC37BD46CB
:105FA000BDE8804003B07047014B1868704700BFE0
:105FB0000C00002070B50D4E0D4D761BB61006D0AE
:105FC000002455F8043B01349847A642F9D1094E04
:105FD000094D761B06F00EF8B61006D0002455F8D1
:105FE000043B01349847A642F9D170BDD0C40008E3
:105FF000D0C40008D8C40008D0C40008830730B556
:1060000048D0541E002A3FD0CAB2034601E0013CEA
:106010003AD303F8012B9D07F9D1032C2DD9CDB22A
:1060200045EA05250F2C45EA054536D9A4F11002AD
:1060300022F00F0C03F1200EE6444FEA121C03F18C
:10604000100242E9045542E9025510327245F8D176
:106050000CF1010214F00C0F03EB021204F00F0C10
:1060600013D0ACF1040323F003030433134442F8C8
:10607000045B9342FBD10CF003042CB1CAB21C4464
:1060800003F8012B9C42FBD130BD64461346002C23
:10609000F4D1F9E703461446BFE71A46A446E0E701
:1060A0002DE9F04F2DED0A8BCFB00C4691460AEE4C
:1060B000101A09930AEE900A02F02EFF0368139358
:1060C0001846FAF71DFDA38912901A0603D5236915
:1060D000002B00F0A8874D469FEDA77B2B7800246E
:1060E00025AACDE92344CDE91544CDE917448DED2A
:1060F000107B1AEE909A0E94229290461494059476
:10610000002B00F0F081AB4604E01BF8013F002BB0
:1061100000F01B81252BF8D1BBEB050640F019815F
:106120009BF80030002B00F0DE8100234FF0FF329F
:106130009BF801708DF86B3006930BF1010B049204
:106140009A462B2420210BF1010BA7F120035A2B97
:1061500000F24081DFE813F0D9023E013E01D40293
:106160003E013E013E016A003E013E01690202031A
:106170003E017402E8023E01E3025B005B005B004B
:106180005B005B005B005B005B005B003E013E016F
:106190003E013E013E013E013E01D6013E013A0272
:1061A0008500D601D601D6013E013E013E013E01E9
:1061B000CF023E013E01C6003E013E013E014402C7
:1061C0003E0179023E013E0157073E013E013E017C
:1061D0003E013E013E013E013E01D6013E013A0232
:1061E0008700D601D601D601C202870080003E0199
:1061F000B5023E019D02C8008B0280003E014402B0
:106200007D0032073E013E0136073E017D00A7F1C9
:10621000300300221BF8017B02EB820203EB4202F7
:10622000A7F13003092BF5D906928EE7484602F014
:1062300073FE436817931846FAF762FC18900646F7
:10624000484602F069FE836815932021002E40F035
:10625000CA859BF8007076E79BF800704AF0200A28
:1062600071E74AF0100A1AF0200F099B00F09E8196
:10627000073323F007031A465B6852F8084B09926C
:106280001E46002BC0F27385049B013301F042804F
:106290002AF08003039354EA060300F0EF840A2CEB
:1062A00076F1000380F0988730340123DDF80CA0EC
:1062B0008DF8374107930DF23715049907989DF82B
:1062C0006B3081424FF00002B8BF01460892039143
:1062D0000C920F920D92002B00F08D80039A0132E8
:1062E000039288E04AF0100A1AF0200600F04F816D
:1062F000099B073323F007035E6853F8084B0993A3
:106300002AF480630393002300228DF86B20049A03
:106310001146013100F02982039921F0800A54EAE4
:10632000060140F02082002A41F03080002B40F02E
:10633000AB84039B13F00103079300F049853023DE
:106340008DF837310DF23715B7E7BBEB050600F0D6
:10635000CA80249B33442493239B0133072BC8E931
:10636000005623930CDC08F10808059B3344059381
:10637000D6E600BFAFF30080000000000000000080
:106380001AEE101A22AA484603F0BEFC90B90DF18D
:106390009408EAE71AEE101A22AA484603F0B4FC61
:1063A000002800F09180089B23B108991AEE900A0A
:1063B00002F0ACFC1AEE103A9B8913F0400F059BDB
:1063C00018BF4FF0FF33059305984FB0BDEC0A8B13
:1063D000BDE8F08F002F00F0868000238DF8D47088
:1063E0008DF86B300122CDE90723039204930C93BF
:1063F0000F930D9335AD1AF002020A9202D0039A60
:10640000023203921AF084020B9205D1069A039984
:10641000561A002E00F30F83249C8BB1239B0DF1A1
:106420006B0201330134C8F80020072B4FF0010242
:1064300024942393C8F8042000F3358308F1080856
:106440000A9B83B1239B1BAA01330234C8F80020A6
:10645000072B4FF0020224942393C8F8042000F382
:106460002F8308F108080B9B802B00F01182049BFE
:10647000079A9E1A002E00F352821AF4807F40F091
:10648000AD81079BC8F804301C44239BC8F800501A
:106490000133072B2494239300F3C08208F10808EA
:1064A0001AF0040F05D0069B039A9D1A002D00F3E5
:1064B0001483DDE9053203998A42ACBF9B185B184F
:1064C0000593002C7FF466AF00232393089B1BB138
:1064D0000899484602F01AFC0DF194085D462B78A5
:1064E000002B7FF410AE249B002B3FF463AF1AEE19
:1064F000104A1AEE101A1AEE900A22AA03F004FCAF
:10650000A3895AE7099B073323F00703B3EC027B07
:106510008DED107BDDE91012099322F000430BEEA4
:10652000101A0BEE903A4FF0FF32B0EE4B9AF0EEAD
:106530006B9AA64B51EC190BFAF72AFC002840F095
:106540006B84A24B51EC190B4FF0FF32FAF702FCAF
:10655000002840F06184DDE9100100220023FAF7F1
:10656000EFFB002840F0A8879DF86B30984D994AC2
:106570002AF0800A0321472FC8BF1546002208923F
:106580000391079104920C920F920D92A3E61AF0D8
:10659000100340F03B841AF0400200F05E87099A35
:1065A00052F8044B09921E46A4B2A9E653F8044BD4
:1065B00009931AF0100F40F012841AF0400F00F007
:1065C0000A8444F3C036334624B25AE6099A0023BB
:1065D00052F8041B8DF86B308DF8D410099201E746
:1065E000099C049A54F8045B00268DF86B60002D1A
:1065F00000F0DC861346013300F049853146284619
:10660000FAF7EEFA0890002801F07D80089B0496C6
:10661000591B079121EAE1719DF86B3009940391B0
:1066200008960C960F960D9655E6099B53F8042B89
:106630000692002A80F2C783069A09935242069274
:106640009BF800704AF0040A7DE54AF010030393BA
:10665000039B13F0200600F07783099B073323F098
:1066600007035E6853F8084B099301234CE6099B26
:1066700053F8044B099330234AF0020278278DF82F
:106680006C30554B149303928DF86D7000260223E5
:106690003AE61AF0200F40F086841AF0100F40F00E
:1066A0007C861AF0400F40F04F871AF4007F00F00C
:1066B0007486099B059953F8042B099311705D4664
:1066C0000DE79BF800706C2F03BF9BF801704AF038
:1066D000200A0BF1010B4AF0100A34E59BF8007018
:1066E000682F03BF9BF801704AF4007A0BF1010B8D
:1066F0004AF0400A27E59BF800704AF0080A22E5B4
:106700009BF800704AF0010A1DE59DF86B30002BE4
:106710007FF49FAD9BF800708DF86B1013E59BF82C
:1067200000704AF0800A0EE55A4612F8017B2A2FC3
:1067300001F0F781A7F13003092B934698BF00229F
:1067400000F2F7871BF8017B02EB820203EB4202A7
:10675000A7F13003092BF5D90492F6E49BF80070F9
:106760008DF86B40EFE4CDF80CA0012B3FF497AD12
:10677000022B4EAD12D1149A04F00F032409D35CFE
:1067800005F8013D44EA0674360954EA0603F3D1DC
:106790004EAB5B1BDDF80CA007938EE504F00703FE
:1067A000E40844EA4674F608303354EA06012A46FF
:1067B00005F8013DF2D103990846C00700F14F8268
:1067C0004EAB5B1B8A46079377E500BFFFFFEF7F69
:1067D000D0C00008D4C00008E0C00008652F40F316
:1067E000D780DDE9100100220023FAF79FFA002884
:1067F00000F0B481239BBC4AC8F800200133013467
:106800000122072B24942393C8F8042000F38685E3
:1068100008F108081C9B0E9A934280F2CF82129BCB
:10682000139A1C44C8E90023239B24940133072BAB
:10683000239300F3EB8308F108080E9B5D1E002DE7
:106840007FF72EAE102D239B41F34981A74F0A9766
:10685000224610261AEE104A05E008F10808103DFD
:10686000102D40F3698501331032072BC8E90076FB
:10687000CDE92332F1DD22AA2146484603F044FA4D
:1068800000287FF490ADDDE923320DF19408E6E7AE
:10689000069B039A9E1A002E7FF7E9AD102E239BCC
:1068A00041F3508091490B9522461AEE105A0A91F5
:1068B0000C4604E0103E102E08F1080819DD0133E3
:1068C00010321021072BCDE92332C8F80040C8F858
:1068D0000410EFDD22AA294648460DF1940803F082
:1068E00013FA00287FF45FAD103E102EDDE923324D
:1068F000E5DC0B9D144601330A9AC8F800203444A5
:10690000072BCDE92334C8F8046000F33185049BDC
:10691000079A9E1A002E08F108087FF7AEAD102ED8
:10692000239B40F3C58571480A90424621461AEEE2
:10693000108A044604E0103E102E02F1080216DD13
:10694000013310311020072BCDE923311460506042
:10695000F1DD22AA4146484603F0D6F900287FF42B
:1069600022AD103E102EDDE9233125AAE8DC904649
:106970000C4601330A9AC8F800203444072BCDE9AD
:106980002334C8F8046000F3D18108F1080874E5E5
:106990000E9B012B40F37E81239EC8F800500136E8
:1069A00001340123072E24942396C8F8043000F301
:1069B000E98108F10808129B139A01361C44072E3E
:1069C000C8E90023CDE9236400F3EA8108F108084F
:1069D000DDE9100100220023FAF7A8F9002840F0B1
:1069E00078810E9B0136013B01351C44072EC8F807
:1069F00000502396C8F80430249400F35C8108F119
:106A00000808169BC8F8043001361C44072E1EAB3C
:106A1000CDE92364C8F800307FF740AD1AEE101AB4
:106A200022AA484603F070F900287FF4BCAC249CED
:106A30000DF1940834E5102EDDE9233222DD19959D
:106A400010241AEE105A04E0103E102E08F1080827
:106A500017DD013326491032072BC8E90014CDE9B0
:106A60002332F1DD22AA294648460DF1940803F0AD
:106A70004BF900287FF497AC103E102EDDE923324D
:106A8000E7DC199DC8F804600133B418072B184AD5
:106A9000C8F80020CDE9233400F3E3839DF86B3080
:106AA00008F10808B9E41AEE101A22AA484603F0C1
:106AB0002BF900287FF477AC249C0DF19408BFE4F7
:106AC0001AEE101A22AA484603F01EF900287FF495
:106AD0006AAC249C0DF19408C5E4102D239B26DD9F
:106AE0001AEE107A10260AE010C1000824C100082E
:106AF00014C10008103D102D08F1080817DD0133FE
:106B0000C04A1034072BC8E90026CDE92334F1DD53
:106B100022AA394648460DF1940803F0F5F80028FA
:106B20007FF441AC103D102DDDE92334E7DC013367
:106B3000B44AC8F804502C44072BCDE92334C8F8D4
:106B400000207FF7B6AC1AEE101A22AA484603F0CE
:106B5000DBF800287FF427AC249CAAE41C9A002AC6
:106B600040F39883DDE90D329342A8BF1346002B12
:106B70001F460BDD1C44C8E90053239B24940133BA
:106B8000072B239300F35C8508F108080D9B002F69
:106B9000A8BFDB1B002B1E4600F353820D9B1AF48B
:106BA000806F2B44079340F083821C9B0E9A934284
:106BB00003DB1AF0010F00F0B784129A1399144402
:106BC000C8E90012239A24940132072A239200F381
:106BD000758508F108080E9A0799AE18761AD51A25
:106BE000AE42A8BF2E46002E0DDD239BC8F8001034
:106BF00001333444072BC8F804602494239300F332
:106C00009C8508F10808002EA8BFAD1B002D7FF75A
:106C100047AC102D239B40F362877B4F0A97224697
:106C200010261AEE104A05E008F10808103D102D54
:106C300040F3828301331032072BC8E90076CDE997
:106C40002332F1DD22AA2146484603F05DF80028F0
:106C50007FF4A9ABDDE923320DF19408E6E7302B90
:106C60003FF496AD3023023A05F8013C4EAB9B1A37
:106C7000DDF80CA007931546FFF71FBB049B002B04
:106C80007FF412ABDDF80CA00023049307934EAD04
:106C9000FFF713BB1AF0010F7FF47EAE239EC8F8F6
:106CA0000050013601340123072E24942396C8F89E
:106CB00004307FF7A4AE1AEE101A22AA484603F059
:106CC00023F800287FF46FABDDE923640DF194080D
:106CD00097E60E9B5D1E002D7FF793AE102D40F3BF
:106CE0001587494ACDF810A023461AEE10AA0A9239
:106CF0001027144605E008F10808103D102D40F358
:106D00009C8301361033072EC8E90047CDE9236381
:106D1000F1DD22AA5146484602F0F6FF00287FF432
:106D200042ABDDE923630DF19408E6E71AEE101A91
:106D300022AA484602F0E8FF00287FF434AB249CE6
:106D40000DF19408FFF799BB039B13F0100340F07B
:106D50002381039A12F0400200F09A83099A52F8B4
:106D6000044B09921E46A4B20123FFF7CDBA2D238E
:106D700064428DF86B3066EB4606CDF80CA001231B
:106D8000FFF7C5BA1AEE101A22AA484602F0BCFF55
:106D900000287FF408ABDDE923640DF194080AE6CE
:106DA0001AEE101A22AA484602F0AEFF00287FF41D
:106DB000FAAADDE923640DF1940809E61AF0010F3F
:106DC0003FF46EAB2BE59BF800700993FFF7BBB95E
:106DD0004EADFFF772BA1AF4007F40F0AF83E617AA
:106DE0003346FFF74EBA159B002B3FF432AA159B92
:106DF0001B78002B3FF42DAA9BF800704AF4806AA0
:106E0000FFF7A1B914C1000824C10008099B53F879
:106E1000044B0993FFF774BADDE9100102460B46F3
:106E2000F9F7B6FF002840F0C285612F00F0858594
:106E3000412F00F09384049B013327F02003039338
:106E400000F0A883472B00F08185DDE910014AF4AA
:106E50008072002907924FF00003C0F2238541ECB5
:106E6000180B0A930893039B462B00F0F783452BDE
:106E700000F04D85B0EE480AF0EE680A20AB0193B1
:106E80001DAB0093049A1CAB0221484600F038FF6A
:106E9000039B472B054640F069861AF0010F5646C2
:106EA000DDF81CA040F00A85209B5B1B0E93039B22
:106EB000472B00F08A83039B462B00F00E841C9B1B
:106EC0000D930D9B039A013B412A1C9300F0D6853C
:106ED000FAB20021002BB8BF0D9B8DF87820BABF05
:106EE000C3F101032D222B22092B8DF8792040F3C9
:106EF000B6850DF18704DFF898C3224610468CFB57
:106F00000321DA17C2EBA10202EB8201A3EB4101DC
:106F1000303100F8011C19466329134600F1FF3295
:106F2000ECDC3033D9B2831E9C4202F8011C40F2E3
:106F3000048613460DF17A0201E013F8011B02F8F2
:106F4000011B9C42F9D10DF189030DF17A021B1A44
:106F500013441EAA9B1A16930E9B169A012B1A44D1
:106F6000079240F3B785079B129A13440793079A39
:106F7000002326F4806622EAE27246F4807A0C93BB
:106F800003920F930D930A9B002B40F044830493CC
:106F90009DF86B30FFF79FB9099B53F8044B099399
:106FA0000123FFF7B1B9099B059853F8041B099316
:106FB000C217C1E900025D46FFF791BACDF80CA0F7
:106FC000FFF746BBAF4B14931AF0200600F0EF809A
:106FD000099B073323F007035E6853F8084B0993B6
:106FE0001AF0010F09D054EA060306D030238DF8B9
:106FF0006D704AF0020A8DF86C302AF480630393B6
:107000000223FFF781B9A04B1493DDE71AEE101AA3
:1070100022AA484602F078FE00287FF4C4A9249CE6
:107020000DF1940809E41AEE900A402101F080FF66
:1070300020602061002800F0848540236361FFF711
:107040004AB8102E239B40F3698590480A90424627
:1070500021461AEE108A1027044604E00832103E3A
:10706000102E40F32E8201331031072BC2E9004766
:10707000CDE92331F2DD22AA4146484602F044FE22
:1070800000287FF490A9DDE9233125AAE7E7284607
:1070900004960994F9F734FD20EAE0719DF86B300D
:1070A0000790039108960C960F960D96FFF713B96B
:1070B0000E9BCDF828B0DDF83CB0079E159FCDF8AB
:1070C0001CA0EB1804934246DDF860A00C9B0B95C6
:1070D0001AEE108AA446BBF1000F30D093BB013FDB
:1070E0000BF1FF3B179BC2E9003A239B0133D444C9
:1070F000072BCDF890C0239362DC0832049B3878CC
:107100009B1B8342A8BF0346002B1C460CDD239823
:1071100001309C440728C2E90063CDF890C0239059
:1071200000F3198138780832002CACBF051B0546E6
:10713000002D0BDC06440C9BBBF1000FCED1002BC5
:1071400000F032820C9B013B0C93CBE7102D23986F
:107150001FDD1024634604E0103D102D02F10802EB
:1071600016DD0130494910330728C2E90014CDE982
:107170002303F1DD22AA4146484602F0C5FD00285E
:107180007FF411A9103D102DDDE9230325AAE8DCC9
:107190009C4601303D4B5560AC440728CDE9230C9B
:1071A000136000F33F82387808320644C3E71AF0D0
:1071B000100300F0A480099B53F8044B09930FE7D8
:1071C00022AA4146484602F09FFD00287FF4EBA822
:1071D000DDF890C025AA91E7039B079703F480632D
:1071E000002209EE109ACDF82080DDF854900DF5BC
:1071F0009C7A174698460CE00023204631460A2226
:10720000F9F704FE0A2C76F100031CD304460E465F
:10721000AA4620460A2200233146F9F7F7FD30320C
:107220000AF1FF3501370AF8012CB8F1000FE3D05D
:1072300099F800309F42DFD1FF2FDDD00A2C76F184
:10724000000380F04F814EAB5B1BCDF854900E973E
:1072500019EE109ADDE90778DDF80CA00793FFF727
:107260002CB81AEE101A22AA484602F04DFD00284A
:107270007FF499A89DF86B30249C0DF19408FFF7DA
:10728000CCB800BFE0C00008F4C0000824C100086A
:1072900067666666239BC149C8F800100133013454
:1072A0000121072B24942393C8F8041000F32E81A6
:1072B00008F10808002A40F089800E9A0AF00103BC
:1072C00013433FF4EDA8129B139A1C44C8E9002312
:1072D000239B24940133072B239300F33E8108F171
:1072E00008080E9AC8F8005001331444072BCDE962
:1072F0002334C8F804207FF7D1A8FFF78FBB1AF01A
:10730000400200F0B880099A52F8044B09921E46D8
:10731000A4B265E6CDF80CA0FEF7C1BF1AEE101AB4
:1073200022AA484602F0F0FC00287FF43CA8249CE6
:107330000DF19408FFF76EBA144601330A9AC8F8A3
:1073400000202C44072BC8F80450CDE923347FF7E4
:10735000A5A8FFF763BB22AA4146484602F0D4FC29
:1073600000287FF420A83878DDF890C025AADBE655
:107370001AEE101A22AA484602F0C6FC00287FF432
:1073800012A8249C0DF19408FFF771B8012BCDF8D9
:107390000CA07FF4EDA9FEF787BF099B059953F870
:1073A000042B5D4611600993FFF799B8062A294618
:1073B00028BF0622049508952B460392784D099420
:1073C00007920C910F910D91FEF785BF129B1399B7
:1073D0001C44C8E90013239B24940133072B2393F7
:1073E00000F3BB8008F10808002ABFF67AAF5642C6
:1073F000103280F2AF836B480A9021464246102734
:107400001AEE108A044604E00832103E102E40F3B3
:10741000AF8201331031072BC2E90047CDE9233198
:10742000F2DD22AA4146484602F06EFC00287EF4B6
:10743000BAAFDDE9233125AAE7E7DDF810A01C4645
:1074400001360A9BC8F800302C44072ECDE923648E
:10745000C8F804507FF7D3AA2DE4099B1AF40076EC
:1074600014BF53F8044B53F8044B09931CBF164642
:10747000E4B2FEF745BF099B1AF4007614BF53F837
:10748000044B53F8044B09931CBF1646E4B2A7E51E
:10749000039B13F40076099B14BF53F8044B53F875
:1074A000044B09931CBF1646E4B20123FEF72CBF20
:1074B0003C4A0A92FFF75DBA2D238DF86B30FFF737
:1074C00055B890460C4601330A9AC8F80020344457
:1074D000072BCDE92334C8F804604DDC08F1080817
:1074E000FFF75CBB189B1799ED1A1A46284602F065
:1074F000D9FB99F801300BB109F101092046314659
:107500000A2200230027F9F781FC7FE61AEE101A01
:1075100022AA484602F0F8FB00287EF444AF1C9AE9
:10752000249C0DF19408C5E60E9A0799AE18761AB8
:10753000D51AAE42A8BF2E46FFF765BB44F3C0166E
:10754000334664B2FEF79DBE099B059953F8042BA0
:10755000099311805D46FEF7C2BF1AEE101A22AAE7
:10756000484602F0D1FB00287EF41DAFDDE923344C
:107570001C9A0DF1940837E71AEE101A22AA484611
:1075800002F0C2FB00287EF40EAF249C0DF194089B
:10759000FFF704BB0623049357E400BF10C10008A3
:1075A00008C1000824C100080B9D0E9BDDF81CA03B
:1075B000DDF828B01597EB189E429046324628BF5A
:1075C0001A4664460792FFF7F0BA1C9B0D93DA1C2B
:1075D00002DB049A934204DD023F27F02003039369
:1075E0006FE4DDE90D318B42C0F29980F70740F17D
:1075F000DB81129A13440793740503D50D9B002B6E
:1076000000F3FF81079B23EAE373039367270023BB
:107610000C930F93B7E42D2300228DF86B30049266
:10762000FEF75CBE22AA4146484602F06DFB0028E8
:107630007EF4B9AE3878DDF890C025AA06447AE524
:107640001AEE101A22AA484602F05EFB00287EF4C9
:10765000AAAE249C0DF19408FFF798BA20AB0193D1
:107660001DAB0093049AB0EE480AF0EE680A1CAB1A
:107670000321484600F044FB0378302B054600F018
:1076800003821C9B049A56461344DDF81CA0EC1898
:1076900051EC180B00220023F9F748FB08B12346F0
:1076A00003E4209BA342BFF400AC30215A1C20927B
:1076B0001970209B9C42F9D8FFF7F7BB1AEE101AFD
:1076C00022AA484602F020FB00287EF46CAE1C9BE8
:1076D000249C0DF19408FFF77EBA1C9A0D92002AA3
:1076E00040F30082049906F001030B4340F0B1819E
:1076F0000D9B07936627730500F18481079B23EA9E
:10770000E373039383E7049B0393079309949DF822
:107710006B3004900C900F900D90FEF7DCBD0E9B2B
:10772000129A9A180D9B0792002B40F3BB81672792
:10773000E1E700230493FEF708BD1AEE101A22AA0F
:10774000484602F0E1FA00287EF42DAE1C9D0E9B07
:10775000249C5D1B0DF19408FFF755BA30238DF87A
:107760006C3058238DF86D30049B632B4AF0020473
:1077700000F3A7800023089335ADDDE910124AF429
:1077800081730793002A27F02003A2460393C0F2D7
:107790008A80002342EC181B0A93612F00F01581A8
:1077A000412F7FF460ABB0EE480AF0EE680A1CA8E7
:1077B00002F030FA00224FF07F5351EC100BF8F733
:1077C000DBFE02460B4643EC192B00220023F9F79F
:1077D000ADFA08B101231C93B74B0B93049B199589
:1077E000CDE90CB7CDE90EA80CEE109ADDF82CB05F
:1077F00059EC198B5E1E2C4605E000220023013E49
:10780000F9F794FAE0B9AD4B002240464946F8F743
:10781000B3FE89468046F9F7D1FA0546F8F742FEED
:107820000B46024649464046F8F7EEFC1BF8053089
:10783000A24604F8013B731C374680468946DCD1DA
:1078400049EC198B9E4BDDF830B0DDF83C80CDF86B
:1078500030A051EC190B00223E46DDF838A00D9FF8
:107860000D951CEE109A199DF9F788FA98BB51EC0A
:10787000190B934B0022F9F759FA10B10D9BD90758
:1078800029D4002E334606DB01332344302204F88A
:10789000012BA342FBD1631B56460E93DDF81CA0BF
:1078A000FFF705BB0893DDE9103408EE103A04F148
:1078B000004308EE903A2D230A936EE7049BEC18E0
:1078C000E6E6591C484601F033FB0546002800F067
:1078D0004481089051E70C9B20930B9B14F8012CDA
:1078E000D97B8A42234609D1302003F8010C209B22
:1078F0005A1E209213F8012C9142F6D0392A0BBF60
:107900000B9A0132927AD2B203F8012CC3E7049B9E
:10791000B0EE480AF0EE680A5C1C20AB01931DAB88
:10792000009322461CAB0221484600F0E9F90546C7
:1079300056462C44DDF81CA0AAE630238DF86C30A6
:1079400078230FE75F4A0A92FEF7D5BF049B002B0E
:1079500008BF01230493119B4AF48072002B079205
:10796000C0F2DA809DED108B08900A90FFF782BA82
:107970000C46904601330A9AC8F800203444072B7D
:10798000CDE92334C8F804607FF7A9AC1AEE101AC9
:1079900022AA484602F0B8F900287EF404ADDDE9D9
:1079A00023340DF194089CE40D9B079324E6119B6E
:1079B000454D464A002BB6BF2D239DF86B308DF800
:1079C0006B302AF0800AFEF7D5BD1CA8B0EE480A3D
:1079D000F0EE680A02F01EF900224FF07F5351ECDE
:1079E000100BF8F7C9FD02460B4643EC192B002299
:1079F0000023F9F79BF908B101231C93344B0B9337
:107A0000ECE6672715990B78FF2B00F0B180002476
:107A10000D9A204603E001300131FF2B08D093423C
:107A200006DAD21A4B78002BF5D10B780134F4E743
:107A300015910D920F900C940C9A0F9B189913446A
:107A4000079A01FB0323079323EAE3730393FFF7EA
:107A50009ABA129BD3181944079166274BE600295E
:107A600057D130228DF87A200DF17B02303302F8A5
:107A7000013B1EABD31A1693FFF76EBA07F10F0244
:107A8000D2B20121FFF726BA51EC180B00220023D5
:107A9000F9F74CF900287FF4F4AD049BC3F101031E
:107AA0001C93EFE5C3F101031A4422EAE273079243
:107AB00003936727ABE500BFF4C000080000304027
:107AC0000000E03F24C10008D8C00008DCC0000866
:107AD000E0C00008F3077FF54AAAFFF744BA264A38
:107AE0000A922AE4049A06F001061346334304D1AD
:107AF000012303936627079389E5129B01331A44F8
:107B000022EAE27307920393662780E51A4B0A93F1
:107B100096E40DF17A02A9E70890C4E6164A0A92A3
:107B2000D1E4099B9BF80170934653F8042B099309
:107B300042EAE2720492FEF706BB02231693FFF7B5
:107B40000BBA1AEE902A0C2313604FF0FF33059303
:107B5000FEF73ABC084A0A920CE71AEE101A8B8913
:107B600043F0400213468A81FEF727BC049CDFE6FF
:107B700000230C930F935FE724C1000870B50B4EF0
:107B80009AB004466FF00045CDE9044513460094D1
:107B90000A463068064C029569460394FEF780FA5F
:107BA000009B00221A701AB070BD00BF0C000020AC
:107BB0000802FFFF024B13B1024800F005B87047FE
:107BC00000000000418C0008002301461A461846B8
:107BD00002F016B92DE9F04F03690C69A34283B096
:107BE000C0F28780013C01F11405A30000F11408E4
:107BF000009355F8243058F82420013381469A42E6
:107C000008EB840005EB84070190B2FBF3F63BD34D
:107C10000023AE4640469B465EF804AB02681FFA5E
:107C20008AFC06FB0C334FEA134C4FEA1A4A06FB58
:107C30000ACA1FFA83FCABEB0C0C1FFA8AF31CFA7E
:107C400082FCC3EB124202EB2C421FFA8CFC4CEA82
:107C50000243774540F8043B4FEA224B4FEA1A4370
:107C6000DAD2009B58F8033073B9019B043B984566
:107C700004D307E0984504F1FF3403D253F80429F4
:107C8000002AF7D0C9F81040484601F093FE0028BA
:107C90002BDB01364046002355F8041BD0F800C00A
:107CA0008AB29A1A0B0C12FA8CF2C3EB1C4303EB48
:107CB000224392B242EA0342AF4240F8042B4FEA19
:107CC0002343E9D258F8242008EB84036AB9043B23
:107CD000984504D307E0984504F1FF3403D253F8E4
:107CE0000429002AF7D0C9F81040304603B0BDE897
:107CF000F08F002003B0BDE8F08F00BF000000004F
:107D00002DE9F04F2DED068B95B08DED020B019115
:107D1000016C249D099259EC108B0446069341B1E5
:107D2000426C4A60012393408B6001F0E3FB002327
:107D30002364B9F1000AB4BF012300232B607C4BFC
:107D4000BCBF2AF0004ACDF80CA033EA0A0300F0C9
:107D5000B2809DED027B002251EC170BB0EE479AEA
:107D6000F0EE679A0023F8F7E1FF074680B1069A24
:107D700001231360259B002B00F0DC826D48186006
:107D8000431E0093009815B0BDEC068BBDE8F08F44
:107D900012AA13A92046B0EE490AF0EE690A01F0D2
:107DA000D1FEB0EE498AF0EE698A5FEA1A560546BE
:107DB00040F09980DDE912763E4406F232402028F8
:107DC00040F3AD83C0F140000AFA00FA06F2124017
:107DD00028FA00F04AEA0000F8F754FB0123013EBC
:107DE0000D93A1F1F871544B0022F8F70DFA4AA354
:107DF000D3E90023F8F7C0FB49A3D3E90023F8F740
:107E000005FA804630468946F8F74CFB46A3D3E98D
:107E10000023F8F7B1FB02460B4640464946F8F707
:107E2000F5F980468946F8F7C9FF0022834600230A
:107E300040464946F8F784FF002840F06E82BBF1C7
:107E4000160F00F25D823D4B03EBCB03D3E9002319
:107E500051EC190BF8F774FF002875D00023BE1BF6
:107E60000C93731E0BF1FF3B049300F1508200232F
:107E70000893BBF1000F6EDA089BCDF814B0A3EBAA
:107E80000B030893CBF100030B93019B092B4FF0DD
:107E9000000B69D8052B40F34083043B0193002677
:107EA000019B023B032B00F29B86DFE813F050049A
:107EB0004D0445042804069A42F20F73CAF3130ACC
:107EC00013605AEA08031DD1259B002B00F07F8622
:107ED0001B4B00930833259A0098136015B0BDEC36
:107EE000068BBDE8F08F18EE903AC3F3130351EC04
:107EF000190B43F07F510D97A6F2FF36129F41F404
:107F0000401170E7259B002B40F0DD830D4B009363
:107F100038E700BFAFF3008061436F63A787D23FAC
:107F2000B3C8608B288AC63FFB799F501344D33F68
:107F30000000F07F11C100080000F83F80C2000877
:107F400038C1000834C10008BE1B731E049300F141
:107F50009C840C900890049B5B44CDE9043B002377
:107F60000B93019B092B95D9002301264FF0FF327B
:107F700001930A9607920993079B0F93002161646E
:107F8000204601F091FA0090002800F03186009B15
:107F90002364079B0E2B00F2F980002E00F0F68080
:107FA0000599002940F37384BD4B01F00F0203EBE8
:107FB000C2034FEA2118C905D3E9006740F10584DF
:107FC000B84B51EC190BD3E90823F8F7FFFB41EC50
:107FD000180B08F00F084FF0030AB8F1000F13D088
:107FE000DFF8C09218F0010F09D030463946D9E9C0
:107FF0000023F8F7C1FA0AF1010A06460F465FEAC4
:10800000680809F10809EDD151EC180B32463B46DE
:10801000F8F7DCFB41EC1A0B0C9B5BB157EC1A6BCD
:10802000A14B1AEE100A00223946F8F789FE002803
:1080300040F054855046F8F735FA53EC1A2BF8F710
:108040009BFA9A4B0022F8F7E1F8079B8046A1F1D2
:108050005079002B00F0F583059B1093079B0E933E
:108060000A9B002B00F0C2840E9A8D4B9049DDF8DC
:1080700000A003EBC20353E902230020F8F7A6FB9C
:1080800042464B46F8F7C0F859EC1A8B41EC180BF6
:1080900049461AEE100AF8F791FE0746F8F702FA79
:1080A00002460B461AEE100A4946F8F7ADF830378B
:1080B0000AF8017B53EC182B06460F46F8F740FEF2
:1080C000002840F057854FF000080AEE105ACDF80E
:1080D00044B055465BEC18AB08EE104A44462AE023
:1080E0000E9B01349C424BDA724B5046594600229B
:1080F000F8F742FA6F4B002282468B4630463946EB
:10810000F8F73AFA89468046F8F758FE0746F8F736
:10811000C9F902460B4640464946F8F775F830372C
:1081200005F8017B52465B4606460F46F8F708FE07
:10813000002840F01A8532463B465B490020F8F79C
:1081400063F852465B46F8F7FBFD0028C8D0109B49
:10815000009A0593AA4618EE104A1AEE105A02E049
:10816000924500F0EC84D1461AF8013D392BF7D046
:108170000133DBB28AF80030059B01330593ACE193
:10818000DDF844B01AEE105A18EE104A139B002B7B
:10819000C0F29480059A0E2A00F39080404B03EBC6
:1081A000C203D3E90089099B002B1BDA079B002B34
:1081B00018DC40F05F83404B002240464946F8F708
:1081C000DBF902460B4651EC190BF8F7C3FDDDF85D
:1081D0001CA05646002800F0D282099BDDF80080E2
:1081E000DF43D4E242464B4651EC190BF8F7EEFA66
:1081F000F8F7E4FD06468346F8F754F942464B4645
:10820000F8F7BAF90B46024651EC190BF7F7FCFFE9
:10821000DDF800A0334630330AF8013B079B012B01
:1082200000F090834FF0010B08EE105A08EE904AD0
:108230001D465446DA461DE042464B463046394616
:10824000F8F7C4FAF8F7BAFD8346F8F72BF9424677
:108250004B46F8F791F90AF1010A0B4602463946F6
:108260003046F7F7D1FF0BF13003AA4504F8013B84
:1082700000F063830F4B0022F8F77EF90022002301
:1082800006460F46F8F752FD0028D5D0A24618EE54
:10829000105A18EE904A059B01330593D1461CE114
:1082A00080C2000858C200080000F03F00001C40D7
:1082B0000000E03F00002440000014400A9A002A19
:1082C00040D0019A012A40F39E82079B03F1FF38B8
:1082D0000B9B4345C0F27082A3EB0808079B002B61
:1082E000C0F26883049A1146089A194417461A4442
:1082F000049108920121204601F0AAF9064625E0E2
:108300000123BE1B0C93731E04937FF5B0ADC6F121
:108310000103089300230493ABE55846F8F7C2F82D
:1083200042464B46F8F702FD00287FF488AD0BF17A
:10833000FF3B84E5874B0093009815B0BDEC068B9E
:10834000BDE8F08FDDF82C80089F0A9E002F0CDD21
:10835000049A002A09DD0899BA421346A8BF3B4691
:10836000C91AFF1AD31A089104930B9BDBB10A9B1D
:10837000002B00F08382B8F1000F0FDD314642463A
:10838000204601F03FFA2A4601460646204601F003
:108390008DF929460546204601F0ACF80B9BB3EB5E
:1083A000080240F001830121204601F051F9BBF1A0
:1083B000000F824600F3B880019B012B40F38781B8
:1083C0004FF000080120BBF1000F40F0B980049A83
:1083D000104410F01F0000F09780C0F12003042B20
:1083E00040F3F983089BC0F11C0003440244089346
:1083F00007440492089B002B05DD29461A462046B7
:1084000001F060FA0546049B002B05DD51461A4633
:10841000204601F057FA82460C9B002B40F0388131
:10842000079B002B40F31F810A9B002B40F0A2808A
:10843000059B01330593DDF80080DDF81C900127D2
:1084400007E0294600230A22204601F05DF80137A3
:10845000054651462846FFF7BDFB4F4500F1300069
:1084600008F8010BEDDB079A002AC8BF9346009A73
:10847000D8BF4FF0010B0346934400272946012241
:108480002046019301F01EFA5146054601F092FA8A
:10849000002840F3A6811BF8013C009A0BF1FF3B3A
:1084A00004E05A4500F0A8811BF8013D392B0BF17F
:1084B0000109F6D001338BF800305146204601F017
:1084C00019F856B12FB1B74203D03946204601F012
:1084D00011F83146204601F00DF82946204601F0FA
:1084E00009F8002389F80030069B1A46059B1360A3
:1084F000259B002B3FF446AC0098C3F8009015B0C4
:10850000BDEC068BBDE8F08F1C20089B034408934C
:10851000049B0344074404936CE70126C0E4C0F1C4
:10852000200008FA00F057E401465A46204601F0C0
:1085300069F9019B012B824640F3D5814FF0000879
:10854000DAF810300AEB8303186901F031F8C0F152
:1085500020003CE710C10008314600230A222046D3
:1085600000F0D2FF0F9B002B064640F32383CDF88B
:1085700014900793002F00F31881B8F1000F40F01A
:10858000FC81B046029B009F079903F001027B1E0D
:108590001944019B0A9213430891099351462846B6
:1085A000FFF718FB31468346284601F003FA42469E
:1085B00051468146204601F01FFAC26801460BF180
:1085C0003003002A42D104902846079301F0F2F9C3
:1085D00004990290204600F08DFF029A079B1AB979
:1085E0000999002900F0D682B9F1000FC0F2878105
:1085F000019949EA01090A9951EA090100F07F81CC
:10860000002A00F3E781089A3B7007F101099742BD
:10861000CB4600F0E581294600230A22204600F0DF
:1086200073FF4645054631464FF000034FF00A02FE
:10863000204612D000F068FF4146064600230A2279
:10864000204600F061FF4F468046A7E72046029390
:1086500000F050FF029B0122C6E700F055FF4F4695
:10866000064680469AE7019B022B77DC0A9B002B8B
:1086700080D1059B5146013328460593FFF7AAFA9E
:10868000DDF800B000F130030BF8013B0027F5E600
:108690005146284601F08EF90028BFF6C1AE2946A2
:1086A00000230A22204600F02FFF059B03F1FF392B
:1086B0000A9B0546002B7FF44FAF0F9B002B40F326
:1086C00070820793B7E6BD4B0093033303E4DDE903
:1086D000021200297FF474AEC2F31303002B7FF45F
:1086E0006FAEB74B1340002B00F03D82089B013367
:1086F0000893049B013304934FF0010862E60123C1
:108700000A93099B059A13440F930133012B1F46CB
:108710000793B8BF01270021172F61647FF730ACA2
:10872000012204235B0003F11400B842114602F158
:108730000102F7D9616423E401230A93099F002F02
:108740004ADD0F970797E6E700230A93D9E700234E
:108750000A93F3E70F9BCDF814900793079B002B28
:108760007FF43BAD51460522204600F0CDFE014688
:108770008246284601F01EF900287FF72EAD0098AA
:10878000059F3123804600F8013B01370090514698
:10879000204600F0AFFE7B1CDDF800900593CDF87D
:1087A0000080002E7FF495AE97E631463A4620468B
:1087B00001F088F80646E0E60B9BCDF82C80A8EB8C
:1087C00003039B444FF0000888E54FF0020AB0EE27
:1087D000498AF0EE698A00E4012309930793FFF7C1
:1087E000CBBB03D1019BDB073FF555AED9461BF848
:1087F000013D302BFAD060E6059B009A01330593CA
:108800003123137059E60D9A002A00F0638103F2B8
:108810003343049ADDF82C801A440492089A1746D0
:108820001A44089266E55046F7F73CFE53EC1A2BC3
:10883000F7F7A2FE634B0022F7F7E8FC8046A1F1B0
:108840005079614B002251EC1A0BF7F7DDFC4246E0
:108850004B4606460F46F8F791FA002840F07F8114
:1088600030463946424609F10043F8F769FA0028D4
:108870003FF48CAC4FF0000A5646AEE429460B9A02
:10888000204600F0BFFF05468DE50C903FE500F067
:108890004E81059A4D4B564206F00F0203EBC20380
:1088A000D3E9002351EC190BF7F766FE361141ECC2
:1088B0001A0B00F08881464F00234FF0020AF2079E
:1088C00006D5D7E90023F7F757FE0AF1010A01237D
:1088D000761007F10807F2D1002B3FF49DAB41EC75
:1088E0001A0BFFF799BB029B002B7FF427AEDDE943
:1088F0000212C2F31303002B3FF4F3AE1EE6002A6C
:1089000012DD294601222046019300F0DBFF51468B
:10891000054601F04FF80028019B40F33581392BC3
:1089200000F013810BF13103B94609F8013B059BB7
:108930000133374605934646BFE5A24618EE105A66
:1089400018EE904A02460B46F7F760FC42464B464B
:1089500006460F46F8F712FA60B942464B463046D3
:108960003946F8F7E3F900283FF495AC5FEACB719C
:108970007FF591AC009AFFF7F6BB7168204600F0D6
:1089800093FD0746002800F03A81336902339A00CC
:1089900006F10C010C30F8F701F8394601222046A7
:1089A00000F090FF8046EDE52946204600F02AFFC2
:1089B0000546F8E4DDE907239F1A9BE434C100086B
:1089C0000000F07F00001C400000144080C200083E
:1089D00058C20008392B00F0B880B9460133A4E72B
:1089E000059A013237460592464647E50E988D496D
:1089F00001EBC00142464B4651E90201F7F7BCFDCD
:108A00005AEC1A9B41EC180B51461AEE100AF8F773
:108A1000D5F90746F7F746FD02460B461AEE100A4F
:108A20005146F7F7F1FB06460E98DDF80080303727
:108A3000012808F8017B0F4600F0BA800E9B009ACF
:108A4000CDF838B013449B46C246774B00223046DF
:108A50003946F7F791FD89468046F8F7AFF90746A2
:108A6000F7F720FD303702460B4640464946F7F7F8
:108A7000CBFB0AF8017BDA4506460F46E5D1DA461C
:108A8000DDF838B0694B59EC188B002218EE100A4B
:108A90004946F7F7BBFB32463B46F8F751F9002849
:108AA0006DD118EE102A4B4660490020F7F7ACFB59
:108AB00032463B46F8F762F900283FF467ABD146EF
:108AC0000AF1FF3A19F8013C302BF8D0109B013322
:108AD000059302E5129BC3F136039AE6079B002B30
:108AE0003FF4A1AE0F9B002B7FF750AB059A0E937E
:108AF000013A4D4B10921AEE100A39460022F7F750
:108B00003BFD024616460F460AF10100F7F7CAFC84
:108B100032463B46F7F730FD454B0022F7F776FB30
:108B200047EC1A6B8046A1F15079FFF799BA4FF0E4
:108B3000020AB0EE49AAF0EE69AAFFF76DBA059BEA
:108B4000013305933123FFF715BB059BBB4601336A
:108B50000593392337460BF8013B46469DE44FF019
:108B6000000A56460BE698462CE4AA4618EE104A30
:108B70001AEE105A109B01330593D146ADE4109BB9
:108B8000009A0593FFF7EFBA7FF4CEAEDA077FF5D0
:108B9000CBAEC4E6392BD8D0B9F1000F3FF7C2AE47
:108BA000C2E6019B022B3FF7D5ADCDF8149060E5EE
:108BB000C24667E7019B022B3FF7CCAD0F9BCDF878
:108BC00014900793D6E44FF0020AFFF725BA194B29
:108BD0000093FFF7D7B83FF40DACC0F13C0094E42C
:108BE000002666643146204600F05EFC009068B9BD
:108BF000114B124800224FF4D57101F047F90E4B8A
:108C00000E483A4640F2EA2101F040F9009B236405
:108C100001224FF0FF3309960F930A920793FFF753
:108C2000B5BA00BF80C20008000024400000E03F49
:108C300000001C4038C1000844C1000858C10008A9
:108C400038B5084B084D5B1B9C1007D0043B1D44F6
:108C5000013C55F804399847002CF9D1BDE838405B
:108C600003F0CEB9DCC40008D8C40008F8B5244F1E
:108C70000C46064600F00CFCBA685568C4F57E63E5
:108C80000F3325F003052B4423F47F6323F00F03F8
:108C9000A3F58054B4F5805F07DB0021304600F077
:108CA000EFFFBB682B44984204D0304600F0F6FB3F
:108CB0000020F8BD6142304600F0E2FF01300DD0E7
:108CC000104ABB682D1B45F001055D6013683046F6
:108CD0001B1B136000F0E2FB0120F8BD00213046B1
:108CE00000F0CEFFBA68831A0F2BDEDD43F00103DC
:108CF0005360054B03491B68C01A0860D5E700BFE5
:108D00003C0400202439012044080020002961D0BF
:108D1000F8B50C46064600F0BBFB54F8042C7B4F1C
:108D2000A4F1080522F0010105EB010CB868DCF89C
:108D30000430604523F0030300F08B80D207CCF8A9
:108D4000043032D454F8082CAD1A1144AA6807F143
:108D5000080082426AD00CEB0304D4F804E0EC680B
:108D6000D4601EF0010FA26000F0978041F0010373
:108D70006B60CCF80010B1F5007F35D27A68CB0873
:108D800048090121013381401143796007EBC30297
:108D900057F83310083AC5E9021247F83350CD604E
:108DA0003046BDE8F84000F079BB0CEB0302526896
:108DB000D00710D4194407F10800DCF808308342CA
:108DC00073D0DCF80C20DA60936041F001036B6033
:108DD0006950D0E7704741F00103B1F5007F44F8D6
:108DE000043CCCF80010C9D3B1F5206F4FEA5123F1
:108DF00048D28B0903F1390003F13802C300F81897
:108E0000FB580838984259D05A6822F003028A4227
:108E100002D99B689842F7D1D868C5E902308560CD
:108E2000DD603046BDE8F84000F038BB0CEB0302D3
:108E30005268D20763D40B44DCE90212CA60916025
:108E400043F001026A603046EB50BDE8F84000F0A4
:108E500025BB0B44D10707D454F8082CAD1A134492
:108E6000D5E90212CA60916043F001026A60284AA3
:108E7000BD6012689A4293D8264B30461968FFF7B6
:108E8000F5FE8DE7142B0AD9542B1FD80B0B03F1D9
:108E90006F0003F16E02C300B1E719448DE703F1DF
:108EA0005C0003F15B02C300A9E741F00103C7E9DD
:108EB0000455C5E902006B60695071E7796892104A
:108EC000012404FA02F20A437A60A6E7B3F5AA7F06
:108ED00006D8CB0B03F1780003F17702C3008EE7CD
:108EE00040F25452934206D88B0C03F17D0003F1FB
:108EF0007C02C30083E74FF47E737E227FE741F05C
:108F000001036B60CCF800104AE700BF3C0400206E
:108F10004808002054390120004870473C090020CF
:108F2000704700BF704700BF704700BF704700BF69
:108F30002DE9F04F01F10B06162E83B0044624D81C
:108F4000102900F2BA8000F0A3FA1026182202209D
:108F5000B54F3A44A2F1080153688B4200F0BA8041
:108F60005A68D96822F003021A449D68E9608D604E
:108F7000516841F001012046516003F1080500F0FD
:108F80008DFA284603B0BDE8F08F36F0070600F1F1
:108F90009480B14200F2918000F07AFAB6F5FC7F3D
:108FA000C0F09A81730A00F08F80042B00F26F8169
:108FB000B30903F1390003F1380CC3009A4F3B4465
:108FC000A3F108055B689D4206D10CE0002980F200
:108FD0002781DB689D4206D05A6822F00302911B6C
:108FE0000F29F3DD60463D69DFF850C265457CD04E
:108FF0006A6822F00302931B0F2B00F37B81002B86
:10900000C7E904CC80F26C81B2F5007F80F01A8150
:10901000D308796801334FEA521E012202FA0EF298
:109020000A4357F833E0C5F808E007EBC3010839F5
:10903000E9607A6047F83350CEF80C508310012174
:109040009940914257D8114206D120F003004900BF
:10905000114200F10400FAD007EBC0094D468646E4
:10906000D5F80C80454508D11DE1002B80F2248104
:10907000D8F80C80454500F01681D8F8042022F07D
:109080000302931B0F2BF0DD2046D8E9025408EBB6
:10909000060146F00106C8F80460EC60A56043F0E4
:1090A0000104C7E90411C1E902CC4C6048F8023060
:1090B00000F0F4F908F1080502E00C232360002514
:1090C000284603B0BDE8F08F4FF4007340204FF006
:1090D0003F0C73E7D3689A4208BF02307FF440AF79
:1090E0003D69DFF858C1654582D17A688310012156
:1090F00099409142A7D9BD686B6823F003094E459A
:1091000003D8A9EB06030F2B7ADCDFF834B1474B09
:10911000DBF800201B680132334405EB090A00F03C
:10912000338103F580530F3323F47F6828F00F0851
:109130004146204600F0A4FD411C024600F0F380A9
:10914000824500F2EE803A4B1968414419600846A6
:1091500000F04E81DBF80010019301311BBFA2EB40
:109160000A0A5044CBF80020186012F0070B00F0F8
:109170001781CBF108010A44CBF5805190440831A6
:10918000A1EB0801C1F30B0A51462046009200F002
:1091900077FD421CDDE9002300F04F81801A00EBCF
:1091A0000A081968BA6048F001005144BD42506095
:1091B000196000F02981B9F10F0F40F2278168682A
:1091C000A9F10C0C2CF0070C00F0010040EA0C0097
:1091D00068604FF0050E05EB0C00BCF10F0FC0E905
:1091E00001EE00F2328150681546124B1A688A422D
:1091F00038BF1960104B1A688A4238BF196094E072
:10920000AA1943F0010346F001066E602046BA60D9
:10921000536000F043F90835284603B0BDE8F08FED
:10922000D9681A44A1E600BF3C040020543901204B
:10923000243901204C3901205039012044040020F8
:1092400044080020B2F5206F4FEA522363D3142B59
:1092500000F2B78003F15C01C9005B3307EB010E3C
:109260007958AEF1080E8E4500F091804B6823F0DE
:109270000303934202D989688E45F7D1D1F80CE0F7
:109280007A68C5E9021ECEF80850CD60D6E6142BE8
:1092900059D9542B00F29D80330B03F16F0003F179
:1092A0006E0CC3008AE60EF1010E1EF0030F05F1ED
:1092B00008057FF4D5AE51E0424445465368D8F8DE
:1092C0000C1043F00103536055F8083F2046D96065
:1092D0008B6000F0E3F8F3E6F00806F1080237E6E9
:1092E0002A442046536843F001035360083500F0D8
:1092F000D5F8E5E6A919204646F0010643F0010439
:109300006E60C7E90411C1E902CC4C60AB5000F0BB
:10931000C5F80835D4E6930903F13901C90038339B
:109320009CE7BD425FD0BD68686820F003084645F1
:10933000A8EB060302D80F2B3FF762AF204600F0E0
:10934000ADF80025BCE603F15C0003F15B0CC30043
:1093500034E659F808394B4540F0968010F0030F79
:1093600000F1FF30F5D17B6823EA01037B604900FF
:1093700099423FF6C0AE19B9BDE649000EF1040EA0
:109380001942FAD0704667E603F11008D0E69A1049
:109390004FF001087B6808FA02F21A437A6070E71E
:1093A00002EB08014942C1F30B0A514620460092E4
:1093B00000F066FC431CDDE900237FF4EFAEDA46E3
:1093C000EFE6542B25D8130B03F16F01C9006E3360
:1093D00044E7B3F5AA7F25D8F30B03F1780003F136
:1093E000770CC300EAE5294B186840441860B1E6E1
:1093F000CAF30B0CBCF1000F7FF4ACAEBD68C844DF
:1094000048F001006860F0E61546EEE6012353607F
:1094100094E7B3F5AA7F23D8D30B03F17801C900F1
:1094200077331BE740F25452934223D8B30C03F135
:109430007D0003F17C0CC300C0E5ABF1080BD84400
:10944000A8EB02084FF0000AABE605F10801204640
:109450000093FFF75BFCBD68009B68681968C4E671
:1094600040F254518B420BD8930C03F17D01C9009B
:109470007C33F3E64FF47E737F204FF07E0C9DE546
:109480004FF47E717E23E9E67B6870E72439012082
:109490000148FFF749BD00BF183901200148FFF717
:1094A00045BD00BF18390120C36C70B505460C4698
:1094B0004BB153F8240080B1026843F82420002304
:1094C000C0E9033370BD2122042100F0FFFC0346F4
:1094D000E8640028EDD1002070BD012101FA04F6F6
:1094E000721D9200284600F0F1FC0028F3D0C0E97C
:1094F0000146E4E731B1C36C4A6853F822000860C2
:1095000043F82210704700BFF0B50C69064683B0DF
:109510000D4601F1140E0020DEF800101FFA81FC48
:1095200002FB0C334FEA134C090C02FB01CC013057
:109530009BB203EB0C4384424EF8043B4FEA1C43BE
:10954000EADC3BB1AA68A24207DD05EB84020134E4
:1095500053612C61284603B0F0BD69680193013165
:109560003046FFF7A1FF019B0746B8B12A69019376
:10957000023205F10C0192000C30F7F70FFAF26C91
:109580006968019B52F82100286042F821503D464D
:1095900005EB8402013453612C61DBE7024B034885
:1095A0003A46B52100F072FC44C10008D8C1000859
:1095B000030C1B04D3B90004102310F07F4F04BF29
:1095C0000002083310F0704F04BF0001043310F0A4
:1095D000404F04BF80000233002805DB10F0804FAD
:1095E00003F1010308BF2023184670470023E4E776
:1095F000036813F00702014607D0DA071FD4980763
:1096000021D55B080B600120704798B2A0B11046CD
:10961000DAB20AB908301B0A1A0704BF1B09043062
:109620009A0704BF9B080230DA0703D45B0800F1F5
:10963000010006D00B6070471B0C1020E8E70020EB
:109640007047202070479B080B600220704700BFC6
:1096500038B5C36C04460D464BB15868B0B10268CA
:109660005A6000220123C0E90435C26038BD2122BE
:10967000042100F02BFC0346E0640028EDD1094BE7
:10968000094800224FF4A07100F000FC1C220121C7
:10969000204600F01BFC0028F1D001220223C0E983
:1096A0000123DEE744C10008D8C100082DE9F04FCE
:1096B0000E691569AE4285B08846144605DB2A4618
:1096C000234635460C4616469846A3686168AF198E
:1096D000BB42B8BF0131FFF7E7FE0190002800F060
:1096E0008680019B03F1140909EB870AD14505D255
:1096F0004B46002243F8042B9A45FBD808F1140886
:1097000008EB860B04F11403D8451A4603EB8505D4
:109710005FD22B1B153B23F0030304331534A54202
:1097200038BF0423CDE902A7AC461F46924605E0A8
:10973000000C29D1C34509F1040948D958F8040B94
:1097400085B2002DF4D056464C46002356F8040B43
:10975000216882B21FFA81FE05FB02EE000C0A0CA2
:10976000734405FB002202EB13429BB243EA02431F
:10977000B44544F8043B4FEA1243E7D849F80730B0
:1097800058F8040C000CD5D0D9F8003054461946CE
:109790004D4600222688090C00FB06110A449BB2A4
:1097A00043EA024345F8043B54F8046B2968360C3D
:1097B0008BB200FB063303EB1243A4454FEA13427E
:1097C000E8D8C34549F8073009F10409B6D8DDE9FE
:1097D00002A7002F02DC05E0013F03D05AF8043D48
:1097E000002BF9D00198076105B0BDE8F08F034B5D
:1097F0000348019A40F25D1100F048FB44C10008A3
:10980000D8C1000812F003032DE9F04114460646C2
:1098100032D10D46A41020D0D6F84880B8F1000F00
:1098200033D0E3074FF0000707D4641015D0D8F801
:109830000000A8B18046E307F7D5424629463046E6
:10984000FFF734FFB5B16968F36C641053F8212059
:109850002A6043F821500546E9D12846BDE8F08149
:10986000424641463046FFF721FFC8F80000076036
:109870008046E0E70546D8E7013B0F4A52F823202F
:109880000023FFF741FE0546C4E701213046FFF7FC
:109890000BFE804640B1012340F27122C0E9043240
:1098A0000023B0640360BCE7044B054842464FF414
:1098B000A07100F0EBFA00BF48C3000844C10008E3
:1098C000D8C100082DE9F0470C4690462669A368E8
:1098D000496806EB6216751C9D4207464FEA6219FD
:1098E00004DD5B009D4201F10101FADC3846FFF71F
:1098F000DBFD8446002851D0B9F1000F00F11400BF
:109900000EDD09F105024FEA820E03460CEB8202DE
:10991000002143F8041B9342FBD1AEF11403184419
:10992000216904F1140318F01F0803EB81012DD005
:10993000C8F1200986464FF0000A1A6802FA08F2B8
:1099400042EA0A024EF8042B53F8042B994222FAF9
:1099500009FAF2D80B1B153B23F00303043304F17F
:109960001502914238BF0423BAF1000F18BF2E46EA
:1099700040F803A0FB6C6268CCF8106053F822102A
:109980002160604643F82240BDE8F087043853F870
:10999000042B40F8042F9942F9D8EBE7034B044815
:1099A000624640F2D91100F071FA00BF44C10008CC
:1099B000D8C100080B6984460069C01A16D10CF1A1
:1099C000140C14310CEB830210B401EB830301E09F
:1099D000944508D252F8044D53F8041D8C42F7D038
:1099E00005D24FF0FF305DF8044B704770470120FF
:1099F0005DF8044B704700BF2DE9F84F0F691369FC
:109A0000FF1A002F0E4690467AD101F11405143248
:109A100002EB830205EB830301E09D4273D253F80E
:109A2000041D52F8044DA142F7D064D37168FFF7CA
:109A30003BFD8146002872D03569D8F81020C760F8
:109A400008F1140E06F1140009F1140A06F1100CC5
:109A50000EEB820200EB8507564600215EF8044BB0
:109A60005CF804BFA3B211FA8BF1CB1A210CC1EB45
:109A70001B4101EB23419BB243EA0143724546F887
:109A8000043B4FEA2141E9D8A2EB0804153C08F158
:109A90001508424524F0030606F1040638BF0426E3
:109AA000304424F0030238BF002287425244B244BB
:109AB00016D95646044654F8043B11FA83F10A14A9
:109AC00002EB134289B241EA0243A74246F8043B43
:109AD0004FEA2241EFD87A1E101A20F003025244B6
:109AE00023B952F8043D013D002BFAD0C9F81050BB
:109AF0004846BDE8F88F334601274646984695E725
:109B0000F9DB002792E70021FFF7CEFC814668B120
:109B100001220023C9E904234846BDE8F88F074B1A
:109B200007484A464FF4107100F0B0F9034B04485F
:109B30004A4640F2322100F0A9F900BF44C10008B2
:109B4000D8C100082DE9F043884683B0012157ECC5
:109B5000106B1546FFF7A8FC044600284FD0C7F34A
:109B60000A59C7F31303B9F1000F01D043F480136E
:109B7000002E019324D068460096FFF739FD002897
:109B800039D0DDE90013C0F1200203FA02F20A43E2
:109B9000C34062610193002B14BF02220122A36122
:109BA0002261B9F1000F16D0A9F233430344C0F18A
:109BB0003500C8F800302860204603B0BDE8F083C7
:109BC00001A8FFF715FD019B63610122203022618E
:109BD000B9F1000FE8D104EB8203A0F23240C8F8DB
:109BE00000001869FFF7E4FCC0EB42102860204633
:109BF00003B0BDE8F083009B6361019BCBE7034B9F
:109C00000348224640F20A3100F040F944C10008FE
:109C1000D8C1000853EC102B70B5164E23F000414C
:109C20000025B1420446056021DC10EE106A0E43A7
:109C30001DD0114E1E40184666B91946002210EE7E
:109C4000100A0E4BF6F798FC6FF0350502460846F1
:109C500021F0004120F0FF40091520F4E000A1F2BE
:109C6000FE3140F07F53294443F40013216043EC5C
:109C7000102B70BDFFFFEF7F0000F07F000050430E
:109C800038B5074D0022044608462A60F7F79EFCC7
:109C9000431C00D038BD2B68002BFBD0236038BD9F
:109CA0005839012030B540EA0104A30701D1032A45
:109CB0000FD8844601F1FF3E07E01EF8011F03F8AC
:109CC000011B541EC1B19C4622466346002AF4D1B2
:109CD00030BD0B468446194653F8045BA5F10134A8
:109CE00024EA050414F0803FE4D1043A032A4CF836
:109CF000045B1946EFD8DDE76244002CE8D003F896
:109D0000011B9342FBD130BD2DE9F04F936883B026
:109D10009146002B6ED017688D6880460C46086807
:109D2000083744E0A38913F4906F2ED0D4E90415CA
:109D3000A0EB010A05EB450505EBD5750AEB06001E
:109D40006D100130A8422A4684BF05462A465B05AD
:109D500037D511464046FFF7EBF800283BD0524676
:109D600021690190F6F71AFEA289019B22F4906204
:109D700042F08002A281A5EB0A0203EB0A006561B2
:109D8000A260236120603546B2465946524600F033
:109D9000FDF8A068D9F808102368451B8E1B03EB5B
:109DA0000A00A5602060C9F808601EB3083757E9AB
:109DB00002B6002EFAD0B542AA46B3D93546B2460D
:109DC000E3E7404600F05EF903460028D3D121695D
:109DD0004046FEF79BFF0C23C8F80030A389002201
:109DE00043F040034FF0FF30A381C9E9012203B0E3
:109DF000BDE8F08F0020C9F8040003B0BDE8F08F83
:109E00002DE9F047DFF880A00646DAF80000984612
:109E10000F469146FFF788F81A4B1B68D3F8484164
:109E200024B365681F2D26DC5EB96B1C0235DAF899
:109E30000000636044F82570FFF778F80020BDE863
:109E4000F08704EB85010123C1F88890D4F88821BC
:109E5000AB401A43022EC4F88821C1F80881E4D12E
:109E6000D4F88C211343C4F88C31DEE703F5A674D3
:109E7000C3F84841D5E7DAF80000FFF757F84FF08C
:109E8000FF30DCE7CCC000083804002000B50B4CE4
:109E900025681446EE681A4685B003460D464CB157
:109EA00007490095CDE901143046064900F03EF817
:109EB00001F0C2FA04490C46F3E700BF0C00002091
:109EC00054C3000864C3000860C3000810B502FB57
:109ED00001F1FFF72DF8044668B150F8042C22F088
:109EE0000302043A242A18D8132A06D8024600236B
:109EF000C2E900339360204610BD00231B2AC0E94D
:109F000000330FD9242AC0E9023311BF00F1100237
:109F1000036100F118024361E9E70021FCF76EF8E4
:109F2000204610BD00F10802E1E700BF0EB410B5F5
:109F300083B005AB064C53F8042B0193014620680F
:109F400000F0C8FA03B0BDE8104003B0704700BF8E
:109F50000C000020014B93F8280170474C080020AA
:109F600082B049B15AB16BB113780B601278101EF0
:109F700018BF012002B0704701A9002AF3D1104692
:109F800002B070476FF00100F4E700BF88420DD9BE
:109F90008B1883420AD900EB020CBAB1624613F85F
:109FA00001CD02F801CD9942F9D170470F2A0ED8A0
:109FB000034602F1FF3C4AB10CF1010C013B8C4419
:109FC00011F8012B03F8012F6145F9D1704740EAE0
:109FD00001039B0750D1A2F1100370B501F1200CD1
:109FE00023F00F0501F1100E00F11004AC441B0921
:109FF0005EF8105C44F8105C5EF80C5C44F80C5C95
:10A000005EF8085C44F8085C5EF8045C44F8045CA4
:10A010000EF1100EE64504F11004E9D1013312F0FF
:10A020000C0F01EB031102F00F0400EB031327D018
:10A03000043C24F003064FEA940C1E441C1F8E4679
:10A040005EF8045B44F8045FB442F9D10CF10104FA
:10A0500002F0030203EB840301EB840102F1FF3CF5
:10A060004AB10CF1010C013B8C4411F8012B03F8AF
:10A07000012F6145F9D170BD02F1FF3C03469BE71A
:10A080002246EBE72DE9F84F1746002900F09880AB
:10A0900007F10B0580460C46FFF7FAF9162D5DD83F
:10A0A00010252A46AF425ED854F8041C21F003065E
:10A0B0009642A4F1080962DABC4BD3F808C009EB58
:10A0C0000600844500F09780D0F804C02CF001030E
:10A0D00003445B68DB0768D42CF0030C06EB0C032D
:10A0E000934247DACB0710D454F8083CA9EB030A93
:10A0F000DAF8043023F003018C44B444944580F230
:10A1000011817318934280F2E88039464046FEF789
:10A110000FFF0746E0B154F8043C23F001034B4421
:10A12000A0F10802934200F0D280321F242A00F2EC
:10A13000F580132A00F2AC800346224611681960AC
:10A140005168596092689A6021464046FEF7DEFDEC
:10A150004046FFF7A3F93846BDE8F88F25F007051C
:10A16000002D2A469EDA0C23C8F800300027384616
:10A17000BDE8F88F1E46D0E90223D3609A60731BB6
:10A180000F2B22D8D9F8043003F0010333434E4497
:10A19000C9F80430736843F00103736040462746F2
:10A1A000FFF77CF93846BDE8F88FC907ADD454F8FD
:10A1B000083CA9EB030ADAF8041021F00301A0E738
:10A1C000BDE8F84F1146FEF7B3BED9F8041001F010
:10A1D00001012943C9F8041009EB05014E4443F07D
:10A1E00001034B60736843F001030831736040461C
:10A1F000FEF78CFDD2E7DCF8040020F0030B06EB41
:10A200000B0C05F1100084454DDAC9073FF57DAF11
:10A2100054F8081CA9EB010ADAF8041021F0030134
:10A220008B44B34458453FF76CAF5746DAF80C10EF
:10A2300057F8080F321F242AC160886000F2DB80C3
:10A24000132A40F2D6802168CAF808106168CAF85B
:10A250000C101B2A00F2DF8008340AF1100221687A
:10A26000116061685160A16891600AEB0501ABEB78
:10A27000050242F0010299604A60DAF8043003F006
:10A2800001031D434046CAF80450FFF707F96EE783
:10A2900023680360636843601B2A68D804F10802DE
:10A2A00000F108034AE709EB05029A60ACEB0503ED
:10A2B00043F00103536054F8043C03F001031D43D1
:10A2C000404644F8045CFFF7E9F827464FE750F8AA
:10A2D000043C23F003031E4451E75746DAF80C1000
:10A2E00057F8080F321F242AC16088604CD8132AFF
:10A2F00048D92168CAF808106168CAF80C101B2AEE
:10A3000056D808340AF110021E46236813606368A9
:10A310005360A3689360D1463C4630E72146FFF77F
:10A3200035FE11E7D0E902135746CB60996057F824
:10A33000081FDAF80C30CB60321F242A99602DD820
:10A34000132A29D92368CAF808306368CAF80C3080
:10A350001B2A42D808340AF1100322681A60626886
:10A360005A60A2689A606646D1463C4607E7A368F1
:10A370008360E368C360242A26D004F1100200F150
:10A380001003DBE63A46BFE7214638461E46D14673
:10A39000FFF7FCFD3C46F2E63B46DEE72146384649
:10A3A0006646D146FFF7F2FD3C46E8E63C04002055
:10A3B000A168CAF81010E168CAF81410242A20D045
:10A3C00010340AF118029FE7236903616169416152
:10A3D00004F1180200F11803B0E6A368CAF81030BF
:10A3E000E368CAF81430242A21D010340AF1180383
:10A3F000B3E73A4633E721463846FFF7C7FD164B29
:10A4000033E72269CAF818206269CAF81C20183498
:10A410000AF1200278E7A168CAF81010E168CAF8CA
:10A420001410242A0DD010340AF1180217E72369FA
:10A43000CAF818306369CAF81C3018340AF12003CE
:10A440008BE72269CAF818206269CAF81C20183400
:10A450000AF1200203E700BF3C0400202DE9F84F79
:10A460004B6E9C0490462DD59368126843B38B467F
:10A47000064602F1080959E9025A5FEA9A0715D01F
:10A48000043D002401E0A7420ED055F8041F5A46AF
:10A49000304601F08BF9431C04F10104F3D1002391
:10A4A000C8E90133BDE8F88FD8F808302AF0030A6C
:10A4B000A3EB0A03C8F8083009F10809002BDAD128
:10A4C0000020ECE701F0A6F90023C8E90133BDE85C
:10A4D000F88F00BF2DE9F04F2DED028BBBB008EED9
:10A4E000101A08EE900A1C461746039318B1836BA6
:10A4F000002B00F09C8218EE102A536EDE0740F10C
:10A500009E81B2F90C108AB2900409D441F4005231
:10A5100018EE101A4B6E8A8123F4005392B24B66E8
:10A52000110740F1F88018EE103A1B69002B00F07B
:10A53000F28002F01A030A2B00F0FE8011AB0E939A
:10A540000023CDE90F33CDE9083306930DF144091B
:10A55000079302933B78002B00F05B813C4604E0BC
:10A5600014F8013F002B00F03481252BF8D1E51BB6
:10A5700040F031812378002B00F04B814FF0000335
:10A5800000258DF83330671C637801954FF0FF3B51
:10A590002B240137A3F120025A2A00F26181DFE85F
:10A5A00012F0AB025F015F01A7025F015F015F0173
:10A5B0006A005F015F0149027E025F015402B90235
:10A5C0005F01B5025B005B005B005B005B005B0052
:10A5D0005B005B005B005F015F015F015F015F018A
:10A5E0005F015F015F015F01360284005F015F016F
:10A5F0005F015F015F015F015F015F015F015F015B
:10A60000E5005F015F015F011A025F016C025F01FB
:10A610005F0148055F015F015F015F015F015F014D
:10A620005F015F015F015F01360286005F015F012C
:10A630005F016202860080005F0158025F019402A0
:10A64000E700820280005F011A027E0068055F0158
:10A650005F016A055F017E00A3F13002002117F857
:10A66000013B01EB810102EB4101A3F13002092A18
:10A67000F5D901918EE718EE900AFEF74DFC43687C
:10A6800008931846F6F73CFA0990064618EE900A29
:10A69000FEF742FC83680793002E40F0A5843B78C8
:10A6A00077E73B7845F0200573E745F01005AC06E9
:10A6B000039E40F18281073626F007063246736812
:10A6C00052F8086B03929846002BC0F25584BBF1F8
:10A6D000FF3F00F03A8556EA080325F0800A00F0B3
:10A6E00030840A2E78F1000380F0E78430360123AD
:10A6F0008DF8E760554600930DF1E704009A9DF848
:10A7000033305A45B8BF5A469046002B00F0B78008
:10A7100002F10108B3E018EE101A18EE900A18EED4
:10A72000105A00F01FFE002840F0A885AA8902F008
:10A730001A030A2B7FF402AF18EE101AB1F90E308B
:10A74000002BFFF6FBAE4B6EDE0702D4950540F101
:10A75000738518EE101A18EE900A23463A463BB05D
:10A76000BDEC028BBDE8F04F00F0AEBD45F010052A
:10A7700015F0200800F01281039E073626F0070628
:10A780003346D6F8048053F8086B039325F4806AA7
:10A7900000234FF000028DF83320BBF1FF3F00F0A3
:10A7A000D38156EA08022AF0800540F0CC81BBF143
:10A7B000000F40F0CD84002B40F0C8831AF0010355
:10A7C000009300F0F88330238DF8E7300DF1E704B3
:10A7D00094E7E51B1DD00F9B109A01332A44072BE9
:10A7E000C9E9007510920F9305DC09F10809029B75
:10A7F0002B440293BEE6002A00F09F8318EE101A45
:10A8000018EE900A0EAAFFF729FE40B90DF144098F
:10A81000EDE7109B002B40F0208500230F9318EEEE
:10A82000102A536ED90740F1AE8093895B0600F180
:10A830002E8502983BB0BDEC028BBDE8F08FB2F9DB
:10A840000C108D0518EE103A8AB23FF55DAE18EE89
:10A85000105A986DFEF768FBB5F90C108AB253E6F2
:10A86000002BD6D08DF884304FF001084FF0000354
:10A870008DF83330CDF8008021AC4FF0000B15F08F
:10A880000203049318BF08F1020815F0840305932E
:10A8900005D1019BA3EB0806002E00F37F82DDE9C2
:10A8A0000F21501C9DF833608EB10DF13302013140
:10A8B000C9F8002007284FF00102CDE90F01C9F8BF
:10A8C000042000F34C82024609F108090130049B80
:10A8D000EBB10DAB0231C9F8003007284FF002038D
:10A8E000CDE90F01C9F8043040F35382002900F08C
:10A8F0001F8318EE101A18EE900A0EAAFFF7AEFD8D
:10A9000000288CD1DDE90F210DF14409501C059B75
:10A91000802B00F05A81009BABEB0306002E00F366
:10A92000BD81009BC9F8004019440728CDE90F01FB
:10A93000C9F8043040F34681002900F0858218EE02
:10A94000101A18EE900A0EAAFFF788FD00287FF46F
:10A9500066AF10990DF14409680705D5019BA3EB7B
:10A960000804002C00F37A82DDE901234245ACBFE4
:10A970009B1843440293002940F0E08100230F9389
:10A980000DF14409E6E593899A053FF54FAF18EEBE
:10A99000104AA06DFEF7CAFAA38947E715F0100325
:10A9A00040F03A8315F0400200F0F983039A52F820
:10A9B000046B03929846B6B2E8E656F8043B039659
:10A9C000E80600F10483690640F1FE8243F3C038D3
:10A9D0001EB2434678E6039E56F8044B4FF0000340
:10A9E0008DF83330002C00F0C183BBF1FF3F00F045
:10A9F00045835A4600212046F6F7F2F8002800F079
:10AA00002084031B009303964FF0000B76E6039E11
:10AA10004FF000038DF833304FF0010856F8043B37
:10AA20008DF884300396CDF8008021AC25E700F046
:10AA3000D7FD60E5039B53F8042B0192002A80F2B6
:10AA4000B682019A0393524201923B7845F0040585
:10AA50009FE53B786C2B03BF7B7845F020050137E1
:10AA600045F0100595E53B78682B03BF7B7845F4EE
:10AA70000075013745F040058BE545F0100A1AF0E6
:10AA8000200800F06A82039E073626F00706334648
:10AA9000D6F8048053F8086B0393012379E63B78DA
:10AAA0008DF8334075E5039B53F8046B0393302313
:10AAB0008DF8343078238DF83530C14B069345F04E
:10AAC000020A4FF00008022363E6AE0600F19A8204
:10AAD000EC0600F14383680600F1A083A90540F16C
:10AAE0003D83039E029A56F8043B03961A7031E5A3
:10AAF0003B7845F001054CE59DF83330002B7FF4A1
:10AB0000CEAD20238DF833303B7842E53B7845F0DD
:10AB100080053EE5394611F8013B2A2B00F0C08341
:10AB2000A3F13002092A0F464FF0000B3FF632AD79
:10AB300017F8013B0BEB8B0B02EB4B0BA3F1300235
:10AB4000092AF5D926E5AA46012B3FF4CAAD022B06
:10AB50003AAC12D1069A06F00F033609D35C04F81A
:10AB6000013D46EA08764FEA181856EA0803F2D182
:10AB70003AAB1B1B55460093C0E506F00703F608E9
:10AB800046EA48764FEAD808303356EA08012246AA
:10AB900004F8013DF1D11AF0010FE9D0302BE7D0D4
:10ABA0003023023A04F8013C3AAB9B1A5546009315
:10ABB0001446A3E5009911940123129110910F936B
:10ABC0000DF1440909F10809C6E6019BA3EB08064B
:10ABD000002E7FF7A0AE102E40F35E83DFF8E4A1D5
:10ABE0005346CDE90445BA4618EE904A18EE105A7D
:10ABF000084696461F4607E00EF1020C09F10809C7
:10AC00009646103E102E1FDD0EF10102103010236B
:10AC1000072ACDE90F20C9F80070C9F80430EBDD30
:10AC20000EAA002800F09580294620460DF144091F
:10AC3000FFF714FC00287FF4F2ADDDE90FE0103ED1
:10AC4000102E0EF1010CDFDCDDE904453B46014628
:10AC500057469A463144BCF1070FCDE90FC1C9F8F8
:10AC600000A0C9F8046040F3A981002900F0C68261
:10AC700018EE101A18EE900A0EAAFFF7EFFB002844
:10AC80007FF4CDAD009BDDE90F21ABEB0306002E79
:10AC900002F101000DF144097FF743AE102EDFF8F9
:10ACA00024A137DD5346CDE90445BA4618EE904A53
:10ACB00018EE105A4FF0100B084694461F4607E056
:10ACC0000CF1020E09F108099446103E102E1ADD0F
:10ACD0000CF101021030072AC9E9007BCDE90F20F1
:10ACE000EEDD0EAA20B3294620460DF14409FFF7F8
:10ACF000B5FB00287FF493ADDDE90FC0103E102EA8
:10AD00000CF1010EE4DCDDE904453B460146574603
:10AD100070469A4631440728CDE90F01C9F800A0D2
:10AD2000C9F8046000F3EE8009F108090130F8E584
:10AD30004FF0010E84460DF14409C6E718EE101AD3
:10AD400018EE900A0EAAFFF789FB00283FF416AE12
:10AD500065E54FF0010C86460DF1440951E70029E5
:10AD600000F0E38018EE101A18EE900A0EAAFFF712
:10AD700075FB00287FF453ADDDE90F210DF1440987
:10AD8000501CA4E502210DAB1291119301200DF18D
:10AD90004409024609F10809501CB8E5102E40F399
:10ADA0005682DDE90FC1DFF820A0CDE90A45102366
:10ADB000544618EE105A18EE90AA08460EE000BF4E
:10ADC000E0C00008B4C30008A4C300080CF1020EE0
:10ADD00009F108099446103E102E1CDD0CF1010209
:10ADE0001030072AC9E90043CDE90F20EEDD0EAA95
:10ADF00020B3294650460DF14409FFF72FFB0028E8
:10AE00007FF40DADDDE90FC0103E102E0CF1010EE8
:10AE10004FF01003E2DCA2460B9D0A9C01467246ED
:10AE20003144072ACDE90F21C9F800A0C9F8046010
:10AE300000F3AB8009F10809501C33E584464FF05C
:10AE4000010E0DF14409C6E76C070F9152D5019B25
:10AE5000A3EB0804002C4DDD0DF14409102C40F348
:10AE60000882DFF85CA40F9A0B46BB46494657465A
:10AE700018EE109A18EE90AA102505E0901C0831E3
:10AE80003246103C102C18DD561C1033072EC1E939
:10AE90000075CDE90F63F1DD0EAA3BB3494650467C
:10AEA000FFF7DCFA00287FF4BAACDDE90F23103C91
:10AEB000102C02F1010011A9E6DC8946BA461946B8
:10AEC0005F4621440728C9E900A4CDE90F017FF7B7
:10AED0004BAD79B118EE101A18EE900A0EAAFFF7D2
:10AEE000BDFA00287FF49BAC10993DE501201A467D
:10AEF00011A9C6E7DDE901234245ACBF9B184344D5
:10AF000002933BE500293FF455AE18EE101A18EEF7
:10AF1000900A0EAAFFF7A2FA00287FF480AC0F98DF
:10AF2000109901300DF14409FBE4049B002B79D109
:10AF300001200A460DF14409E9E40F920DF144099C
:10AF400055E4BBF1000F7FF4D1AB55464FF0000B39
:10AF5000CDF800B03AACFFF7D1BB1AF010033CD1EA
:10AF60001AF0400200F00C81039A52F8046B03922D
:10AF70009846B6B201230CE42D2376428DF8333087
:10AF800068EB4808AA46012307E400297FD018EEA1
:10AF9000101A18EE900A0EAAFFF760FA00287FF444
:10AFA0003EACDDE90F210DF14409501C7AE4039316
:10AFB0003B78FFF7EEBA3AACFFF7A0BB09F10809FE
:10AFC0000CF101006246A6E4AA0500F12F814FEAC8
:10AFD000E3781E464346FFF777BB039B53F8046BA9
:10AFE00003930123FFF7D5BB079B002B3FF457AB1F
:10AFF000079B1B78002B3FF452AB3B7845F48065F0
:10B00000FFF7C7BADDE9021656F8042B0396CB17F3
:10B01000C2E90013FFF79EBA039B53F8046B039336
:10B02000FFF7B4BB02210DAB129111930DF144094E
:10B03000B0E6A04A069215F0200836D0039E0736E7
:10B0400026F007063246D6F8048052F8086B0392C1
:10B05000EA0709D556EA080206D08DF835303023C4
:10B0600045F002058DF8343025F4806A0223FFF79D
:10B0700090BBAA4603E5904A0692DCE72046039679
:10B08000F5F73EFD4FF0000B0090FFF737BB9DF842
:10B090003320002A00F0B88001200DF13302129015
:10B0A00011920DF1440901460DE415F0100242D051
:10B0B000039A52F8046B0392CAE70AF48063CDF84E
:10B0C00000A0CDF81090BA46DDF81C9000253AACEF
:10B0D0001F4609E030464146F5F798FE0A2E78F102
:10B0E00000031BD306468846304641460A22002309
:10B0F000F5F78CFE1146303104F8011C0A220023BA
:10B10000013C0135002FE5D099F80010A942E1D1AA
:10B11000FF2DDFD00A2E78F100035BD257463AAB01
:10B12000DDF800A0CDF81C901B1BDDF810900093FB
:10B130005546FFF7E3BA15F040013ED0039951F8A8
:10B14000046B03919046B6B282E7AA46FFF7C9BAEC
:10B15000012BAA467FF4FBACFFF7C8BA039E029A04
:10B1600056F8043B1A600396FFF7F4B95B46062BCA
:10B1700028BF0623514C009303969846FFF77DBBEA
:10B18000039B1AF4007814BF53F8046B53F8046B54
:10B1900003931CBF9046F6B20123FFF7FABA039B54
:10B1A00015F4007814BF53F8046B53F8046B039341
:10B1B0001CBF9046F6B2FFF7E9BA039A15F400787F
:10B1C00014BF52F8046B52F8046B03921CBF8846FC
:10B1D000F6B23DE7099B0899E41A1A462046FEF7A5
:10B1E00061FD99F801300BB109F101093046414682
:10B1F0000A2200230025F5F709FE73E701200A461D
:10B200000DF14409FFF787BB049B002B7FF4BAAD17
:10B210000A4601200DF14409FFF77DBB039E029A07
:10B2200056F8043B03961A80FFF794B943F3C0180D
:10B230005EB24346FFF748BA886DFDF777FEFFF729
:10B2400088BACDF800B003968346FFF757BA0F9A35
:10B250001099DFF86CA00132E2E518EE101A18EE32
:10B26000900A0EAAFFF7FAF800283FF4D6AAFFF7D3
:10B27000D6BA0F98DFF848A0013022E66B6EDB07E4
:10B2800005D4AB899F0502D4A86DFDF74FFE4FF0A2
:10B29000FF330293FFF7CDBADFF828A08446D9E444
:10B2A000039A7B780F4652F8041B039241EAE17B34
:10B2B000FFF76FB9F4C00008E0C0000808C100083B
:10B2C000A4C30008B4C3000870B50C468989ADF565
:10B2D0008E6D21F00201ADF81410616E1B91E189B1
:10B2E000ADF81610E1690991616A0B911CA90291F0
:10B2F00006914FF4806106460491079118A8002139
:10B30000CDE900320891FDF70BFEDDE9003202A91C
:10B310003046FFF7DFF8051E07DB02A9304600F0D4
:10B320002BF9002818BF4FF0FF35BDF814305B062D
:10B3300003D5A38943F04003A3811898FDF7F2FDDC
:10B3400028460DF58E6D70BD49B1FF2A02D80A70EE
:10B35000012070478A2303604FF0FF307047084692
:10B36000704700BF38B5334B1B6805460C460BB120
:10B370009A6B12B3B4F90C3018079AB225D521692B
:10B3800000292DD012F0010007D00020A0606069D4
:10B390004042A06139B1002038BD950758BF6069AF
:10B3A000A0600029F7D1120658BF0846F4D543F033
:10B3B0004003A3814FF0FF3038BD184600F010F96C
:10B3C000B4F90C3018079AB2D9D4D1062AD552074D
:10B3D00014D4216943F00803A3819AB20029D1D182
:10B3E00002F42070B0F5007FCCD02146284600F052
:10B3F000ADFBB4F90C3021699AB2C3E7216B51B1AE
:10B4000004F14002914204D02846FDF77FFCB4F9D4
:10B410000C300022226321690022C4E9001223F0CB
:10B420002403D7E7092243F040032A604FF0FF309E
:10B43000A38138BD0C00002008B5062000F0F6FB03
:10B440000120F6F74CF800BFB1F90C202DE9F041CE
:10B450000C461107804647D4636842F40062002B13
:10B46000A2815EDDA56A002D58D00023D8F80060C7
:10B47000C8F8003093B212F4805256D10123E1692A
:10B480004046A847431C67D0A389A56A5F0705D536
:10B490006368C01A236B0BB1E36BC01AE169024603
:10B4A00000234046A847411C41D1D8F80030002B6A
:10B4B0003DD01D2B01D0162B56D1A38922692260C5
:10B4C00023F4006300216160A381216BC8F8006050
:10B4D00021B304F14003994202D04046FDF716FC27
:10B4E00000202063BDE8F0812669BEB193B22568D3
:10B4F00026609A070CBF63690023AD1BA3600BE0B5
:10B500002B463246E169676A4046B847B0F1000C05
:10B51000A5EB0C05664417DD002DF1DC0020BDE82D
:10B52000F081E36B002B9DDCF8E7206DAEE7B4F90A
:10B530000C302269226023F40063A3810022DB0423
:10B540006260C2D52065C0E7A38943F040034FF095
:10B55000FF30A381BDE8F081D8F80030002B93D0F4
:10B560001D2B06D0162B04D0A38943F04003A381E2
:10B57000D5E7C8F80060D1E738B50C46054608B1F4
:10B58000836BA3B1B4F90C00B8B1636EDB0701D4CF
:10B59000810515D528462146FFF756FF636EDA0769
:10B5A000054602D4A3899B050ED5284638BD00F078
:10B5B00017F8B4F90C000028E7D10546284638BD35
:10B5C000A06DFDF7B1FCE5E7A06DFDF7AFFC2846E7
:10B5D00038BD00BF014900F095BA00BF81BE000828
:10B5E0002DE9F04782463948FDF79EFCDAF83840ED
:10B5F000002C66D1DAF80450354ACAF83C200323FF
:10B60000CAE9B843DFF8DC90DFF8DC80314F324E16
:10B6100004230AF53B72CAF8E8222146C5E9024331
:10B62000C5E90044C5E904446C660822AC6105F133
:10B630005C00FAF7E3FCC5E90759C5E90987EE6242
:10B6400005F15800FDF76CFCDAF80850234BEB606D
:10B650002146C5E90044C5E904446C66AC60AC61B0
:10B66000082205F15C00FAF7C9FCC5E90759C5E9EC
:10B670000987EE6205F15800FDF752FCDAF80C502C
:10B68000174BEB602146C5E90044C5E904446C66EC
:10B69000AC60AC61082205F15C00FAF7AFFC05F183
:10B6A0005800C5E90759C5E90A76C5F82480FDF7B1
:10B6B00037FC0123CAF838300448BDE8F047FDF7ED
:10B6C00035BCBDE8F0470148FDF730BC203901200A
:10B6D000D5B500081DBD00083DBD000809000100EA
:10B6E00012000200B9BC0008DDBC00080148FDF7EB
:10B6F0001BBC00BF1C3901200148FDF717BC00BF6F
:10B700001C3901202DE9F04782B082468846144654
:10B71000FEF720FC012803D108F1FF33FE2B36D9B8
:10B72000424604F15C0301A9504600F063FB421C51
:10B73000064632D030B39DF804C00DF1050900254E
:10B7400009E023685A1C226083F800C00135B54225
:10B7500018D219F801CBA368013B002BA360F0DAE3
:10B76000A769BB4261462246504602DBBCF10A0F84
:10B77000E7D100F0E7FA431CE8D10646304602B0B4
:10B78000BDE8F0874646304602B0BDE8F0875FFA74
:10B7900088FC8DF804C00646CFE7A389304643F005
:10B7A0004003A38102B0BDE8F08700BF30B5536EFF
:10B7B00013F0010FB2F90C30144683B005469AB26B
:10B7C00001D198051CD5900406D4626E43F4005351
:10B7D00042F40052A381626622462846FFF792FF98
:10B7E000636EDA07054602D4A3899B0502D5284675
:10B7F00003B030BDA06DFDF799FB284603B030BD06
:10B80000A06D0191FDF790FBB4F90C3001999AB24B
:10B81000D9E700BF9368002B00F085802DE9F04F39
:10B82000B1F90C300C461907804683B0174698B220
:10B8300025D523691BB310F002033D682DD04FF0CE
:10B84000000ADFF8BCB25646B9465E45334652465A
:10B8500028BF5B464046002E52D0E169676AB84770
:10B86000002856DDD9F808301B1A8244361AC9F868
:10B870000830002BE9D1002003B0BDE8F08F21464D
:10B880004046FFF76FFD002840F03681B4F90C30D8
:10B890003D6898B210F00203D1D110F0010944D1F3
:10B8A0004E46009746B38205D4F808B040F1838035
:10B8B000B3455A4600F2B28010F4906F40F0BF805A
:10B8C000206801924946FEF761FBA368019AA3EB49
:10B8D0000B012368A1601344B24623600026009B3D
:10B8E0009868A0EB0A00D14498600028C3D0B4F94E
:10B8F0000C0080B2002ED6D1D5E900960835D1E7EC
:10B90000D5E900A60835A0E721464046FFF734FEFA
:10B9100080B3B4F90C3043F040034FF0FF30A38103
:10B9200003B0BDE8F08F002070471E46AA46994636
:10B9300018461D46009756B388B34A46D4E9041307
:10B940002068B24228BF3246884205D9A16803EB7D
:10B95000010B5A4500F3A680934263DCE169676AF4
:10B960002A464046B847B0F1000BD2DDB9EB0B09CF
:10B97000CAD00120009A9368A3EB0B035D44A6EBA9
:10B980000B069360002B3FF476AF002ED4D10AF162
:10B99000080353E902569A460833002EF9D032467E
:10B9A0000A212846F5F71CF9002800F09C80013098
:10B9B000A0EB0509C1E720682369984216D863699E
:10B9C000B34213D86FF00042B24228BF3246E16959
:10B9D00092FBF3F2676A02FB03F340464A46B8471C
:10B9E000B0F1000A95DDA6EB0A0678E7B345DA4622
:10B9F00028BFB24652464946FEF7C8FAA3682268F5
:10BA0000A3EB0A035244A3602260002BEBD1214632
:10BA10004046FFF7B1FD0028E5D07AE72068B3463D
:10BA200032464EE729460192FEF7B0FA019AA36822
:10BA30009B1AA360236813442360934696E7236808
:10BA40002169A3EB010B636903EB430A0AEBDA7A82
:10BA50000BF101034FEA6A0A33445345524684BF4F
:10BA60009A46524643052CD511464046FDF760FAEA
:10BA700000283BD05A4621690190F4F78FFFA28934
:10BA8000019B22F4906242F08002A28103EB0B0042
:10BA90002361AAEB0B03C4F814A0A3602060B34693
:10BAA00032460EE729465A46FEF770FA23685B4491
:10BAB000236021464046FFF75FFD00283FF456AF64
:10BAC00027E74046FEF7DEFA03460028DED121696B
:10BAD0004046FDF71BF9B4F90C300C2223F080032B
:10BAE000C8F8002017E7721C914627E70C22B4F92A
:10BAF0000C30C8F800200EE74FF0FF30BCE600BF66
:10BB000000FCFF7F2DE9F8430746884600F53876AC
:10BB10004FF00009D6E90154013D11D4A389012B4E
:10BB200005F1FF3508D9B4F90E300133214603D0B1
:10BB30003846C04749EA00096B1C04F16804EDD19E
:10BB40003668002EE6D14846BDE8F8832DE9F0417D
:10BB50008B890C46990796B008D504F1430301225E
:10BB6000C4E90432236016B0BDE8F081B4F90E10C8
:10BB70000029064627DB6A4600F0E8F9002821DBA9
:10BB8000019D05F47045A5F50055B5FA85F54FF40E
:10BB900080686D094FF4006741463046FDF7C8F9EB
:10BBA000B4F90C30F0B1204AF26343F08003C4F8DA
:10BBB0001480A3812060206135BB3B43A38116B074
:10BBC000BDE8F081A38913F0800519D04FF040083B
:10BBD00041463046FDF7ACF90025B4F90C302F464C
:10BBE0000028E0D19A05BED423F0030304F14302F8
:10BBF00043F002030121C4E90421A3812260B2E7DA
:10BC00004FF480682F46C7E7B4F90E10304600F0B5
:10BC1000B3F910B9B4F90C30CFE7A38923F00303CB
:10BC200043F001031BB2C8E7D5B5000838B5154B82
:10BC30001F281D6820D8D5F8DC22044662B152F8CE
:10BC400020304BB1012B15D0591C0FD0002542F8E4
:10BC500020509847284638BD284600F02BF8224649
:10BC600001462846BDE8384000F00EB816232B6088
:10BC7000012038BD002038BD16232B604FF0FF3067
:10BC800038BD00BF0C00002070B50C46084D0346BF
:10BC90000026204611461C462E60F5F710FC431C7A
:10BCA00000D070BD2B68002BFBD0236070BD00BF9F
:10BCB00058390120F5F7FBBB10B50C46B1F90E1051
:10BCC00000F082F9002803DB236D0344236510BDD7
:10BCD000A38923F48053A38110BD00BF2DE9F04157
:10BCE0000C46B1F90C101F46CB05054616460BD481
:10BCF00021F48051A1813B46B4F90E10324628460A
:10BD0000BDE8F04100F094B8B4F90E10022300220F
:10BD100000F044F9B4F90C10EAE700BF10B50C4686
:10BD2000B1F90E1000F03AF9A389421C0EBF23F4BA
:10BD3000805343F480532065A38110BDB1F90E10E8
:10BD400000F08CB8F8B50D461446064610B1836B6A
:10BD5000002B43D0B4F90C20A369A360170790B25D
:10BD60001BD52369CBB1EDB281042F4622D52268C1
:10BD70006169D31A994229DD0133A1680139A160B3
:10BD8000511C2160157062699A422AD0A389DB0791
:10BD900001D50A2D25D03846F8BD21463046FFF79B
:10BDA000E1FA20BBB4F90C20236990B2EDB2810412
:10BDB0002F46DCD442F40052A281626E616922F403
:10BDC000005262662268D31A9942D5DC2146304679
:10BDD000FFF7D2FB58B922680123CEE7FFF700FC3A
:10BDE000B8E721463046FFF7C7FB0028D3D04FF015
:10BDF000FF37D0E770B5054684B01C4639B10B4E0D
:10BE0000D6F8E060B047431C09D004B070BD0A46C4
:10BE10000649D1F8E06001A9B047431CF5D10022E2
:10BE20008A2322602B6004B070BD00BF4C08002044
:10BE300038B50C46084D8446114620461A46002364
:10BE40002B606446F5F772FB431C00D038BD2B68AD
:10BE5000002BFBD0236038BD5839012038B5074D81
:10BE60000022044608462A60F5F77CFB431C00D0FC
:10BE700038BD2B68002BFBD0236038BD583901201A
:10BE800070B500294BD006460C4610B1836B002BD1
:10BE900048D0636ED80734D5B4F90C30002B3ED0AF
:10BEA00021463046FFF7D0FAE36A054633B1E1692F
:10BEB000304698470028B8BF4FF0FF35A3891A06CF
:10BEC0003BD4216B41B104F14003994202D030468A
:10BED000FCF71CFF00232363616C21B13046FCF7A3
:10BEE00015FF00236364FFF701FC636E0022DB078C
:10BEF000A28127D5A06DFDF715F8FFF7FDFB2846B9
:10BF000070BDA3899905CBD4A06DFDF70DF8B4F9E8
:10BF10000C30002BC4D1656E15F0010508D000254A
:10BF2000284670BDFFF75CFB636ED807B4D4E8E722
:10BF3000A06DFCF7FBFF284670BD21693046FCF779
:10BF4000E5FEBEE7A06DFCF7F1FFD3E770B50C4648
:10BF5000084D03460026204611461C462E60F5F784
:10BF60000DFB431C00D070BD2B68002BFBD0236061
:10BF700070BD00BF5839012038B5074D0022044676
:10BF800008462A60F5F70AFB431C00D038BD2B6831
:10BF9000002BFBD0236038BD5839012038B50C4642
:10BFA000084D8446114620461A4600232B606446FD
:10BFB000F5F7FFFA431C00D038BD2B68002BFBD0EF
:10BFC000236038BD5839012038B50C46084D8446E9
:10BFD000114620461A4600232B606446F5F789FA7D
:10BFE000431C00D038BD2B68002BFBD0236038BD2C
:10BFF00058390120F8B500BFF8BC08BC9E46704710
:0CC00000F8B500BFF8BC08BC9E467047B5
:10C010007265636569766520646174613A202564A0
:10C020000D0A00007265636569766520646174615C
:10C03000206661696C656420626563617573652063
:10C0400025640D0A000000006C65645F7461736B09
:10C050000000000073756363657373006661696C4B
:10C060006564000063726561746520257320257323
:10C070000D0A000073656E645F7461736B000000ED
:10C08000726563656976655F7461736B00000000BB
:10C09000717565756500000073746172745F746119
:10C0A000736B000049444C4500000000546D722041
:10C0B00053766300546D72510000000000000000D0
:10C0C000010203040102030406070809100000200E
:10C0D000494E4600696E66004E414E006E616E002C
:10C0E00030313233343536373839616263646566EE
:10C0F00000000000303132333435363738394142B0
:10C100004344454600000000286E756C6C29000011
:10C11000300000002020202020202020202020206F
:10C12000202020203030303030303030303030304F
:10C13000303030304E614E00496E66696E697479F8
:10C140000000000042616C6C6F632073756363656F
:10C1500065646564000000002F6D6E742F776F7248
:10C160006B73706163652F776F726B73706163655A
:10C170002F4743432D31302D706970656C696E65B2
:10C180002F6A656E6B696E732D4743432D31302DD9
:10C19000706970656C696E652D34385F323032308D
:10C1A000313132345F313630363138303634312F38
:10C1B0007372632F6E65776C69622F6E65776C6939
:10C1C000622F6C6962632F7374646C69622F64748C
:10C1D0006F612E63000000002F6D6E742F776F72F9
:10C1E0006B73706163652F776F726B7370616365DA
:10C1F0002F4743432D31302D706970656C696E6532
:10C200002F6A656E6B696E732D4743432D31302D58
:10C21000706970656C696E652D34385F323032300C
:10C22000313132345F313630363138303634312FB7
:10C230007372632F6E65776C69622F6E65776C69B8
:10C24000622F6C6962632F7374646C69622F6D7006
:10C250007265632E630000000080E03779C34143BC
:10C26000176E05B5B5B89346F5F93FE9034F384D5C
:10C27000321D30F94877825A3CBF737FDD4F157508
:10C28000000000000000F03F00000000000024401B
:10C2900000000000000059400000000000408F40F6
:10C2A000000000000088C34000000000006AF84061
:10C2B0000000000080842E4100000000D012634185
:10C2C0000000000084D797410000000065CDCD41FB
:10C2D000000000205FA00242000000E876483742DC
:10C2E000000000A2941A6D42000040E59C30A2427A
:10C2F0000000901EC4BCD64200003426F56B0C43EF
:10C300000080E03779C3414300A0D8855734764395
:10C3100000C84E676DC1AB43003D9160E458E143F6
:10C32000408CB5781DAF154450EFE2D6E41A4B446B
:10C3300092D54D06CFF08044F64AE1C7022DB544B0
:10C34000B49DD9794378EA44050000001900000043
:10C350007D0000002C2066756E6374696F6E3A2054
:10C3600000000000617373657274696F6E2022258E
:10C370007322206661696C65643A2066696C652089
:10C38000222573222C206C696E6520256425732577
:10C39000730A000043000000504F5349580000004A
:10C3A0002E000000202020202020202020202020DF
:10C3B00020202020303030303030303030303030BD
:10C3C000303030300020202020202020202028283D
:10C3D0002828282020202020202020202020202045
:10C3E0002020202020881010101010101010101085
:10C3F00010101010100404040404040404040410B5
:10C400001010101010104141414141410101010142
:10C41000010101010101010101010101010101010C
:10C420001010101010104242424242420202020218
:10C4300002020202020202020202020202020202DC
:10C44000101010102000000000000000000000008C
:10C4500000000000000000000000000000000000DC
:10C4600000000000000000000000000000000000CC
:10C4700000000000000000000000000000000000BC
:10C4800000000000000000000000000000000000AC
:10C49000000000000000000000000000000000009C
:10C4A000000000000000000000000000000000008C
:10C4B000000000000000000000000000000000007C
:08C4C000000000000000000074
:08C4C8007449FF7F0100000030
:08C4D000B57B0008E50100083E
:04C4D800C101000896
:10C4DC000024F400AAAAAAAA04000000100000205C
:10C4EC0000000000FC02002064030020CC030020AC
:10C4FC000000000000000000000000000000000030
:10C50C00000000000000000000000000000000001F
:10C51C00000000000000000000000000000000000F
:10C52C0000000000000000000000000000000000FF
:10C53C0000000000000000000000000000000000EF
:10C54C0000000000000000000000000000000000DF
:10C55C0000000000000000000000000000000000CF
:10C56C0000000000000000000000000000000000BF
:10C57C0000000000000000000000000000000000AF
:10C58C00000000000000000001000000000000009E
:10C59C000E33CDAB34126DE6ECDE05000B00000063
:10C5AC00000000000000000000000000000000007F
:10C5BC00000000000000000000000000000000006F
:10C5CC00000000000000000000000000000000005F
:10C5DC00000000000000000000000000000000004F
:10C5EC00000000000000000000000000000000003F
:10C5FC00000000000000000000000000000000002F
:10C60C00000000000000000000000000000000001E
:10C61C00000000000000000000000000000000000E
:10C62C0000000000000000000000000000000000FE
:10C63C0000000000000000000000000000000000EE
:10C64C0000000000000000000000000000000000DE
:10C65C0000000000000000000000000000000000CE
:10C66C0000000000000000000000000000000000BE
:10C67C0000000000000000000000000000000000AE
:10C68C00000000000000000000000000000000009E
:10C69C00000000000000000000000000000000008E
:10C6AC00000000000000000000000000000000007E
:10C6BC00000000000000000000000000000000006E
:10C6CC00000000000000000000000000000000005E
:10C6DC00000000000000000000000000000000004E
:10C6EC00000000000000000000000000000000003E
:10C6FC00000000000000000000000000000000002E
:10C70C00000000000000000000000000000000001D
:10C71C00000000000000000000000000000000000D
:10C72C0000000000000000000000000000000000FD
:10C73C0000000000000000000000000000000000ED
:10C74C0000000000000000000000000000000000DD
:10C75C0000000000000000000000000000000000CD
:10C76C0000000000000000000000000000000000BD
:10C77C0000000000000000000000000000000000AD
:10C78C00000000000000000000000000000000009D
:10C79C00000000000000000000000000000000008D
:10C7AC00000000000000000000000000000000007D
:10C7BC00000000000000000000000000000000006D
:10C7CC00000000000000000000000000000000005D
:10C7DC00000000000000000000000000000000004D
:10C7EC00000000000000000000000000000000003D
:10C7FC00000000000000000000000000000000002D
:10C80C00000000000000000000000000000000001C
:10C81C00000000000000000000000000000000000C
:10C82C0000000000000000000000000000000000FC
:10C83C0000000000000000000000000000000000EC
:10C84C0000000000000000000000000000000000DC
:10C85C0000000000000000000000000000000000CC
:10C86C0000000000000000000000000000000000BC
:10C87C0000000000000000000000000000000000AC
:10C88C00000000000000000000000000000000009C
:10C89C00000000000000000000000000000000008C
:10C8AC00000000000000000000000000000000007C
:10C8BC00000000000000000000000000000000006C
:10C8CC00000000000000000000000000000000005C
:10C8DC00000000000000000000000000000000004C
:10C8EC00000000000000000000000000000000003C
:10C8FC00000000000000000000000000000000002C
:10C90C0000000000000000001439012000000000AD
:10C91C00000000003C0400203C04002044040020E3
:10C92C00440400204C0400204C040020540400203B
:10C93C00540400205C0400205C04002064040020EB
:10C94C00640400206C0400206C040020740400209B
:10C95C00740400207C0400207C040020840400204B
:10C96C00840400208C0400208C04002094040020FB
:10C97C00940400209C0400209C040020A4040020AB
:10C98C00A4040020AC040020AC040020B40400205B
:10C99C00B4040020BC040020BC040020C40400200B
:10C9AC00C4040020CC040020CC040020D4040020BB
:10C9BC00D4040020DC040020DC040020E40400206B
:10C9CC00E4040020EC040020EC040020F40400201B
:10C9DC00F4040020FC040020FC04002004050020CA
:10C9EC00040500200C0500200C0500201405002077
:10C9FC00140500201C0500201C0500202405002027
:10CA0C00240500202C0500202C05002034050020D6
:10CA1C00340500203C0500203C0500204405002086
:10CA2C00440500204C0500204C0500205405002036
:10CA3C00540500205C0500205C05002064050020E6
:10CA4C00640500206C0500206C0500207405002096
:10CA5C00740500207C0500207C0500208405002046
:10CA6C00840500208C0500208C05002094050020F6
:10CA7C00940500209C0500209C050020A4050020A6
:10CA8C00A4050020AC050020AC050020B405002056
:10CA9C00B4050020BC050020BC050020C405002006
:10CAAC00C4050020CC050020CC050020D4050020B6
:10CABC00D4050020DC050020DC050020E405002066
:10CACC00E4050020EC050020EC050020F405002016
:10CADC00F4050020FC050020FC05002004060020C5
:10CAEC00040600200C0600200C0600201406002072
:10CAFC00140600201C0600201C0600202406002022
:10CB0C00240600202C0600202C06002034060020D1
:10CB1C00340600203C0600203C0600204406002081
:10CB2C00440600204C0600204C0600205406002031
:10CB3C00540600205C0600205C06002064060020E1
:10CB4C00640600206C0600206C0600207406002091
:10CB5C00740600207C0600207C0600208406002041
:10CB6C00840600208C0600208C06002094060020F1
:10CB7C00940600209C0600209C060020A4060020A1
:10CB8C00A4060020AC060020AC060020B406002051
:10CB9C00B4060020BC060020BC060020C406002001
:10CBAC00C4060020CC060020CC060020D4060020B1
:10CBBC00D4060020DC060020DC060020E406002061
:10CBCC00E4060020EC060020EC060020F406002011
:10CBDC00F4060020FC060020FC06002004070020C0
:10CBEC00040700200C0700200C070020140700206D
:10CBFC00140700201C0700201C070020240700201D
:10CC0C00240700202C0700202C07002034070020CC
:10CC1C00340700203C0700203C070020440700207C
:10CC2C00440700204C0700204C070020540700202C
:10CC3C00540700205C0700205C07002064070020DC
:10CC4C00640700206C0700206C070020740700208C
:10CC5C00740700207C0700207C070020840700203C
:10CC6C00840700208C0700208C07002094070020EC
:10CC7C00940700209C0700209C070020A40700209C
:10CC8C00A4070020AC070020AC070020B40700204C
:10CC9C00B4070020BC070020BC070020C4070020FC
:10CCAC00C4070020CC070020CC070020D4070020AC
:10CCBC00D4070020DC070020DC070020E40700205C
:10CCCC00E4070020EC070020EC070020F40700200C
:10CCDC00F4070020FC070020FC07002004080020BB
:10CCEC00040800200C0800200C0800201408002068
:10CCFC00140800201C0800201C0800202408002018
:10CD0C00240800202C0800202C08002034080020C7
:10CD1C0034080020FFFFFFFF00000200430000006A
:10CD2C0000000000000000000000000000000000F7
:10CD3C0000000000000000000000000043000000A4
:10CD4C0000000000000000000000000000000000D7
:10CD5C000000000000000000000000004300000084
:10CD6C0000000000000000000000000000000000B7
:10CD7C000000000000000000000000004300000064
:10CD8C000000000000000000000000000000000097
:10CD9C000000000000000000000000004300000044
:10CDAC000000000000000000000000000000000077
:10CDBC000000000000000000000000004300000024
:10CDCC000000000000000000000000000000000057
:10CDDC000000000000000000000000004300000004
:10CDEC000000000000000000000000000000000037
:10CDFC0000000000000000000000000049B3000823
:10CE0C00619F000800000000C4C30008A0C3000814
:10CE1C0060C3000860C3000860C3000860C300085A
:10CE2C0060C3000860C3000860C3000860C300084A
:10CE3C0060C30008FFFFFFFFFFFFFFFFFFFFFFFFC7
:10CE4C00FFFF00000100415343494900000000006E
:10CE5C0000000000000000000000000000000000C6
:10CE6C00000000000000415343494900000000004D
:10CE7C0000000000000000000000000000000000A6
:08CE8C0000000000000000009E
:04000005080016A534
:00000001FF
