:020000040800F2
:1000000000000320491C00081D1A0008231A0008DC
:10001000291A00082F1A0008351A000800000000ED
:100020000000000000000000000000003B1A000873
:10003000471A000800000000531A00085F1A000861
:10004000991C0008991C0008991C0008991C0008BC
:10005000991C0008991C0008991C0008991C0008AC
:10006000991C0008991C0008991C0008991C00089C
:10007000991C0008991C0008991C0008991C00088C
:10008000991C0008991C0008991C0008991C00087C
:10009000991C0008991C0008991C0008991C00086C
:1000A000991C0008991C0008991C0008991C00085C
:1000B000991C0008156D0008991C0008991C00087F
:1000C000991C0008991C0008991C0008991C00083C
:1000D000991C0008C56E0008991C0008991C0008AE
:1000E000991C0008991C0008991C0008991C00081C
:1000F000991C0008991C0008991C0008991C00080C
:10010000991C0008991C0008991C0008991C0008FB
:10011000991C0008991C0008991C0008991C0008EB
:10012000991C0008991C0008991C0008991C0008DB
:10013000991C0008991C0008991C0008991C0008CB
:10014000991C0008991C0008991C0008991C0008BB
:10015000991C0008991C0008D9680008991C00081F
:10016000991C0008991C0008991C0008991C00089B
:10017000991C0008991C0008991C00080000000048
:10018000991C0008991C0008991C0008991C00087B
:10019000991C0008991C0008991C0008991C00086B
:0C01A000991C0008991C0008991C00081C
:1001C00010B5054C237833B9044B13B10448AFF391
:1001D00000800123237010BD080A002000000000E9
:1001E0004CF4000808B5034B1BB103490348AFF3B7
:1001F000008008BD000000000C0A00204CF400083C
:1002000081F0004102E000BF83F0004330B54FEAC7
:1002100041044FEA430594EA050F08BF90EA020F34
:100220001FBF54EA000C55EA020C7FEA645C7FEAC7
:10023000655C00F0E2804FEA5454D4EB5555B8BFEA
:100240006D420CDD2C4480EA020281EA030382EA5B
:10025000000083EA010180EA020281EA0303362DED
:1002600088BF30BD11F0004F4FEA01314FF4801CC0
:100270004CEA113102D0404261EB410113F0004FD2
:100280004FEA03334CEA133302D0524263EB430389
:1002900094EA050F00F0A780A4F10104D5F1200E27
:1002A0000DDB02FA0EFC22FA05F2801841F1000182
:1002B00003FA0EF2801843FA05F359410EE0A5F156
:1002C00020050EF1200E012A03FA0EFC28BF4CF087
:1002D000020C43FA05F3C01851EBE37101F000453D
:1002E00007D54FF0000EDCF1000C7EEB00006EEB4A
:1002F0000101B1F5801F1BD3B1F5001F0CD34908D4
:100300005FEA30004FEA3C0C04F101044FEA44522A
:1003100012F5800F80F09A80BCF1004F08BF5FEAB1
:10032000500C50F1000041EB045141EA050130BD91
:100330005FEA4C0C404141EB0101013C28BFB1F5A3
:10034000801FE9D291F0000F04BF01460020B1FAEE
:1003500081F308BF2033A3F10B03B3F120020CDAC1
:100360000C3208DD02F1140CC2F10C0201FA0CF09F
:1003700021FA02F10CE002F11402D8BFC2F1200C04
:1003800001FA02F120FA0CFCDCBF41EA0C019040BA
:10039000E41AA2BF01EB0451294330BD6FEA040403
:1003A0001F3C1CDA0C340EDC04F11404C4F12002EE
:1003B00020FA04F001FA02F340EA030021FA04F300
:1003C00045EA030130BDC4F10C04C4F1200220FA57
:1003D00002F001FA04F340EA0300294630BD21FA95
:1003E00004F0294630BD94F0000F83F4801306BF5B
:1003F00081F480110134013D4EE77FEA645C18BF4F
:100400007FEA655C29D094EA050F08BF90EA020FE5
:1004100005D054EA000C04BF1946104630BD91EADD
:10042000030F1EBF0021002030BD5FEA545C05D1E0
:100430004000494128BF41F0004130BD14F580041F
:100440003CBF01F5801130BD01F0004545F0FE4193
:1004500041F470014FF0000030BD7FEA645C1ABFC8
:10046000194610467FEA655C1CBF0B46024650EAFF
:10047000013406BF52EA033591EA030F41F400212B
:1004800030BD00BF90F0000F04BF0021704730B5B1
:100490004FF4806404F132044FF000054FF0000186
:1004A00050E700BF90F0000F04BF0021704730B547
:1004B0004FF4806404F1320410F0004548BF40421C
:1004C0004FF000013EE700BF42004FEAE2014FEA71
:1004D00031014FEA02701FBF12F07F4393F07F4F4C
:1004E00081F06051704732F07F4208BF704793F04F
:1004F0007F4F04BF41F40021704730B54FF4607462
:1005000001F0004521F000411CE700BF50EA010264
:1005100008BF704730B54FF000050AE050EA01020D
:1005200008BF704730B511F0004502D5404261EB7D
:1005300041014FF4806404F132045FEA915C3FF4BE
:10054000D8AE4FF003025FEADC0C18BF03325FEA5B
:10055000DC0C18BF033202EBDC02C2F1200300FA0C
:1005600003FC20FA02F001FA03FE40EA0E0021FA31
:1005700002F11444BDE600BF70B54FF0FF0C4CF41F
:10058000E06C1CEA11541DBF1CEA135594EA0C0FD1
:1005900095EA0C0F00F0DEF82C4481EA030621EA0C
:1005A0004C5123EA4C5350EA013518BF52EA033547
:1005B00041F4801143F4801338D0A0FB02CE4FF0F9
:1005C0000005E1FB02E506F00042E0FB03E54FF029
:1005D0000006E1FB03569CF0000F18BF4EF0010E21
:1005E000A4F1FF04B6F5007F64F5407404D25FEA1D
:1005F0004E0E6D4146EB060642EAC62141EA5551D0
:100600004FEAC52040EA5E504FEACE2EB4F1FD0C11
:1006100088BFBCF5E06F1ED8BEF1004F08BF5FEA8F
:10062000500E50F1000041EB045170BD06F0004641
:1006300046EA010140EA020081EA0301B4EB5C04EE
:10064000C2BFD4EB0C0541EA045170BD41F48011E6
:100650004FF0000E013C00F3AB8014F1360FDEBF0B
:10066000002001F0004170BDC4F10004203C35DAE7
:100670000C341BDC04F11404C4F1200500FA05F36A
:1006800020FA04F001FA05F240EA020001F000420B
:1006900021F0004110EBD37021FA04F642EB060181
:1006A0005EEA430E08BF20EAD37070BDC4F10C04AB
:1006B000C4F1200500FA04F320FA05F001FA04F26F
:1006C00040EA020001F0004110EBD37041F100015B
:1006D0005EEA430E08BF20EAD37070BDC4F1200566
:1006E00000FA05F24EEA020E20FA04F301FA05F2CE
:1006F00043EA020321FA04F001F0004121FA04F276
:1007000020EA020000EBD3705EEA430E08BF20EA45
:10071000D37070BD94F0000F0FD101F0004640007F
:1007200041EB010111F4801F08BF013CF7D041EA01
:10073000060195F0000F18BF704703F00046520005
:1007400043EB030313F4801F08BF013DF7D043EAD6
:100750000603704794EA0C0F0CEA135518BF95EA8C
:100760000C0F0CD050EA410618BF52EA4306D1D113
:1007700081EA030101F000414FF0000070BD50EA32
:10078000410606BF1046194652EA430619D094EABC
:100790000C0F02D150EA013613D195EA0C0F05D1A6
:1007A00052EA03361CBF104619460AD181EA0301FA
:1007B00001F0004141F0FE4141F470014FF00000B2
:1007C00070BD41F0FE4141F4780170BD70B54FF04D
:1007D000FF0C4CF4E06C1CEA11541DBF1CEA1355CD
:1007E00094EA0C0F95EA0C0F00F0A7F8A4EB0504AF
:1007F00081EA030E52EA03354FEA013100F08880A6
:100800004FEA03334FF0805545EA131343EA12636E
:100810004FEA022245EA111545EA10654FEA002623
:100820000EF000419D4208BF964244F1FD0404F5DC
:10083000407402D25B084FEA3202B61A65EB030538
:100840005B084FEA32024FF480104FF4002CB6EBF5
:10085000020E75EB030E22BFB61A754640EA0C0075
:100860005B084FEA3202B6EB020E75EB030E22BFB5
:10087000B61A754640EA5C005B084FEA3202B6EBF6
:10088000020E75EB030E22BFB61A754640EA9C00B5
:100890005B084FEA3202B6EB020E75EB030E22BF85
:1008A000B61A754640EADC0055EA060E18D04FEA43
:1008B000051545EA16754FEA06164FEAC30343EAE3
:1008C00052734FEAC2025FEA1C1CC0D111F4801FB0
:1008D0000BD141EA00014FF000004FF0004CB6E7A9
:1008E00011F4801F04BF01430020B4F1FD0C88BF48
:1008F000BCF5E06F3FF6AFAEB5EB030C04BFB6EB53
:10090000020C5FEA500C50F1000041EB045170BD45
:100910000EF0004E4EEA113114EB5C04C2BFD4EB72
:100920000C0541EA045170BD41F480114FF0000EF6
:10093000013C90E645EA060E8DE60CEA135594EA72
:100940000C0F08BF95EA0C0F3FF43BAF94EA0C0F75
:100950000AD150EA01347FF434AF95EA0C0F7FF4EA
:1009600025AF104619462CE795EA0C0F06D152EA3E
:1009700003353FF4FDAE1046194622E750EA410622
:1009800018BF52EA43067FF4C5AE50EA41047FF433
:100990000DAF52EA43057FF4EBAE12E780F0004062
:1009A00002E000BF81F0004142001FBF5FEA410347
:1009B00092EA030F7FEA226C7FEA236C6AD04FEA47
:1009C0001262D2EB1363C1BFD2184140484041408C
:1009D000B8BF5B42192B88BF704710F0004F40F43E
:1009E000000020F07F4018BF404211F0004F41F45A
:1009F000000121F07F4118BF494292EA030F3FD026
:100A0000A2F1010241FA03FC10EB0C00C3F1200338
:100A100001FA03F100F0004302D5494260EB4000C7
:100A2000B0F5000F13D3B0F1807F06D340084FEA32
:100A3000310102F10102FE2A51D2B1F1004F40EB27
:100A4000C25008BF20F0010040EA0300704749008F
:100A500040EB0000013A28BFB0F5000FEDD2B0FA2C
:100A600080FCACF1080CB2EB0C0200FA0CF0AABF4F
:100A700000EBC25052421843BCBFD04018437047ED
:100A800092F0000F81F4000106BF80F400000132F3
:100A9000013BB5E74FEA41037FEA226C18BF7FEACA
:100AA000236C21D092EA030F04D092F0000F08BF0C
:100AB0000846704790EA010F1CBF0020704712F0F3
:100AC0007F4F04D1400028BF40F00040704712F132
:100AD00000723CBF00F50000704700F0004343F097
:100AE000FE4040F4000070477FEA226216BF0846CD
:100AF0007FEA23630146420206BF5FEA412390EA90
:100B0000010F40F4800070474FF0000304E000BF85
:100B100010F0004348BF40425FEA000C08BF704736
:100B200043F0964301464FF000001CE050EA0102FA
:100B300008BF70474FF000030AE000BF50EA01020F
:100B400008BF704711F0004302D5404261EB4101FC
:100B50005FEA010C02BF84460146002043F0B64321
:100B600008BFA3F18053A3F50003BCFA8CF2083A46
:100B7000A3EBC25310DB01FA02FC634400FA02FC4F
:100B8000C2F12002BCF1004F20FA02F243EB020056
:100B900008BF20F00100704702F1200201FA02FCB8
:100BA000C2F1200250EA4C0021FA02F243EB0200AB
:100BB00008BF20EADC7070474FF0FF0C1CEAD052EF
:100BC0001EBF1CEAD15392EA0C0F93EA0C0F6FD0B0
:100BD0001A4480EA010C400218BF5FEA41211ED08E
:100BE0004FF0006343EA501043EA5111A0FB01317A
:100BF0000CF00040B1F5000F3EBF490041EAD3714F
:100C00005B0040EA010062F17F02FD2A1DD8B3F1CA
:100C1000004F40EBC25008BF20F00100704790F039
:100C2000000F0CF0004C08BF49024CEA502040EA8B
:100C300051207F3AC2BFD2F1FF0340EAC250704751
:100C400040F400004FF00003013A5DDC12F1190F8F
:100C5000DCBF00F000407047C2F10002410021FA01
:100C600002F1C2F1200200FA02FC5FEA310040F119
:100C7000000053EA4C0308BF20EADC70704792F092
:100C8000000F00F0004C02BF400010F4000F013ACA
:100C9000F9D040EA0C0093F0000F01F0004C02BFC5
:100CA000490011F4000F013BF9D041EA0C018FE734
:100CB0000CEAD15392EA0C0F18BF93EA0C0F0AD03A
:100CC00030F0004C18BF31F0004CD8D180EA010060
:100CD00000F00040704790F0000F17BF90F0004FF9
:100CE000084691F0000F91F0004F14D092EA0C0FDB
:100CF00001D142020FD193EA0C0F03D14B0218BF6E
:100D0000084608D180EA010000F0004040F0FE40B3
:100D100040F40000704740F0FE4040F4400070474F
:100D20004FF0FF0C1CEAD0521EBF1CEAD15392EACE
:100D30000C0F93EA0C0F69D0A2EB030280EA010CBE
:100D400049024FEA402037D04FF0805343EA111157
:100D500043EA10130CF000408B4238BF5B0042F1B5
:100D60007D024FF4000C8B4224BF5B1A40EA0C005A
:100D7000B3EB510F24BFA3EB510340EA5C00B3EB8C
:100D8000910F24BFA3EB910340EA9C00B3EBD10F7A
:100D900024BFA3EBD10340EADC001B0118BF5FEACC
:100DA0001C1CE0D1FD2A3FF650AF8B4240EBC250F5
:100DB00008BF20F0010070470CF0004C4CEA5020B6
:100DC0007F32C2BFD2F1FF0340EAC250704740F405
:100DD00000004FF00003013A37E792F0000F00F0F7
:100DE000004C02BF400010F4000F013AF9D040EA75
:100DF0000C0093F0000F01F0004C02BF490011F409
:100E0000000F013BF9D041EA0C0195E70CEAD15300
:100E100092EA0C0F08D142027FF47DAF93EA0C0FE7
:100E20007FF470AF084676E793EA0C0F04D14B02CB
:100E30003FF44CAF08466EE730F0004C18BF31F07D
:100E4000004CCAD130F000427FF45CAF31F0004377
:100E50007FF43CAF5FE700BF00000000000000002F
:100E6000A2EB0300704700BF02780B78012A28BF6D
:100E70009A42F5D16DE9044540EA0104CDE90267E3
:100E80006FF0000C4FEA447212B380EA010414F0D0
:100E9000070F6AD100F0070420F0070004F00305F3
:100EA00021F007014FEAC505F0E8042314F0040F10
:100EB000F1E804670CFA05F462EA040266EA040643
:100EC0000AD063EA0403624667EA0407664603E061
:100ED000F0E80423F1E8046782FA4CF582EA06049C
:100EE000A4FA8CF46CBB83FA4CF583EA0705A5FAE7
:100EF0008CF595B950E9022351E9026782FA4CF565
:100F000082EA0604A4FA8CF483FA4CF583EA070516
:100F1000A5FA8CF52543DBD09CB92DBAB5FA85F43A
:100F200024F0070427FA04F1DDE9026723FA04F349
:100F300003F0FF0001F0FF01FDE80445A0EB010014
:100F4000704724BAB4FA84F424F0070426FA04F1B2
:100F5000DDE9026722FA04F202F0FF0001F0FF016E
:100F6000FDE80445A0EB0100704714F0030F3CD1ED
:100F700010F0030428D150F8082B51F8083B82FAEE
:100F80004CF582EA0305A5FA8CF55DB950F8042CFE
:100F900051F8043C82FA4CF582EA0305A5FA8CF577
:100FA000002DE8D02DBAB5FA85F424F0070423FA11
:100FB00004F122FA04F202F0FF0001F0FF01FDE863
:100FC0000445A0EB010070474FEAC40420F0030081
:100FD00050F8082B21F0030151F8083B0CFA04F4F7
:100FE00062EA040263EA0403C9E710F003041AD0BA
:100FF000A1EB040120F00300E40750F8042B06D015
:101000000FD28B785FFAA2F4E41A06D12BB1CB7819
:101010005FFAB2F4E41A00D11BB920465DF8104B18
:10102000704701F1040150F8042BCC0721F00301B3
:1010300051F8043B48D824D222F07F4482FA4CF580
:1010400094EA1325A5FA8CF50AD165B951F8043B49
:1010500084EA0204B4EB036F0ED150F8042BEBE7E3
:101060004FEA132355E035F07F454DD10878FDE870
:101070000445C0F1000070474FEA126203F0FF031D
:1010800047E002EA1C4482FA4CF594EA1345A5FABB
:101090008CF50AD165B951F8043B84EA0204B4EB3B
:1010A000034F0CD150F8042BEBE74FEA134330E029
:1010B00015EA1C4528D10B884FEA124229E04FEA75
:1010C000124203EA1C4324E002F0FF0482FA4CF5CA
:1010D00094EA1365A5FA8CF50AD165B951F8043B79
:1010E00084EA0204B4EB032F09D150F8042BEBE798
:1010F0004FEA13630DE015F0FF0F05D10B684FEABF
:10110000122223F07F4304E04FF00000FDE8044585
:10111000704712BA1BBA82FA4CF482EA0304A4FAAA
:101120008CF5B5FA85F402FA04F203FA04F34FEAF7
:101130001260FDE80445A0EB13607047000000005A
:1011400090F800F06DE9024520F007016FF0000C07
:1011500010F0070491F820F040F049804FF00004AF
:101160006FF00700D1E9002391F840F000F108008A
:1011700082FA4CF2A4FA8CF283FA4CF3A2FA8CF3C2
:101180004BBBD1E9022382FA4CF200F10800A4FA29
:101190008CF283FA4CF3A2FA8CF3E3B9D1E904237D
:1011A00082FA4CF200F10800A4FA8CF283FA4CF3B4
:1011B000A2FA8CF37BB9D1E9062301F1200182FA6E
:1011C0004CF200F10800A4FA8CF283FA4CF3A2FA74
:1011D0008CF3002BC6D0002A04BF04301A4612BA82
:1011E000B2FA82F2FDE8024500EBD2007047D1E985
:1011F000002304F00305C4F100004FEAC50514F014
:10120000040F91F840F00CFA05F562EA05021CBFE4
:1012100063EA050362464FF00004A9E700000000FE
:1012200001F0FF01102A2BDB10F0070F08D010F897
:10123000013B013A8B422DD010F0070F42B3F6D19B
:10124000F0B441EA012141EA014122F007047FF0B4
:1012500000070023F0E80256083C85EA010586EA0B
:10126000010685FA47F5A3FA87F586FA47F6A5FA47
:1012700087F68EB9EED1F0BC01F0FF0102F0070253
:1012800032B110F8013B013A83EA010313B1F8D1FE
:101290000020704701387047002D06BF35460338DF
:1012A000073815F0010F07D1013015F4807F02BF18
:1012B000013015F4C03F0130F0BC0138704700BF69
:1012C000844641EA000313F003036DD1403A41D351
:1012D00051F8043B40F8043B51F8043B40F8043B10
:1012E00051F8043B40F8043B51F8043B40F8043B00
:1012F00051F8043B40F8043B51F8043B40F8043BF0
:1013000051F8043B40F8043B51F8043B40F8043BDF
:1013100051F8043B40F8043B51F8043B40F8043BCF
:1013200051F8043B40F8043B51F8043B40F8043BBF
:1013300051F8043B40F8043B51F8043B40F8043BAF
:1013400051F8043B40F8043B51F8043B40F8043B9F
:10135000403ABDD2303211D351F8043B40F8043B3F
:1013600051F8043B40F8043B51F8043B40F8043B7F
:1013700051F8043B40F8043B103AEDD20C3205D34F
:1013800051F8043B40F8043B043AF9D2043208D047
:10139000D2071CBF11F8013B00F8013B01D30B88B9
:1013A00003806046704700BF082A13D38B078DD097
:1013B00010F003038AD0C3F10403D21ADB071CBF69
:1013C00011F8013B00F8013B80D331F8023B20F8D3
:1013D000023B7BE7043AD9D3013A11F8013B00F80C
:1013E000013BF9D20B7803704B7843708B78837094
:1013F000604670474FF0FF3C06E000BF4FF0010C25
:1014000002E000BF4FF0010C4DF804CD4FEA410C53
:101410007FEA6C5C4FEA430C18BF7FEA6C5C1BD020
:1014200001B050EA410C0CBF52EA430C91EA030FA1
:1014300002BF90EA020F0020704710F1000F91EAFE
:10144000030F58BF994208BF90422CBFD8176FEACC
:10145000E37040F0010070474FEA410C7FEA6C5C9A
:1014600002D150EA013C07D14FEA430C7FEA6C5CA1
:10147000D6D152EA033CD3D05DF8040B704700BFCD
:101480008446104662468C461946634600E000BF1B
:1014900001B5FFF7B7FF002848BF10F1000F01BDED
:1014A0004DF808EDFFF7F4FF0CBF012000205DF8B8
:1014B00008FB00BF4DF808EDFFF7EAFF34BF01203D
:1014C00000205DF808FB00BF4DF808EDFFF7E0FFD6
:1014D00094BF012000205DF808FB00BF4DF808ED27
:1014E000FFF7CEFF94BF012000205DF808FB00BF8E
:1014F0004DF808EDFFF7C4FF34BF012000205DF870
:1015000008FB00BF4FEA410C7FEA6C5C02D150EA55
:10151000013C0AD14FEA430C7FEA6C5C02D152EAEB
:10152000033C02D14FF0000070474FF001007047BC
:101530004FEA410212F5001215D211D56FF47873FB
:10154000B3EB625212D94FEAC12343F0004343EA9E
:10155000505311F0004F23FA02F018BF4042704779
:101560004FF00000704750EA013005D111F0004003
:1015700008BF6FF0004070474FF00000704700BF99
:1015800053B94AB9002908BF00281CBF4FF0FF31EA
:101590004FF0FF3000F074B9ADF1080C6DE904CEE6
:1015A00000F006F8DDF804E0DDE9022304B070473E
:1015B0002DE9F047089E0D4604468846002B4DD184
:1015C0008A42944668D9B2FA82F252B101FA02F321
:1015D000C2F1200120FA01F10CFA02FC41EA0308F1
:1015E00094404FEA1C45210CB8FBF5FE1FFA8CF71E
:1015F00005FB1E8341EA03430EFB07F199420BD919
:101600001CEB03030EF1FF3080F01E81994240F283
:101610001B81AEF1020E63445B1AA4B2B3FBF5F07A
:1016200005FB103344EA034400FB07F7A7420AD93D
:101630001CEB040400F1FF3380F00881A74240F264
:10164000058164440238E41B40EA0E4000211EB1CB
:10165000D4400023C6E90043BDE8F0878B4208D997
:10166000002E00F0EE800021C6E900050846BDE826
:10167000F087B3FA83F100294AD1AB4202D3824208
:1016800000F2F980841A65EB030301209846002ECE
:10169000E2D0C6E90048DFE702B9FFDEB2FA82F223
:1016A000002A40F09180A1EB0C054FEA1C471FFA7D
:1016B0008CFE0121B5FBF7F307FB1350250C45EA1F
:1016C00000450EFB03F0A84208D91CEB050503F109
:1016D000FF3802D2A84200F2CB8043462D1AA4B2B2
:1016E000B5FBF7F007FB105544EA05440EFB00FE7E
:1016F000A64508D91CEB040400F1FF3502D2A6452B
:1017000000F2BB802846A4EB0E0440EA03409EE7AB
:10171000C1F120078B4022FA07FC4CEA030C20FAA7
:1017200007F405FA01F31C43FD404FEA1C4900FA97
:1017300001F3B5FBF9F8200C1FFA8CFE09FB1855D4
:1017400040EA054508FB0EF0A84202FA01F20BD967
:101750001CEB050508F1FF3A80F08880A84240F2B2
:101760008580A8F1020865442D1AA4B2B5FBF9F0F2
:1017700009FB105544EA054500FB0EFEAE4508D9AD
:101780001CEB050500F1FF346CD2AE456AD9023876
:10179000654440EA0840A0FB0294A5EB0E05A54273
:1017A000C846A64656D353D05EB1B3EB080265EBEC
:1017B0000E0505FA07F722FA01F3CD401F43C6E9EB
:1017C00000750021BDE8F087C2F1200320FA03F183
:1017D0000CFA02FC25FA03F395400D434FEA1C472F
:1017E0001FFA8CFEB3FBF7F107FB11302B0C43EA19
:1017F000004301FB0EF0984204FA02F408D91CEBF6
:10180000030301F1FF382FD298422DD902396344E6
:101810001B1AADB2B3FBF7F007FB103345EA0345E3
:1018200000FB0EF3AB4208D91CEB050500F1FF38B5
:1018300016D2AB4214D902386544ED1A40EA014190
:1018400038E73146304607E78646E5E61846FAE6C9
:101850004B45A9D2B9EB020864EB0C0E0138A3E7A3
:101860004046EAE7204694E74146D1E7D0467BE789
:10187000023B654432E7084609E76444023842E720
:10188000704700BF80B400AF074B1B6B064A43F0A4
:1018900080031363044B1B6B034A43F00103136380
:1018A00000BFBD4680BC70470038024080B582B0A2
:1018B00000AF0023FB710023BB714FF000733B604E
:1018C00000F0ECF900F032F8FFF7DCFF05F088F9E2
:1018D0004FF4E13005F032FA4FF4E13005F052FAFE
:1018E00005F038F905F0C8F90346002B04D1094981
:1018F000094805F03BFB03E00849074805F036FBC3
:101900000749084805F032FB07F0F8FD064807F0E4
:101910004BFAFBE768F40008B80A00207CF40008E2
:1019200094F40008F80A00205C0C002080B592B006
:1019300000AF07F1180330220021184607F020FEFF
:101940003B1D00221A605A609A60DA601A61244BCB
:101950001B6C234A43F080531364224B1B68214ABB
:1019600043F4404313600123BB610123FB61022365
:101970003B634FF480037B630F23BB63D823FB637C
:1019800002233B6404237B6407F11803184603F029
:101990000BFD0346002B01D000F026F803F098FC65
:1019A0000346002B01D000F01FF80F237B600223B9
:1019B000BB600023FB604FF4A0533B614FF48053A6
:1019C0007B613B1D0521184603F040FF0346002BB9
:1019D00001D000F009F800BF4837BD4680BD00BF08
:1019E000003802400070004080B400AF72B600BF03
:1019F000FEE7000080B400AF074B5B6C064A43F47F
:101A000080435364044B1B6C034A43F080531364BC
:101A100000BFBD4680BC70470038024080B400AFB4
:101A2000FEE780B400AFFEE780B400AFFEE780B40D
:101A300000AFFEE780B400AFFEE780B400AF00BFA8
:101A4000BD4680BC704780B400AF00BFBD4680BCBF
:101A5000704780B400AF00BFBD4680BC704780B502
:101A600000AF00F059F900BF80BD80B400AF012382
:101A70001846BD4680BC704780B582B000AF786024
:101A8000396007F053FD034616221A604FF0FF330A
:101A900018460837BD4680BD80B582B000AF78607B
:101AA0004FF0FF317868FFF7E7FFFEE780B586B0BB
:101AB00000AFF860B9607A6000237B610AE0AFF3A1
:101AC00000800146BB685A1CBA60CAB21A707B69B2
:101AD00001337B617A697B689A42F0DB7B68184648
:101AE0001837BD4680BD80B586B000AFF860B960DC
:101AF0007A6000237B6109E0BB685A1CBA601B78DE
:101B00001846AFF300807B6901337B617A697B689B
:101B10009A42F1DB7B6818461837BD4680BD80B419
:101B200083B000AF78604FF0FF3318460C37BD46E6
:101B300080BC704780B483B000AF786039603B6888
:101B40004FF400525A60002318460C37BD4680BC43
:101B5000704780B483B000AF7860012318460C371B
:101B6000BD4680BC704780B485B000AFF860B960F6
:101B70007A60002318461437BD4680BC70470000C9
:101B800080B586B000AF7860144A154BD31A7B61DC
:101B90007B693B61134B1B68002B02D1114B124A2E
:101BA0001A60104B1A687B6813443A699A4207D24C
:101BB00007F0BCFC03460C221A604FF0FF3309E02B
:101BC000084B1B68FB60074B1A687B681344054A87
:101BD0001360FB6818461837BD4680BD000003201F
:101BE00000040000240A0020100F002080B400AF81
:101BF000124B1B68114A43F0010313600F4B002284
:101C00009A600E4B1B680D4A23F0847323F48033D3
:101C100013600A4B0A4A5A60084B1B68074A23F4B0
:101C200080231360054B0022DA60064B4FF0006200
:101C30009A6000BFBD4680BC704700BF00380240BC
:101C40001030002400ED00E0DFF834D0002103E084
:101C50000C4B5B58435004310B480C4B42189A42D2
:101C6000F6D30B4A02E0002342F8043B094B9A42A8
:101C7000F9D3FFF7BBFF07F05FFCFFF717FE7047D4
:101C800000000320F4FD000800000020080A0020E6
:101C9000080A0020100F0020FEE7000080B500AF0A
:101CA0000E4B1B680D4A43F4007313600B4B1B680B
:101CB0000A4A43F480631360084B1B68074A43F4E5
:101CC00080731360032000F01FF90F2000F008F864
:101CD000FFF790FE0023184680BD00BF003C024085
:101CE00080B582B000AF786003F098FF0346094AE0
:101CF000A2FB03239B09184600F03BF900227968F8
:101D00004FF0FF3000F00BF9002318460837BD46AE
:101D100080BD00BFD34D621080B400AF044B1B6880
:101D20000133034A136000BFBD4680BC704700BF4B
:101D3000280A002080B400AF024B1B681846BD463D
:101D400080BC7047280A002080B584B000AF78605E
:101D50000023FB60FFF7EEFFF86000BFFFF7EAFF2C
:101D60000246FB68D21A7B689A42F7D300BF00BFD5
:101D70001037BD4680BD000080B485B000AF7860EC
:101D80007B6803F00703FB600C4BDB68BB60BA6841
:101D90004FF6FF031340BB60FB681A02BB68134396
:101DA00043F0BF6343F40033BB60044ABB68D360B5
:101DB00000BF1437BD4680BC704700BF00ED00E097
:101DC00080B400AF044BDB681B0A03F0070318461E
:101DD000BD4680BC704700BF00ED00E080B483B01A
:101DE00000AF0346FB71FB7903F01F03012202FAE7
:101DF00003F1054A97F907305B0942F8231000BF49
:101E00000C37BD4680BC704700E100E080B483B071
:101E100000AF03463960FB7197F90730002B0BDAEE
:101E20003B68DAB20C49FB7903F00F03043B120163
:101E3000D2B20B441A7609E03B68DAB2074997F947
:101E400007301201D2B20B4483F8002300BF0C37D5
:101E5000BD4680BC704700BF00ED00E000E100E03F
:101E600080B489B000AFF860B9607A60FB6803F0B5
:101E70000703FB61FB69C3F10703042B28BF04239D
:101E8000BB61FB690433062B02D9FB69033B00E00D
:101E900000237B610122BB6902FA03F3013B1A466E
:101EA000BB681A407B699A4001217B6901FA03F300
:101EB000013B19467B680B40134318462437BD4647
:101EC00080BC704780B582B000AF78607B68013B12
:101ED000B3F1807F01D301230FE00A4A7B68013B05
:101EE00053600F214FF0FF30FFF790FF054B0022AA
:101EF0009A60044B07221A60002318460837BD4633
:101F000080BD00BF10E000E080B582B000AF786017
:101F10007868FFF731FF00BF0837BD4680BD80B548
:101F200086B000AF0346B9607A60FB7300237B6123
:101F3000FFF746FF78617A68B9687869FFF790FF24
:101F4000024697F90F3011461846FFF75FFF00BFB2
:101F50001837BD4680BD80B582B000AF0346FB7127
:101F600097F907301846FFF739FF00BF0837BD461D
:101F700080BD80B582B000AF78607868FFF7A2FFBF
:101F8000034618460837BD4680BD000080B582B0C4
:101F900000AF78607B681B681A466C4B9A4266D922
:101FA0006B4B5A687B681B686A498B4257D07B68C9
:101FB0001B6869498B4250D07B681B6867498B421C
:101FC00049D07B681B6866498B4242D07B681B689E
:101FD00064498B423AD07B681B6863498B4232D09C
:101FE0007B681B6861498B422AD07B681B6860490B
:101FF0008B4222D07B681B685E498B421AD07B687B
:102000001B685D498B4212D07B681B685B498B4221
:102010000AD07B681B685A498B4202D14FF40023D7
:102020001EE04FF000731BE04FF4002318E04FF464
:10203000002315E04FF4002312E04FF400730FE08B
:102040004FF400730CE04FF4007309E04FF4007399
:1020500006E0082304E0082302E0082300E0082348
:102060001340002B14BF01230023DBB27BE17B680C
:102070001B681A46434B9A4240F28680344B1A68DA
:102080007B681B6833498B4257D07B681B68324999
:102090008B4250D07B681B6830498B4249D07B68AB
:1020A0001B682F498B4242D07B681B682D498B42AD
:1020B0003AD07B681B682C498B4232D07B681B6806
:1020C0002A498B422AD07B681B6829498B4222D03F
:1020D0007B681B6827498B421AD07B681B6826499E
:1020E0008B4212D07B681B6824498B420AD07B68E4
:1020F0001B6823498B4202D14FF400231EE04FF0AE
:1021000000731BE04FF4002318E04FF4002315E0A8
:102110004FF4002312E04FF400730FE04FF400730C
:102120000CE04FF4007309E04FF4007306E008235D
:1021300004E0082302E0082300E008231340002BFA
:1021400014BF01230023DBB20DE100BF586402403D
:10215000006402401060024010640240706002405F
:102160007064024028600240286402408860024097
:10217000886402404060024040640240A060024027
:10218000A0640240B86002407B681B681A46644B3A
:102190009A4266D9634B5A687B681B6862498B42D6
:1021A00057D07B681B6861498B4250D07B681B68A5
:1021B0005F498B4249D07B681B685E498B4242D0A5
:1021C0007B681B685C498B423AD07B681B685B4923
:1021D0008B4232D07B681B6859498B422AD07B687E
:1021E0001B6858498B4222D07B681B6856498B423A
:1021F0001AD07B681B6855498B4212D07B681B68DC
:1022000053498B420AD07B681B6852498B4202D1EA
:102210004FF400231EE04FF000731BE04FF4002347
:1022200018E04FF4002315E04FF4002312E04FF4C0
:1022300000730FE04FF400730CE04FF4007309E0FB
:102240004FF4007306E0082304E0082302E00823AB
:1022500000E008231340002B14BF01230023DBB24E
:1022600081E0304B1A687B681B682F498B4273D022
:102270007B681B682D498B4250D07B681B682C49BA
:102280008B4249D07B681B682A498B4242D07B68CD
:102290001B6829498B423AD07B681B6827498B42CF
:1022A00032D07B681B6826498B422AD07B681B682A
:1022B00024498B4222D07B681B6823498B421AD069
:1022C0007B681B6821498B4212D07B681B682049C0
:1022D0008B420AD07B681B681E498B4202D14FF4A7
:1022E00000233AE04FF0007337E04FF4002334E06E
:1022F0004FF4002331E04FF400232EE04FF400733D
:102300002BE04FF4007328E04FF4007325E04FF406
:10231000007322E0082320E008231EE008231CE0CD
:1023200058600240006002401060024010640240A9
:1023300070600240706402402860024028640240DD
:10234000886002408864024040600240406402406D
:10235000A0600240A064024008231340002B14BF79
:1023600001230023DBB2002B00F0DD817B681B68BA
:102370001B6803F00403002B00F0D5817B681B6809
:102380001A687B681B6822F004021A607B681B686D
:102390001A468D4B9A4260D97B681B688B4A9342E0
:1023A00057D07B681B688A4A934250D07B681B6871
:1023B000884A934249D07B681B68874A934242D03F
:1023C0007B681B68854A93423AD07B681B68844AC5
:1023D000934232D07B681B68824A93422AD07B6842
:1023E0001B68814A934222D07B681B687F4A9342D4
:1023F0001AD07B681B687E4A934212D07B681B68A8
:102400007C4A93420AD07B681B687B4A934202D184
:102410004FF400231EE04FF000731BE04FF4002345
:1024200018E04FF4002315E04FF4002312E04FF4BE
:1024300000730FE04FF400730CE04FF4007309E0F9
:102440004FF4007306E0082304E0082302E00823A9
:1024500000E00823694AD3604FE17B681B681A4695
:10246000674B9A4260D97B681B68584A934257D0A1
:102470007B681B68564A934250D07B681B68554A5C
:10248000934249D07B681B68534A934242D07B6891
:102490001B68524A93423AD07B681B68504A934269
:1024A00032D07B681B684F4A93422AD07B681B68F6
:1024B0004D4A934222D07B681B684C4A93421AD003
:1024C0007B681B684A4A934212D07B681B68494A62
:1024D00093420AD07B681B68474A934202D14FF46B
:1024E00000231EE04FF000731BE04FF4002318E0C0
:1024F0004FF4002315E04FF4002312E04FF4007373
:102500000FE04FF400730CE04FF4007309E04FF458
:10251000007306E0082304E0082302E0082300E03B
:102520000823364A9360E8E07B681B681A46354BFF
:102530009A4240F282807B681B68244A934278D09A
:102540007B681B68224A934271D07B681B68214AD2
:1025500093426AD07B681B681F4A934263D07B68B2
:102560001B681E4A93425BD07B681B681C4A9342DF
:1025700053D07B681B681B4A93424BD07B681B6817
:10258000194A934243D07B681B68184A93423BD058
:102590007B681B68164A934212D07B681B68154AF9
:1025A00093420AD07B681B68134A934202D14FF4CE
:1025B00000233FE04FF000733CE04FF4002339E08C
:1025C0004FF4002336E000BF586402401060024020
:1025D0001064024070600240706402402860024053
:1025E00028640240886002408864024040600240E3
:1025F00040640240A0600240A064024000640240C7
:10260000B8600240586002404FF4002312E04FF4DB
:1026100000730FE04FF400730CE04FF4007309E017
:102620004FF4007306E0082304E0082302E00823C7
:1026300000E00823714AD3605FE07B681B68704A42
:10264000934257D07B681B686E4A934250D07B6898
:102650001B686D4A934249D07B681B686B4A934262
:1026600042D07B681B686A4A93423AD07B681B68F9
:10267000684A934232D07B681B68674A93422AD0EB
:102680007B681B68654A934222D07B681B68644A5A
:1026900093421AD07B681B68624A934212D07B68CF
:1026A0001B68614A93420AD07B681B685F4A934269
:1026B00002D14FF400231EE04FF000731BE04FF4F3
:1026C000002318E04FF4002315E04FF4002312E03C
:1026D0004FF400730FE04FF400730CE04FF40073FD
:1026E00009E04FF4007306E0082304E0082302E049
:1026F000082300E00823414A93607B68DB6C43F0C9
:1027000001027B68DA647B68042283F835207B68E9
:10271000002283F834207B689B6C002B03D07B68FD
:102720009B6C786898477B681B681A46404B9A42B6
:1027300040F284803F4B5A687B681B6830498B426B
:1027400053D07B681B682F498B424CD07B681B6839
:102750002D498B4245D07B681B682C498B423ED06B
:102760007B681B682A498B4237D07B681B682949E4
:102770008B4230D07B681B6827498B4229D07B680D
:102780001B6826498B4222D07B681B6824498B42F8
:102790001AD07B681B6823498B4212D07B681B6868
:1027A00021498B420AD07B681B6820498B4202D1A9
:1027B0004FF480331AE04FF4800317E04FF4803376
:1027C00014E04FF4803311E04FF480330EE04023E7
:1027D0000CE040230AE0402308E0402306E0164BCB
:1027E00004E0154B02E0144B00E0134B1340002BA8
:1027F00014BF01230023DBB278E100BF0060024078
:102800001060024010640240706002407064024038
:1028100028600240286402408860024088640240C8
:102820004060024040640240A0600240A064024058
:102830005864024000640240010080007B681B680D
:102840001A46684B9A4262D9674B1A687B681B68C4
:1028500066498B4253D07B681B6865498B424CD0DC
:102860007B681B6863498B4245D07B681B68624963
:102870008B423ED07B681B6860498B4237D07B68B7
:102880001B685F498B4230D07B681B685D498B4277
:1028900029D07B681B685C498B4222D07B681B680F
:1028A0005A498B421AD07B681B6859498B4212D017
:1028B0007B681B6857498B420AD07B681B68564966
:1028C0008B4202D14FF480331AE04FF4800317E0BB
:1028D0004FF4803314E04FF4803311E04FF4803331
:1028E0000EE040230CE040230AE0402308E04023B0
:1028F00006E04A4B04E0494B02E0484B00E0474BFE
:102900001340002B14BF01230023DBB2EEE07B68F1
:102910001B681A46424B9A4240F28680414B5A68E5
:102920007B681B6831498B4253D07B681B683049F8
:102930008B424CD07B681B682E498B4245D07B680C
:102940001B682D498B423ED07B681B682B498B420C
:1029500037D07B681B682A498B4230D07B681B6864
:1029600028498B4229D07B681B6827498B4222D09B
:102970007B681B6825498B421AD07B681B682449F9
:102980008B4212D07B681B6822498B420AD07B683D
:102990001B6821498B4202D14FF480331AE04FF477
:1029A000800317E04FF4803314E04FF4803311E0DC
:1029B0004FF480330EE040230CE040230AE0402334
:1029C00008E0402306E0154B04E0144B02E0134BF3
:1029D00000E0124B1340002B14BF01230023DBB295
:1029E00084E000BFB8600240006402401060024012
:1029F000106402407060024070640240286002402F
:102A000028640240886002408864024040600240BE
:102A100040640240A0600240A064024001008000C7
:102A200058600240006002406B4B1A687B681B686C
:102A30006A498B4253D07B681B6869498B424CD0F2
:102A40007B681B6867498B4245D07B681B68664979
:102A50008B423ED07B681B6864498B4237D07B68D1
:102A60001B6863498B4230D07B681B6861498B428D
:102A700029D07B681B6860498B4222D07B681B6829
:102A80005E498B421AD07B681B685D498B4212D02D
:102A90007B681B685B498B420AD07B681B685A497C
:102AA0008B4202D14FF480331AE04FF4800317E0D9
:102AB0004FF4803314E04FF4803311E04FF480334F
:102AC0000EE040230CE040230AE0402308E04023CE
:102AD00006E04E4B04E04D4B02E04C4B00E04B4B0C
:102AE0001340002B14BF01230023DBB2002B00F0A6
:102AF000EE817B681B685B6903F08003002B00F0AC
:102B0000E6817B681B685A697B681B6822F080023B
:102B10005A617B681B681A463D4B9A427CD97B6898
:102B20001B682E4A934253D07B681B682C4A934201
:102B30004CD07B681B682B4A934245D07B681B684E
:102B4000294A93423ED07B681B68284A934237D07B
:102B50007B681B68264A934230D07B681B68254AF5
:102B6000934229D07B681B68234A934222D07B681A
:102B70001B68224A93421AD07B681B68204A934202
:102B800012D07B681B681F4A93420AD07B681B687F
:102B90001D4A934202D14FF480331AE04FF4800370
:102BA00017E04FF4803314E04FF4803311E04FF41A
:102BB00080330EE040230CE040230AE0402308E08D
:102BC000402306E0114B04E0104B02E00F4B00E005
:102BD0000E4B104AD36064E1006002401060024076
:102BE000106402407060024070640240286002403D
:102BF00028640240886002408864024040600240CD
:102C000040640240A0600240A064024001008000D5
:102C100058640240006402407B681B681A46894B76
:102C20009A425CD97B681B68874A934253D07B6881
:102C30001B68864A93424CD07B681B68844A934247
:102C400045D07B681B68834A93423ED07B681B68F3
:102C5000814A934237D07B681B68804A934230D0C8
:102C60007B681B687E4A934229D07B681B687D4A3B
:102C7000934222D07B681B687B4A93421AD07B68C0
:102C80001B687A4A934212D07B681B68784A934249
:102C90000AD07B681B68774A934202D14FF4803395
:102CA0001AE04FF4800317E04FF4803314E04FF440
:102CB000803311E04FF480330EE040230CE04023DA
:102CC0000AE0402308E0402306E06B4B04E06A4B37
:102CD00002E0694B00E0684B684A9360E1E07B6882
:102CE0001B681A46664B9A425CD97B681B68564A39
:102CF000934253D07B681B68544A93424CD07B6804
:102D00001B68534A934245D07B681B68514A9342E3
:102D10003ED07B681B68504A934237D07B681B6863
:102D20004E4A934230D07B681B684D4A934229D06B
:102D30007B681B684B4A934222D07B681B684A4AD7
:102D400093421AD07B681B68484A934212D07B6832
:102D50001B68474A93420AD07B681B68454A9342E6
:102D600002D14FF480331AE04FF4800317E04FF4A0
:102D7000803314E04FF4803311E04FF480330EE0E1
:102D800040230CE040230AE0402308E0402306E013
:102D9000394B04E0384B02E0374B00E0364B394A00
:102DA000D3607EE07B681B68274A934276D07B68BD
:102DB0001B68264A93426FD07B681B68244A934263
:102DC00068D07B681B68234A934261D07B681B688C
:102DD000214A93425AD07B681B68204A934253D0C1
:102DE0007B681B681E4A934229D07B681B681D4A7A
:102DF000934222D07B681B681B4A93421AD07B689F
:102E00001B681A4A934212D07B681B68184A934287
:102E10000AD07B681B68174A934202D14FF4803373
:102E20003DE04FF480033AE04FF4803337E04FF455
:102E3000803334E04FF4803331E040232FE04023EF
:102E40002DE000BFB86002401060024010640240F4
:102E500070600240706402402860024028640240B2
:102E60008860024088640240406002404064024042
:102E7000A0600240A06402400100800000640240A3
:102E80005860024000600240402308E0402306E012
:102E90007C4B04E07B4B02E07A4B00E0794B7A4AB2
:102EA00093607B68DB6C43F002027B68DA647B68CA
:102EB000042283F835207B68002283F834207B6865
:102EC0009B6C002B03D07B689B6C786898477B6871
:102ED0001B681A466D4B9A4266D96D4B5A687B68DF
:102EE0001B686C498B4257D07B681B686A498B42D0
:102EF00050D07B681B6869498B4249D07B681B684E
:102F000067498B4242D07B681B6866498B423AD046
:102F10007B681B6864498B4232D07B681B686349BD
:102F20008B422AD07B681B6861498B4222D07B6828
:102F30001B6860498B421AD07B681B685E498B42D4
:102F400012D07B681B685D498B420AD07B681B6886
:102F50005B498B4202D14FF480231EE04FF0807317
:102F60001BE04FF4802318E04FF4802315E04FF46A
:102F7000802312E04FF480730FE04FF480730CE075
:102F80004FF4807309E04FF4807306E04D4B04E08A
:102F90004C4B02E04B4B00E04A4B1340002B14BF5C
:102FA00001230023DBB282E17B681B681A46464B93
:102FB0009A4240F28B80364B1A687B681B68354911
:102FC0008B4257D07B681B6833498B4250D07B685B
:102FD0001B6832498B4249D07B681B6830498B4261
:102FE00042D07B681B682F498B423AD07B681B68B4
:102FF0002D498B4232D07B681B682C498B422AD0EA
:103000007B681B682A498B4222D07B681B68294950
:103010008B421AD07B681B6827498B4212D07B6891
:103020001B6826498B420AD07B681B6824498B4267
:1030300002D14FF480231EE04FF080731BE04FF469
:10304000802318E04FF4802315E04FF4802312E032
:103050004FF480730FE04FF480730CE04FF48073F3
:1030600009E04FF4807306E0164B04E0154B02E0D4
:10307000144B00E0134B1340002B14BF012300231B
:10308000DBB214E10100800000600240586402409D
:103090000064024010600240106402407060024010
:1030A0007064024028600240286402408860024048
:1030B000886402404060024040640240A0600240D8
:1030C000A064024004008000B86002407B681B6876
:1030D0001A46644B9A4266D9634B5A687B681B68F0
:1030E00062498B4257D07B681B6861498B4250D044
:1030F0007B681B685F498B4249D07B681B685E49CF
:103100008B4242D07B681B685C498B423AD07B681B
:103110001B685B498B4232D07B681B6859498B42E4
:103120002AD07B681B6858498B4222D07B681B6879
:1031300056498B421AD07B681B6855498B4212D086
:103140007B681B6853498B420AD07B681B685249D5
:103150008B4202D14FF480231EE04FF080731BE0BE
:103160004FF4802318E04FF4802315E04FF48023C0
:1031700012E04FF480730FE04FF480730CE04FF4D3
:10318000807309E04FF4807306E0444B04E0434B46
:1031900002E0424B00E0414B1340002B14BF0123DF
:1031A0000023DBB283E0304B1A687B681B682F4931
:1031B0008B4275D07B681B682D498B4250D07B6851
:1031C0001B682C498B4249D07B681B682A498B427B
:1031D00042D07B681B6829498B423AD07B681B68C8
:1031E00027498B4232D07B681B6826498B422AD004
:1031F0007B681B6824498B4222D07B681B6823496B
:103200008B421AD07B681B6821498B4212D07B68A5
:103210001B6820498B420AD07B681B681E498B4281
:1032200002D14FF480233CE04FF0807339E04FF43B
:10323000802336E04FF4802333E04FF4802330E0E6
:103240004FF480732DE04FF480732AE04FF48073C5
:1032500027E04FF4807324E0104B22E00F4B20E076
:103260000E4B1EE0586002400060024010600240B9
:1032700010640240706002407064024028600240A6
:103280002864024088600240886402404060024036
:1032900040640240A0600240A0640240040080003C
:1032A000744B1340002B14BF01230023DBB2002B0F
:1032B00000F0FB817B681B681B6803F00203002B96
:1032C00000F0F3817B681B681A687B681B6822F03A
:1032D00002021A607B681B681A46674B9A4260D9E3
:1032E0007B681B68654A934257D07B681B68644AB9
:1032F000934250D07B681B68624A934249D07B68F6
:103300001B68614A934242D07B681B685F4A9342C4
:103310003AD07B681B685E4A934232D07B681B6858
:103320005C4A93422AD07B681B685B4A934222D056
:103330007B681B68594A93421AD07B681B68584ABD
:10334000934212D07B681B68564A93420AD07B682E
:103350001B68554A934202D14FF480231EE04FF080
:1033600080731BE04FF4802318E04FF4802315E0B6
:103370004FF4802312E04FF480730FE04FF480731A
:103380000CE04FF4807309E04FF4807306E0394B92
:1033900004E0384B02E0374B00E0364B434AD36041
:1033A0006DE17B681B681A46414B9A4240F282806D
:1033B0007B681B68314A934257D07B681B68304A50
:1033C000934250D07B681B682E4A934249D07B6859
:1033D0001B682D4A934242D07B681B682B4A93425C
:1033E0003AD07B681B682A4A934232D07B681B68BC
:1033F000284A93422AD07B681B68274A934222D0EE
:103400007B681B68254A93421AD07B681B68244A54
:10341000934212D07B681B68224A93420AD07B6891
:103420001B68214A934202D14FF480231EE04FF0E3
:1034300080731BE04FF4802318E04FF4802315E0E5
:103440004FF4802312E04FF480730FE04FF4807349
:103450000CE04FF4807309E04FF4807306E0054BF5
:1034600004E0044B02E0034B00E0024B0F4A936080
:1034700005E100BF04008000586402401060024073
:103480001064024070600240706402402860024094
:103490002864024088600240886402404060024024
:1034A00040640240A0600240A06402400064024008
:1034B000B86002407B681B681A46604B9A4260D92C
:1034C0007B681B685E4A934257D07B681B685D4AE5
:1034D000934250D07B681B685B4A934249D07B681B
:1034E0001B685A4A934242D07B681B68584A9342F1
:1034F0003AD07B681B68574A934232D07B681B687E
:10350000554A93422AD07B681B68544A934222D082
:103510007B681B68524A93421AD07B681B68514AE9
:10352000934212D07B681B684F4A93420AD07B6853
:103530001B684E4A934202D14FF480231EE04FF0A5
:1035400080731BE04FF4802318E04FF4802315E0D4
:103550004FF4802312E04FF480730FE04FF4807338
:103560000CE04FF4807309E04FF4807306E0404BA9
:1035700004E03F4B02E03E4B00E03D4B3D4AD36050
:103580007DE07B681B682E4A934275D07B681B6880
:103590002C4A934250D07B681B682B4A934249D0F7
:1035A0007B681B68294A934242D07B681B68284A83
:1035B00093423AD07B681B68264A934232D07B689C
:1035C0001B68254A93422AD07B681B68234A934292
:1035D00022D07B681B68224A93421AD07B681B6802
:1035E000204A934212D07B681B681F4A93420AD03C
:1035F0007B681B681D4A934202D14FF480233CE054
:103600004FF0807339E04FF4802336E04FF480238D
:1036100033E04FF4802330E04FF480732DE04FF41B
:1036200080732AE04FF4807327E04FF4807324E026
:103630000F4B22E00E4B20E00D4B1EE05860024085
:1036400010600240106402407060024070640240EA
:10365000286002402864024088600240886402407A
:103660004060024040640240A0600240A06402400A
:103670000400800000600240794B7A4A93607B68C6
:10368000DB6C43F004027B68DA647B68042283F815
:1036900035207B68002283F834207B689B6C002BEC
:1036A00003D07B689B6C786898477B681B681A46D8
:1036B0006D4B9A4266D96D4B5A687B681B686C49A2
:1036C0008B4257D07B681B686A498B4250D07B681D
:1036D0001B6869498B4249D07B681B6867498B42EC
:1036E00042D07B681B6866498B423AD07B681B6876
:1036F00064498B4232D07B681B6863498B422AD075
:103700007B681B6861498B4222D07B681B686049DB
:103710008B421AD07B681B685E498B4212D07B6853
:103720001B685D498B420AD07B681B685B498B42F2
:1037300002D14FF480131EE04FF080631BE04FF482
:10374000801318E04FF4801315E04FF4801312E05B
:103750004FF480630FE04FF480630CE04FF480631C
:1037600009E04FF4806306E0102304E0102302E038
:10377000102300E010231340002B14BF012300236B
:10378000DBB27EE17B681B681A46454B9A4240F2E9
:103790008980364B1A687B681B6835498B4257D045
:1037A0007B681B6833498B4250D07B681B68324969
:1037B0008B4249D07B681B6830498B4242D07B6882
:1037C0001B682F498B423AD07B681B682D498B427E
:1037D00032D07B681B682C498B422AD07B681B68DF
:1037E0002A498B4222D07B681B6829498B421AD018
:1037F0007B681B6827498B4212D07B681B6826496F
:103800008B420AD07B681B6824498B4202D14FF45B
:1038100080131EE04FF080631BE04FF4801318E02C
:103820004FF4801315E04FF4801312E04FF48063DF
:103830000FE04FF480630CE04FF4806309E04FF435
:10384000806306E0102304E0102302E0102300E070
:1038500010231340002B14BF01230023DBB210E11F
:10386000040080000060024058640240006402408E
:1038700010600240106402407060024070640240B8
:103880002860024028640240886002408864024048
:103890004060024040640240A0600240A0640240D8
:1038A000B86002407B681B681A46644B9A4266D92E
:1038B000634B5A687B681B6862498B4257D07B68B0
:1038C0001B6861498B4250D07B681B685F498B4203
:1038D00049D07B681B685E498B4242D07B681B687D
:1038E0005C498B423AD07B681B685B498B4232D083
:1038F0007B681B6859498B422AD07B681B685849F2
:103900008B4222D07B681B6856498B421AD07B6859
:103910001B6855498B4212D07B681B6853498B4208
:103920000AD07B681B6852498B4202D14FF4801346
:103930001EE04FF080631BE04FF4801318E04FF45B
:10394000801315E04FF4801312E04FF480630FE012
:103950004FF480630CE04FF4806309E04FF4806320
:1039600006E0102304E0102302E0102300E01023FF
:103970001340002B14BF01230023DBB281E0304B46
:103980001A687B681B682F498B4273D07B681B6861
:103990002D498B4250D07B681B682C498B4249D003
:1039A0007B681B682A498B4242D07B681B68294987
:1039B0008B423AD07B681B6827498B4232D07B68A8
:1039C0001B6826498B422AD07B681B6824498B429E
:1039D00022D07B681B6823498B421AD07B681B6806
:1039E00021498B4212D07B681B6820498B420AD048
:1039F0007B681B681E498B4202D14FF480133AE06A
:103A00004FF0806337E04FF4801334E04FF48013BD
:103A100031E04FF480132EE04FF480632BE04FF43D
:103A2000806328E04FF4806325E04FF4806322E058
:103A3000102320E010231EE010231CE058600240F9
:103A4000006002401060024010640240706002405A
:103A5000706402402860024028640240886002408E
:103A6000886402404060024040640240A06002401E
:103A7000A064024010231340002B14BF0123002335
:103A8000DBB2002B00F0CE837B681B681B6803F061
:103A90000803002B00F0C6837B681B681B6803F4D7
:103AA0008023002B00F0D0817B681B681A468D4B69
:103AB0009A4260D97B681B688B4A934257D07B68D7
:103AC0001B688A4A934250D07B681B68884A93429D
:103AD00049D07B681B68874A934242D07B681B6849
:103AE000854A93423AD07B681B68844A934232D01D
:103AF0007B681B68824A93422AD07B681B68814A94
:103B0000934222D07B681B687F4A93421AD07B681D
:103B10001B687E4A934212D07B681B687C4A9342A2
:103B20000AD07B681B687B4A934202D14FF4801312
:103B30001EE04FF080631BE04FF4801318E04FF459
:103B4000801315E04FF4801312E04FF480630FE010
:103B50004FF480630CE04FF4806309E04FF480631E
:103B600006E0102304E0102302E0102300E01023FD
:103B7000694AD3604FE17B681B681A46674B9A42DB
:103B800060D97B681B68584A934257D07B681B6892
:103B9000564A934250D07B681B68554A934249D09D
:103BA0007B681B68534A934242D07B681B68524A29
:103BB00093423AD07B681B68504A934232D07B686C
:103BC0001B684F4A93422AD07B681B684D4A934238
:103BD00022D07B681B684C4A93421AD07B681B68D2
:103BE0004A4A934212D07B681B68494A93420AD0E2
:103BF0007B681B68474A934202D14FF480131EE052
:103C00004FF080631BE04FF4801318E04FF48013F3
:103C100015E04FF4801312E04FF480630FE04FF48F
:103C200080630CE04FF4806309E04FF4806306E0AA
:103C3000102304E0102302E0102300E01023364A92
:103C40009360E8E07B681B681A46354B9A4240F265
:103C500082807B681B68244A934278D07B681B680B
:103C6000224A934271D07B681B68214A93426AD0F2
:103C70007B681B681F4A934263D07B681B681E4A9F
:103C800093425BD07B681B681C4A934253D07B688D
:103C90001B681B4A93424BD07B681B68194A9342AE
:103CA00043D07B681B68184A93423BD07B681B68F3
:103CB000164A934212D07B681B68154A93420AD079
:103CC0007B681B68134A934202D14FF480133FE094
:103CD0004FF080633CE04FF4801339E04FF48013E1
:103CE00036E000BF58640240106002401064024099
:103CF0007060024070640240286002402864024004
:103D00008860024088640240406002404064024093
:103D1000A0600240A064024000640240B86002401B
:103D2000586002404FF4801312E04FF480630FE0BC
:103D30004FF480630CE04FF4806309E04FF480633C
:103D400006E0102304E0102302E0102300E010231B
:103D5000784AD3605FE07B681B68774A934257D00C
:103D60007B681B68754A934250D07B681B68744A15
:103D7000934249D07B681B68724A934242D07B6869
:103D80001B68714A93423AD07B681B686F4A934222
:103D900032D07B681B686E4A93422AD07B681B68CE
:103DA0006C4A934222D07B681B686B4A93421AD0BC
:103DB0007B681B68694A934212D07B681B68684A1B
:103DC00093420AD07B681B68664A934202D14FF443
:103DD00080131EE04FF080631BE04FF4801318E067
:103DE0004FF4801315E04FF4801312E04FF480631A
:103DF0000FE04FF480630CE04FF4806309E04FF470
:103E0000806306E0102304E0102302E0102300E0AA
:103E10001023484A93607B681B681B6803F40023E7
:103E2000002B04D17B68312283F83520F2E17B68D6
:103E30001B681B6803F40023002B00F0EB817B68F8
:103E4000412283F83520E5E17B681B681B6803F499
:103E50008073002B07D17B681B681A687B681B681E
:103E600022F008021A607B681B681A463E4B9A4291
:103E70007ED97B681B68304A934257D07B681B68A9
:103E80002E4A934250D07B681B682D4A934249D0FA
:103E90007B681B682B4A934242D07B681B682A4A86
:103EA00093423AD07B681B68284A934232D07B68A1
:103EB0001B68274A93422AD07B681B68254A934295
:103EC00022D07B681B68244A93421AD07B681B6807
:103ED000224A934212D07B681B68214A93420AD03F
:103EE0007B681B681F4A934202D14FF480131EE087
:103EF0004FF080631BE04FF4801318E04FF4801301
:103F000015E04FF4801312E04FF480630FE04FF49C
:103F100080630CE04FF4806309E04FF4806306E0B7
:103F2000102304E0102302E0102300E010230F4AC6
:103F3000D3606BE1006002401060024010640240F8
:103F400070600240706402402860024028640240B1
:103F50008860024088640240406002404064024041
:103F6000A0600240A0640240586402400064024025
:103F70007B681B681A468C4B9A4260D97B681B6829
:103F80008A4A934257D07B681B68894A934250D033
:103F90007B681B68874A934249D07B681B68864AC6
:103FA000934242D07B681B68844A93423AD07B6834
:103FB0001B68834A934232D07B681B68814A9342D4
:103FC0002AD07B681B68804A934222D07B681B689A
:103FD0007E4A93421AD07B681B687D4A934212D076
:103FE0007B681B687B4A93420AD07B681B687A4ACD
:103FF000934202D14FF480131EE04FF080631BE028
:104000004FF4801318E04FF4801315E04FF4801341
:1040100012E04FF480630FE04FF480630CE04FF444
:10402000806309E04FF4806306E0102304E010236E
:1040300002E0102300E01023684A9360E6E07B680A
:104040001B681A46664B9A4260D97B681B68574AC0
:10405000934257D07B681B68554A934250D07B6887
:104060001B68544A934249D07B681B68524A93426A
:1040700042D07B681B68514A93423AD07B681B68E8
:104080004F4A934232D07B681B684E4A93422AD0F3
:104090007B681B684C4A934222D07B681B684B4A62
:1040A00093421AD07B681B68494A934212D07B68BE
:1040B0001B68484A93420AD07B681B68464A934271
:1040C00002D14FF480131EE04FF080631BE04FF4E9
:1040D000801318E04FF4801315E04FF4801312E0C2
:1040E0004FF480630FE04FF480630CE04FF4806383
:1040F00009E04FF4806306E0102304E0102302E09F
:10410000102300E01023374AD3607FE07B681B68F0
:10411000264A934277D07B681B68254A934270D029
:104120007B681B68234A934269D07B681B68224ADC
:10413000934262D07B681B68204A93425AD07B68C6
:104140001B681F4A934252D07B681B681D4A9342EA
:104150004AD07B681B681C4A934222D07B681B684C
:104160001A4A93421AD07B681B68194A934212D0AC
:104170007B681B68174A93420AD07B681B68164A03
:10418000934202D14FF480133EE04FF080633BE056
:104190004FF4801338E04FF4801335E04FF4801370
:1041A00032E04FF480632FE0B860024010600240BC
:1041B0001064024070600240706402402860024057
:1041C00028640240886002408864024040600240E7
:1041D00040640240A0600240A064024000640240CB
:1041E00058600240006002404FF480630CE04FF4DE
:1041F000806309E04FF4806306E0102304E010239D
:1042000002E0102300E01023744A93607B6831229F
:1042100083F835207B681B6C002B03D07B681B6CFC
:10422000786898477B681B681A466D4B9A4266D936
:104230006C4B5A687B681B686B498B4257D07B6814
:104240001B686A498B4250D07B681B6868498B4267
:1042500049D07B681B6867498B4242D07B681B68EA
:1042600065498B423AD07B681B6864498B4232D0E7
:104270007B681B6862498B422AD07B681B68614956
:104280008B4222D07B681B685F498B421AD07B68C7
:104290001B685E498B4212D07B681B685C498B426D
:1042A0000AD07B681B685B498B4202D14FF4001334
:1042B0001EE04FF000631BE04FF4001318E04FF4D2
:1042C000001315E04FF4001312E04FF400630FE009
:1042D0004FF400630CE04FF4006309E04FF4006317
:1042E00006E0202304E0202302E0202300E0202336
:1042F0001340002B14BF01230023DBB27DE17B6858
:104300001B681A46444B9A4240F28880354B1A6823
:104310007B681B6834498B4257D07B681B683349E4
:104320008B4250D07B681B6831498B4249D07B68F7
:104330001B6830498B4242D07B681B682E498B42F8
:104340003AD07B681B682D498B4232D07B681B6852
:104350002B498B422AD07B681B682A498B4222D08A
:104360007B681B6828498B421AD07B681B682749E9
:104370008B4212D07B681B6825498B420AD07B6830
:104380001B6824498B4202D14FF400131EE04FF00A
:1043900000631BE04FF4001318E04FF4001315E026
:1043A0004FF4001312E04FF400630FE04FF400638A
:1043B0000CE04FF4006309E04FF4006306E02023B3
:1043C00004E0202302E0202300E020231340002B00
:1043D00014BF01230023DBB20FE100BF00600240E5
:1043E00058640240006402401060024010640240C1
:1043F00070600240706402402860024028640240FD
:10440000886002408864024040600240406402408C
:10441000A0600240A0640240B86002407B681B6854
:104420001A46644B9A4266D9634B5A687B681B688C
:1044300062498B4257D07B681B6861498B4250D0E0
:104440007B681B685F498B4249D07B681B685E496B
:104450008B4242D07B681B685C498B423AD07B68B8
:104460001B685B498B4232D07B681B6859498B4281
:104470002AD07B681B6858498B4222D07B681B6816
:1044800056498B421AD07B681B6855498B4212D023
:104490007B681B6853498B420AD07B681B68524972
:1044A0008B4202D14FF400131EE04FF000631BE07B
:1044B0004FF4001318E04FF4001315E04FF400130D
:1044C00012E04FF400630FE04FF400630CE04FF490
:1044D000006309E04FF4006306E0202304E020239A
:1044E00002E0202300E020231340002B14BF01230F
:1044F0000023DBB281E0304B1A687B681B682F49D0
:104500008B4273D07B681B682D498B4250D07B68EF
:104510001B682C498B4249D07B681B682A498B4217
:1045200042D07B681B6829498B423AD07B681B6864
:1045300027498B4232D07B681B6826498B422AD0A0
:104540007B681B6824498B4222D07B681B68234907
:104550008B421AD07B681B6821498B4212D07B6842
:104560001B6820498B420AD07B681B681E498B421E
:1045700002D14FF400133AE04FF0006337E04FF4FC
:10458000001334E04FF4001331E04FF400132EE039
:104590004FF400632BE04FF4006328E04FF4006316
:1045A00025E04FF4006322E0202320E020231EE0DA
:1045B00020231CE05860024000600240106002406E
:1045C0001064024070600240706402402860024043
:1045D00028640240886002408864024040600240D3
:1045E00040640240A0600240A064024020231340C7
:1045F000002B14BF01230023DBB2002B00F0E0836B
:104600007B681B681B6803F01003002B00F0D88345
:104610007B681B681B6803F48023002B00F0DA81A1
:104620007B681B681A468D4B9A4260D97B681B6871
:104630008B4A934257D07B681B688A4A934250D07A
:104640007B681B68884A934249D07B681B68874A0D
:10465000934242D07B681B68854A93423AD07B687C
:104660001B68844A934232D07B681B68824A93421B
:104670002AD07B681B68814A934222D07B681B68E2
:104680007F4A93421AD07B681B687E4A934212D0BD
:104690007B681B687C4A93420AD07B681B687B4A14
:1046A000934202D14FF400131EE04FF000631BE071
:1046B0004FF4001318E04FF4001315E04FF400130B
:1046C00012E04FF400630FE04FF400630CE04FF48E
:1046D000006309E04FF4006306E0202304E0202398
:1046E00002E0202300E02023694AD3604FE17B6889
:1046F0001B681A46674B9A4260D97B681B68584A08
:10470000934257D07B681B68564A934250D07B68CF
:104710001B68554A934249D07B681B68534A9342B1
:1047200042D07B681B68524A93423AD07B681B6830
:10473000504A934232D07B681B684F4A93422AD03A
:104740007B681B684D4A934222D07B681B684C4AA9
:1047500093421AD07B681B684A4A934212D07B6806
:104760001B68494A93420AD07B681B68474A9342B8
:1047700002D14FF400131EE04FF000631BE04FF432
:10478000001318E04FF4001315E04FF4001312E08B
:104790004FF400630FE04FF400630CE04FF400634C
:1047A00009E04FF4006306E0202304E0202302E048
:1047B000202300E02023364A9360E8E07B681B68F2
:1047C0001A46354B9A4240F282807B681B68244A25
:1047D000934278D07B681B68224A934271D07B68F1
:1047E0001B68214A93426AD07B681B681F4A934228
:1047F00063D07B681B681E4A93425BD07B681B6852
:104800001C4A934253D07B681B681B4A93424BD08F
:104810007B681B68194A934243D07B681B68184A1F
:1048200093423BD07B681B68164A934212D07B6848
:104830001B68154A93420AD07B681B68134A93424F
:1048400002D14FF400133FE04FF000633CE04FF41F
:10485000001339E04FF4001336E000BF5864024003
:1048600010600240106402407060024070640240B8
:104870002860024028640240886002408864024048
:104880004060024040640240A0600240A0640240D8
:1048900000640240B8600240586002404FF40013C8
:1048A00012E04FF400630FE04FF400630CE04FF4AC
:1048B000006309E04FF4006306E0202304E02023B6
:1048C00002E0202300E020237D4AD3605FE07B6884
:1048D0001B687C4A934257D07B681B687A4A934294
:1048E00050D07B681B68794A934249D07B681B682B
:1048F000774A934242D07B681B68764A93423AD00B
:104900007B681B68744A934232D07B681B68734A89
:1049100093422AD07B681B68714A934222D07B68FD
:104920001B68704A93421AD07B681B686E4A934298
:1049300012D07B681B686D4A93420AD07B681B6863
:104940006B4A934202D14FF400131EE04FF0006314
:104950001BE04FF4001318E04FF4001315E04FF480
:10496000001312E04FF400630FE04FF400630CE01B
:104970004FF4006309E04FF4006306E0202304E0F5
:10498000202302E0202300E020234D4A93607B682F
:104990001B681B6803F40023002B09D17B685B6C48
:1049A000002B00F00D827B685B6C7868984707E20B
:1049B0007B681B681B6803F40023002B00F0008257
:1049C0007B68DB6B002B00F0FB817B68DB6B78681E
:1049D0009847F5E17B681B681B6803F48073002B24
:1049E00007D17B681B681A687B681B6822F010027D
:1049F0001A607B681B681A463E4B9A427ED97B68D8
:104A00001B68304A934257D07B681B682E4A9342FA
:104A100050D07B681B682D4A934249D07B681B6845
:104A20002B4A934242D07B681B682A4A93423AD071
:104A30007B681B68284A934232D07B681B68274AF0
:104A400093422AD07B681B68254A934222D07B6818
:104A50001B68244A93421AD07B681B68224A9342FF
:104A600012D07B681B68214A93420AD07B681B687E
:104A70001F4A934202D14FF400131EE04FF000632F
:104A80001BE04FF4001318E04FF4001315E04FF44F
:104A9000001312E04FF400630FE04FF400630CE0EA
:104AA0004FF4006309E04FF4006306E0202304E0C4
:104AB000202302E0202300E020230F4AD3606BE193
:104AC00000600240106002401064024070600240CA
:104AD00070640240286002402864024088600240FE
:104AE000886402404060024040640240A06002408E
:104AF000A064024058640240006402407B681B6866
:104B00001A468C4B9A4260D97B681B688A4A93424A
:104B100057D07B681B68894A934250D07B681B68DA
:104B2000874A934249D07B681B68864A934242D0A9
:104B30007B681B68844A93423AD07B681B68834A2F
:104B4000934232D07B681B68814A93422AD07B68AB
:104B50001B68804A934222D07B681B687E4A93423E
:104B60001AD07B681B687D4A934212D07B681B6811
:104B70007B4A93420AD07B681B687A4A934202D1EF
:104B80004FF400131EE04FF000631BE04FF40013DE
:104B900018E04FF4001315E04FF4001312E04FF447
:104BA00000630FE04FF400630CE04FF4006309E092
:104BB0004FF4006306E0202304E0202302E02023DA
:104BC00000E02023684A9360E6E07B681B681A4691
:104BD000664B9A4260D97B681B68574A934257D00C
:104BE0007B681B68554A934250D07B681B68544AC7
:104BF000934249D07B681B68524A934242D07B68FB
:104C00001B68514A93423AD07B681B684F4A9342D3
:104C100032D07B681B684E4A93422AD07B681B685F
:104C20004C4A934222D07B681B684B4A93421AD06D
:104C30007B681B68494A934212D07B681B68484ACC
:104C400093420AD07B681B68464A934202D14FF4D4
:104C500000131EE04FF000631BE04FF4001318E058
:104C60004FF4001315E04FF4001312E04FF400630B
:104C70000FE04FF400630CE04FF4006309E04FF4E1
:104C8000006306E0202304E0202302E0202300E06C
:104C90002023374AD3607FE07B681B68264A934213
:104CA00077D07B681B68254A934270D07B681B686D
:104CB000234A934269D07B681B68224A934262D0A0
:104CC0007B681B68204A93425AD07B681B681F4A46
:104CD000934252D07B681B681D4A93424AD07B683E
:104CE0001B681C4A934222D07B681B681A4A934275
:104CF0001AD07B681B68194A934212D07B681B68E4
:104D0000174A93420AD07B681B68164A934202D125
:104D10004FF400133EE04FF000633BE04FF400130C
:104D200038E04FF4001335E04FF4001332E04FF455
:104D300000632FE0B860024010600240106402403F
:104D400070600240706402402860024028640240A3
:104D50008860024088640240406002404064024033
:104D6000A0600240A064024000640240586002401B
:104D7000006002404FF400630CE04FF4006309E070
:104D80004FF4006306E0202304E0202302E0202308
:104D900000E020230C4A93607B68DA6C7B68DA645D
:104DA0007B68112283F835207B68002283F8342049
:104DB0007B68DB6B002B03D07B68DB6B78689847E4
:104DC00000BF0837BD4680BD0060024080B487B098
:104DD00000AF786039600023FB600023BB600023D4
:104DE0003B6100237B616FE101227B6902FA03F3DF
:104DF000FB603B681B68FA681340BB60BA68FB68DD
:104E00009A4240F05E813B685B68022B03D03B68AE
:104E10005B68122B23D17B69DA087B68083253F870
:104E200022303B617B6903F007039B000F2202FAEB
:104E300003F3DB433A6913403B613B681A697B69C2
:104E400003F007039B0002FA03F33A6913433B6143
:104E50007B69DA087B680832396943F822107B687D
:104E60001B683B617B695B00032202FA03F3DB43AF
:104E70003A6913403B613B685B6803F003027B695E
:104E80005B0002FA03F33A6913433B617B683A69BA
:104E90001A603B685B68012B0BD03B685B68022B98
:104EA00007D03B685B68112B03D03B685B68122B13
:104EB00030D17B689B683B617B695B00032202FA0F
:104EC00003F3DB433A6913403B613B68DA687B6973
:104ED0005B0002FA03F33A6913433B617B683A696A
:104EE0009A607B685B683B6101227B6902FA03F38D
:104EF000DB433A6913403B613B685B681B0903F085
:104F000001027B6902FA03F33A6913433B617B6850
:104F10003A695A607B68DB683B617B695B0003220E
:104F200002FA03F3DB433A6913403B613B689A683A
:104F30007B695B0002FA03F33A6913433B617B68C8
:104F40003A69DA603B685B6803F08053002B00F03D
:104F5000B880624B5B6C614A43F480435364604A9F
:104F60007B699B08023352F823303B617B6903F075
:104F700003039B000F2202FA03F3DB433A69134059
:104F80003B617B68574A934237D07B68564A9342CD
:104F900031D07B68554A93422BD07B68544A934268
:104FA00025D07B68534A93421FD07B68524A934274
:104FB00019D07B68514A934213D07B68504A934280
:104FC0000DD07B684F4A934207D07B684E4A93428C
:104FD00001D1092312E00A2310E008230EE0072381
:104FE0000CE006230AE0052308E0042306E003237F
:104FF00004E0022302E0012300E000237A6902F0CA
:105000000302920093403A6913433B6134497B6940
:105010009B0802333A6941F823203C4B1B683B61F3
:10502000BB68DB433A6913403B613B685B6803F450
:105030008033002B03D03A69BB6813433B61334A8A
:105040003B691360314B5B683B61BB68DB433A698A
:1050500013403B613B685B6803F40033002B03D0D3
:105060003A69BB6813433B61284A3B695360274B4D
:105070009B683B61BB68DB433A6913403B613B681B
:105080005B6803F48013002B03D03A69BB681343B9
:105090003B611E4A3B6993601C4BDB683B61BB680C
:1050A000DB433A6913403B613B685B6803F40013E0
:1050B000002B03D03A69BB6813433B61134A3B6939
:1050C000D3607B6901337B617B690F2B7FF68CAEEC
:1050D00000BF00BF1C37BD4680BC7047003802408F
:1050E0000038014000000240000402400008024075
:1050F000000C024000100240001402400018024060
:10510000001C02400020024000240240003C0140FC
:1051100080B487B000AF7860396000233B61002322
:10512000FB600023BB6000237B6182E001227B697E
:1051300002FA03F33B613A683B691340FB60FA688B
:105140003B699A4272D17B681A687B695B000321D4
:1051500001FA03F3DB431A407B681A607B69DA08C3
:105160007B68083253F822107B6903F007039B0029
:105170000F2202FA03F3DB437A69D20819407B68F5
:10518000083243F822107B689A687B695B00032130
:1051900001FA03F3DB431A407B689A607B685A6824
:1051A00001217B6901FA03F3DB431A407B685A60F3
:1051B0007B68DA687B695B00032101FA03F3DB4358
:1051C0001A407B68DA607B6903F003039B000F22BF
:1051D00002FA03F3BB601C4A7B699B08023352F856
:1051E0002310BB68DA4318487B699B080A400233E6
:1051F00040F82320154B1A68FB68DB431349134022
:105200000B60124B5A68FB68DB43104913404B603C
:105210000E4B9A68FB68DB430C4913408B600B4BC9
:10522000DA68FB68DB4309491340CB607B690133D3
:105230007B617B690F2B7FF679AF00BF00BF1C3706
:10524000BD4680BC704700BF00380140003C0140B3
:1052500080B485B000AF78600B467B807B681A69AC
:105260007B881340002B02D00123FB7301E0002355
:10527000FB73FB7B18461437BD4680BC704780B477
:1052800083B000AF78600B467B8013467B707B78E1
:10529000002B03D07A887B689A6103E07B881A042C
:1052A0007B689A6100BF0C37BD4680BC704780B4F4
:1052B00083B000AF78600B467B807B685A697B883F
:1052C0005A407B685A6100BF0C37BD4680BC7047AE
:1052D00080B58AB000AF00237B62314B1B6C304A33
:1052E00043F0805313644FF48033BB61BB6993FA7E
:1052F000A3F37B617B693B623B6AB3FA83F3FB6197
:10530000FB69DBB29B0003F1844303F560231A467B
:1053100001231360FCF70EFD786209E0FCF70AFD3B
:1053200002467B6AD31AB3F57A7F01D9032333E0AF
:105330001C4B5B6803F48033B3F5803FEED14FF430
:105340000033BB60BB6893FAA3F37B607B683B616F
:105350003B69B3FA83F3FB60FB68DBB29B0003F1AC
:10536000844303F560231A4601231360FCF7E2FC33
:10537000786209E0FCF7DEFC02467B6AD31AB3F5DB
:105380007A7F01D9032307E0064B5B6803F40033FF
:10539000B3F5003FEED1002318462837BD4680BD47
:1053A000003802400070004080B598B000AF7860CF
:1053B0000023FB657B681B6803F00103002B66D0AC
:1053C0009C4B9B6803F00C03042B0CD0994B9B68FF
:1053D00003F00C03082B12D1964B5B6803F4800397
:1053E000B3F5800F0BD1934B1B6803F40033002BF4
:1053F0004CD07B685B68002B48D101231AE28E4BAE
:1054000000221A70FCF796FCF86508E0FCF792FCA5
:105410000246FB6DD31A642B01D903230AE2854BA4
:105420001B6803F40033002BF0D17B685A68824B71
:10543000D2B21A707B685B68002B13D0FCF77AFC41
:10544000F86508E0FCF776FC0246FB6DD31A642B86
:1054500001D90323EEE1774B1B6803F40033002BE3
:10546000F0D014E0FCF766FCF86508E0FCF762FC9D
:105470000246FB6DD31A642B01D90323DAE16D4B8D
:105480001B6803F40033002BF0D100E000BF7B6801
:105490001B6803F00203002B7FD0664B9B6803F070
:1054A0000C03002B0BD0634B9B6803F00C03082B01
:1054B0002AD1604B5B6803F48003002B24D15D4B41
:1054C0001B6803F00203002B05D07B68DB68012B0F
:1054D00001D00123AEE1574B1B6823F0F8027B6833
:1054E0001B69F8213965396D91FAA1F1F964F96CFC
:1054F000B965B96DB1FA81F17965796DC9B28B4041
:105500004C4913430B6048E07B68DB68002B2ED0CE
:105510004A4B01221A60FCF70DFCF86508E0FCF725
:1055200009FC0246FB6DD31A642B01D9032381E1E8
:10553000404B1B6803F00203002BF0D03D4B1B686F
:1055400023F0F8027B681B69F8213964396C91FA01
:10555000A1F1F963F96BB964B96CB1FA81F17964BD
:10556000796CC9B28B40334913430B6015E0334B60
:1055700000221A60FCF7DEFBF86508E0FCF7DAFBB6
:105580000246FB6DD31A642B01D9032352E1294B48
:105590001B6803F00203002BF0D17B681B6803F04B
:1055A0000803002B30D07B685B69002B16D0244B9E
:1055B00001221A60FCF7BEFBF86508E0FCF7BAFBB5
:1055C0000246FB6DD31A642B01D9032332E1194B38
:1055D0005B6F03F00203002BF0D015E0184B0022A4
:1055E0001A60FCF7A7FBF86508E0FCF7A3FB02468E
:1055F000FB6DD31A642B01D903231BE10D4B5B6FA9
:1056000003F00203002BF0D17B681B6803F0040356
:10561000002B74D0074B1B6C064A43F08053136475
:10562000084B1B68074A43F480731360FCF782FB46
:10563000F86512E00038024002380240000047429C
:10564000800E474200700040FCF774FB0246FB6D81
:10565000D31A642B01D90323ECE0784B1B6803F4C5
:105660008073002BF0D0764B00221A70FCF762FB9F
:10567000F8650AE0FCF75EFB0246FB6DD31A41F2C7
:105680008832934201D90323D4E06E4B1B6F03F0A1
:105690000203002BEED17B689A68694BD2B21A7074
:1056A0007B689B68012B15D1FCF744FBF8650AE089
:1056B000FCF740FB0246FB6DD31A41F2883293425D
:1056C00001D90323B6E05F4B1B6F03F00203002BED
:1056D000EED014E0FCF72EFBF8650AE0FCF72AFB9D
:1056E0000246FB6DD31A41F28832934201D903235B
:1056F000A0E0544B1B6F03F00203002BEED17B683C
:105700009B69002B00F095804E4B9B6803F00C03C7
:10571000082B00F08C807B689B69022B70D14A4B70
:1057200000221A60FCF706FBF86508E0FCF702FBB4
:105730000246FB6DD31A642B01D903237AE0414B57
:105740001B6803F00073002BF0D17B681A6A7B683A
:105750005B6A47F6C0713961396991FAA1F1F96064
:10576000F968B961B969B1FA81F179617969C9B248
:105770008B401A437B689B6A5B08013B4FF44031C6
:105780003962396A91FAA1F1F961F969B962B96AC4
:10579000B1FA81F17962796AC9B28B401A437B68A8
:1057A000DB691A437B68DB6A4FF070613963396BE0
:1057B00091FAA1F1F962F96AB963B96BB1FA81F1B1
:1057C0007963796BC9B28B4013431E4A43F000538F
:1057D00053601D4B01221A60FCF7ACFAF86508E033
:1057E000FCF7A8FA0246FB6DD31A642B01D90323F8
:1057F00020E0144B1B6803F00073002BF0D018E07E
:10580000114B00221A60FCF795FAF86508E0FCF7E6
:1058100091FA0246FB6DD31A642B01D9032309E0E8
:10582000084B1B6803F00073002BF0D101E001234B
:1058300000E0002318466037BD4680BD0070004080
:1058400070380240003802406000474280B584B0A2
:1058500000AF786039600023FB60924B1B6803F057
:105860000F033A689A4240F28F808E4B3A68D2B268
:105870001A708C4B1B6803F00F033A689A4201D0F0
:10588000012336E17B681B6803F00203002B08D07C
:10589000854B9B6823F0F0027B689B688249134329
:1058A0008B607B681B6803F00103002B00F0FE8017
:1058B0007B685B68012B07D17B4B1B6803F40033CB
:1058C000002B15D1012314E17B685B68022B07D103
:1058D000754B1B6803F00073002B09D1012308E10D
:1058E000714B1B6803F00203002B01D1012300E17F
:1058F0006D4B9B6823F003027B685B686A49134326
:105900008B60FCF717FAF8607B685B68012B12D19B
:105910000AE0FCF70FFA0246FB68D31A41F288321C
:10592000934201D90323E4E05F4B9B6803F00C032F
:10593000042BEED1BAE07B685B68022B1DD10AE034
:10594000FCF7F8F90246FB68D31A41F28832934219
:1059500001D90323CDE0544B9B6803F00C03082BC3
:10596000EED1A3E0FCF7E6F90246FB68D31A41F258
:105970008832934201D90323BBE04B4B9B6803F071
:105980000C03002BEED191E07B681B6803F002034F
:10599000002B08D0444B9B6823F0F0027B689B6887
:1059A000414913438B607B681B6803F00103002BA4
:1059B0006AD07B685B68012B07D13B4B1B6803F403
:1059C0000033002B15D1012393E07B685B68022B29
:1059D00007D1354B1B6803F00073002B09D101235D
:1059E00087E0314B1B6803F00203002B01D1012338
:1059F0007FE02D4B9B6823F003027B685B682A499C
:105A000013438B60FCF796F9F8607B685B68012BA9
:105A100012D10AE0FCF78EF90246FB68D31A41F274
:105A20008832934201D9032363E01F4B9B6803F044
:105A30000C03042BEED127E07B685B68022B1DD1A1
:105A40000AE0FCF777F90246FB68D31A41F2883284
:105A5000934201D903234CE0134B9B6803F00C03E2
:105A6000082BEED110E0FCF765F90246FB68D31A6B
:105A700041F28832934201D903233AE00A4B9B68F2
:105A800003F00C03002BEED1064B3A68D2B21A7029
:105A9000044B1B6803F00F033A689A4206D00123B7
:105AA00027E000BF003C0240003802407B681B68D2
:105AB00003F00403002B08D0104B9B6823F4E05242
:105AC0007B68DB680D4913438B607B681B6803F0C0
:105AD0000803002B09D0094B9B6823F460427B68C4
:105AE0001B69DB00054913438B600F20FCF7F8F8B6
:105AF000002318461037BD4680BD00BF0038024065
:105B000080B491B000AF00237B630023FB630023CC
:105B10003B630023BB633E4B9B6803F00C03082BE5
:105B20000CD0082B6BD8002B02D0042B03D066E0DE
:105B3000384BBB6366E0384BBB6363E0344B5B6858
:105B400003F03F037B63324B5B6803F48003002B5D
:105B50001CD0314A7B6BB2FBF3F22D4B596847F6F0
:105B6000C0730B4047F6C0717962796A91FAA1F16E
:105B70003962396AF962F96AB1FA81F1B962B96ACE
:105B8000C9B2CB4002FB03F3FB631BE0214A7B6BF2
:105B9000B2FBF3F21E4B596847F6C0730B4047F651
:105BA000C0717961796991FAA1F139613969F96155
:105BB000F969B1FA81F1B961B969C9B2CB4002FBA7
:105BC00003F3FB63124B5B6803F440334FF4403242
:105BD0007A607A6892FAA2F23A603A68FA60FA68F1
:105BE000B2FA82F2BA60BA68D2B2D34001335B0033
:105BF0003B63FA6B3B6BB2FBF3F3BB6302E0054B19
:105C0000BB6300BFBB6B18464437BD4680BC7047C2
:105C1000003802400024F40040787D0180B584B053
:105C200000AFFFF76DFF01460F4B9B6803F0F003D9
:105C3000F0227A607A6892FAA2F23A603A68FA60E0
:105C4000FA68B2FA82F2BA60BA68D2B2D340074AAE
:105C5000D35C21FA03F3064A1360054B1B68184610
:105C60001037BD4680BD00BF0038024094F70008E1
:105C70000000002080B584B000AFFFF7CFFF0146E1
:105C80000D4B9B6803F4E0534FF4E0527A607A685E
:105C900092FAA2F23A603A68FA60FA68B2FA82F2CC
:105CA000BA60BA68D2B2D340044AD35C21FA03F393
:105CB00018461037BD4680BD0038024094F70008F2
:105CC00080B584B000AFFFF7A9FF01460D4B9B687C
:105CD00003F460434FF460427A607A6892FAA2F269
:105CE0003A603A68FA60FA68B2FA82F2BA60BA6860
:105CF000D2B2D340044AD35C21FA03F318461037DA
:105D0000BD4680BD0038024094F7000880B582B0DF
:105D100000AF78607B68002B01D1012337E07B68FE
:105D200093F83930DBB2002B02D1786801F04EF8DD
:105D30007B68022283F839207B681B68DA687B68FD
:105D40001B6822F40052DA60786800F059FC7B6826
:105D50001B681A697B681B6822F490421A617B6891
:105D60001B685A697B681B6822F02A025A617B68AB
:105D70001B68DA687B681B6842F40052DA607B6853
:105D80000022DA637B68012283F839200023184659
:105D90000837BD4680BD80B586B000AFF860B960F9
:105DA0003B601346FB8000237B61FB6893F839302E
:105DB000DBB27B617B69012B03D07B69222B40F036
:105DC0008E80BB68002B02D0FB88002B01D1012301
:105DD00086E0FB6893F83830012B01D102237FE085
:105DE000FB68012283F83820FB680022DA63FB6835
:105DF00093F83930DBB2222B04D1FB68322283F8CE
:105E0000392003E0FB68122283F83920FB68FA8806
:105E10009A84FB68FA88DA843DE0FB68DB8C013BFE
:105E20009AB2FB68DA84FB689B68B3F5805F20D187
:105E30003B6800228021F86800F026FA0346002B18
:105E400001D003234CE0BB683B613B691B881A46C9
:105E5000FB681B68C2F308025A60FB681B69002BD1
:105E600003D1BB680233BB6015E0BB680133BB6084
:105E700011E03B6800228021F86800F005FA034633
:105E8000002B01D003232BE0BB685A1CBA601A78A0
:105E9000FB681B685A60FB68DB8C002BBDD13B683C
:105EA00000224021F86800F0EFF90346002B01D0F2
:105EB000032315E0FB6893F83930DBB2322B04D1B1
:105EC000FB68222283F8392003E0FB68012283F873
:105ED0003920FB68002283F83820002300E00223E9
:105EE00018461837BD4680BD80B586B000AFF86053
:105EF000B9603B601346FB8000237B61FB6893F82D
:105F00003930DBB27B617B69012B03D07B69122BBB
:105F100040F09D80BB68002B02D0FB88002B01D194
:105F2000012395E0FB6893F83830012B01D102235F
:105F30008EE0FB68012283F83820FB680022DA63D8
:105F4000FB6893F83930DBB2122B04D1FB683222A4
:105F500083F8392003E0FB68222283F83920FB68AC
:105F6000FA889A85FB68FA88DA8557E0FB68DB8D4A
:105F7000013B9AB2FB68DA85FB689B68B3F5805FEA
:105F800029D13B6800222021F86800F07DF9034602
:105F9000002B01D003235BE0BB683B61FB681B69FE
:105FA000002B0CD1FB681B685B689BB2C3F3080332
:105FB0009AB23B691A80BB680233BB602EE0FB6873
:105FC0001B685B689BB2DBB29AB23B691A80BB6804
:105FD0000133BB6022E03B6800222021F86800F01A
:105FE00053F90346002B01D0032331E0FB681B6902
:105FF000002B08D1FB681B685968BB685A1CBA6043
:10600000CAB21A700AE0FB681B685B68DAB2BB6848
:10601000591CB96002F07F02D2B21A70FB68DB8DA6
:10602000002BA3D1FB6893F83930DBB2322B04D1BB
:10603000FB68122283F8392003E0FB68012283F811
:106040003920FB68002283F83820002300E0022377
:1060500018461837BD4680BD80B588B000AF78605F
:106060000023FB610023BB617B681B681B6803F096
:106070000103012B0CBF01230023DBB2FB617B6812
:106080001B68DB6803F48073BB61FB69002B11D0D4
:10609000BB69002B0ED07B681B681B687B617B682B
:1060A0001B685B687B617B697B68DB6B43F001028B
:1060B0007B68DA637B681B681B6803F00203022BB2
:1060C0000CBF01230023DBB2FB617B681B685B69AB
:1060D00003F00103BB61FB69002B11D0BB69002BEE
:1060E0000ED07B681B681B683B617B681B685B6824
:1060F0003B613B697B68DB6B43F004027B68DA63DE
:106100007B681B681B6803F00403042B0CBF01238E
:106110000023DBB2FB617B681B685B6903F0010352
:10612000BB61FB69002B11D0BB69002B0ED07B68D3
:106130001B681B68FB607B681B685B68FB60FB6817
:106140007B68DB6B43F002027B68DA637B681B6869
:106150001B6803F00803082B0CBF01230023DBB2EC
:10616000FB617B681B685B6903F00103BB61FB6932
:10617000002B11D0BB69002B0ED07B681B681B68FD
:10618000BB607B681B685B68BB60BB687B68DB6B64
:1061900043F008027B68DA637B681B681B6803F0C6
:1061A0002003202B0CBF01230023DBB2FB617B68A3
:1061B0001B68DB6803F02003BB61FB69002B05D083
:1061C000BB69002B02D0786800F086F97B681B68F9
:1061D0001B6803F08003802B0CBF01230023DBB27C
:1061E000FB617B681B68DB6803F08003BB61FB69B4
:1061F000002B05D0BB69002B02D0786800F0DDF8D9
:106200007B681B681B6803F04003402B0CBF012315
:106210000023DBB2FB617B681B68DB6803F0400393
:10622000BB61FB69002B05D0BB69002B02D07868ED
:1062300000F01FF97B68DB6B002B06D07B68012226
:1062400083F83920786800F016F800BF2037BD4683
:1062500080BD80B483B000AF786000BF0C37BD460E
:1062600080BC704780B483B000AF786000BF0C374B
:10627000BD4680BC704780B483B000AF786000BF7B
:106280000C37BD4680BC704780B586B000AFF86063
:10629000B9603B601346FB7100237B61FBF74AFD4D
:1062A0007861FB79002B7BD138E03B68B3F1FF3F8D
:1062B00034D03B68002B07D0FBF73CFD02467B69DE
:1062C000D31A3A689A4229D2FB681B68DA68FB68DD
:1062D0001B6822F08002DA60FB681B68DA68FB68E2
:1062E0001B6822F02002DA60FB681B68DA68FB6832
:1062F0001B6822F48072DA60FB681B685A69FB68CD
:106300001B6822F001025A61FB68012283F83920E0
:10631000FB68002283F8382003234AE0FB681B68EF
:106320001A68BB681340BA689A42BED140E03B6825
:10633000B3F1FF3F34D03B68002B07D0FBF7FAFCEA
:1063400002467B69D31A3A689A4229D2FB681B68D5
:10635000DA68FB681B6822F08002DA60FB681B6861
:10636000DA68FB681B6822F02002DA60FB681B68B1
:10637000DA68FB681B6822F48072DA60FB681B68CD
:106380005A69FB681B6822F001025A61FB6801220E
:1063900083F83920FB68002283F83820032308E0C3
:1063A000FB681B681A68BB681340BA689A42BED083
:1063B000002318461837BD4680BD80B485B000AFB5
:1063C00078600023FB607B6893F83930DBB2FB60B8
:1063D000FB68122B02D0FB68322B44D17B689B6890
:1063E000B3F5805F1AD17B681B6ABB60BB681B88F2
:1063F0001A467B681B68C2F308025A607B681B69F7
:10640000002B05D17B681B6A9A1C7B681A620EE020
:106410007B681B6A5A1C7B681A6208E07B681B6AEF
:10642000591C7A6811621A787B681B685A607B680D
:10643000DB8C013B9AB27B68DA847B68DB8C002BB7
:106440000FD17B681B68DA687B681B6822F08002CA
:10645000DA607B681B68DA687B681B6842F0400280
:10646000DA60002300E0022318461437BD4680BCE2
:10647000704780B582B000AF78607B681B68DA68CF
:106480007B681B6822F04002DA607B6893F8393041
:10649000DBB2322B04D17B68222283F8392013E04F
:1064A0007B681B68DA687B681B6822F48072DA609C
:1064B0007B681B685A697B681B6822F001025A617D
:1064C0007B68012283F839207868FFF7C2FE002339
:1064D00018460837BD4680BD80B584B000AF7860EF
:1064E0000023FB607B6893F83930DBB2FB60FB680C
:1064F000222B02D0FB68322B7CD17B689B68B3F5E2
:10650000805F23D17B689B6ABB607B681B69002B23
:106510000ED17B681B685B689BB2C3F308039AB219
:10652000BB681A807B689B6A9A1C7B689A6229E028
:106530007B681B685B689BB2DBB29AB2BB681A804F
:106540007B689B6A5A1C7B689A621BE07B681B69AC
:10655000002B0AD17B681B6858687B689B6A591CB2
:106560007A689162C2B21A700CE07B681B685B6843
:10657000DAB27B689B6A581C7968886202F07F02F5
:10658000D2B21A707B68DB8D013B9AB27B68DA85E8
:106590007B68DB8D002B2BD17B681B68DA687B68FE
:1065A0001B6822F02002DA607B6893F83930DBB296
:1065B000322B04D17B68122283F8392013E07B68E8
:1065C0001B68DA687B681B6822F48072DA607B687B
:1065D0001B685A697B681B6822F001025A617B685C
:1065E000012283F839207868FFF73CFE002302E09F
:1065F000002300E0022318461037BD4680BD00008E
:10660000B0B584B000AF78600023FB607B681B6886
:106610001B69FB60FB6823F44053FB607B68DB680D
:10662000FA681343FB607B681B68FA681A617B6831
:106630001B68DB68FB60FB6823F4164323F00C0344
:10664000FB607B689A687B681B691A437B685B699F
:106650001A437B68DB691343FA681343FB607B686A
:106660001B68FA68DA607B681B685B69FB60FB6823
:1066700023F44073FB607B689B69FA681343FB60FB
:106680007B681B68FA685A617B68DB69B3F5004F69
:1066900040F08C807B681B688C4A934204D07B68F6
:1066A0001B688B4A934240D1FFF70AFB0246134610
:1066B0009B0013449A001A447B685B685B00B2FB42
:1066C000F3F3844AA2FB03235B091C01FFF7F8FAEA
:1066D000024613469B0013449A001A447B685B6889
:1066E0005B00B2FBF3F5FFF7EBFA024613469B00A3
:1066F00013449A001A447B685B685B00B2FBF3F3B7
:10670000744AA2FB03235B09642202FB03F3EB1A26
:106710001B0132336F4AA2FB03235B0903F00F0214
:106720007B681B6822439A60CCE0FFF7A3FA02461D
:1067300013469B0013449A001A447B685B685B0015
:10674000B2FBF3F3634AA2FB03235B091C01FFF7CF
:1067500091FA024613469B0013449A001A447B6840
:106760005B685B00B2FBF3F5FFF784FA0246134661
:106770009B0013449A001A447B685B685B00B2FB81
:10678000F3F3544AA2FB03235B09642202FB03F3E5
:10679000EB1A1B0132334F4AA2FB03235B0903F0C0
:1067A0000F027B681B6822439A608BE07B681B6842
:1067B000464A934204D07B681B68454A934240D1C5
:1067C000FFF77EFA024613469B0013449A001A44D0
:1067D0007B685B689B00B2FBF3F33E4AA2FB03239A
:1067E0005B091C01FFF76CFA024613469B00134439
:1067F0009A001A447B685B689B00B2FBF3F5FFF7D5
:106800005FFA024613469B0013449A001A447B68C1
:106810005B689B00B2FBF3F32E4AA2FB03235B09E8
:10682000642202FB03F3EB1A1B013233294AA2FB59
:1068300003235B0903F00F027B681B6822439A6005
:1068400040E0FFF717FA024613469B0013449A00F4
:106850001A447B685B689B00B2FBF3F31D4AA2FB02
:1068600003235B091C01FFF705FA024613469B0050
:1068700013449A001A447B685B689B00B2FBF3F5F3
:10688000FFF7F8F9024613469B0013449A001A4496
:106890007B685B689B00B2FBF3F30E4AA2FB032309
:1068A0005B09642202FB03F3EB1A1B013233094A32
:1068B000A2FB03235B0903F00F027B681B682243E2
:1068C0009A60FFE700BF1037BD46B0BD0010014021
:1068D000001401401F85EB5180B500AF0248FBF763
:1068E00055FB00BF80BD00BF2C0A002080B483B0E0
:1068F00000AF0346FB8000BFFB885A1EFA80002BC6
:10690000FAD100BF00BF0C37BD4680BC7047000005
:1069100080B500AF0A4B1B6B094A43F08003136339
:1069200000F012F800F026F8012220210548FEF7B9
:10693000A6FC012210210348FEF7A1FC00BF80BD88
:1069400000380240001C024080B586B000AF012331
:10695000BB6010237B600123FB6003233B613B1D75
:1069600019460348FEF732FA00BF1837BD4680BD0E
:10697000001C024080B586B000AF20210948FEF718
:10698000C7FB0123BB6020237B600123FB60032343
:106990003B613B1D19460348FEF718FA00BF183744
:1069A000BD4680BD001C024080B586B000AF2021EE
:1069B0000848FEF7ADFB0023BB6020237B60032368
:1069C0003B613B1D19460348FEF700FA00BF18372C
:1069D000BD4680BD001C024080B500AFFFF7CAFF76
:1069E000012220210C48FEF74AFC012210210A480E
:1069F000FEF745FC3220FFF779FF002220210648F0
:106A0000FEF73DFC3220FFF771FF00221021024803
:106A1000FEF735FC00BF80BD001C024080B500AF12
:106A2000FFF7A8FF002210210C48FEF728FC0022E7
:106A300020210A48FEF723FC3220FFF757FF0122EE
:106A400010210648FEF71BFC3220FFF74FFF012202
:106A500020210248FEF713FC00BF80BD001C02404D
:106A600080B582B000AF0023FB71FFF783FF0122E6
:106A700020211648FEF703FC3220FFF737FFFFF70F
:106A800093FF012210211148FEF7F9FB3220FFF796
:106A90002DFF09E0FB790133FB71FB79FA2B03D958
:106AA000FFF7BCFF01230CE020210848FEF7D0FBD4
:106AB0000346002BEED1002210210448FEF7DFFB35
:106AC000002318460837BD4680BD00BF001C0240A9
:106AD00080B584B000AF0346FB71FFF74BFF002287
:106AE00010211B48FEF7CBFB0023FB7327E097F92F
:106AF0000730002B05DA012220211548FEF7BFFBE5
:106B000004E0002220211248FEF7B9FBFB795B006C
:106B1000FB713220FFF7EAFE012210210C48FEF73C
:106B2000AEFB3220FFF7E2FE002210210848FEF7FC
:106B3000A6FB3220FFF7DAFEFB7B0133FB73FB7B06
:106B4000072BD4D900BF00BF1037BD4680BD00BFA2
:106B5000001C024080B586B000AF1D4B1B6B1C4A69
:106B600043F0010313631A4B1B6B194A43F00403F0
:106B70001363174B1B6B164A43F080031363002308
:106B8000BB6001237B600223FB6003233B613B1D51
:106B900019461048FEF71AF908237B600123FB60B1
:106BA0003B1D19460C48FEF711F904237B603B1D81
:106BB00019460948FEF70AF94FF400537B603B1D64
:106BC00019460648FEF702F900BF1837BD4680BDDA
:106BD0000038024000000240001C02400008024051
:106BE00080B586B000AF114B1B6B104A43F0020317
:106BF00013630123BB6001237B600123FB6003233C
:106C00003B613B1D19460A48FEF7E0F802237B6012
:106C10003B1D19460648FEF7D9F800F00BF800F0C6
:106C200015F800BF1837BD4680BD00BF00380240D0
:106C30000004024080B500AF012201210248FEF7A6
:106C40001EFB00BF80BD00BF0004024080B500AF46
:106C5000012202210248FEF712FB00BF80BD00BFE7
:106C60000004024080B500AF01210248FEF71FFB7F
:106C700000BF80BD0004024080B586B000AF002395
:106C8000FB75144B1B6B134A43F002031363002381
:106C90007B604FF480533B600123BB600323FB60A8
:106CA0003B4619460C48FEF791F8FFF731FEFFF717
:106CB00093FE4020FFF70CFFFFF7D2FE0346FB7563
:106CC000FFF7ACFEFF2000F009F8FB7D18461837EF
:106CD000BD4680BD003802400004024080B582B04D
:106CE00000AF0346FB71FFF777FE4020FFF7F0FE91
:106CF000FFF7B6FEFB791846FFF7EAFEFFF7B0FE96
:106D0000FFF78CFE0A20FBF71FF800BF0837BD46CF
:106D100080BD000080B500AF074B1B681B6903F006
:106D20000103012B06D1FFF79DFF034B1B686FF09A
:106D300001021A6100BF80BD7C0A002080B582B0CC
:106D400000AF78600D4B0E4A1A600C4B0C225A6152
:106D50000A4A7B685360094B00229A61074B002264
:106D60001A61064B0022DA60044B00229A60034845
:106D7000FEF7CCFF00BF0837BD4680BDB80A002033
:106D80000010014080B582B000AF78600D4B0E4A14
:106D90001A600C4B0C225A610A4A7B685360094BFB
:106DA00000229A61074B00221A61064B0022DA602A
:106DB000044B00229A600348FEF7A8FF00BF083783
:106DC000BD4680BDF80A00200044004080B588B070
:106DD00000AF78607B681B68354A93423CD1354BE5
:106DE0001B6B344A43F001031363324B5B6C314A33
:106DF00043F01003536402233B610323BB614FF450
:106E00000073FB600723FB6107F10C0319462A4856
:106E1000FDF7DCFF4FF48063FB6007F10C031946BC
:106E20002548FDF7D3FF254B1B68DA68234B1B6809
:106E300042F02002DA60214B1B68DA681F4B1B68A6
:106E400042F01002DA602520FBF785F802220221C9
:106E50002520FBF764F826E07B681B68184A9342FC
:106E600021D1144B1B6B134A43F001031363114BE5
:106E70001B6C104A43F40033136402233B61032369
:106E8000BB610423FB600723FB6107F10C03194678
:106E90000948FDF79BFF0823FB6007F10C03194627
:106EA0000548FDF793FF00BF2037BD4680BD00BFFA
:106EB000001001400038024000000240B80A0020E3
:106EC0000044004080B582B000AF2648FFF7C4F808
:106ED000244B1B681B6803F02003202B23D1F91DD2
:106EE0004FF47A7301221F48FEF7FEFF1E4BB3F8E2
:106EF00000311A46F9791C4B99541B4BB3F80031F9
:106F000001339AB2184BA3F80021174BB3F80031A4
:106F1000FF2B03D9144B0022A3F80021114B1B684F
:106F20006FF020021A600F4B1B681B6803F0100300
:106F3000102B13D10C4BB3F800311A460A4B002129
:106F40009954094B012283F80221064B1B681B68E8
:106F50003B60044B1B685B683B603B6800BF0837C5
:106F6000BD4680BDB80A0020380B00200EB480B5A5
:106F7000B7B000AF786007F1E803C7F8D03007F189
:106F80000803D7F8D020D7F8E410184604F0A8F882
:106F900007F108031846FAF7D3F80346A7F8D630E6
:106FA000B7F8D62007F108014FF47A737868FEF736
:106FB000F2FE00BFDC37BD46BDE8804003B070473D
:106FC00080B586B000AFF860B9601346FB80FB68FF
:106FD00000229A81FB680022DA81FB6800221A6095
:106FE000FA6892F8603043F0010382F86030FB6881
:106FF000BA681A61FB882A4AA2FB03239B089AB24B
:10700000FB689A86FB680022A3F85420FB680022E4
:10701000A3F85020FB680022A3F852200023FB8233
:1070200017E0FB689B8E1A46B7F91630013302FB56
:1070300003F31946B7F91630BA680A44F9680E33F3
:107040009B000B445A60B7F916309BB201339BB2D8
:10705000FB82B7F91630042BE3DDFB68114A9A6511
:10706000114A104BD31A1B099AB2FB68A3F85C2093
:10707000F86800F01DF8FB689A6D00230B49F8686A
:1070800000F0B2FF03461946F86801F033FA012117
:10709000F86800F0DBF800BF1837BD4680BD00BFC0
:1070A000ABAAAAAAC0FC0008E0FD000848F7000847
:1070B00080B485B000AF78600023FB8113E0B7F99E
:1070C0000E300D4A52F82330002B06D1B7F90E309E
:1070D00009497A6841F8232009E0B7F90E309BB2DC
:1070E00001339BB2FB81B7F90E30042BE7DD143777
:1070F000BD4680BC704700BF3C0C002080B483B00C
:1071000000AF0023FB801EE0B7F90630134A52F8A7
:107110002330002B11D0B7F90630104A52F8233033
:1071200093F8603003F00203DBB2002B05D0B7F90F
:1071300006300A4A52F823300AE0B7F906309BB20B
:1071400001339BB2FB80B7F90630042BDCDD002352
:1071500018460C37BD4680BC704700BF3C0C002071
:1071600080B582B000AF78600B46FB707B689B6E89
:10717000FA1C01211046984700BF0837BD4680BD64
:1071800080B584B000AF786039600023FB813B6834
:10719000BB607B689B6E002B04D1002310E0FB8951
:1071A0000133FB81BB685A1CBA601B78002BF6D1F7
:1071B0007B689B6EFA8911463868984703469BB2F4
:1071C00018461037BD4680BD80B584B000AF7860EA
:1071D00039600023FB813B68BB607B689B6E002BA2
:1071E00007D100232BE0BB680133BB60FB8901336F
:1071F000FB81BB681B78002B07D0BB681B780D2B6D
:1072000003D0BB681B780A2BEDD1FB89242B0AD94C
:107210007B689B6E2421386898477B689B6E0321AE
:107220000948984705E07B689B6EFA8911463868E3
:107230009847FB89242B01D9242300E027231846F3
:107240001037BD4680BD00BF50F7000880B582B042
:1072500000AF78600B46FB707B6893F8603003F0FA
:107260000103DBB2002B22D0FB78002B03D01549A1
:107270007868FFF785FF7B681B685B68194678684C
:10728000FFF77EFF10497868FFF77AFF7B689B68FD
:10729000002B02D07B689B6800E00C4B1946786895
:1072A000FFF76EFF0A497868FFF76AFF05E0094BB0
:1072B0001B6B19467868FFF763FF00BF0837BD46B0
:1072C00080BD00BF54F7000858F700085CF70008BD
:1072D00060F700080400002080B483B000AF78603D
:1072E00039603B681B78002B13D03B685B7803F058
:1072F0000F03DBB2082B0CD07B681B68002B19D066
:107300003B681A787B681B681B781340DBB2002B44
:1073100010D07B6893F8603003F00103DBB2002BE0
:1073200006D13B685B7803F01003DBB2002B01D081
:10733000002301E04FF0FF3318460C37BD4680BCF8
:10734000704780B485B000AF786039600823FB7364
:107350003B68083300221A7018E07B68DBB203F048
:107360000F03BB73BB7B092B03D9BB7B5733DBB24A
:1073700002E0BB7B3033DBB2FA7B013AFA73FA7B73
:1073800039680A4413707B681B097B607B68002B9B
:10739000E3D1FB7BC3F10803DBB25BB218461437C1
:1073A000BD4680BC7047000080B485B000AF7860F7
:1073B00039600B23FB737B68BB607B68002B02DAB0
:1073C0007B685B42BB603B680B3300221A701DE098
:1073D000BA68204B83FB02139910D317C91A0B46C6
:1073E0009B000B445B00D11ACAB2FB7B013BFB73D1
:1073F000FB7B39680B443032D2B21A70BB68154A35
:1074000082FB03129210DB17D31ABB60BB68002B00
:10741000DED17B68002B07DAFB7B013BFB73FB7B38
:107420003A6813442D221A707B68002B07D1FB7B2E
:10743000013BFB73FB7B3A68134430221A70FB7BE1
:10744000C3F10B03DBB25BB218461437BD4680BCF8
:10745000704700BF6766666680B485B000AF78602D
:1074600039600023FB810AE0FB893A681A44FB89F2
:1074700079680B4412781A70FB890133FB81FB8910
:107480003A6813441B78002BEED1FB897A681344C9
:1074900000221A70FB8918461437BD4680BC70471D
:1074A00080B485B000AF786039600023FB81002391
:1074B000BB810FE0BB897A6813441A78BB893968AD
:1074C0000B441B789A4212D1FB890133FB81BB89A3
:1074D0000133BB81BB897A6813441B78002B07D02A
:1074E000BB893A6813441B78002BE3D100E000BF4E
:1074F000FB8918461437BD4680BC704780B584B000
:1075000000AF78600023FB7306E0FB7B184A302154
:10751000D154FB7B0133FB73FB7B082BF5D97B68D4
:107520005B78C3F30303DBB2012B02D87B685B6893
:107530001AE07B685B78C3F30303DBB2072B02D846
:107540007B685B6810E07B685B78C3F30303DBB2A6
:10755000082B02D87B685B6806E07B685B6804499F
:107560001846FFF7EEFE024B18461037BD4680BDA9
:10757000500C002080B483B000AF78607B685B78EB
:10758000C3F30303DBB2012B02D87B68DB6815E091
:107590007B685B78C3F30303DBB2072B02D87B68FD
:1075A000DB680BE07B685B78C3F30303DBB2082B7B
:1075B00002D87B68DB6801E07B68DB6818460C3723
:1075C000BD4680BC7047000080B584B000AF7860D5
:1075D00039603868FFF792FF034619467868FFF76D
:1075E000CFFD0346C3F116039BB2FB81B7F90E3002
:1075F000002B02DDB7F90E3000E00423FB812021CF
:107600007868FFF7ADFDFB89013B9BB2FB81B7F9C1
:107610000E30002BF3D13B685B78C3F30303DBB27E
:10762000012B06D8364B1B6C19467868FFF7A8FD6E
:107630002FE03B685B78C3F30303DBB2072B06D86C
:107640002F4B5B6C19467868FFF79AFD21E03B6889
:107650005B78C3F30303DBB2082B06D8284B9B6C83
:1076600019467868FFF78CFD13E03B685B78C3F33D
:107670000303DBB2092B06D8214BDB6C1946786873
:10768000FFF77EFD05E01E4B1B6D19467868FFF77E
:1076900077FD1C497868FFF773FD07237B7317E0BC
:1076A0003B681B781A4697F90D3042FA03F303F052
:1076B0000103002B01D0782300E02D2319467868C0
:1076C000FFF74EFD97F90D30DBB2013BDBB27B7368
:1076D00097F90D30002BE3DA0A497868FFF750FD7F
:1076E0003868FFF747FF034619467868FFF76CFDD7
:1076F00005497868FFF744FD00BF1037BD4680BDDF
:107700000400002064F7000854F7000880B584B036
:1077100000AF78607B689B6DBB601D4B9B68194612
:107720007868FFF72DFD0023FB8125E0B7F90E30C7
:107730001B01BA6813445B78C3F30303DBB2012B6C
:1077400014D8B7F90E301B01BA681344194678688B
:10775000FFF7C2FD0346002B08D1B7F90E301B011D
:10776000BA68134419467868FFF72EFFB7F90E3050
:107770009BB201339BB2FB81B7F90E307A68B2F845
:107780005C209342D2DB00BF00BF1037BD4680BDF6
:107790000400002080B584B000AF78607B689B6DEA
:1077A000BB60234BDB6819467868FFF7E9FC0023D0
:1077B000FB8130E0B7F90E301B01BA6813445B78E7
:1077C000C3F30303DBB2012B1FD9B7F90E301B0142
:1077D000BA6813445B78C3F30303DBB2072B14D8F6
:1077E000B7F90E301B01BA68134419467868FFF7E1
:1077F00073FD0346002B08D1B7F90E301B01BA68A0
:10780000134419467868FFF7DFFEB7F90E309BB2D4
:1078100001339BB2FB81B7F90E307A68B2F85C2075
:107820009342C7DB00BF00BF1037BD4680BD00BF1D
:107830000400002080B584B000AF78607B689B6D49
:10784000BB60234B1B6919467868FFF799FC00233E
:10785000FB8130E0B7F90E301B01BA6813445B7846
:10786000C3F30303DBB2072B1FD9B7F90E301B019B
:10787000BA6813445B78C3F30303DBB2082B14D854
:10788000B7F90E301B01BA68134419467868FFF740
:1078900023FD0346002B08D1B7F90E301B01BA684F
:1078A000134419467868FFF78FFEB7F90E309BB284
:1078B00001339BB2FB81B7F90E307A68B2F85C20D5
:1078C0009342C7DB00BF00BF1037BD4680BD00BF7D
:1078D0000400002080B584B000AF78607B689B6DA9
:1078E000BB60234B5B6919467868FFF749FC0023AE
:1078F000FB8130E0B7F90E301B01BA6813445B78A6
:10790000C3F30303DBB2082B1FD9B7F90E301B01F9
:10791000BA6813445B78C3F30303DBB2092B14D8B2
:10792000B7F90E301B01BA68134419467868FFF79F
:10793000D3FC0346002B08D1B7F90E301B01BA68FF
:10794000134419467868FFF73FFEB7F90E309BB233
:1079500001339BB2FB81B7F90E307A68B2F85C2034
:107960009342C7DB00BF00BF1037BD4680BD00BFDC
:107970000400002080B582B000AF78607868FFF71F
:10798000C5FE00BF0837BD4680BD000080B582B08F
:1079900000AF78600B46FB7003E007497868FFF79B
:1079A000EFFBFB785A1EFA70002BF6D100BF00BF28
:1079B0000837BD4680BD00BF68F7000880B584B0B9
:1079C00000AF78607B689A897B68DB89D31A9BB2A9
:1079D000FB8109E020217868FFF7C2FBB7F90E3080
:1079E0009BB2013B9BB2FB81B7F90E30002BF1DC5F
:1079F0007B689B89DBB219467868FFF7C7FF00BF39
:107A00001037BD4680BD000080B584B000AF7860FF
:107A10000B46FB707B689B891A467B689B8E013BFB
:107A20009A4210DB614B5B6819467868FFF7A8FB48
:107A300001217868FFF70AFC7B681B6919467868A2
:107A4000FFF79EFBAEE07B68DA897B689B899A42F0
:107A500027D17B681A697B689B89591C88B2796831
:107A600088811344FA781A707B681B697A68928956
:107A7000134400221A707B68DB8901339AB27B6859
:107A8000DA817B6893F8603003F00103DBB2002BEE
:107A900001D0FB7800E02A2319467868FFF760FBE5
:107AA00080E07B68DA897B689B899A427AD27B681E
:107AB0009A897B68DB89D31A9BB2FB811AE07B68C9
:107AC0001A697B68DB891946B7F90E300B44013B14
:107AD0001A447B681B697968C9890846B7F90E1092
:107AE00001440B4412781A70B7F90E309BB2013B77
:107AF0009BB2FB81B7F90E30002BE0DC7B681A6982
:107B00007B68DB89591C88B27968C8811344FA788C
:107B10001A707B681B697A689289013291B27A681F
:107B200091817A689289134400221A707B68DB89FC
:107B3000013B9BB2BB8119E07B6893F8603003F096
:107B40000103DBB2002B06D07B681A69B7F90C3051
:107B500013441B7800E02A2319467868FFF700FBDE
:107B6000B7F90C309BB201339BB2BB81B7F90C3033
:107B70007A6892899342DFDB7B689A897B68DB892C
:107B8000D31A9BB27B8109E008217868FFF7E8FAF5
:107B9000B7F90A309BB2013B9BB27B81B7F90A303F
:107BA000002BF1DC1037BD4680BD00BF0400002073
:107BB00080B584B000AF78600B46FB7097F9033056
:107BC000B3F1FF3F0CBF01230023DBB27B727B6864
:107BD000DB89002B04D197F90330012B00F0A7803B
:107BE0007B68DA897B689B899A4205D197F90330D3
:107BF000B3F1FF3F00F09B807B68DA897B689B894B
:107C00009A421BD197F90330012B17D17B68DB898E
:107C1000013B9AB27B68DA817B689B89013B9AB20F
:107C20007B689A817B681B697A6892891344002279
:107C30001A7001217868FFF7A9FE79E07B7AFB8151
:107C40001AE07B681B697A68D2891146B7F90E2061
:107C50000A441A447B6819697B68DB891846B7F9BE
:107C60000E300344013B0B4412781A70B7F90E3002
:107C70009BB201339BB2FB81B7F90E207B689B89D5
:107C800019467B68DB89CB1A9A42DADB7B689B89D1
:107C9000013B9AB27B689A817B7A002B09D17B6881
:107CA000DB89013B9AB27B68DA8108217868FFF7AB
:107CB00057FA7B681B697A689289134400221A700C
:107CC0007B68DB89BB810FE07B681A69B7F90C30F0
:107CD00013441B7819467868FFF742FAB7F90C305D
:107CE0009BB201339BB2BB81B7F90C307A689289A1
:107CF0009342E9DB20217868FFF732FA7B689A89A2
:107D00007B68DB89D31A9BB201339BB27B8109E08C
:107D100008217868FFF724FAB7F90A309BB2013BD3
:107D20009BB27B81B7F90A30002BF1DC00E000BF89
:107D30001037BD4680BD000080B48DB000AFF86044
:107D40007A601A460B467B8113467B72012387F8C3
:107D50002F3000233B6107F1140300221A605A60A0
:107D60009A60002387F82E300023BB620023FB8437
:107D70000CE0B7F926309B007A68134400221A60A1
:107D8000B7F926309BB201339BB2FB84B7F92620AA
:107D9000B7F938309A42ECDB0023BB84ABE097F8AC
:107DA0002E30002B3ED1BB8CFA6813441B787A7AB4
:107DB0009A4216D097F82F30012B12D1B7F93830EC
:107DC000BA6A9A420DDABA8CBB6A591CB9629B0036
:107DD00079680B44F9680A441A60002387F82F3049
:107DE00020E0BB8CFA6813441B787A7A9A4205D05B
:107DF000BB8CFA6813441B78202B13D197F82F30D3
:107E0000002B0FD1BB8CFA68134400221A70BB8C74
:107E10000133FA6813441B78202B68D0012387F8BC
:107E20002F3064E0002387F823304BE097F82E30A2
:107E3000002B20D0BB8CFA6813441A7897F82330B3
:107E400032495B000B445B789A4214D197F82E308C
:107E5000013B07F13002134413F8202C97F823302C
:107E60002A4911F813309A4205D197F82E30013B78
:107E700087F82E302AE0BB8CFA6813441A7897F8FA
:107E80002330224911F813309A4216D197F8232053
:107E900097F82E30591C87F82E1019461B4B13F8F3
:107EA000122007F130030B4403F8202C97F82E30F2
:107EB00003F00F0387F82E3008E097F823300133E2
:107EC00087F8233097F82330002BAFD0BB8CFA68AB
:107ED00013441B785C2B0BD1BB8C0133FA68134421
:107EE0001B78002B04D0BB8C0133BB8400E000BFA7
:107EF000BB8C0133BB84BA8C7B899A42FFF44FAFB1
:107F0000BB6A18463437BD4680BC70475800002015
:107F100080B584B002AF78607B6818697B68998906
:107F20007B6803F11402082300932023FFF704FF6A
:107F300003469AB27B68DA8600BF0837BD4680BD2B
:107F400080B584B000AF78600023FB8142E0FB89FC
:107F50007A6804339B0013445B681B78222B14D18E
:107F6000FB897A6804339B0013445B6800221A7013
:107F7000FB897A6804339B0013445A68FB890132F9
:107F8000796804339B000B445A60FB897A68043398
:107F90009B0013445B681846F9F7D2F80346BB818F
:107FA000FB897A6804339B0013445A68BB89013B00
:107FB00013441B78222B0AD1FB897A6804339B0077
:107FC00013445A68BB89013B134400221A70FB8991
:107FD0000133FB817B68DB8EFA899A42B7D300BFFD
:107FE00000BF1037BD4680BD80B586B000AFF860D9
:107FF000B9607A607B80FB68B3F85C207B68F968C5
:10800000896D5B1A1B099BB2D31ABB820023FB82CA
:108010003DE0FB8A1B017A6813445B7803F00F0391
:10802000DBB2092B2FD0FB8A1B017A681344194657
:10803000F868FFF751F90346002B24D1FB8A1B0196
:108040007A6813441846FFF759FA38617B88002B89
:108050000BD13969B868F8F707FF0346002B13D135
:10806000FB8A1B017A68134416E07B881A4639693B
:10807000B86801F0D7FA0346002B05D1FB8A1B0133
:108080007A68134408E000BFFB8A0133FB82FA8A56
:10809000BB8A9A42BDD3002318461837BD4680BD1F
:1080A00080B584B000AF786039600023FB603B6826
:1080B0005B78C3F30303DBB2023B052B34D801A288
:1080C00052F823F0DD800008E7800008F380000804
:1080D000FD800008FD800008058100083B689B6862
:1080E0001B68FB6021E03B689B68B3F90030FB60D4
:1080F0001BE03B689B681B78FB6016E03B689B6855
:10810000FB6012E03B689B685B68BB60BB68002B50
:1081100007D03B689B681A68BB68104698470346BF
:1081200000E00023FB6000E000BFFB68184610374A
:10813000BD4680BD80B586B000AFF860B9607A609A
:10814000BB685B7803F04003DBB2002B06D0344BF6
:108150001B6A1946F868FFF713F858E0BB685B78AC
:10816000C3F30303DBB2023B052B4DD801A252F847
:1081700023F000BF8D81000897810008A3810008CB
:10818000AF810008BF810008CD810008BB689B68F3
:108190007A681A603BE0BB689B687A6812B21A8002
:1081A00035E0BB689B687A68D2B21A702FE0BB6872
:1081B0009B687A6811461846FFF74EF927E0184B7E
:1081C000DB691946F868FEF7DBFF20E0BB689B68B7
:1081D0009B68002B1AD0BB689B681B68002B0BD0D8
:1081E000BB689B689B683B61BB689B681A683B697E
:1081F00079681046984709E0BB689B689B687B617B
:108200007B697868984701E000BF00E000BFB9686B
:10821000F86800F007F8034618461837BD4680BDD9
:108220000400002080B588B000AF78603960354A1E
:1082300007F10C0307CA83E8070039687868FFF77D
:108240002FFFB8613B685B6819467868FEF798FFB6
:108250002D497868FEF794FF3B685B78C3F303030E
:10826000DBB2052B0DD129497868FEF789FFBB6980
:1082700019467868FEF784FF24497868FEF780FF86
:1082800036E007F10C031946B869FFF78DF803468D
:10829000C3F10B0307F10C02134419467868FEF78B
:1082A0006FFF1B497868FEF76BFF0023FB830DE02F
:1082B000B7F91E3007F120021344302203F8142CC2
:1082C000B7F91E309BB201339BB2FB83B7F91E3066
:1082D0000A2BEDDDBB6907F10C0211461846FFF7CA
:1082E00030F807F10C0319467868FEF749FF00BF24
:1082F00008497868FEF744FFBB6918462037BD4639
:1083000080BD00BF7CF700086CF7000870F700081C
:1083100074F7000854F7000880B584B000AF7860A7
:108320003960FEF7EBFEF860FB68002B01D10023FB
:1083300032E0FB689A6D00237968F868FFF754FE15
:10834000B860BB68002B07D1154B9B6A1946F868CB
:10835000FEF716FF00231FE0BB685B78C3F303033F
:10836000DBB2012B06D9BB685B78C3F30303DBB236
:10837000072B0BD97968F868FEF702FF084B5B6A98
:108380001946F868FEF7FCFE002305E03A68B96874
:10839000F868FFF7CFFE034618461037BD4680BD8C
:1083A0000400002080B584B000AF786039600023FD
:1083B000FB607A6892F8603043F0020382F8603024
:1083C0003B685B7803F00F03DBB2002B1BD17868AE
:1083D000FFF7B6FD3B689B68BB607B68DB8E184689
:1083E0007B6803F11402BB6811469847F8603B684C
:1083F0005B7803F02003DBB2002B3FD1F96878688B
:1084000000F0C0F83AE03B685B7803F00F03DBB2A2
:10841000012B15D17B68DB8E1A467B6814333968D3
:10842000786800F079FFF8603B685B7803F0200320
:10843000DBB2002B22D1F968786800F0A3F81DE0C8
:108440003B685B78C3F30303DBB2012B0BD93B68BA
:108450005B78C3F30303DBB2072B04D83968786871
:10846000FFF7E0FE0AE03B685B7803F00F03DBB246
:10847000082B03D13968786800F03CF87A6892F8E4
:1084800060306FF3410382F86030FB6818461037A4
:10849000BD4680BD80B582B000AF78607B681A6948
:1084A0007B681B689B6819461046F8F7DDFC03469D
:1084B000002B0DD17A6892F8603043F0010382F806
:1084C00060300B4B1B6819467868FEF759FE05E0D3
:1084D000074B5B6B19467868FEF752FE7B680022FB
:1084E0009A817B680022DA8100BF0837BD4680BDD3
:1084F0000400002080B582B000AF786039607B68EE
:108500003A681A603B689B68002B13D03B689B68F5
:108510001B78002B0ED07B68DB8E012B0CD93B68BF
:108520009A687B689B6919461046F8F79DFC0346DC
:10853000002B01D1012300E0002303F00103D9B295
:108540007A6892F8603061F3000382F860300C4B77
:108550009B6B19467868FEF713FE7B6893F86030D2
:1085600003F00103DBB2002B05D0054B1B68194655
:108570007868FEF705FE00BF0837BD4680BD00BF26
:108580000400002080B586B000AF78603960244ACE
:1085900007F1080307CA83E8070022497868FEF755
:1085A000EFFD07F1080319463868FEF7FDFE0346A4
:1085B000C3F10B0307F10802134419467868FEF76C
:1085C000DFFD19497868FEF7DBFD0023FB820DE033
:1085D000B7F9163007F118021344302203F8102CB3
:1085E000B7F916309BB201339BB2FB82B7F9163054
:1085F0000A2BEDDD3B6807F1080211461846FEF72D
:10860000A0FE07F1080319467868FEF7B9FD07498F
:108610007868FEF7B5FD00BF1837BD4680BD00BFC6
:108620007CF7000888F7000874F7000854F7000882
:1086300080B582B000AF78607B680022A3F8542038
:108640007B68B3F85030002B18D07B68B3F85230F9
:10865000002B04D07B68B3F85230013B00E00423C8
:108660007A680E339B0013445A687B681B6919466D
:108670001046F8F7F9FB0346002B33D07B68B3F8BC
:1086800052307A680E339B0013445A687B681B692A
:1086900019461046FEF7E0FE0346002B07D07B6824
:1086A000B3F8523001339AB27B68A3F852207B684A
:1086B000B3F8503001339AB27B68A3F850207B683E
:1086C000B3F85030052B03D97B680522A3F850205E
:1086D0007B68B3F85230042B05D97B680022A3F8DD
:1086E000522000E000BF0837BD4680BD80B582B093
:1086F00000AF78600B46FB7097F90330002B28DD44
:108700007B68B3F9542093B2013B9BB219B27B68EA
:10871000A3F8541011467B68B3F852207B68B3F875
:108720005030934238BF13469BB25B42994228DCDB
:108730007B68B3F852207B68B3F85030934238BF5F
:1087400013469BB25B429BB21AB27B68A3F85420DB
:1087500017E097F90330002B53DA7B68B3F95430F4
:108760009BB201339BB21AB27B68A3F854207B689A
:10877000B3F95430002B04DD7B680022A3F85420A9
:1087800042E07868FFF71AF97B68B3F95430002BA0
:1087900007D17B6800229A817B689A897B68DA819D
:1087A00032E07B6818697B68B3F8523005337A6829
:1087B000B2F954209918164B83FB01235A10CB179A
:1087C000D21A13469B001344CA1A796802F10E03A9
:1087D0009B000B445B681946FEF73EFE03461A46B3
:1087E0007B689A817B689B89002B0CD07B689A8977
:1087F0007B68DA817B681B6919467868FEF7C0FCE4
:1088000002E000BF00E000BF0837BD4680BD00BFEA
:108810006766666680B582B000AF78600B46FB7015
:108820007A6892F860306FF3820382F86030FB78E8
:1088300019467868FFF7E8F800BF0837BD4680BDE5
:1088400080B584B000AF78607B689B89002B3FD0F7
:108850007B681B697A689289134400221A707B68CE
:1088600093F8603003F00103DBB2002B2CD0786862
:10887000FFF7DEFE7868FFF74BFB7B680022DA81AA
:108880007B68DA897B689A817B68DB8E002B21D03C
:1088900012497868FEF774FC7B6859697B689A6DA9
:1088A00000237868FFF7A0FBF860FB68002B04D07A
:1088B000F9687868FFF776FD0DE0094B9B6919466A
:1088C0007868FEF75DFC06E07868FFF7E3FD02E0FC
:1088D00000BF00E000BF1037BD4680BD54F7000860
:1088E0000400002080B582B000AF78600121786874
:1088F000FFF7FCFE00BF0837BD4680BD80B582B0E3
:1089000000AF78604FF0FF317868FFF7EFFE00BFEF
:108910000837BD4680BD80B582B000AF78607B6807
:10892000DA897B689B899A420DD27B681A697B68D9
:10893000DB89591C88B27968C88113441B781946B1
:108940007868FEF70DFC00BF0837BD4680BD80B5D6
:1089500082B000AF78607B68DB89002B09D00821EA
:108960007868FEF7FDFB7B68DB89013B9AB27B6888
:10897000DA8100BF0837BD4680BD000090B587B0E2
:1089800000AF78607B689B8EBB820023FB82002354
:108990007B827B689B89002B07D17868FEF7EAFF12
:1089A00001217868FEF752FCB6E07B689B89002BBA
:1089B00000F0B2807B681B697A68928913440022B8
:1089C0001A707B689B6DFB6000233B825AE0B7F90D
:1089D00010301B01FA68134419467868FEF77CFCD6
:1089E0000346002B48D17B681C69B7F910301B0186
:1089F000FA6813441846FEF781FD034619462046DF
:108A0000FEF74EFD03461A467B689B899A4233D196
:108A10007B8A002B2BD07B8A012B03D140497868BD
:108A2000FEF7AEFBFB8A1B01FA681344194678680F
:108A3000FEF7CAFDFB8A1B01FA6813441846FEF7CD
:108A40005DFD0446B7F910301B01FA68134418465F
:108A5000FEF754FD034619462046FEF721FD034666
:108A60007B81BA8A7B89934228BF1346BB823B8AAB
:108A7000FB827B8A01337B82B7F910309BB20133D2
:108A80009BB23B82B7F910307A68B2F85C2093420F
:108A90009DDB7B8A002B3ED07B8A012B02D178683C
:108AA000FEF78CFF7B8A002B11D07B681C69FB8A48
:108AB0001B01FA6813441846FEF720FD03461946C9
:108AC0002046FEF7C9FC03461A467B689A817B8ADA
:108AD000012B0ED9FB8A1B01FA68134419467868EA
:108AE000FEF772FD01217868FEF7B0FB7B68BA8A59
:108AF0009A817B681B697A689289134400221A70F4
:108B00007B689A897B68DA817B681B69194678687B
:108B1000FEF736FB00E000BF1C37BD4690BD00BF2E
:108B200054F7000880B582B000AF78600121786802
:108B3000FFF73EF800BF0837BD4680BD80B582B064
:108B400000AF78604FF0FF317868FFF731F800BF71
:108B50000837BD4680BD80B582B000AF78607868C8
:108B6000FFF76EFE01217868FEF770FB00BF083743
:108B7000BD4680BD80B584B000AF786039607B6849
:108B80009A6D002339687868FFF72EFAF860FB6861
:108B9000002B1ED0144BDB6A19467868FEF7F0FAFA
:108BA000F868FEF7ABFC034619467868FEF7E8FA6A
:108BB0000E497868FEF7E4FAF868FEF7DBFC034636
:108BC00019467868FEF7DCFA08497868FEF7D8FAA3
:108BD00005E0054B9B6919467868FEF7D1FA00BF9E
:108BE0001037BD4680BD00BF0400002054F70008C8
:108BF00080B584B000AF78603960FEF77FFAF86026
:108C0000FB68002B11D07B68012B03D1F868FEF7BD
:108C1000B1FE0BE07B68012B08DD3B6804331B6869
:108C20001946F868FFF7A6FF00E000BF1037BD4601
:108C300080BD000080B586B000AF78600B46FB7049
:108C4000FB78002B00F0A9801823FB7500233B6103
:108C50007B689B6B03F47F43002B05D00023FB75DF
:108C60006FF0FF033B6115E07B689B6B03F47F03B0
:108C7000002B04D00823FB754A4B3B610AE07B685C
:108C80009B6B03F07F43002B04D01023FB754FF048
:108C90007F433B617B689B6DBB600023FB8169E088
:108CA000B7F90E301B01BA6813445B7803F00F0369
:108CB000DBB2092B58D1B7F90E301B01BA68134447
:108CC00019467868FEF708FB0346002B4CD1B7F92C
:108CD0000E301B01BA6813445A683B691A407B681E
:108CE0009B6B9A4240D1B7F90E301B01BA6813440E
:108CF0005A68FB7DFF2101FA03F31A40F978FB7DE6
:108D000001FA03F39A422FD17B689A6BF978FB7DC5
:108D100001FA03F31A437B689A630023FB70FB7D1F
:108D2000002B0DD0B7F90E301B01BA6813445A68F6
:108D3000FB7D083BFF2101FA03F31340002B13D105
:108D4000B7F90E301B01BA6813449B68002B07D09B
:108D5000B7F90E301B01BA6813449B6878689847CE
:108D60007B6800229A630CE0B7F90E309BB20133A6
:108D70009BB2FB81B7F90E307A68B2F85C2093425F
:108D80008EDBFB78002B09D07B6800229A63FB788E
:108D900019467868FFF73EFD00E000BF1837BD4672
:108DA00080BD00BF0000FFFF80B584B000AF7860D9
:108DB0007B68FB60FB685B6E002B0ED0FB685B6E14
:108DC00007F10B020121104698470346012B04D1FD
:108DD000FB7A1946F868FFF72DFF00BF1037BD4634
:108DE00080BD80B582B000AFFEF788F978607B68FF
:108DF000002B02D07868FEF71DFD00BF0837BD4686
:108E000080BD80B582B000AFFEF778F978607B68EE
:108E1000002B02D07868FEF779FC00BF0837BD460A
:108E200080BD80B582B000AFFEF768F978607B68DE
:108E3000002B02D07868FEF7ADFC00BF0837BD46B6
:108E400080BD80B582B000AFFEF758F978607B68CE
:108E5000002B02D07868FEF73DFD00BF0837BD4605
:108E600080BD000080B582B000AFFEF747F97860A2
:108E70007B68002B05D0054B9B6B19467868FEF785
:108E80007FF900BF0837BD4680BD00BF0400002049
:108E900080B485B000AF78607B68FB600023FB7214
:108EA000FB681B78302B0CD1FB6801331B78782BC7
:108EB00004D0FB6801331B78582B02D10323FB72CB
:108EC00016E0FB681B78302B0CD1FB6801331B7854
:108ED000622B04D0FB6801331B78422B02D10123A3
:108EE000FB7205E0FB681B78302B0ED10223FB726E
:108EF0000BE0FB681B782E2B07D1FB6801331B7836
:108F0000002B02D00423FB7205E0FB685A1CFA60B8
:108F10001B78002BEDD1FB7A18461437BD4680BC78
:108F2000704780B483B000AF0346FB71FB792F2BF1
:108F300006D9FB79392B03D8FB79303BDBB214E03F
:108F4000FB79602B06D9FB79662B03D8FB79573B5D
:108F5000DBB20AE0FB79402B06D9FB79462B03D81C
:108F6000FB79373BDBB200E0002318460C37BD46E7
:108F700080BC704780B485B000AF78607B681B7898
:108F8000272B02D17B68013300E07B68BB600023A4
:108F9000FB73BB681B785C2B49D1BB6801331B7822
:108FA000302B3DD0302B3EDB742B3CDC622B3ADB8C
:108FB000623B122B37D801A252F823F00990000827
:108FC00027900008279000082790000827900008A5
:108FD0002790000827900008279000082790000895
:108FE0002790000827900008279000081590000897
:108FF0002790000827900008279000080F9000088D
:10900000279000081B9000080823FB7312E00D2333
:10901000FB730FE00A23FB730CE00923FB7309E0E9
:109020000023FB7306E0BB685B78FB7302E0BB6860
:109030001B78FB73FB7B18461437BD4680BC70471A
:1090400090B585B000AF78607B68FB6000237B81C2
:109050007B681B78222B2BD17B6801337B607B687C
:10906000FB6025E0FB681B785C2B0BD17B897A6861
:10907000D418F868FFF77EFF03462370FB680133BE
:10908000FB600FE0FB681B78222B05D17B897A6897
:10909000134400221A7005E07B897A681344FA6849
:1090A00012781A70FB680133FB607B8901337B8186
:1090B000FB681B78002BD5D17B897A68134400228A
:1090C0001A707B6818461437BD4690BD90B58BB0BA
:1090D00000AF78600023FB740A2387F827307B6891
:1090E0003B620023FB770123BB770023BB614FF07A
:1090F0000003FB6000237B617B681B782D2B01D173
:10910000FF23BB7797F91E30B3F1FF3F01D1012355
:1091100000E000237A6813441846FFF7B9FE0346BF
:10912000FB74FB7C032B06D0032B16DC012B0ED02B
:10913000022B06D011E0102387F827300223FB779B
:109140000CE0082387F827300123FB7706E0022391
:1091500087F827300223FB7700E000BFFB7F97F9F9
:109160001E20B2F1FF3F01D1012200E00022134492
:109170007A6813443B621FE03B6A1B782E2B05D1B3
:1091800001237B613B6A01333B6215E097F827308E
:10919000BA6902FB03F43B6A1B781846FFF7C1FE6D
:1091A00003462344BB617A6913469B0013445B006A
:1091B0007B613B6A01333B623B6A1B78002BDBD14E
:1091C000FB7C042B20D17B69002B1DD0B869F7F7FD
:1091D0009BFC04467869F7F797FC0346194620463E
:1091E000F7F79EFD03461C4697F91E301846F7F721
:1091F0008FFC034619462046F7F7DEFC0346FB606A
:1092000007F10C031B6804E097F91E30BA6902FBF2
:1092100003F318462C37BD4690BD80B586B000AF2D
:10922000F860B9607A60BB68591CFB689A6D0023CE
:10923000F868FEF7D9FE78617B69002B09D079695F
:10924000F868FEF72DFF03461A467B681A60002374
:1092500001E04FF0FF3318461837BD4680BD80B59A
:1092600084B000AFF860B9607A603B607B68002B27
:1092700008D0BB681B78242B47D1BB6801331B780F
:10928000002B42D0BB681B78272B0DD1BB68013364
:109290001B78002B08D0B868FFF76CFE03461A460F
:1092A0003B681A60002332E0BB681B782D2B07D087
:1092B000BB681B782F2B0BD9BB681B78392B07D8C1
:1092C000B868FFF703FF02463B681A6000231EE000
:1092D000BB681B78242B0BD1BB6801331B78002B98
:1092E00006D03A68B968F868FFF797FF03460EE0C2
:1092F000BB681B78002B08D0B868FFF7A1FE0346B7
:109300001A463B681A60002301E04FF0FF3318460D
:109310001037BD4680BD0000F0B59DB004AF786148
:109320003961FA60BB600023FB6507F11803202256
:109330000021184600F024F93B699B78C3F303032E
:10934000DBB21A46FB68934205DC3B699B78C3F3AA
:109350000303DBB201E0FB68013B7B650023BB65D7
:1093600017E0BB6D01339B00BA681344196807F11D
:109370001802BB6D9B00134400227869FFF76FFF52
:109380000346002B02D04FF0FF3383E0BB6D013367
:10939000BB65FB68013BBA6D9A42E2DB7B6D072B34
:1093A00073D801A252F823F0C9930008D3930008A0
:1093B000E5930008F99300080D9400082394000831
:1093C0003F940008619400083B699B689847F865E2
:1093D0005FE03B699B68BB63BA69BB6B104698470B
:1093E000F86556E03B699B68FB63BA69F969FB6BFA
:1093F00010469847F8654CE03B699B683B64B86948
:10940000F9693A6A3B6C9847F86542E03B699B68AA
:109410007B64B869F9693A6A7B6A7C6CA047F86535
:1094200037E03B699B68BB64B869F9693A6A7D6A51
:10943000BB6A0093BC6C2B46A047F86529E03B69EA
:109440009B68FB64B869F9693D6A7E6ABB6AFA6A1F
:1094500001920093FC6C33462A46A047F86518E059
:109460003B699B683B65B869FD693E6A7B6A7B60C6
:10947000BB6AFA6A396B0291019200933C6D7B687A
:1094800032462946A047F86503E04FF0FF33FB65FD
:1094900000BFFB6D18466437BD46F0BD80B582B095
:1094A00000AF78600B467B807A8840F2FF137968C2
:1094B0000448FCF770FCB7F9023018460837BD467F
:1094C00080BD00BFF80A002080B582B000AF786090
:1094D0000B467B807A8840F2FF1379680648FCF7D8
:1094E00003FD0346002B01D0002300E001231846B2
:1094F0000837BD4680BD00BFF80A002080B500AF28
:10950000064B074A9A66054B064A5A664FF40072A4
:1095100005490248FDF754FD00BF80BD5C0C0020EA
:109520009D940008C9940008C80C0020014B1868DD
:10953000704700BF5C00002070B50D4E0D4D761BCE
:10954000B61006D0002455F8043B01349847A642D3
:10955000F9D1094E094D761B05F078FFB61006D0FB
:10956000002455F8043B01349847A642F9D170BD58
:10957000E8FD0008E8FD0008F0FD0008E8FD00082F
:10958000830730B548D0541E002A3FD0CAB20346E4
:1095900001E0013C3AD303F8012B9D07F9D1032CDC
:1095A0002DD9CDB245EA05250F2C45EA054536D91A
:1095B000A4F1100222F00F0C03F1200EE6444FEA52
:1095C000121C03F1100242E9045542E9025510321F
:1095D0007245F8D10CF1010214F00C0F03EB0212EA
:1095E00004F00F0C13D0ACF1040323F00303043395
:1095F000134442F8045B9342FBD10CF003042CB1FA
:10960000CAB21C4403F8012B9C42FBD130BD644616
:109610001346002CF4D1F9E703461446BFE71A4677
:10962000A446E0E7A2B330B540EA0104A4078446AB
:109630000B462AD09CF800000C7884422FD1012AD6
:109640000DD0E64660B11EF8010F11F8014F6FEA28
:109650000E03A042134422D11CEB0303F2D10020DD
:1096600030BD0468194653F8045BA4F1013EAC42D6
:1096700084462EEA040E00F104000BD1043A84461D
:109680001946ECD01EF0803FE9D1032AE9D8D1E792
:10969000104670479CF800000C78A042D1D0001B07
:1096A00030BD00BF2DE9F04FD5B00C460C9191466E
:1096B0000E930A9002F0A2FE036817931846F7F77C
:1096C0003FFDA3891690190603D52369002B00F0EE
:1096D0008B8700242BAB4D46CDE92944CDE91944B5
:1096E000CDE91B44129428939846189400230894BB
:1096F0000024CDE914342B78002B00F0DD81AA463C
:1097000004E01AF8013F002B00F01681252BF8D158
:10971000BAEB050640F014819AF80030002B00F0F7
:10972000CB8100234FF0FF329AF801608DF883302F
:1097300009930AF1010A07921F462B244FF02009D2
:109740000AF1010AA6F120035A2B00F22D81DFE86D
:1097500013F0BA022B012B01B5022B012B012B01B7
:109760006A002B012B014F02E3022B015A02C902AE
:109770002B01C4025B005B005B005B005B005B00D5
:109780005B005B005B002B012B012B012B012B01EC
:109790002B012B01BF012B011A028600BF01BF0163
:1097A000BF012B012B012B012B01B0022B012B013F
:1097B000C3002B012B012B0124022B015F022B0183
:1097C0002B013C072B012B012B012B012B012B0122
:1097D0002B012B01BF012B011A028800BF01BF0121
:1097E000BF01A302880081002B0196022B01820297
:1097F000C500700281002B0124027E0039072B0175
:109800002B0119072B017E00A6F1300300221AF864
:10981000016B02EB820203EB4202A6F13003092B3B
:10982000F5D909928EE7DDF828B0584602F0E6FD3A
:1098300043681B931846F7F783FC1C90064658466E
:1098400002F0DCFD83681993002E40F07A869AF8C6
:10985000006075E79AF8006047F0200770E747F06E
:109860001007BA060E9B40F18081073323F00703EF
:109870001A465B6852F8084B0E929946002BC0F2CC
:109880005F85079B013301F01F8054EA090327F02D
:10989000800B00F0E3840A2C79F1000380F08187CB
:1098A000303401238DF84F415F460B930DF24F1575
:1098B00007990B989DF8832081424FF00003B8BFB1
:1098C00001460D9306910F9313931093002A7CD0B9
:1098D000069B0133069378E047F0100717F0200944
:1098E00000F034810E9B073323F00703D3F8049074
:1098F00053F8084B0E9327F4806B002300228DF859
:109900008320079A511C00F00D8254EA09012BF0C4
:10991000800740F00682002A41F01080002B40F0C2
:10992000A2841BF001030B9300F0378530238DF8E0
:109930004F310DF24F15BBE7BAEB050600F0BC80C6
:109940002A9B33442A93299B0133072BC8E90056ED
:10995000299305DC08F10808089B33440893DBE6EB
:109960000C990A9828AA03F037FC80B90DF1AC08CD
:10997000F2E70C990A9828AA03F02EFC002800F0C0
:109980008C800D9B1BB10D990A9802F031FC0C9B49
:109990009B8913F0400F089B18BF4FF0FF330893CB
:1099A000089855B0BDE8F08F002E00F085800022A9
:1099B0008DF8EC608DF88320012306930D920B93B4
:1099C00007920F92139210923BAD17F0020302D050
:1099D00006990231069117F0840B07D10999069870
:1099E000A1EB0009B9F1000F00F315832A9C8AB19D
:1099F000299A0DF1830101320134C8F80010072AB9
:109A00004FF001012A942992C8F8041000F346830C
:109A100008F1080883B1299B21AA01330234C8F850
:109A20000020072B4FF002022A942993C8F8042043
:109A300000F3488308F10808BBF1800F00F00E82A4
:109A4000079B0B9AA3EB020BBBF1000F00F34F82B5
:109A5000FB0500F1A5810B9BC8F804301C44299B31
:109A6000C8F800500133072B2A94299300F3C782CA
:109A700008F108087B0705D5099B069A9D1A002D59
:109A800000F32C83DDE9083206998A42ACBF9B18AB
:109A90005B180893002C7FF46CAF002329930D9B77
:109AA0001BB10D990A9802F0A3FB0DF1AC085546C5
:109AB0002B78002B7FF423AE2A9B002B3FF467AF5B
:109AC0000C9C0A9828AA214603F086FBA38960E72C
:109AD0000E9B073323F00702F2E80234CDE9143479
:109AE000DDE9143424F000440E92994618462146CC
:109AF000A74B4FF0FF32F7F705FD002840F06284D6
:109B0000A34B484621464FF0FF32F7F7DDFC002813
:109B100040F05884DDE9140100220023F7F7CAFC65
:109B2000002840F0AD879DF883209A4D9A4B27F08E
:109B300080070321472EC8BF1D4600230D930691C1
:109B40000B9107930F9313931093BFE617F0100335
:109B500040F02E8417F0400200F054870E9A52F81D
:109B6000044B0E929946A4B2C5E653F8044B0E93EB
:109B7000FB0600F118847D0640F1128444F3C039DD
:109B80004B4624B27AE60E9B002253F8041B8DF854
:109B900083208DF8EC100E930EE70E9C079B54F873
:109BA000045B4FF000098DF88390002D00F0D586FE
:109BB0005A1C00F052851A4649462846F7F730FBF2
:109BC0000D90002801F057800D9BCDF81C905B1B79
:109BD0000B930E9423EAE3739DF883200693CDF84C
:109BE0003490CDF83C90CDF84C90CDF840906DE697
:109BF0000E9B53F8042B0992002A80F2C983099A1C
:109C00000E93524209929AF8006047F0040797E5D4
:109C100047F0100B1BF0200900F081830E9B0733E7
:109C200023F00703D3F8049053F8084B0E93012355
:109C300064E60E9B53F8044B0E93302378268DF880
:109C40008430564B189347F0020B8DF885604FF027
:109C50000009022352E6BD0600F18284FC0600F1F1
:109C60007386780600F13C87B90540F16D860E9B3E
:109C7000089953F8042B0E931170554618E79AF87B
:109C800000606C2E03BF9AF8016047F020070AF1CC
:109C9000010A47F0100753E59AF80060682E03BFE9
:109CA0009AF8016047F400770AF1010A47F040078B
:109CB00046E59AF8006047F0080741E59AF8006029
:109CC00047F001073CE59DF88330002B7FF4BFADE2
:109CD0009AF800608DF8839032E59AF8006047F0BA
:109CE00080072DE5524612F8016B2A2E01F0CD8136
:109CF000A6F13003092B924698BF002201F288801A
:109D00001AF8016B02EB820203EB4202A6F1300368
:109D1000092BF5D9079215E59AF800608DF8834074
:109D20000EE5BB46012B3FF4B6AD022B54AD12D16C
:109D3000189A04F00F032409D35C05F8013D44EAA6
:109D400009744FEA191954EA0903F2D154AB5B1BA9
:109D50005F460B93ACE504F00703E40844EA49745A
:109D60004FEAD909303354EA09012A4605F8013D82
:109D7000F1D11BF0010FE9D0302BE7D03023023AAC
:109D800005F8013C54AB9B1A5F460B9315468FE5D3
:109D9000FFFFEF7FC4F80008C8F80008D4F80008F7
:109DA000652E40F3E680DDE9140100220023F7F779
:109DB00077FB002800F0CD81299BBF4AC8F800201E
:109DC000013301340122072B2A942993C8F8042077
:109DD00000F37D8508F10808229B129A934280F2D5
:109DE000D382169B179A1C44C8E90023299B2A9406
:109DF0000133072B299300F3EB8308F10808129B2A
:109E00005D1E002D7FF736AE102D299BDFF8AC923A
:109E100040F36E8549462246B946DDF828B00C9CD1
:109E200010260F4605E008F10808103D102D40F3FC
:109E30005B8501331032072BC8E90076CDE9293262
:109E4000F1DD28AA2146584603F0C6F900287FF420
:109E500098ADDDE929320DF1AC08E6E7099B069AD9
:109E6000A3EB020BBBF1000F7FF7EAADBBF1100FC4
:109E7000299ADFF848922CDD1D9621464E460C9C0F
:109E8000DDF82890102306E0ABF1100BBBF1100FAA
:109E900008F108081ADD01321031072AC8E9006309
:109EA000CDE92921F0DD28AA214648460DF1AC086C
:109EB00003F092F900287FF464ADABF1100BBBF115
:109EC000100FDDE929214FF01003E4DCB1461D9E9F
:109ED0000C4601325C44072ACDE92924C8F80090D9
:109EE000C8F804B000F31D8508F10808A8E5BBF127
:109EF000100F299ADFF8C4912DDD41462046A8466F
:109F00004C460C9DDDF82890102306E0ABF1100BB9
:109F1000BBF1100F01F1080119DD01321030072AE1
:109F2000C1E90043CDE92920F0DD28AA29464846A9
:109F300003F052F900287FF424ADABF1100BBBF114
:109F4000100FDDE929202BA94FF01003E5DC454671
:109F5000A1468846044601325C44072ACDE92924FB
:109F6000C8F80090C8F804B000F3CC8108F10808E4
:109F70006EE5129B012B40F37C81299EC8F80050AE
:109F8000013601340123072E2A942996C8F804309B
:109F900000F3E08108F10808169B179A01361C446B
:109FA000072EC8E90023CDE9296400F3E08108F118
:109FB0000808DDE9140100220023F7F771FA0028F0
:109FC00040F07481129B0136013B01351C44072E81
:109FD000C8F800502996C8F804302A9400F3598133
:109FE00008F108081A9BC8F8043001361C44072EF3
:109FF00024ABCDE92964C8F800307FF739AD0C995E
:10A000000A9828AA03F0E8F800287FF4BAAC2A9C42
:10A010000DF1AC082EE5B9F1100FDDE929212BDD9A
:10A02000CDE91D3B1F96DDF828B04E461024A94609
:10A030000C9D04E0103E102E08F1080817DD0132D7
:10A040001F4B1031072AC8E90034CDE92921F1DD81
:10A0500028AA294658460DF1AC0803F0BDF800289F
:10A060007FF48FAC103E102EDDE92921E7DCDDE91D
:10A070001D3B4D46B1461F9EC8F80490013209EBC6
:10A080000104072A0E49C8F80010CDE9292400F37D
:10A09000FF839DF8832008F10808A8E40C990A982A
:10A0A0001D9328AA03F098F800287FF46AAC2A9C34
:10A0B0001D9B0DF1AC08ADE404F9000818F9000887
:10A0C00008F900080C990A9828AA03F085F80028D6
:10A0D0007FF457AC2A9C0DF1AC08ADE4102D299B00
:10A0E00021DD0A9FDDF83090102604E0103D102D90
:10A0F00008F1080817DD0133B04A1034072BC8E90E
:10A100000026CDE92934F1DD28AA494638460DF16B
:10A11000AC0803F061F800287FF433AC103D102D3B
:10A12000DDE92934E7DC0133A44AC8F804502C44A3
:10A13000072BCDE92934C8F800207FF7A3AC0C9990
:10A140000A9828AA03F048F800287FF41AAC2A9C41
:10A1500098E42299002940F36683DDF84090129B31
:10A160009945A8BF9946B9F1000F0BDD299B013332
:10A170004C44072BC8E900592A94299300F32F85F2
:10A1800008F10808109EB9F1000FA8BFA6EB090658
:10A19000002E00F33882DDF840B07805AB4400F1C2
:10A1A0006682229B129A934202DBF90740F18E8469
:10A1B000169A17991444C8E90012299A2A94013270
:10A1C000072A299200F3188508F10808129AAE1898
:10A1D000A6EB0B06D51AAE42A8BF2E46002E0DDD0B
:10A1E000299BC8F800B001333444072BC8F8046039
:10A1F0002A94299300F31A8608F10808002EA8BFB4
:10A20000AD1B002D7FF736AC102D299BDFF8B091E8
:10A2100040F36E8349462246B946DDF828B00C9CCF
:10A2200010260F4605E008F10808103D102D40F3F8
:10A230005B8301331032072BC8E90076CDE9293260
:10A24000F1DD28AA2146584602F0C6FF00287FF417
:10A2500098ABDDE929320DF1AC08E6E7079B002B4E
:10A260007FF41EAB5F46002307930B9354ADFFF7BB
:10A270001FBBFA073FF581AE299EC8F80050013692
:10A2800001340123072E2A942996C8F804307FF759
:10A29000A7AE0C990A9828AA02F09EFF00287FF426
:10A2A00070ABDDE929640DF1AC089BE6129B5D1EE5
:10A2B000002D7FF797AE102DDFF8049140F39683C1
:10A2C000224607970A9C0C9F4FF0100B05E008F1FF
:10A2D0000808103D102D40F3878301361032072EF9
:10A2E000C8E9009BCDE92962F1DD28AA394620465C
:10A2F00002F072FF00287FF444ABDDE929620DF122
:10A30000AC08E6E70C990A9828AA02F065FF002835
:10A310007FF437AB2A9C0DF1AC08FFF799BB1BF01B
:10A32000100340F028811BF0400200F079830E9A60
:10A3300052F8044B0E929946A4B20123FFF7DEBAFD
:10A340002D2364428DF8833069EB4909BB46012314
:10A35000FFF7D7BA0C990A9828AA02F03DFF002807
:10A360007FF40FABDDE929640DF1AC0814E60C991C
:10A370000A9828AA02F030FF00287FF402ABDDE93A
:10A3800029640DF1AC0814E6FD077FF573AB28E5F1
:10A390009AF800600E93FFF7D3B954ADFFF788BA6F
:10A3A000B80500F1A6834FEAE4794B46FFF766BA99
:10A3B0000E9B53F8044B0E93FFF79DBA08F9000863
:10A3C00018F90008DDE9140102460B46F7F79AF880
:10A3D000002840F00F86612E00F04585412E00F0E8
:10A3E0006D84079B013326F02003069300F0A983B8
:10A3F000472B00F08885DDE9141247F480730F9332
:10A400001346002BC0F292850B9300231D938B46BD
:10A410000D93069B462B00F0FD83452B00F04485F1
:10A420000799019126A9049123A9039122A90291D8
:10A4300002210B9B0A9800915A4600F011FF069BDF
:10A44000472B054640F0318617F0010FB9460F9FA4
:10A4500040F0FC84269B5B1B1293069B472B00F06D
:10A460008283069B462B00F01284229B1093109B44
:10A47000069A013B412A229300F0AD85F2B20021F9
:10A48000002BB8BF109B8DF89020BABFC3F1010319
:10A490002D222B22092B8DF8912040F38D850DF173
:10A4A0009F04B64F2246104687FB0321DA17C2EB02
:10A4B000A10202EB8201A3EB4101303100F8011C43
:10A4C00019466329134600F1FF32ECDC3033D9B270
:10A4D000831E9C4202F8011C40F2F18513460DF1E7
:10A4E000920201E013F8011B02F8011B9C42F9D112
:10A4F0000DF1A1030DF192021B1A134424AA9B1A19
:10A500001A93129B1A9A012B1A440B9240F39E85C0
:10A510000B9B169A13440B930B9A002329F4806724
:10A5200022EAE27247F480770F9306921393109316
:10A530001D9B002B40F03F839DF883200793FFF77E
:10A54000C5B9199B002B3FF482A9199B1B78002BDE
:10A550003FF47DA99AF8006047F48067FFF7F0B8F0
:10A560000E9B089853F8041B0E93C217C1E9000212
:10A570005546FFF79DBA0E9B53F8044B0E930123EB
:10A58000FFF7BCB97E4B189317F0200900F0EC8060
:10A590000E9B073323F00703D3F8049053F8084BBE
:10A5A0000E93F80709D554EA090306D030238DF835
:10A5B000856047F002078DF8843027F4806B022312
:10A5C000FFF79CB9BB46FFF725BB6E4B1893DBE743
:10A5D0000C990A9828AA02F0FFFD00287FF4D1A95F
:10A5E0002A9C0DF1AC080AE40A98402101F012FF00
:10A5F0000C9B18601861002800F065850C9A4023B8
:10A600005361FFF766B8102E299BDFF87C9140F369
:10A610002982484642462146A846B9460A9C0C9DD6
:10A620004FF0100B074604E00832103E102E40F3A6
:10A63000138201331031072BC2E9007BCDE92931A8
:10A64000F2DD28AA2946204602F0C6FD00287FF444
:10A6500098A9DDE929312BAAE7E72846CDF81C9017
:10A660000E94F6F76DFD03460B90FFF7B3BA129BFD
:10A67000CDF82CA04246DDF84C801097EB180793DC
:10A680005E46199FDDF87090DDF828A0DDF830B047
:10A690000F9B13952146B8F1000F2FD0002B30D11E
:10A6A000013F08F1FF381B9BC2E90039299B0133A8
:10A6B0004944072B2A91299368DC0832079B387894
:10A6C0009B1B8342A8BF0346002B1C460BDD299829
:10A6D000013019440728C2E900632A91299000F348
:10A6E000148138780832002CACBF051B0546002DBC
:10A6F0000BDC06440F9BB8F1000FCFD1002B00F00C
:10A7000023820F9B013B0F93CDE7102D29981DDD70
:10A71000102404E0103D102D02F1080216DD013076
:10A72000194B10310728C2E90034CDE92901F1DDC8
:10A7300028AA5946504602F04FFD00287FF421A96F
:10A74000103D102DDDE929012BAAE8DC01300E4B6C
:10A75000556029440728CDE92901136000F33282AE
:10A76000387808320644C5E717F0100300F0A180DE
:10A770000E9B53F8044B0E9313E700BF67666666A3
:10A78000D4F80008E8F8000818F9000828AA594683
:10A79000504602F021FD00287FF4F3A82A992BAA45
:10A7A0008CE70BF4806300220696CDF82CA0CDF840
:10A7B000348054AFDDF8648016469A460CE00023DE
:10A7C000204649460A22F6F7DBFE0A2C79F10003FF
:10A7D0001BD3044689462F4620460A2200234946B9
:10A7E000F6F7CEFE30327D1E013607F8012CBAF1A5
:10A7F000000FE4D098F800309E42E0D1FF2EDED06A
:10A800000A2C79F1000380F0408154AB5B1BDDF82A
:10A810002CA0CDF864801296DDF83480069E0B9350
:10A820005F46FFF745B8299BBC4AC8F800200133B2
:10A8300001340122072B2A942993C8F8042000F33D
:10A84000388108F10808002940F09780129A07F033
:10A85000010313433FF40EA9169B17991A19C8E96F
:10A860000013299B2A920133072B299300F3478178
:10A8700008F108081299C8F8005001338C18072B0A
:10A88000CDE92934C8F804107FF7F2A8FFF7B7BB69
:10A890000C990A981D9328AA02F09EFC00287FF4C8
:10A8A00070A89DF883202A9C1D9B0DF1AC08FFF732
:10A8B0009EB817F0400200F0C2800E9A52F8044B86
:10A8C0000E929946A4B26CE6BB46FEF7E4BF0C9923
:10A8D0000A9828AA02F080FC00287FF452A82A9C3B
:10A8E0000DF1AC08FFF778BA14463A464F46914648
:10A8F00001332C44072BC8F80090C8F80450CDE968
:10A9000029347FF7B5A8FFF77ABB28AA59465046E5
:10A9100002F062FC00287FF434A838782A992BAA28
:10A92000E1E60C990A9828AA02F056FC00287FF468
:10A9300028A82A9C0DF1AC08FFF782B8012BBB4672
:10A940007FF4F3A9FEF7ACBF0E9B089953F8042BD4
:10A95000554611600E93FFF7ABB8062B294628BF6A
:10A96000062307950D952A4606936D4D0E940B937D
:10A970000F9113911091FEF7A9BF169B17981A1902
:10A98000C8E90003299B2A920133072B299300F37E
:10A99000B68008F108080029BFF66CAF4E421031AE
:10A9A000DFF8809180F297824146DDF828B0A84612
:10A9B00010240C9D04E00831103E102E40F38982D3
:10A9C00001331032072BC1E90094CDE92932F2DDC1
:10A9D00028AA2946584602F0FFFB00287EF4D1AF92
:10A9E000DDE929322BA9E7E7079F144601362C44FD
:10A9F000072ECDE92964C8F80090C8F804507FF705
:10AA0000EFAA46E40E9B17F4007914BF53F8044BE9
:10AA100053F8044B0E931CBF9146E4B2FEF76BBF94
:10AA20000E9B1BF4007914BF53F8044B53F8044BEE
:10AA30000E931CBF9146E4B20123FEF75FBF0E9B4D
:10AA400017F4007914BF53F8044B53F8044B0E93DA
:10AA50001CBF9146E4B2A4E5454690463A460C46F2
:10AA60004F46914601333444072BCDE92934C8F8C9
:10AA70000090C8F8046057DC08F10808FFF78BBBAA
:10AA80002D228DF88320FFF750B81C9B1B99ED1ADF
:10AA90001A46284602F06EFB98F801300BB108F117
:10AAA0000108204649460A2200230026F6F768FDE1
:10AAB0008FE60C990A9828AA02F08EFB00287EF4F3
:10AAC00060AF22992A9C0DF1AC08BCE6129AAE1830
:10AAD000A6EB0B06D51AAE42A8BF2E46FFF78EBBDB
:10AAE0000E9B089953F8042B0E9311805546FEF7E0
:10AAF000DFBF44F3C0194B4664B2FEF7BFBE0C99EA
:10AB00000A9828AA02F068FB00287EF43AAFDDE933
:10AB1000293222990DF1AC083DE700BF04F9000885
:10AB2000FCF8000818F900080C990A9828AA02F005
:10AB300053FB00287EF425AF2A9C0DF1AC08FFF7EB
:10AB40002ABB0623079356E4DDE91235EB189E4233
:10AB50001997B346DDF82CA0109F90460C4628BFED
:10AB60009B46FFF71EBB229B1093DA1C02DB079A61
:10AB7000934204DD023E26F02003069377E4109B07
:10AB8000129A9342C0F2488119F0010F00F011822D
:10AB9000169A13440B9319F4806F03D0109B002B6B
:10ABA00000F3C7810B9B23EAE37306936726002318
:10ABB0000F931393BCE42D2200238DF88320079379
:10ABC000FEF786BE28AA5946504602F005FB00282B
:10ABD0007EF4D7AE38782A992BAA06448AE50C99D8
:10ABE0000A9828AA02F0F8FA00287EF4CAAE2A9C35
:10ABF0000DF1AC08FFF7C6BA0C990A9828AA02F022
:10AC0000EBFA00287EF4BDAE229B2A9C0DF1AC0825
:10AC1000FFF7DCBA0799019126A9049123A90391B2
:10AC200022A9029103210B9B0A9800915A4600F039
:10AC300017FB0378302B054600F0F181229B079A21
:10AC4000B94613440F9FEC180B9958460022002375
:10AC5000F6F726FC10B12346FFF7FDBB269BA34267
:10AC6000BFF4F9AB30215A1C26921970269B9C42E6
:10AC7000F9D8FFF7F0BB079B9DF883200E9406934D
:10AC80000B9307900F9013901090FEF71FBE229A1F
:10AC90001092002A40F3E081079909F001030B4369
:10ACA00040F0B781109B0B93662619F4806F40F03B
:10ACB00041810B9B23EAE373069378E730238DF8F9
:10ACC000843058238DF88530079B632B47F00204AE
:10ACD00000F3BF8000230D933BADDDE9141247F470
:10ACE00081730F931346002B2746C0F285800B9388
:10ACF00026F02003069300238B461D93612E00F05F
:10AD00004081412E7FF485AB22AA0B99584602F070
:10AD1000E7F900224FF07F53F5F72EFC02460B4671
:10AD2000CDE9102300220023F6F7BAFB08B1012376
:10AD30002293AC4B0B93079BCDE912A6CDE91E786D
:10AD4000DDF82CA0DDE9106703F1FF39AB46109563
:10AD500006E00022002309F1FF39F6F7A1FBE8B96C
:10AD6000A14B002230463946F5F706FC0F46064651
:10AD7000F6F7DEFB0446F5F795FB0B46024639462F
:10AD80003046F5F741FA1AF80430B9F1FF3FD846DA
:10AD90004D460BF8013B06460F46DAD130463946A0
:10ADA000924BDDF848A0139ECDF848800022A946BA
:10ADB000DDF87C80109D1E9FCDE91001F6F798FB11
:10ADC000002855D1DDE91001884B0022F6F768FB19
:10ADD00008B1E1074CD44B46002B06DB01335B4442
:10ADE00030220BF8012B5B45FBD1ABEB0503B946D9
:10ADF00012930F9FFFF731BB26F020030693DDE986
:10AE000014349B4604F100430B932D231D9375E7E7
:10AE100000230793FEF796BC129B169A9A18109B74
:10AE20000B92002B40F3098167263EE70C990A98A4
:10AE300028AA02F0D1F900287EF4A3AD229D129B2E
:10AE40002A9C5D1B0DF1AC08FFF7D8B9079BEC18E5
:10AE5000FAE60A98591C01F0DDFA0546002800F0D0
:10AE600026810D9039E730238DF88430782329E747
:10AE7000129B26930B9B1BF8012CD97B8A425B46C5
:10AE800009D1302003F8010C269B5A1E269213F894
:10AE9000012C9142F6D0392A0BBF0B9A0132927ADB
:10AEA000D2B203F8012CA0E707990B9B0A984C1C1F
:10AEB00026A9049123A9039122A9029102215A46AD
:10AEC0000194009100F0CCF90546B9462C440F9F3F
:10AED000BAE64546884601333244072BCDE929328C
:10AEE000C8F80090C8F804607FF7C2AC0C990A98C3
:10AEF00028AA02F071F900287EF443ADDDE9293279
:10AF00000DF1AC08B6E4079B002B08BF01230793A3
:10AF100047F480730F93159B002BC0F2B180DDF8CE
:10AF200050B00D900B931D90FFF77ABA00230D934C
:10AF300065E7672619990B78FF2B00F0B280002493
:10AF4000109A204603E001300131FF2B08D09342D4
:10AF500006DAD21A4B78002BF5D10B780134F4E7DE
:10AF60001991109213900F940F9A139B1C991344EC
:10AF70000B9A01FB03230B9323EAE3730693FFF77A
:10AF8000D7BA22AA0B99584602F0AAF800224FF02D
:10AF90007F53F5F7F1FA02460B46CDE91023002264
:10AFA0000023F6F77DFA08B101232293104B0B938F
:10AFB000C1E6109B0B93EEE5002963D130228DF89A
:10AFC00092200DF19302303302F8013B24ABD31AE7
:10AFD0001A93FFF796BA06F10F02D2B20121FFF7DA
:10AFE0004FBA00BFE8F80008000030400000E03F22
:10AFF000D4F80008159B384D002BB4BF2D229DF8C6
:10B000008320364BB8BF8DF8832027F08007FEF7EA
:10B0100090BD169BD31819440B91662645E60B99F3
:10B02000584600220023F6F73BFA00287FF406AECC
:10B03000079BC3F10103229301E6C3F101031A4404
:10B0400022EAE2730B9206936726B0E519F0010F2E
:10B050003FF462AAFFF75CBA079A09F0010959EABE
:10B06000020304D10123069366260B939FE5169BEA
:10B0700001331A4422EAE2730B920693662696E5A0
:10B080000D90BCE60DF192029DE70E9B9AF80160CF
:10B09000924653F8042B0E9342EAE2720792FEF7AF
:10B0A0004FBB00230F9313935EE7079C0DE70C99AA
:10B0B0008B8943F0400213468A81FEF76ABC022363
:10B0C0001A93FFF71EBA0A9A0C2313604FF0FF334E
:10B0D0000893FEF765BC00BFCCF80008D0F8000864
:10B0E00070B50B4E9AB004466FF00045CDE90445AB
:10B0F000134600940A463068064C0295694603944C
:10B10000FEF7D0FA009B00221A701AB070BD00BF83
:10B110005C0000200802FFFF024B13B1024800F060
:10B1200005B870470000000025C100080023014653
:10B130001A46184602F0CCB82DE9F04F03690C69A5
:10B14000A34283B0C0F28680013C01F11405A30044
:10B1500000F11408009355F8243058F824200133E6
:10B160008A469A4208EB8401814605EB84070191E7
:10B17000B2FBF3F638D30023AE4640469B465EF85A
:10B18000041B02681FFA81FC06FB0C33090C4FEA12
:10B19000134C06FB01CC99B2ABEB01011FFA8CF307
:10B1A00011FA82F1C3EB124202EB214289B241EA69
:10B1B0000241774540F8041B4FEA1C434FEA224BFB
:10B1C000DDD2009B58F8033073B9019B043B9845CE
:10B1D00004D307E0984504F1FF3403D253F804295F
:10B1E000002AF7D0C9F810405146484601F050FEF9
:10B1F00000282BDB01364046002355F8041BD0F80D
:10B2000000C08AB29A1A0B0C12FA8CF2C3EB1C43E0
:10B2100003EB224392B242EA0342AF4240F8042BCE
:10B220004FEA2343E9D258F8242008EB84036AB993
:10B23000043B984504D307E0984504F1FF3403D25A
:10B2400053F80429002AF7D0C9F81040304603B05B
:10B25000BDE8F08F002003B0BDE8F08F00000000D3
:10B260002DE9F04F016C99B090469946CDE90489DB
:10B27000259D044641B1426C4A60012393408B6096
:10B2800001F0AAFB00232364B9F1000AB4BF012333
:10B2900000232B60764BBCBF2AF0004ACDF814A0E7
:10B2A00033EA0A0300F0AA80DDE9042310461946B8
:10B2B00000220023CDE90A01F6F7F2F8074670B143
:10B2C000249A01231360269B002B00F0E482694836
:10B2D0001860431E0393039819B0BDE8F08F16ABB6
:10B2E000019317AB00932046DDE90A2301F096FE97
:10B2F0005FEA1A56054640F09780DDE916763E442F
:10B3000006F23240202840F3B583C0F140000AFA2B
:10B3100000FA06F2124028FA00F04AEA0000F5F7B7
:10B32000B1F80123013EA1F1F8710F93524B0022B5
:10B33000F4F76AFF48A3D3E90023F5F71DF948A302
:10B34000D3E90023F4F762FF804630468946F5F7DB
:10B35000A9F845A3D3E90023F5F70EF902460B46F9
:10B3600040464946F4F752FF80468946F6F7E0F832
:10B3700000228346002340464946F6F79BF8002802
:10B3800040F07C82BBF1160F00F26B823B4B03EB6B
:10B39000CB03D3E90023DDE90A01F6F78BF8002897
:10B3A00072D00023BE1B0E93731E0BF1FF3B06935E
:10B3B00000F15E8200230993BBF1000F6BDA099B59
:10B3C000CDF81CB0A3EB0B030993CBF100030D9355
:10B3D000229B092B4FF0000B66D8052B40F34883C6
:10B3E000043B22930026229B023B032B00F268863B
:10B3F000DFE813F05C04590450043304249A42F249
:10B400000F73CAF3130A13605AEA08031AD1269B72
:10B41000002B00F064861A4B03930833269A039896
:10B42000136019B0BDE8F08FDDE90A12C2F313030F
:10B43000084643F07F510F97A6F2FF36169F41F45E
:10B44000401173E7269B002B40F0EA830D4B0393DA
:10B4500041E700BFAFF3008061436F63A787D23F2E
:10B46000B3C8608B288AC63FFB799F501344D33FF3
:10B470000000F07F05F900080000F83F78FA0008A6
:10B480002CF9000828F90008BE1B731E069300F172
:10B4900085840E900990069B5B44CDE9063B002312
:10B4A0000D93229B092B98D90023CDE92233012645
:10B4B0004FF0FF330C960893089B129300216164B0
:10B4C000204601F063FA0390002800F00186039BF8
:10B4D0002364089B0E2B00F21381002E00F01081D4
:10B4E0000799002940F35C84AE4B01F00F0203EB97
:10B4F000C2034FEA2118C905D3E9006740F114845B
:10B50000A94BDDE90A01D3E90823F5F75FF9CDE995
:10B51000100108F00F084FF0030AB8F1000F13D024
:10B52000DFF8849218F0010F09D030463946D9E986
:10B530000023F5F721F80AF1010A06460F465FEAF3
:10B54000680809F10809EDD1DDE9100132463B46F2
:10B55000F5F73CF9804689460E9B43B1934B002298
:10B5600040464946F5F7A6FF002840F03085504692
:10B57000F4F798FF42464B46F4F7FEFF8C4B00224F
:10B58000F4F744FEA1F15073CDE910011193089B2B
:10B59000002B00F09780079B1493089B13930C9B40
:10B5A000002B00F0A584139A7E4B8249039E03EB87
:10B5B000C20353E902230020F5F708F9DDE910235F
:10B5C000F4F722FECDE9100149464046F5F7B0FFF9
:10B5D0000746F4F767FF02460B4640464946F4F734
:10B5E00013FE3037DDE9102306F8017B80468946DB
:10B5F000F5F760FF002840F02985CDF854B000270A
:10B60000DDE910AB1095139D13942AE00137AF428A
:10B6100080F22C85684B504659460022F4F7ACFF67
:10B62000654B002282468B4640464946F4F7A4FF0C
:10B6300089468046F5F77CFF0446F4F733FF02465F
:10B640000B4640464946F4F7DFFD303406F8014B1F
:10B6500052465B4680468946F5F72CFF002840F0AD
:10B66000F38442464B4651490020F4F7CDFD524643
:10B670005B46F5F71FFF0028C8D0DDE91343109D96
:10B68000039A079302E0964200F0C884B24616F887
:10B69000013D392BF7D00133DBB23370079B013307
:10B6A0000793C8E15046F4F7FDFE42464B46F4F7D7
:10B6B00063FF3F4B0022F4F7A9FDA1F15073CDE9E0
:10B6C000100111933D4B404649460022F4F79CFD82
:10B6D000DDE910894B46424606460F46F5F708FF5E
:10B6E0008146002840F0AA84DDE91001024601F1FC
:10B6F000004330463946F5F7DDFE002840F045832B
:10B70000179B002BC0F28C80079A0E2A00F38880CA
:10B71000244B03EBC203D3E900AB239B002B1BDAC2
:10B72000089B002B18DC40F02E83244B002250464F
:10B730005946F4F721FF02460B46DDE90A01F5F709
:10B74000C3FEDDF820904E46002800F0C782239B00
:10B75000DDF80C80DF43C9E2DDE90A7852465B463A
:10B7600038464146F5F732F8F5F7E2FE8146099092
:10B77000F4F798FE52465B46F4F7FEFE039E0B4636
:10B78000024641463846F4F73FFD09F1300306F81A
:10B79000013B089B012B00F05C8306940127049574
:10B7A0001C462AE078FA000850FA00080000F03F32
:10B7B00000001C400000E03F000024400000144056
:10B7C00052465B4640464946F5F700F8F5F7B0FEAD
:10B7D0000546F4F767FE52465B46F4F7CDFE0137A7
:10B7E0000B46024649464046F4F70EFD05F130038C
:10B7F000A74206F8013B00F02983AC4B0022F4F786
:10B80000BBFE0022002380468946F5F749FE00284A
:10B81000D6D0049D069C079B01330793B2460AE1EC
:10B820000C9A002A3DD0229A012A40F39C82089B60
:10B8300003F1FF380D9B4345C0F26D82A3EB08086E
:10B84000089B002BC0F23C83069A1A440692099A80
:10B8500017461A4409920121204601F065F906466F
:10B8600023E00123BE1B0E93731E06937FF5A2AD4A
:10B87000C6F101030993002306939DE55846F4F7AA
:10B8800011FE42464B46F5F70BFE00287FF47AADD9
:10B890000BF1FF3B76E5864B0393039819B0BDE8A7
:10B8A000F08FDDF83480099F0C9E002F0CDD069987
:10B8B00000290B4608DD099AB942A8BF3B46D21AB7
:10B8C000FF1ACB1A099206930D9BDBB10C9B002B40
:10B8D00000F05D82B8F1000F0FDD31464246204690
:10B8E00001F0FEF92A4601460646204601F04AF9D3
:10B8F00029460546204601F06FF80D9BB3EB080280
:10B9000040F0D8820121204601F00EF9BBF1000F72
:10B91000814600F3B480229B012B40F386814FF0D7
:10B92000000A0120BBF1000F40F0B580069A1044D8
:10B9300010F01F0000F09380C0F12003042B40F3AF
:10B94000D283099BC0F11C000344024409930744BD
:10B950000692099B002B05DD29461A46204601F078
:10B960001FFA0546069B002B05DD49461A46204670
:10B9700001F016FA81460E9B002B40F03681089BA1
:10B98000002B40F31D810C9B002B40F0A080079BF7
:10B9900001330793DDF80C80DDF820A0012707E0D4
:10B9A000294600230A22204601F020F801370546E7
:10B9B00049462846FFF7C0FB574500F1300308F819
:10B9C000013BEDDB089A002AC8BF9346039AD8BF13
:10B9D0004FF0010B9344002729460122204604938F
:10B9E00001F0DEF94946054601F052FA002840F31D
:10B9F000A8811BF8013C039A0BF1FF3B04E05A4578
:10BA000000F0AA811BF8013D392B0BF1010AF6D099
:10BA100001338BF800304946204600F0DDFF56B177
:10BA20002FB1B74203D03946204600F0D5FF31464A
:10BA3000204600F0D1FF2946204600F0CDFF00232C
:10BA40008AF80030249B079A1A60269B002B3FF44B
:10BA500042AC0398C3F800A019B0BDE8F08F1C20D9
:10BA6000099B03440993069B03440744069370E72C
:10BA70000126B8E4C0F1200008FA00F04FE40146C6
:10BA80005A46204601F02CF9229B012B814640F3B7
:10BA9000B3814FF0000AD9F8103009EB830318691D
:10BAA00000F0F4FFC0F1200040E700BF0000244098
:10BAB00004F90008314600230A22204600F096FFD0
:10BAC000129B002B064640F3E782CDE90783002F47
:10BAD00000F31A81BAF1000F40F0D581B046049B03
:10BAE000039F089903F001027B1E1944229B0C92CC
:10BAF000134309910A9349462846FFF71DFB314637
:10BB00008346284601F0C4F942464946824620460B
:10BB100001F0DEF9C26801460BF13003002A42D180
:10BB200006902846089301F0B3F906990490204640
:10BB300000F052FF049A089B1AB90A99002900F0F4
:10BB40009B82BAF1000FC0F2638122994AEA010A8E
:10BB50000C9951EA0A0100F05B81002A00F3B481DC
:10BB6000099A3B7007F1010A9742D34600F0B2816F
:10BB7000294600230A22204600F038FF46450546A4
:10BB800031464FF000034FF00A02204612D000F079
:10BB90002DFF4146064600230A22204600F026FFDC
:10BBA00057468046A7E72046049300F015FF049B04
:10BBB0000122C6E700F01AFF5746064680469AE77C
:10BBC000229B022B79DC0C9B002B80D1079B4946E2
:10BBD000013328460793FFF7AFFADDF80CB000F108
:10BBE00030030BF8013B0027F6E64946284601F0F2
:10BBF0004FF90028BFF6C3AE294600230A2220468B
:10BC000000F0F4FE079B03F1FF380C9B0546002B68
:10BC10007FF450AF129B002B40F335820893B9E6B6
:10BC2000AF4B03930333FFF7F9BBDDE9041200299F
:10BC30007FF475AEC2F31303002B7FF470AEA94BF3
:10BC40001340002B00F0FE81099B01330993069BF2
:10BC5000013306934FF0010A63E601230C93239B03
:10BC6000079A134412930133012B1F460893B8BF60
:10BC700001270021172F61647FF722AC01220423E2
:10BC80005B0003F11400B842114602F10102F7D93A
:10BC9000616415E401230C93239B002B4CDD12936C
:10BCA00008931F46E5E700230C93D8E700230C9385
:10BCB000F2E7129BCDF81C800893089B002B7FF4C1
:10BCC00046AD49460522204600F090FE01468146D9
:10BCD000284601F0DDF800287FF739AD0398079F6B
:10BCE0003123804600F8013B013703904946204646
:10BCF00000F072FE7B1CDDF80CA00793CDF80C80E1
:10BD0000002E7FF494AE96E631463A46204601F086
:10BD100047F80646DEE60D9BCDF83480A8EB03031A
:10BD20009B444FF000088BE5DDE90A234FF0020A3F
:10BD3000CDE91023FFF7F1BB012323930893FFF70D
:10BD4000BBBB03D1049BDB073FF553AEDA461BF8C0
:10BD5000013D302BFAD05EE6079B039A013307932F
:10BD60003123137057E60F9A002A00F0268103F260
:10BD70003343069ADDF834801A440692099A17462E
:10BD80001A44099267E54FF000094E46DFE4294660
:10BD90000D9A204600F0A4FF0546B3E50E9067E536
:10BDA00000F00F81079A504B564206F00F0203EB4A
:10BDB000C203D3E90023DDE90A01F4F7DDFB361104
:10BDC0008046894600F07181484F00234FF0020AF7
:10BDD000F20706D5D7E90023F4F7CEFB0AF1010AF2
:10BDE0000123761007F10807F2D1002B3FF4B4AB22
:10BDF00080468946FFF7B0BB049B002B7FF449AE19
:10BE0000DDE90412C2F31303002B3FF418AF40E640
:10BE1000002A12DD294601222046049300F0C0FFCB
:10BE20004946054601F034F80028049B40F3188188
:10BE3000392B00F0F9800BF13103BA460AF8013BC7
:10BE4000079B0133374607934646E4E50995069C70
:10BE5000049D02460B46F4F7D9F952465B468046EC
:10BE60008946F5F745FB60B952465B464046494670
:10BE7000F5F716FB00283FF4CEAC099BD9077FF5F8
:10BE8000CAAC039A02E47168204600F07FFD0746C1
:10BE9000002800F00E81336902339A0006F10C018C
:10BEA0000C30F5F70DFA39460122204600F078FFF4
:10BEB000804614E62946204600F012FF054621E59B
:10BEC000DDE908239F1AC6E4392B00F0AD80BA469D
:10BED0000133B3E7079A01323746079246467BE5BE
:10BEE00028F900080000F07F78FA000850FA0008EE
:10BEF000DDF84CA0844901EBCA01DDE9102351E9CA
:10BF00000201F4F739FBCDE9100149464046F5F747
:10BF10000FFB0646F4F7C6FA0B4602464946404672
:10BF2000F4F772F9039F53463036012B07F8016B83
:10BF30008046894600F0AE80139E039B1E44734BDF
:10BF4000002240464946F4F717FB89468046F5F73C
:10BF5000EFFA8246F4F7A6FA0AF1300A02460B46D7
:10BF600040464946F4F750F907F801ABB74280461E
:10BF70008946E4D1664B0022DDE91001F4F746F969
:10BF800042464B46F5F796FA002864D1DDE91023C6
:10BF90005F490020F4F738F942464B46F5F7A8FA16
:10BFA00000283FF4ADABB246013E1AF8013C302BFD
:10BFB000F9D0149B013307933DE5169BC3F136037B
:10BFC000D7E6DDE90A894FF0020AFFF7C5BA089BF8
:10BFD000002B3FF467AB129B002B7FF791AB079AC6
:10BFE000013ACDE913324046484B00224946F4F766
:10BFF000C3FA804689460AF10100F4F753FA424633
:10C000004B46F4F7B9FA434B0022F4F7FFF8A1F1DD
:10C010005073CDE910011193FFF7C1BA079B0133AB
:10C0200007933123FFF739BB079BBB4601330793C7
:10C03000392337460BF8013B4646DCE44FF0000954
:10C040004E464BE69A466CE4109D139C149B0133BC
:10C050000793B246EFE4149B039A0793FFF716BBCE
:10C060007FF4EBAEDA077FF5E8AEE1E6DDF854B039
:10C07000109D139CFFF744BB392BD5D0BAF1000FAC
:10C080003FF7D9AED9E6229B022B3FF712AECDF88F
:10C090001C809BE53E466DE7229B022B3FF709AED5
:10C0A000129BCDF81C80089311E54FF0020AFFF7B0
:10C0B00053BA194B19483A4640F2EA2101F04EF9B9
:10C0C000002666643146204600F060FC039078B993
:10C0D000114B124800224FF4D57101F03FF9104B7B
:10C0E0000393FFF7F8B83FF434ACC0F13C00B7E479
:10C0F000039B236401224FF0FF33239612930C928B
:10C100000893FFF7FDBA00BF78FA0008000024404A
:10C110000000E03F00001C4038F900084CF900081E
:10C120002CF9000838B5084B084D5B1B9C1007D054
:10C13000043B1D44013C55F804399847002CF9D1C3
:10C14000BDE8384003F088B9F4FD0008F0FD0008B0
:10C15000F8B5244F0C46064600F00CFCBA6855684A
:10C16000C4F57E630F3325F003052B4423F47F636E
:10C1700023F00F03A3F58054B4F5805F07DB0021A3
:10C18000304600F0E5FFBB682B44984204D03046AF
:10C1900000F0F6FB0020F8BD6142304600F0D8FF09
:10C1A00001300DD0104ABB682D1B45F001055D60C4
:10C1B000136830461B1B136000F0E2FB0120F8BD42
:10C1C0000021304600F0C4FFBA68831A0F2BDEDD71
:10C1D00043F001035360054B03491B68C01A086014
:10C1E000D5E700BF8C040020D80E00209408002062
:10C1F000002961D0F8B50C46064600F0BBFB54F8A8
:10C20000042C7B4FA4F1080522F0010105EB010C81
:10C21000B868DCF80430604523F0030300F08B803D
:10C22000D207CCF8043032D454F8082CAD1A11449B
:10C23000AA6807F1080082426AD00CEB0304D4F824
:10C2400004E0EC68D4601EF0010FA26000F097805B
:10C2500041F001036B60CCF80010B1F5007F35D2DE
:10C260007A68CB0848090121013381401143796084
:10C2700007EBC30257F83310083AC5E9021247F832
:10C280003350CD603046BDE8F84000F079BB0CEB90
:10C2900003025268D00710D4194407F10800DCF8F3
:10C2A0000830834273D0DCF80C20DA60936041F0F0
:10C2B00001036B606950D0E7704741F00103B1F5AD
:10C2C000007F44F8043CCCF80010C9D3B1F5206FCE
:10C2D0004FEA512348D28B0903F1390003F13802A8
:10C2E000C300F818FB580838984259D05A6822F011
:10C2F00003028A4202D99B689842F7D1D868C5E9FF
:10C3000002308560DD603046BDE8F84000F038BBA3
:10C310000CEB03025268D20763D40B44DCE902122F
:10C32000CA60916043F001026A603046EB50BDE89C
:10C33000F84000F025BB0B44D10707D454F8082C73
:10C34000AD1A1344D5E90212CA60916043F00102AC
:10C350006A60284ABD6012689A4293D8264B3046DC
:10C360001968FFF7F5FE8DE7142B0AD9542B1FD857
:10C370000B0B03F16F0003F16E02C300B1E7194428
:10C380008DE703F15C0003F15B02C300A9E741F014
:10C390000103C7E90455C5E902006B60695071E704
:10C3A00079689210012404FA02F20A437A60A6E73F
:10C3B000B3F5AA7F06D8CB0B03F1780003F177021F
:10C3C000C3008EE740F25452934206D88B0C03F11F
:10C3D0007D0003F17C02C30083E74FF47E737E226D
:10C3E0007FE741F001036B60CCF800104AE700BF23
:10C3F0008C04002098080020080F00200048704797
:10C400008C090020704700BF704700BF704700BF15
:10C41000704700BF2DE9F04F01F10B06162E83B0D7
:10C42000044624D8102900F2BA8000F0A3FA10269E
:10C4300018220220B54F3A44A2F1080153688B42FA
:10C4400000F0BA805A68D96822F003021A449D6845
:10C45000E9608D60516841F001012046516003F1AF
:10C46000080500F08DFA284603B0BDE8F08F36F0DD
:10C47000070600F19480B14200F2918000F07AFA50
:10C48000B6F5FC7FC0F09A81730A00F08F80042B10
:10C4900000F26F81B30903F1390003F1380CC300D6
:10C4A0009A4F3B44A3F108055B689D4206D10CE01E
:10C4B000002980F22781DB689D4206D05A6822F06D
:10C4C0000302911B0F29F3DD60463D69DFF840C28E
:10C4D00065457CD06A6822F00302931B0F2B00F3A2
:10C4E0007B81002BC7E904CC80F26C81B2F5007F20
:10C4F00080F01A81D308796801334FEA521E012275
:10C5000002FA0EF20A4357F833E0C5F808E007EBE9
:10C51000C3010839E9607A6047F83350CEF80C500F
:10C52000831001219940914257D8114206D120F041
:10C5300003004900114200F10400FAD007EBC009E2
:10C540004D468646D5F80C80454508D11DE1002BA7
:10C5500080F22481D8F80C80454500F01681D8F887
:10C56000042022F00302931B0F2BF0DD2046D8E9B4
:10C57000025408EB060146F00106C8F80460EC60BE
:10C58000A56043F00104C7E90411C1E902CC4C6085
:10C5900048F8023000F0F4F908F1080502E00C2335
:10C5A00023600025284603B0BDE8F08F4FF40073E8
:10C5B00040204FF03F0C73E7D3689A4208BF023027
:10C5C0007FF440AF3D69DFF848C1654582D17A68A4
:10C5D0008310012199409142A7D9BD686B6823F06F
:10C5E00003094E4503D8A9EB06030F2B7ADCDFF8CD
:10C5F00024B1494BDBF800201B680132334405EBC2
:10C60000090A00F0338103F580530F3323F47F6868
:10C6100028F00F084146204600F09AFD411C0246D2
:10C6200000F0F380824500F2EE803C4B19684144F3
:10C630001960084600F04E81DBF8001001930131CB
:10C640001BBFA2EB0A0A5044CBF80020186012F07E
:10C65000070B00F01781CBF108010A44CBF580519C
:10C6600090440831A1EB0801C1F30B0A5146204662
:10C67000009200F06DFD421CDDE9002300F04F81C7
:10C68000801A00EB0A081968BA6048F001005144AA
:10C69000BD425060196000F02981B9F10F0F40F2DE
:10C6A00027816868A9F10C0C2CF0070C00F0010040
:10C6B00040EA0C0068604FF0050E05EB0C00BCF181
:10C6C0000F0FC0E901EE00F2328150681546144B9D
:10C6D0001A688A4238BF1960124B1A688A4238BFFA
:10C6E000196094E0AA1943F0010346F001066E6058
:10C6F0002046BA60536000F043F90835284603B07D
:10C70000BDE8F08FD9681A44A1E600BF8C04002070
:10C710009404002094080020080F0020D80E002068
:10C72000000F0020040F0020B2F5206F4FEA5223C3
:10C7300063D3142B00F2B78003F15C01C9005B33B3
:10C7400007EB010E7958AEF1080E8E4500F091808E
:10C750004B6823F00303934202D989688E45F7D1D1
:10C76000D1F80CE07A68C5E9021ECEF80850CD6019
:10C77000D6E6142B59D9542B00F29D80330B03F1CC
:10C780006F0003F16E0CC3008AE60EF1010E1EF07D
:10C79000030F05F108057FF4D5AE51E0424445464C
:10C7A0005368D8F80C1043F00103536055F8083F64
:10C7B0002046D9608B6000F0E3F8F3E6F00806F15C
:10C7C000080237E62A442046536843F001035360C9
:10C7D000083500F0D5F8E5E6A919204646F001062F
:10C7E00043F001046E60C7E90411C1E902CC4C605A
:10C7F000AB5000F0C5F80835D4E6930903F13901D0
:10C80000C90038339CE7BD425FD0BD68686820F03E
:10C8100003084645A8EB060302D80F2B3FF762AF8B
:10C82000204600F0ADF80025BCE603F15C0003F102
:10C830005B0CC30034E659F808394B4540F096804C
:10C8400010F0030F00F1FF30F5D17B6823EA0103FC
:10C850007B60490099423FF6C0AE19B9BDE6490078
:10C860000EF1040E1942FAD0704667E603F1100883
:10C87000D0E69A104FF001087B6808FA02F21A43DA
:10C880007A6070E702EB08014942C1F30B0A514696
:10C890002046009200F05CFC431CDDE900237FF49D
:10C8A000EFAEDA46EFE6542B25D8130B03F16F01F8
:10C8B000C9006E3344E7B3F5AA7F25D8F30B03F123
:10C8C000780003F1770CC300EAE5294B186840446F
:10C8D0001860B1E6CAF30B0CBCF1000F7FF4ACAEEC
:10C8E000BD68C84448F001006860F0E61546EEE611
:10C8F0000123536094E7B3F5AA7F23D8D30B03F148
:10C900007801C90077331BE740F25452934223D891
:10C91000B30C03F17D0003F17C0CC300C0E5ABF167
:10C92000080BD844A8EB02084FF0000AABE605F16B
:10C93000080120460093FFF75BFCBD68009B686818
:10C940001968C4E640F254518B420BD8930C03F1A2
:10C950007D01C9007C33F3E64FF47E737F204FF0F6
:10C960007E0C9DE54FF47E717E23E9E67B6870E7DF
:10C97000D80E00200148FFF749BD00BFCC0E0020B3
:10C980000148FFF745BD00BFCC0E0020C36C70B559
:10C9900005460C464BB153F8240080B1026843F8B9
:10C9A00024200023C0E9033370BD2122042100F0BC
:10C9B000F5FC0346E8640028EDD1002070BD01219C
:10C9C00001FA04F6721D9200284600F0E7FC0028E8
:10C9D000F3D0C0E90146E4E731B1C36C4A6853F8CB
:10C9E0002200086043F82210704700BF2DE9F04193
:10C9F0000D6907460E461C4601F1140E0020DEF8B4
:10CA000000108BB202FB03434FEA134C090C02FBEC
:10CA100001CC01309BB203EB0C4385424EF8043B42
:10CA20004FEA1C44EBDC3CB1B368AB4207DD06EBDC
:10CA3000850301355C6135613046BDE8F081716880
:10CA400038460131FFF7A2FF8046A8B132690232B1
:10CA500006F10C0192000C30F4F732FCFB6C7268AA
:10CA600053F82210316043F82260464606EB8503F6
:10CA700001355C613561DFE7024B03484246B52171
:10CA800000F06CFC38F90008CCF90008020C120424
:10CA90000346CAB90304102013F07F4F04BF1B02E2
:10CAA000083013F0704F04BF1B01043013F0404FE7
:10CAB00004BF9B000230002B05DB13F0804F00F118
:10CAC000010008BF202070470020E5E70368024608
:10CAD00013F0070007D0D9071DD498071FD55B08AE
:10CAE00013600120704799B209B91B0C1020D9B20C
:10CAF00009B908301B0A190704BF1B09043099073C
:10CB000004BF9B080230D90703D45B0800F1010081
:10CB100003D01360704700207047202070479B08A7
:10CB200013600220704700BF38B5C36C04460D4641
:10CB30004BB15868B0B102685A6000220123C0E9C5
:10CB40000435C26038BD2122042100F027FC0346D1
:10CB5000E0640028EDD1094B094800224FF4A07190
:10CB600000F0FCFB1C220121204600F017FC0028ED
:10CB7000F1D001220223C0E90123DEE738F90008E1
:10CB8000CCF900082DE9F04F0E691569AE4285B069
:10CB90008846144605DB2A46234635460C4616468B
:10CBA0009846A3686168AF19BB42B8BF0131FFF76F
:10CBB000EDFE0190002800F08780019B03F114092D
:10CBC00009EB870AD14505D24B46002243F8042BD6
:10CBD0009A45FBD808F1140808EB860B04F11403FE
:10CBE000D8451A4603EB85055FD22B1B153B23F076
:10CBF000030304331534A54238BF0423CDE902A74B
:10CC0000AC461F46924605E0000C29D1C34509F108
:10CC1000040948D958F8040B85B2002DF4D05646C3
:10CC20004C46002356F8040B216882B21FFA81FE9D
:10CC300005FB02EE000C0A0C734405FB002202EB1C
:10CC400013429BB243EA0243B44544F8043B4FEA23
:10CC50001243E7D849F8073058F8040C000CD5D037
:10CC6000D9F80030544619464D4600222688090C52
:10CC700000FB06110A449BB243EA024345F8043B19
:10CC800054F8046B2968360C8BB200FB063303EBB7
:10CC90001243A4454FEA1342E8D8C34549F8073088
:10CCA00009F10409B6D8DDE902A7002F02DC05E08E
:10CCB000013F03D05AF8043D002BF9D0019B1846E0
:10CCC0001F6105B0BDE8F08F034B0448019A40F2A4
:10CCD0005D1100F043FB00BF38F90008CCF90008F3
:10CCE00012F003032DE9F0411446064632D10D46F9
:10CCF000A41020D0D6F84880B8F1000F33D0E30755
:10CD00004FF0000707D4641015D0D8F80000A8B180
:10CD10008046E307F7D5424629463046FFF732FF03
:10CD2000B5B16968F36C641053F821202A6043F8A8
:10CD300021500546E9D12846BDE8F08142464146EA
:10CD40003046FFF71FFFC8F8000007608046E0E7A5
:10CD50000546D8E7013B0F4A52F823200023FFF78E
:10CD600045FE0546C4E701213046FFF70FFE804629
:10CD700040B1012340F27122C0E904320023B064C3
:10CD80000360BCE7044B054842464FF4A07100F035
:10CD9000E5FA00BF40FB000838F90008CCF90008AC
:10CDA0002DE9F0470C4690462669A368496806EBD2
:10CDB0006216751C9D4207464FEA621904DD5B004E
:10CDC0009D4201F10101FADC3846FFF7DFFD8446A0
:10CDD000002851D0B9F1000F00F114000EDD09F167
:10CDE00005024FEA820E03460CEB8202002143F853
:10CDF000041B9342FBD1AEF114031844216904F1E2
:10CE0000140318F01F0803EB81012DD0C8F120098D
:10CE100086464FF0000A1A6802FA08F242EA0A024D
:10CE20004EF8042B53F8042B994222FA09FAF2D84F
:10CE30000B1B153B23F00303043304F1150291424D
:10CE400038BF0423BAF1000F18BF2E4640F803A0E4
:10CE5000FB6C6268CCF8106053F8221021606046C9
:10CE600043F82240BDE8F087043853F8042B40F81B
:10CE7000042F9942F9D8EBE7034B0448624640F28D
:10CE8000D91100F06BFA00BF38F90008CCF900089E
:10CE90000B6984460069C01A15D10CF1140C1431C9
:10CEA0000CEB830210B401EB830301E0944508D23C
:10CEB00052F8044D53F8041D8C42F7D004D24FF0C1
:10CEC000FF3010BC70477047012010BC704700BF96
:10CED0002DE9F84F0F691369FF1A002F0E4690468F
:10CEE0007AD101F11405143202EB830205EB8303BE
:10CEF00001E09D4273D253F8041D52F8044DA14243
:10CF0000F7D064D37168FFF741FD8146002872D0E5
:10CF10003569D8F81020C76008F1140E06F1140026
:10CF200009F1140A06F1100C0EEB820200EB8507E2
:10CF3000564600215EF8044B5CF804BFA3B211FA18
:10CF40008BF1CB1A210CC1EB1B4101EB23419BB2AE
:10CF500043EA0143724546F8043B4FEA2141E9D8D0
:10CF6000A2EB0804153C08F11508424524F003061D
:10CF700006F1040638BF0426304424F0030238BF0B
:10CF8000002287425244B24416D95646044654F809
:10CF9000043B11FA83F10A1402EB134289B241EA0D
:10CFA0000243A74246F8043B4FEA2241EFD87A1EDB
:10CFB000101A20F00302524423B952F8043D013DF7
:10CFC000002BFAD0C9F810504846BDE8F88F334618
:10CFD00001274646984695E7F9DB002792E70021AE
:10CFE000FFF7D4FC814668B101220023C9E904237C
:10CFF0004846BDE8F88F074B07484A464FF4107182
:10D0000000F0ACF9034B04484A4640F2322100F0EC
:10D01000A5F900BF38F90008CCF9000870B5012166
:10D0200082B016461D46FFF7B1FC044600284BD0DF
:10D030002B46C5F30A55C3F313030DB143F4801314
:10D04000002E019322D068460096FFF73FFD00288E
:10D0500036D0019B0099C0F1200203FA02F20A4384
:10D06000C34001936261002B14BF02210121A3611F
:10D070002161ADB1069AA5F2334303441360079BC7
:10D08000C0F135001860204602B070BD01A8FFF75E
:10D090001DFD019B0121C4E904132030002DE9D1BD
:10D0A00004EB8102A0F232431069069A1360FFF785
:10D0B000EDFC079BC0EB41112046196002B070BD2A
:10D0C000DDE900236261CEE7034B0448224640F2CB
:10D0D0000A3100F043F900BF38F90008CCF9000824
:10D0E000DFF860C0F8B521F000430027634504462F
:10D0F0000D461646176022DC844653EA0C0C1ED0FF
:10D10000DFF844C001EA0C0C0A46BCF1000F09D15B
:10D110000E4B0022F3F730FA6FF0350704460A464B
:10D1200021F0004322F0FF421B1522F4E002A3F29B
:10D13000FE3342F07F553B4445F4001533602046F2
:10D140002946F8BDFFFFEF7F0000F07F000050434D
:10D1500038B5074D0022044608462A60F4F710FD52
:10D16000431C00D038BD2B68002BFBD0236038BD9A
:10D170000C0F002030B540EA0104A30701D1032AB7
:10D180000FD8844601F1FF3E07E01EF8011F03F8A7
:10D19000011B541EC1B19C4622466346002AF4D1AD
:10D1A00030BD0B468446194653F8045BA5F10134A3
:10D1B00024EA050414F0803FE4D1043A032A4CF831
:10D1C000045B1946EFD8DDE76244002CE8D003F891
:10D1D000011B9342FBD130BD2DE9F04F936883B022
:10D1E0009146002B6DD017688D6880460C46086804
:10D1F000083743E0A38913F4906F2ED0D4E90415C7
:10D20000A0EB010A05EB450505EBD5750AEB060019
:10D210006D100130A8422A4684BF05462A465B05A8
:10D2200036D511464046FFF7F5F800283AD0524669
:10D2300021690190F4F744F8A289019B22F49062DD
:10D2400042F08002A281A5EB0A0203EB0A006561AD
:10D25000A260236120603546B2465946524600F02E
:10D26000FDF8D9F80830A16820684D1B50449E1B7A
:10D27000A5602060C9F808601EB3083757E902B6F8
:10D28000002EFAD0B542AA46B4D93546B246E4E7F4
:10D29000404600F05FF903460028D4D1216940469A
:10D2A000FEF7A6FF0C23C8F80030A389002243F044
:10D2B00040034FF0FF30A381C9E9012203B0BDE86C
:10D2C000F08F0020C9F8040003B0BDE8F08F00BF64
:10D2D0002DE9F047DFF87CA00646DAF80000984612
:10D2E0000F469146FFF792F81B4B1B68D3F8484155
:10D2F00024B365681F2D26DC5EB96B1C0235DAF895
:10D300000000636044F82570FFF782F80020BDE854
:10D31000F08704EB85010123C1F88890D4F88821B7
:10D32000AB401A43022EC4F88821C1F80881E4D129
:10D33000D4F88C211343C4F88C31DEE703F5A674CE
:10D34000C3F84841D5E7DAF80000FFF761F84FF07D
:10D35000FF30DCE788040020C0F8000800B50B4C63
:10D3600025681446EE681A4685B003460D464CB152
:10D3700007490095CDE901143046064900F03EF812
:10D3800001F092FA04490C46F3E700BF5C0000206C
:10D390004CFB00085CFB000858FB000810B502FBC2
:10D3A00001F1FFF737F8044668B150F8042C22F079
:10D3B0000302043A242A18D8132A06D80246002366
:10D3C000C2E900339360204610BD00231B2AC0E948
:10D3D00000330FD9242AC0E9023311BF00F1100233
:10D3E000036100F118024361E9E70021FCF7C8F886
:10D3F000204610BD00F10802E1E700BF0EB410B5F1
:10D4000083B005AB064C53F8042B0193014620680A
:10D4100000F0C8FA03B0BDE8104003B0704700BF89
:10D420005C000020014B93F8280170479C08002005
:10D4300082B049B15AB16BB113780B601278101EEB
:10D4400018BF012002B0704701A9002AF3D110468D
:10D4500002B070476FF00100F4E700BF88420DD9B9
:10D460008B1883420AD900EB020CBAB1624613F85A
:10D4700001CD02F801CD9942F9D170470F2A0ED89B
:10D48000034602F1FF3C4AB10CF1010C013B8C4414
:10D4900011F8012B03F8012F6145F9D1704740EADB
:10D4A00001039B0750D1A2F1100370B501F1200CCC
:10D4B00023F00F0501F1100E00F11004AC441B091C
:10D4C0005EF8105C44F8105C5EF80C5C44F80C5C90
:10D4D0005EF8085C44F8085C5EF8045C44F8045CA0
:10D4E0000EF1100EE64504F11004E9D1013312F0FB
:10D4F0000C0F01EB031102F00F0400EB031327D014
:10D50000043C24F003064FEA940C1E441C1F8E4674
:10D510005EF8045B44F8045FB442F9D10CF10104F5
:10D5200002F0030203EB840301EB840102F1FF3CF0
:10D530004AB10CF1010C013B8C4411F8012B03F8AA
:10D54000012F6145F9D170BD02F1FF3C03469BE715
:10D550002246EBE72DE9F84F1746002900F09880A6
:10D5600007F10B0580460C46FFF704FA162D5DD82F
:10D5700010252A46AF425ED854F8041C21F0030659
:10D580009642A4F1080962DABC4BD3F808C009EB53
:10D590000600844500F09780D0F804C02CF0010309
:10D5A00003445B68DB0768D42CF0030C06EB0C0328
:10D5B000934247DACB0710D454F8083CA9EB030A8E
:10D5C000DAF8043023F003018C44B444944580F22B
:10D5D00011817318934280F2E88039464046FEF785
:10D5E00019FF0746E0B154F8043C23F001034B4413
:10D5F000A0F10802934200F0D280321F242A00F2E8
:10D60000F580132A00F2AC800346224611681960A7
:10D610005168596092689A6021464046FEF7E8FDDD
:10D620004046FFF7ADF93846BDE8F88F25F007050D
:10D63000002D2A469EDA0C23C8F800300027384611
:10D64000BDE8F88F1E46D0E90223D3609A60731BB1
:10D650000F2B22D8D9F8043003F0010333434E4492
:10D66000C9F80430736843F00103736040462746ED
:10D67000FFF786F93846BDE8F88FC907ADD454F8EE
:10D68000083CA9EB030ADAF8041021F00301A0E733
:10D69000BDE8F84F1146FEF7BDBED9F8041001F001
:10D6A00001012943C9F8041009EB05014E4443F078
:10D6B00001034B60736843F0010308317360404617
:10D6C000FEF796FDD2E7DCF8040020F0030B06EB32
:10D6D0000B0C05F1100084454DDAC9073FF57DAF0D
:10D6E00054F8081CA9EB010ADAF8041021F0030130
:10D6F0008B44B34458453FF76CAF5746DAF80C10EB
:10D7000057F8080F321F242AC160886000F2DB80BE
:10D71000132A40F2D6802168CAF808106168CAF856
:10D720000C101B2A00F2DF8008340AF11002216875
:10D73000116061685160A16891600AEB0501ABEB73
:10D74000050242F0010299604A60DAF8043003F001
:10D7500001031D434046CAF80450FFF711F96EE774
:10D7600023680360636843601B2A68D804F10802D9
:10D7700000F108034AE709EB05029A60ACEB0503E8
:10D7800043F00103536054F8043C03F001031D43CC
:10D79000404644F8045CFFF7F3F827464FE750F89B
:10D7A000043C23F003031E4451E75746DAF80C10FB
:10D7B00057F8080F321F242AC16088604CD8132AFA
:10D7C00048D92168CAF808106168CAF80C101B2AE9
:10D7D00056D808340AF110021E46236813606368A5
:10D7E0005360A3689360D1463C4630E72146FFF77B
:10D7F00035FE11E7D0E902135746CB60996057F820
:10D80000081FDAF80C30CB60321F242A99602DD81B
:10D81000132A29D92368CAF808306368CAF80C307B
:10D820001B2A42D808340AF1100322681A60626881
:10D830005A60A2689A606646D1463C4607E7A368EC
:10D840008360E368C360242A26D004F1100200F14B
:10D850001003DBE63A46BFE7214638461E46D1466E
:10D86000FFF7FCFD3C46F2E63B46DEE72146384644
:10D870006646D146FFF7F2FD3C46E8E68C04002000
:10D88000A168CAF81010E168CAF81410242A20D040
:10D8900010340AF118029FE723690361616941614D
:10D8A00004F1180200F11803B0E6A368CAF81030BA
:10D8B000E368CAF81430242A21D010340AF118037E
:10D8C000B3E73A4633E721463846FFF7C7FD164B24
:10D8D00033E72269CAF818206269CAF81C20183494
:10D8E0000AF1200278E7A168CAF81010E168CAF8C6
:10D8F0001410242A0DD010340AF1180217E72369F6
:10D90000CAF818306369CAF81C3018340AF12003C9
:10D910008BE72269CAF818206269CAF81C201834FB
:10D920000AF1200203E700BF8C0400202DE9F84F24
:10D930004B6E9C0490462DD59368126843B38B467A
:10D94000064602F1080959E9025A5FEA9A0715D01A
:10D95000043D002401E0A7420ED055F8041F5A46AA
:10D96000304601F053F9431C04F10104F3D10023C4
:10D97000C8E90133BDE8F88FD8F808302AF0030A67
:10D98000A3EB0A03C8F8083009F10809002BDAD123
:10D990000020ECE701F06EF90023C8E90133BDE88F
:10D9A000F88F00BF2DE9F04FBDB0CDE904301C4623
:10D9B0000191174618B1836B002B00F08682019A03
:10D9C000536EDE0740F18F81B2F90C108AB29004D9
:10D9D00008D441F4005201994B6E8A8123F400531C
:10D9E00092B24B66110740F1F780019B1B69002B37
:10D9F00000F0F28002F01A030A2B00F0FB8013AB58
:10DA000010930023CDE91133CDE90A3308930DF1CA
:10DA10004C09099303933B78002B00F051813C465D
:10DA200004E014F8013F002B00F02C81252BF8D1E5
:10DA3000E51B40F029812378002B00F041814FF055
:10DA4000000300258DF83B30671C637802954FF08A
:10DA5000FF3B2B240137A3F120025A2A00F2528106
:10DA6000DFE812F098025001500194025001500179
:10DA700050016A005001500136026B025001410210
:10DA8000A6025001A2025B005B005B005B005B0032
:10DA90005B005B005B005B005001500150015001D6
:10DAA00050015001500150015001230284005001E7
:10DAB00050015001500150015001500150015001DE
:10DAC0005001DD0050015001500107025001590280
:10DAD00050015001190550015001500150015001F1
:10DAE00050015001500150015001230286005001A5
:10DAF000500150014F028600800050014502500144
:10DB00008102DF006F028000500107027E003905AC
:10DB1000500150013B0550017E00A3F1300200216D
:10DB200017F8013B01EB810102EB4101A3F1300247
:10DB3000092AF5D902918EE7DDF814804046FEF7F8
:10DB40005DFC43680A931846F3F7FAFA0B90064611
:10DB50004046FEF753FC83680993002E40F076841C
:10DB60003B7877E73B7845F0200573E745F01005F3
:10DB7000AC06049E40F16F81073626F00706324658
:10DB8000736852F8086B04929846002BC0F2288400
:10DB9000BBF1FF3F00F00B8556EA080325F0800A31
:10DBA00000F003840A2E78F1000380F0B884303648
:10DBB00001238DF8EF60554600930DF1EF04DDF879
:10DBC00000809DF83B30D845B8BFD846002B00F008
:10DBD000A88008F10108A4E0019D0598294600F0FD
:10DBE000F9FD002840F08285AA8902F01A030A2B69
:10DBF0007FF405AF0199B1F90E30002BFFF6FFAEAF
:10DC00004B6EDE0702D4950540F1508501990598C9
:10DC100023463A463DB0BDE8F04F00F08DBD45F0DB
:10DC2000100515F0200800F00781049E073626F045
:10DC300007063346D6F8048053F8086B049325F49E
:10DC4000806A00234FF000028DF83B20BBF1FF3FBC
:10DC500000F0C88156EA08022AF0800540F0C18130
:10DC6000BBF1000F40F0A684002B40F0A3831AF014
:10DC70000103009300F0D18330238DF8EF300DF1D4
:10DC8000EF049CE7E51B1BD0119B129A01332A4439
:10DC9000072BC9E900751292119305DC09F10809F7
:10DCA000039B2B440393C6E6002A00F07A83019974
:10DCB000059810AAFFF73AFE40B90DF14C09EFE7BD
:10DCC000129B002B40F0038500231193019A536EA1
:10DCD000D90740F1A68093895B0600F1138503986C
:10DCE0003DB0BDE8F08F019BB3F90C108D058AB2F1
:10DCF0003FF56DAE1D46986DFEF788FBB5F90C102B
:10DD00008AB264E6002BDBD08DF88C304FF001082E
:10DD10004FF000038DF83B30CDF8008023AC4FF07E
:10DD2000000B15F00203069318BF08F1020815F066
:10DD30008403079305D1029BA3EB0806002E00F392
:10DD40006982DDE91121501C9DF83B608EB10DF117
:10DD50003B020131C9F8002007284FF00102CDE94C
:10DD60001101C9F8042000F33882024609F10809BC
:10DD70000130069BDBB10FAB0231C9F80030072838
:10DD80004FF00203CDE91101C9F8043040F33D82A0
:10DD9000002900F001830199059810AAFFF7C6FD3C
:10DDA000002893D1DDE911210DF14C09501C079B8E
:10DDB000802B00F05881009BABEB0306002E00F394
:10DDC000B381009BC9F8004019440728CDE911012F
:10DDD000C9F8043040F34481002900F06D820199B4
:10DDE000059810AAFFF7A2FD00287FF46FAF1299E3
:10DDF0000DF14C09680705D5029BA3EB0804002C24
:10DE000000F36482DDE902234245ACBF9B18434422
:10DE10000393002940F0D281002311930DF14C09A6
:10DE2000F9E5019B9B899A053FF556AF019CA06DD2
:10DE3000FEF7EEFAA3894FE715F0100340F01E83BA
:10DE400015F0400200F0E583049A52F8046B049246
:10DE50009846B6B2F3E656F8043B0496E80600F19D
:10DE6000E882690640F1E28243F3C0381EB24346BD
:10DE70008BE6049E56F8044B4FF000038DF83B30C0
:10DE8000002C00F0AB83BBF1FF3F00F029835A4622
:10DE900000212046F3F7C4F9002800F00C84031B8E
:10DEA000009304964FF0000B89E6049E4FF00003A8
:10DEB0008DF83B304FF0010856F8043B8DF88C305C
:10DEC0000496CDF8008023AC29E700F0B9FD76E593
:10DED000049B53F8042B0292002A80F29A82029A41
:10DEE0000493524202923B7845F00405B2E53B7838
:10DEF0006C2B03BF7B7845F02005013745F01005FA
:10DF0000A8E53B78682B03BF7B7845F400750137A3
:10DF100045F040059EE545F0100A1AF0200800F093
:10DF20005082049E073626F007063346D6F8048052
:10DF300053F8086B0493012384E63B788DF83B404B
:10DF400088E5049B53F8046B049330238DF83C3030
:10DF500078238DF83D30B74B089345F0020A4FF017
:10DF6000000802236EE6AE0600F17E82EC0600F1A8
:10DF70002D83680600F18C83A90540F12783049E58
:10DF8000039A56F8043B04961A7044E53B7845F032
:10DF900001055FE59DF83B30002B7FF4E1AD2023C8
:10DFA0008DF83B303B7855E53B7845F0800551E5F1
:10DFB000394611F8013B2A2B00F0AD83A3F1300262
:10DFC000092A0F464FF0000B3FF645AD17F8013B0D
:10DFD0000BEB8B0B02EB4B0BA3F13002092AF5D9AB
:10DFE00039E5AA46012B3FF4DDAD022B3CAC12D142
:10DFF000089A06F00F033609D35C04F8013D46EA9F
:10E0000008764FEA181856EA0803F2D13CAB1B1BFE
:10E0100055460093D3E506F00703F60846EA48762E
:10E020004FEAD808303356EA0801224604F8013D89
:10E03000F1D11AF0010FE9D0302BE7D03023023AAA
:10E0400004F8013C3CAB9B1A554600931446B6E5D8
:10E050000099139401231491129111930DF14C091D
:10E0600009F10809C6E6029BA3EB0806002E7FF71C
:10E07000A2AE102E40F34B83DFF8BCA15346CDE98E
:10E080000645BA46059C019D1F4607E002F1020CB9
:10E0900009F108090246103E102E1EDD501C1031F9
:10E0A00010230728CDE91101C9F80070C9F8043020
:10E0B000ECDD10AA002900F08A80294620460DF1E7
:10E0C0004C09FFF733FC00287FF400AEDDE9112195
:10E0D000103E102E02F1010CE0DCDDE906453B4666
:10E0E00057469A463144BCF1070FCDE911C1C9F832
:10E0F00000A0C9F8046040F39381002900F0B882C1
:10E100000199059810AAFFF711FC00287FF4DEADF5
:10E11000009BDDE91121ABEB0306002E02F10100AB
:10E120000DF14C097FF74DAE102EDFF80CA131DD5B
:10E130005346CDE90645BA46059C019D4FF0100BAC
:10E140001F4607E002F1020C09F108090246103EE1
:10E15000102E19DD501C10310728C9E9007BCDE9CC
:10E160001101EFDD10AA19B3294620460DF14C0923
:10E17000FFF7DCFB00287FF4A9ADDDE91121103E9B
:10E18000102E02F1010CE5DCDDE906453B46604658
:10E1900057469A4631440728CDE91101C9F800A035
:10E1A000C9F8046000F3E48009F10809013008E6C9
:10E1B0004FF0010C0A460DF14C09C8E7019905988A
:10E1C00010AAFFF7B3FB00283FF426AE7EE54FF020
:10E1D000010C0A460DF14C095DE7002900F0D980D9
:10E1E0000199059810AAFFF7A1FB00287FF46EADF6
:10E1F000DDE911210DF14C09501CBAE502210FABEC
:10E200001491139301200DF14C09024609F10809FC
:10E21000501CCCE5102E40F35482DDE911C1DFF82B
:10E220001CA0CDE90C4510235446059DDDF804A043
:10E2300062460DE0D4F80008ACFB00089CFB000827
:10E2400002F1020C09F108090246103E102E1BDDF6
:10E25000501C10310728C9E90043CDE91101EFDD59
:10E2600010AA19B3514628460DF14C09FFF75EFB81
:10E2700000287FF42BADDDE91121103E102E02F1B4
:10E28000010C4FF01003E3DCA2460D9D0C9C62468E
:10E290003144072ACDE91121C9F800A0C9F804606A
:10E2A00000F3A78009F10809501C4DE50A464FF01C
:10E2B000010C0DF14C09C8E76C07119150D5029B78
:10E2C000A3EB0804002C4BDD0DF14C09102C40F39E
:10E2D0000882DFF8ECA2119A059EDDF804B05346DF
:10E2E0001025BA461F4606E0901C09F108091A4697
:10E2F000103C102C19DD531C1031072BC9E9007597
:10E30000CDE91131F0DD10AA29B359463046FFF7A7
:10E310000DFB00287FF4DAACDDE91121103C102C54
:10E3200002F101000DF14C09E5DC3B4657469A46E7
:10E3300021440728C9E900A4CDE911017FF762ADA6
:10E3400071B10199059810AAFFF7F0FA00287FF43F
:10E35000BDAC129956E501200A460DF14C09C7E7FC
:10E36000DDE902234245ACBF9B184344039353E5C8
:10E3700000293FF46DAE0199059810AAFFF7D6FA6F
:10E3800000287FF4A3AC1198129901300DF14C09CB
:10E3900017E5069B002B77D101200A460DF14C09A9
:10E3A00005E511920DF14C097AE4BBF1000F7FF401
:10E3B000FEAB55464FF0000BCDF800B03CACFFF77C
:10E3C000FEBB1AF010033AD11AF0400200F012819D
:10E3D000049A52F8046B04929846B6B2012331E4D1
:10E3E0002D2376428DF83B3068EB4808AA4601237E
:10E3F0002CE400297DD00199059810AAFFF796FA20
:10E4000000287FF463ACDDE911210DF14C09501CAB
:10E410009AE404933B78FFF71DBB3CACFFF7CFBBFE
:10E4200009F108090CF101006246C4E4AA0500F1F3
:10E4300037814FEAE3781E464346FFF7A6BB049BAD
:10E4400053F8046B04930123FFF7FCBB099B002BDB
:10E450003FF486AB099B1B78002B3FF481AB3B78E4
:10E4600045F48065FFF7F6BADDE9031656F8042B8C
:10E470000496CB17C2E90013FFF7CDBA049B53F8FB
:10E48000046B0493FFF7DBBB02210FAB14911393D2
:10E490000DF14C09BAE64B4A089215F0200836D027
:10E4A000049E073626F007063246D6F8048052F856
:10E4B000086B0492EA0709D556EA080206D08DF8DF
:10E4C0003D30302345F002058DF83C3025F4806A5C
:10E4D0000223FFF7B7BBAA461FE53B4A0892DCE7D9
:10E4E00020460496F2F72CFE4FF0000B0090FFF749
:10E4F00066BB9DF83B20002A00F0C08001200DF192
:10E500003B02149013920DF14C0901462DE415F0D5
:10E51000100242D0049A52F8046B0492CAE70AF43B
:10E520008063CDF800A0CDF81890BA46DDF82490AD
:10E5300000253CAC1F4609E030464146F3F720F881
:10E540000A2E78F100031BD3064688463046414622
:10E550000A220023F3F714F81146303104F8011CA5
:10E560000A220023013C0135002FE5D099F8001064
:10E57000A942E1D1FF2DDFD00A2E78F1000363D24A
:10E5800057463CABDDF800A0CDF824901B1BDDF80E
:10E59000189000935546FFF712BB15F0400146D086
:10E5A000049951F8046B04919046B6B282E7AA46EA
:10E5B000FFF7F8BA012BAA467FF417ADFFF7F7BAB9
:10E5C0009CFB0008E8F80008D4F80008049E039AB1
:10E5D00056F8043B1A600496FFF71DBABBF1060F0C
:10E5E000D84628BF4FF00608504CCDF8008004965E
:10E5F000FFF795BB049B1AF4007814BF53F8046B23
:10E6000053F8046B04931CBF9046F6B20123FFF746
:10E6100019BB049B15F4007814BF53F8046B53F82E
:10E62000046B04931CBF9046F6B2FFF708BB049A34
:10E6300015F4007814BF52F8046B52F8046B04927E
:10E640001CBF8846F6B235E70B9B0A99E41A1A46B6
:10E650002046FEF78FFD99F801300BB109F1010951
:10E66000304641460A2200230025F2F789FF6BE776
:10E6700001200A460DF14C09FFF79DBB069B002BBC
:10E680007FF4BCAD0A4601200DF14C09FFF793BBA6
:10E69000049E039A56F8043B04961A80FFF7BBB910
:10E6A00043F3C0185EB24346FFF76FBA886DFDF7BB
:10E6B000AFFEFFF7ABBACDF800B004968346FFF784
:10E6C0007EBA119A1299DFF868A00132E0E501994B
:10E6D000059810AAFFF72AF900283FF4F5AAFFF7DA
:10E6E000F5BA1198DFF848A0013021E6019B5B6E76
:10E6F000DB0707D4019B9B899F0503D4019B986D81
:10E70000FDF786FE4FF0FF330393FFF7E8BADFF81B
:10E7100024A08446E6E4049A7B780F4652F8041B52
:10E72000049241EAE17BFFF795B900BFFCF80008CD
:10E730009CFB0008ACFB0008F0B51F468B89ADF2CE
:10E740006C4D23F00203ADF80C304B6E1993CB895E
:10E75000ADF80E30CB6907934B6A09931AAB00935F
:10E7600004934FF48063154606460293059316A85A
:10E7700000230C460693FDF745FE2A463B466946B4
:10E780003046FFF70FF9051E07DB6946304600F0FB
:10E7900023F9002818BF4FF0FF35BDF80C305B0699
:10E7A00003D5A38943F04003A3811698FDF72CFEFF
:10E7B00028460DF26C4DF0BD49B1FF2A02D80A700F
:10E7C000012070478A2303604FF0FF3070470846EE
:10E7D000704700BF38B5334B1B6805460C460BB17C
:10E7E0009A6B12B3B4F90C3018079AB225D5216987
:10E7F00000292DD012F0010007D00020A060606930
:10E800004042A06139B1002038BD950758BF60690A
:10E81000A0600029F7D1120658BF0846F4D543F08E
:10E820004003A3814FF0FF3038BD184600F008F9CF
:10E83000B4F90C3018079AB2D9D4D1062AD55207A8
:10E8400014D4216943F00803A3819AB20029D1D1DD
:10E8500002F42070B0F5007FCCD02146284600F0AD
:10E86000A1FBB4F90C3021699AB2C3E7216B51B115
:10E8700004F14002914204D02846FDF7B9FCB4F9F6
:10E880000C300022226321690022C4E9001223F027
:10E890002403D7E7092243F040032A604FF0FF30FA
:10E8A000A38138BD5C00002008B5062000F0EAFB1B
:10E8B0000120F3F7F1F800BFB1F90C20F8B50C46D0
:10E8C0001107074642D4636842F40062002BA2811C
:10E8D00059DDA56A002D54D000233E683B6093B2F9
:10E8E00012F4805253D1E16901233846A847421CF3
:10E8F00063D0A389A56A5B0705D56368C01A236B3B
:10E900000BB1E36BC01AE169024600233846A84701
:10E91000411C3ED13B68002B3BD01D2B01D0162B58
:10E9200052D1A3892269226023F40063002161602F
:10E93000A381216B3E6021B304F14003994202D0D0
:10E940003846FDF755FC00202063F8BD2669C6B1A6
:10E9500093B2256826609A070CBF63690023AD1B3C
:10E96000A3600CE0D4F824C0E1692B463246384657
:10E97000E047B0F1000CA5EB0C05664416DD002D58
:10E98000F0DC0020F8BDE36B002BA2DCF9E7206D82
:10E99000B1E7B4F90C302269226023F40063A3814B
:10E9A0000022DB046260C4D52065C2E7A38943F07E
:10E9B00040034FF0FF30A381F8BD3B68002B98D097
:10E9C0001D2B06D0162B04D0A38943F04003A3814E
:10E9D000F8BD3E60D5E700BF38B50C46054608B126
:10E9E000836BA3B1B4F90C00B8B1636EDB0701D43B
:10E9F000810515D528462146FFF75EFF636EDA07CD
:10EA0000054602D4A3899B050ED5284638BD00F0E3
:10EA100017F8B4F90C000028E7D10546284638BDA0
:10EA2000A06DFDF7F3FCE5E7A06DFDF7F1FC2846CE
:10EA300038BD00BF014900F091BA00BFD9F200080B
:10EA40002DE9F04782463948FDF7E0FCDAF8384016
:10EA5000002C66D1DAF80450354ACAF83C2003236A
:10EA6000CAE9B843DFF8CC90DFF8CC80334F344E9E
:10EA700004230AF53B72CAF8E8222146C5E902439D
:10EA8000C5E90044C5E904446C660822AC6105F19F
:10EA90005C00FAF775FDC5E90759C5E90987EE621B
:10EAA00005F15800FDF7AEFCDAF80850254BEB6095
:10EAB0002146C5E90044C5E904446C66AC60AC611C
:10EAC000082205F15C00FAF75BFDC5E90759C5E9C5
:10EAD0000987EE6205F15800FDF794FCDAF80C5056
:10EAE000194BEB602146C5E90044C5E904446C6656
:10EAF000AC60AC61082205F15C00FAF741FD05F15C
:10EB00005800C5E90759C5E90A76C5F82480FDF71C
:10EB100079FC0123CAF838300448BDE8F047FDF716
:10EB200077BCBDE8F0470148FDF772BCD40E002069
:10EB300035EA000811F1000835F1000875F1000808
:10EB400095F1000809000100120002000148FDF7DC
:10EB50005DBC00BFD00E00200148FDF759BC00BFCE
:10EB6000D00E00202DE9F04383B0074688461446B6
:10EB7000FEF758FC012803D108F1FF33FE2B37D9EB
:10EB8000424604F15C0301A9384600F05FFB421CD9
:10EB9000064633D038B39DF804C00DF105090025B1
:10EBA00009E023685A1C226083F800C00135B54291
:10EBB00019D219F801CBA368013B002BA360F0DA4E
:10EBC000D4F818E0734561462246384602DBBCF1B2
:10EBD0000A0FE6D100F0E2FA431CE7D106463046C0
:10EBE00003B0BDE8F0834646304603B0BDE8F0838D
:10EBF0005FFA88FC8DF804C00646CEE7A38930464C
:10EC000043F04003A38103B0BDE8F08330B5536EF9
:10EC100013F0010FB2F90C30144683B005469AB2D6
:10EC200001D198051CD5900406D4626E43F40053BC
:10EC300042F40052A381626622462846FFF792FF03
:10EC4000636EDA07054602D4A3899B0502D52846E0
:10EC500003B030BDA06DFDF7DBFB284603B030BD2F
:10EC6000A06D0191FDF7D2FBB4F90C3001999AB275
:10EC7000D9E700BF9368002B00F081802DE9F04FA9
:10EC8000B1F90C300C461907804683B0174698B28C
:10EC900023D523690BB310F002033D682BD04FF04E
:10ECA000000ADFF8B4B256465E453346524628BFE6
:10ECB0005B464046002E4FD0E169D4F824C0E047BF
:10ECC000002852DDBB681B1A8244361ABB60002B39
:10ECD000EAD1002003B0BDE8F08F21464046FFF79F
:10ECE00079FD002840F03481B4F90C303D6898B2C9
:10ECF00010F00203D3D110F0010942D14E463EB3C9
:10ED00008205D4F808B040F18180B3455A4600F23C
:10ED1000B18010F4906F40F0BE80206801924946A7
:10ED2000FEF79CFBA3682168019AA3EB0B030A443E
:10ED3000B246A36022600026B868A0EB0A00D14466
:10ED4000B8600028C5D0B4F90C0080B2002ED7D12D
:10ED5000D5E900960835D2E7D5E900A60835A3E73E
:10ED600021464046FFF738FE80B3B4F90C3043F03B
:10ED700040034FF0FF30A38103B0BDE8F08F0020C7
:10ED800070471E46AA46994618461D4656B388B394
:10ED90004A46D4E904132068B24228BF324688426A
:10EDA00005D9A16803EB010B5A4500F3A7809342F4
:10EDB00064DCE169D4F824C02A464046E047B0F15B
:10EDC000000BD2DDB9EB0B09CAD00120BB68A3EB65
:10EDD0000B035D44A6EB0B06BB60002B3FF479AF41
:10EDE000002ED4D10AF1080353E902569A4608339B
:10EDF000002EF9D032460A212846F2F711FA0028EF
:10EE000000F09D800130A0EB0509C1E7206823696F
:10EE1000984217D86369B34214D86FF00042B242E7
:10EE200028BF3246E16992FBF3F2D4F824C002FB1A
:10EE300003F340464A46E047B0F1000A95DDA6EBF1
:10EE40000A0679E7B345DA4628BFB2465246494634
:10EE5000FEF704FBA3682268A3EB0A035244A360F5
:10EE60002260002BEBD121464046FFF7B5FD00287C
:10EE7000E5D07AE72068B34632464FE7294601924B
:10EE8000FEF7ECFA019AA3689B1AA3602368134467
:10EE90002360934696E723682169A3EB010B63691E
:10EEA00003EB430A0AEBDA7A0BF101034FEA6A0A31
:10EEB00033445345524684BF9A46524643052CD5A7
:10EEC00011464046FDF7A6FA00283BD05A46216974
:10EED0000190F2F7F5F9A289019B22F4906242F0C9
:10EEE0008002A28103EB0B002361AAEB0B03C4F8A1
:10EEF00014A0A3602060B34632460FE729465A4665
:10EF0000FEF7ACFA23685B44236021464046FFF7D6
:10EF100063FD00283FF456AF27E74046FEF71AFB93
:10EF200003460028DED121694046FDF761F9B4F9B6
:10EF30000C300C2223F08003C8F8002017E7721C65
:10EF4000914626E70C22B4F90C30C8F800200EE7F1
:10EF50004FF0FF30BEE600BF00FCFF7F2DE9F84315
:10EF60000746884600F538764FF00009D6E9015487
:10EF7000013D11D4A389012B05F1FF3508D9B4F95E
:10EF80000E300133214603D03846C04749EA000914
:10EF90006B1C04F16804EDD13668002EE6D14846BA
:10EFA000BDE8F8832DE9F0418B890C46990796B0AE
:10EFB00008D504F143030122C4E90432236016B0EA
:10EFC000BDE8F081B4F90E100029064627DB6A4639
:10EFD00000F0E8F9002821DB019D05F47045A5F556
:10EFE0000055B5FA85F54FF480686D094FF4006758
:10EFF00041463046FDF70EFAB4F90C30F0B1204A24
:10F00000F26343F08003C4F81480A3812060206180
:10F0100035BB3B43A38116B0BDE8F081A38913F053
:10F02000800519D04FF0400841463046FDF7F2F90F
:10F030000025B4F90C302F460028E0D19A05BED443
:10F0400023F0030304F1430243F002030121C4E966
:10F050000421A3812260B2E74FF480682F46C7E7FE
:10F06000B4F90E10304600F0B3F910B9B4F90C3011
:10F07000CFE7A38923F0030343F001031BB2C8E7E2
:10F0800035EA000838B5154B1F281D6820D8D5F87B
:10F09000DC22044662B152F820304BB1012B15D06E
:10F0A000591C0FD0002542F820509847284638BDFB
:10F0B000284600F02BF8224601462846BDE8384095
:10F0C00000F00EB816232B60012038BD002038BD9B
:10F0D00016232B604FF0FF3038BD00BF5C000020CE
:10F0E00070B50C46084D03460026204611461C46C6
:10F0F0002E60F2F7C1FC431C00D070BD2B68002BC2
:10F10000FBD0236070BD00BF0C0F0020F2F7ADBC38
:10F1100010B50C46B1F90E1000F082F9002803DB9F
:10F12000236D0344236510BDA38923F48053A38179
:10F1300010BD00BF2DE9F0410C46B1F90C101F467F
:10F14000CB05054616460BD421F48051A1813B46E0
:10F15000B4F90E1032462846BDE8F04100F094B8EC
:10F16000B4F90E100223002200F044F9B4F90C1097
:10F17000EAE700BF10B50C46B1F90E1000F03AF9FD
:10F18000A389421C0EBF23F4805343F480532065AF
:10F19000A38110BDB1F90E1000F08CB8F8B50D4682
:10F1A0001446064610B1836B002B43D0B4F90C20F3
:10F1B000A369A360170790B21BD52369CBB1EDB249
:10F1C00081042F4622D522686169D31A994229DD2C
:10F1D0000133A1680139A160511C21601570626979
:10F1E0009A422AD0A389DB0701D50A2D25D03846BB
:10F1F000F8BD21463046FFF7EDFA20BBB4F90C20EC
:10F20000236990B2EDB281042F46DCD442F400525F
:10F21000A281626E616922F4005262662268D31A8A
:10F220009942D5DC21463046FFF7D6FB58B9226813
:10F230000123CEE7FFF704FCB8E721463046FFF78D
:10F24000CBFB0028D3D04FF0FF37D0E770B5054691
:10F2500084B01C4639B10B4ED6F8E060B047431C71
:10F2600009D004B070BD0A460649D1F8E06001A992
:10F27000B047431CF5D100228A2322602B6004B0E2
:10F2800070BD00BF9C08002038B50C46084D844670
:10F29000114620461A4600232B606446F2F723FCF1
:10F2A000431C00D038BD2B68002BFBD0236038BD39
:10F2B0000C0F002038B5074D0022044608462A608E
:10F2C000F2F72DFC431C00D038BD2B68002BFBD07F
:10F2D000236038BD0C0F002070B500294BD00646C6
:10F2E0000C4610B1836B002B48D0636ED80734D521
:10F2F000B4F90C30002B3ED021463046FFF7DCFA43
:10F30000E36A054633B1E169304698470028B8BF43
:10F310004FF0FF35A3891A063BD4216B41B104F1AC
:10F320004003994202D03046FCF762FF002323637A
:10F33000616C21B13046FCF75BFF00236364FFF78B
:10F3400005FC636E0022DB07A28127D5A06DFDF7C7
:10F350005BF8FFF701FC284670BDA3899905CBD463
:10F36000A06DFDF753F8B4F90C30002BC4D1656ED5
:10F3700015F0010508D00025284670BDFFF760FB99
:10F38000636ED807B4D4E8E7A06DFDF741F82846CE
:10F3900070BD21693046FCF72BFFBEE7A06DFDF77D
:10F3A00037F8D3E770B50C46084D034600262046D3
:10F3B00011461C462E60F2F7BDFB431C00D070BD09
:10F3C0002B68002BFBD0236070BD00BF0C0F00200A
:10F3D00038B5074D0022044608462A60F2F7B9FB0B
:10F3E000431C00D038BD2B68002BFBD0236038BDF8
:10F3F0000C0F002038B50C46084D844611462046B7
:10F400001A4600232B606446F2F7ADFB431C00D084
:10F4100038BD2B68002BFBD0236038BD0C0F0020BB
:10F4200038B50C46084D8446114620461A4600233E
:10F430002B606446F2F73AFB431C00D038BD2B68C2
:10F44000002BFBD0236038BD0C0F0020F8B500BFA7
:10F45000F8BC08BC9E467047F8B500BFF8BC08BCB5
:04F460009E4670470D
:10F468007063663835373420636865636B206F6B6B
:10F478000D0A0000706366383537342063686563A9
:10F488006B206661696C65640D0A00005368656CE1
:10F498006C2073746172740D0A0000000D0A205FFD
:10F4A8002020202020202020205F2020205F2020D6
:10F4B8002020202020202020202020202020202044
:10F4C8005F202020202020202020205F205F200D8A
:10F4D8000A7C207C202020205F5F5F7C207C5F7C72
:10F4E800207C5F205F5F5F205F205F5F2020205FC0
:10F4F8005F5F7C207C5F5F2020205F5F5F7C207CDB
:10F50800207C0D0A7C207C2020202F205F205C207E
:10F518005F5F7C205F5F2F205F205C20275F5F7C20
:10F52800202F205F5F7C20275F205C202F205F201A
:10F538005C207C207C0D0A7C207C5F5F7C20205F27
:10F548005F2F207C5F7C207C7C20205F5F2F207CCD
:10F55800202020205C5F5F205C207C207C207C2099
:10F56800205F5F2F207C207C0D0A7C5F5F5F5F5FE0
:10F578005C5F5F5F7C5C5F5F7C5C5F5F5C5F5F5F65
:10F588007C5F7C202020207C5F5F5F2F5F7C207C5D
:10F598005F7C5C5F5F5F7C5F7C5F7C0D0A0D0A426D
:10F5A80075696C643A202020202020204F63742045
:10F5B800323220323032342031303A34363A303830
:10F5C8000D0A56657273696F6E3A20202020203329
:10F5D8002E322E340D0A436F707972696768743A57
:10F5E8002020202863292032303230204C65747462
:10F5F80065720D0A000000000D0A5761726E696E8F
:10F60800673A20436F6D6D616E6420697320746F73
:10F618006F206C6F6E670D0A000000000D0A436FC3
:10F628006D6D616E64204C6973743A0D0A000000B8
:10F638000D0A566172204C6973743A0D0A00000075
:10F648000D0A55736572204C6973743A0D0A0000EF
:10F658000D0A4B6579204C6973743A0D0A00000055
:10F66800436F6D6D616E64206E6F7420466F756EAA
:10F67800640D0A0063616E27742073657420706FCF
:10F68800696E7465720D0A0063616E277420736574
:10F69800742072656164206F6E6C79207661720DDA
:10F6A8000A000000206973206E6F74206120766163
:10F6B800720D0A00566172206E6F7420466F756E67
:10F6C800740D0A00636F6D6D616E642068656C70FF
:10F6D800206F662000000000506C6561736520692A
:10F6E8006E7075742070617373776F72643A00007E
:10F6F8000D0A70617373776F7264206572726F722E
:10F708000D0A00001B5B324A1B5B314800000000F9
:10F718001B5B324B0D000000434D442000000000ED
:10F728005641522000000000555345520000000089
:10F738004B455920000000004E4F4E450000000088
:10F748006C657474657200002E2E2E000D0A000080
:10F758003A0000002F0000002420000020200000B4
:10F7680008200800203D2000220000002C203078CE
:10F778000000000030303030303030303030300071
:10F7880052657475726E3A20000000000000000097
:10F798000102030401020304060708096C65747476
:10F7A800657200000000000064656661756C742075
:10F7B800757365720000000073657456617200000D
:10F7C800736574207661720075700000646F776EDF
:10F7D8000000000072696768740000006C65667458
:10F7E80000000000746162006261636B73706163A2
:10F7F800650000006261636B7370616365000000FF
:10F8080064656C6574650000656E7465720000005F
:10F81800656E74657200000068656C700000000019
:10F8280073686F7720636F6D6D616E6420696E66B3
:10F838006F0D0A68656C70205B636D645D00000085
:10F8480075736572730000006C69737420616C6C69
:10F858002075736572000000636D6473000000001A
:10F868006C69737420616C6C20636D640000000027
:10F8780076617273000000006C69737420616C6CAF
:10F8880020766172000000006B657973000000004B
:10F898006C69737420616C6C206B657900000000E2
:10F8A800636C656172000000636C65617220636F50
:10F8B8006E736F6C6500000060000020494E4600C2
:10F8C800696E66004E414E006E616E003031323313
:10F8D8003435363738396162636465660000000084
:10F8E800303132333435363738394142434445466E
:10F8F80000000000286E756C6C29000030000000C4
:10F9080020202020202020202020202020202020EF
:10F9180030303030303030303030303030303030DF
:10F928004E614E00496E66696E6974790000000088
:10F9380042616C6C6F6320737563636565646564AD
:10F94800000000002F6D6E742F776F726B737061FB
:10F9580063652F776F726B73706163652F474343DD
:10F968002D31302D706970656C696E652F6A656E12
:10F978006B696E732D4743432D31302D7069706567
:10F988006C696E652D34385F323032303131323443
:10F998005F313630363138303634312F7372632F59
:10F9A8006E65776C69622F6E65776C69622F6C691A
:10F9B80062632F7374646C69622F64746F612E6361
:10F9C800000000002F6D6E742F776F726B7370617B
:10F9D80063652F776F726B73706163652F4743435D
:10F9E8002D31302D706970656C696E652F6A656E92
:10F9F8006B696E732D4743432D31302D70697065E7
:10FA08006C696E652D34385F3230323031313234C2
:10FA18005F313630363138303634312F7372632FD8
:10FA28006E65776C69622F6E65776C69622F6C6999
:10FA380062632F7374646C69622F6D707265632ED4
:10FA480063000000000000000080E03779C34143F4
:10FA5800176E05B5B5B89346F5F93FE9034F384D2C
:10FA6800321D30F94877825A3CBF737FDD4F1575D8
:10FA7800000000000000F03F0000000000002440EB
:10FA880000000000000059400000000000408F40C6
:10FA9800000000000088C34000000000006AF84031
:10FAA8000000000080842E4100000000D012634155
:10FAB8000000000084D797410000000065CDCD41CB
:10FAC800000000205FA00242000000E876483742AC
:10FAD800000000A2941A6D42000040E59C30A2424A
:10FAE8000000901EC4BCD64200003426F56B0C43BF
:10FAF8000080E03779C3414300A0D8855734764366
:10FB080000C84E676DC1AB43003D9160E458E143C6
:10FB1800408CB5781DAF154450EFE2D6E41A4B443B
:10FB280092D54D06CFF08044F64AE1C7022DB54480
:10FB3800B49DD9794378EA44050000001900000013
:10FB48007D0000002C2066756E6374696F6E3A2024
:10FB580000000000617373657274696F6E2022255E
:10FB68007322206661696C65643A2066696C652059
:10FB7800222573222C206C696E6520256425732547
:10FB8800730A000043000000504F5349580000001A
:10FB98002E000000202020202020202020202020AF
:10FBA800202020203030303030303030303030308D
:10FBB800303030300020202020202020202028280D
:10FBC8002828282020202020202020202020202015
:10FBD8002020202020881010101010101010101055
:10FBE8001010101010040404040404040404041085
:10FBF8001010101010104141414141410101010113
:10FC080001010101010101010101010101010101DC
:10FC180010101010101042424242424202020202E8
:10FC280002020202020202020202020202020202AC
:10FC3800101010102000000000000000000000005C
:10FC480000000000000000000000000000000000AC
:10FC5800000000000000000000000000000000009C
:10FC6800000000000000000000000000000000008C
:10FC7800000000000000000000000000000000007C
:10FC8800000000000000000000000000000000006C
:10FC9800000000000000000000000000000000005C
:10FCA800000000000000000000000000000000004C
:10FCB800000000000000000000080000A4F7000891
:10FCC800ACF70008B0F7000800210000C0F70008F2
:10FCD80019830008C8F700080009000000415B1BF1
:10FCE800E5880008D0F700080009000000425B1B07
:10FCF800FD880008D4F700080019000000435B1BCA
:10FD080017890008DCF700080019000000445B1B95
:10FD18004F890008E4F70008000900000000000906
:10FD28007D890008ECF700080019000000000008B1
:10FD3800258B0008F0F70008001900000000007F7C
:10FD4800258B0008FCF70008001900007E335B1BB8
:10FD58003D8B000808F80008001900000000000AA0
:10FD6800578B000810F80008001900000000000D6B
:10FD7800578B000818F800080020000020F8000839
:10FD8800F18B000828F800080021000048F8000856
:10FD9800E38D000850F800080021000060F8000812
:10FDA800038E000868F800080021000078F80008B1
:10FDB800238E000880F800080021000090F8000851
:10FDC800438E000898F8000800210000A8F80008F1
:08FDD800658E0008B0F8000878
:08FDE000D017FF7F01000000B5
:08FDE80019B10008E501000853
:04FDF000C101000845
:10FDF4000024F400A4F4000800F6000824F6000827
:10FE040038F6000848F6000858F6000868F60008B6
:10FE14007CF6000890F60008ACF60008BCF6000872
:10FE2400CCF60008E0F60008F8F600080CF7000825
:10FE340018F7000820F7000828F7000830F7000832
:10FE440038F7000840F70008222200006000002074
:10FE5400000000004C030020B40300201C04002018
:10FE6400000000000000000000000000000000008E
:10FE7400000000000000000000000000000000007E
:10FE8400000000000000000000000000000000006E
:10FE9400000000000000000000000000000000005E
:10FEA400000000000000000000000000000000004E
:10FEB400000000000000000000000000000000003E
:10FEC400000000000000000000000000000000002E
:10FED400000000000000000000000000000000001E
:10FEE400000000000000000000000000000000000E
:10FEF40000000000000000000100000000000000FD
:10FF04000E33CDAB34126DE6ECDE05000B000000C1
:10FF140000000000000000000000000000000000DD
:10FF240000000000000000000000000000000000CD
:10FF340000000000000000000000000000000000BD
:10FF440000000000000000000000000000000000AD
:10FF5400000000000000000000000000000000009D
:10FF6400000000000000000000000000000000008D
:10FF7400000000000000000000000000000000007D
:10FF8400000000000000000000000000000000006D
:10FF9400000000000000000000000000000000005D
:10FFA400000000000000000000000000000000004D
:10FFB400000000000000000000000000000000003D
:10FFC400000000000000000000000000000000002D
:10FFD400000000000000000000000000000000001D
:10FFE400000000000000000000000000000000000D
:0CFFF40000000000000000000000000001
:020000040801F1
:1000000000000000000000000000000000000000F0
:1000100000000000000000000000000000000000E0
:1000200000000000000000000000000000000000D0
:1000300000000000000000000000000000000000C0
:1000400000000000000000000000000000000000B0
:1000500000000000000000000000000000000000A0
:100060000000000000000000000000000000000090
:100070000000000000000000000000000000000080
:100080000000000000000000000000000000000070
:100090000000000000000000000000000000000060
:1000A0000000000000000000000000000000000050
:1000B0000000000000000000000000000000000040
:1000C0000000000000000000000000000000000030
:1000D0000000000000000000000000000000000020
:1000E0000000000000000000000000000000000010
:1000F0000000000000000000000000000000000000
:1001000000000000000000000000000000000000EF
:1001100000000000000000000000000000000000DF
:1001200000000000000000000000000000000000CF
:1001300000000000000000000000000000000000BF
:1001400000000000000000000000000000000000AF
:10015000000000000000000000000000000000009F
:10016000000000000000000000000000000000008F
:10017000000000000000000000000000000000007F
:10018000000000000000000000000000000000006F
:10019000000000000000000000000000000000005F
:1001A000000000000000000000000000000000004F
:1001B000000000000000000000000000000000003F
:1001C000000000000000000000000000000000002F
:1001D000000000000000000000000000000000001F
:1001E000000000000000000000000000000000000F
:1001F00000000000000000000000000000000000FF
:1002000000000000000000000000000000000000EE
:1002100000000000000000000000000000000000DE
:1002200000000000000000000000000000000000CE
:1002300000000000000000000000000000000000BE
:1002400000000000000000000000000000000000AE
:10025000000000000000000000000000000000009E
:10026000000000000000000000000000000000008E
:10027000000000000000000000000000C80E002088
:1002800000000000000000008C0400208C0400200E
:1002900094040020940400209C0400209C0400206E
:1002A000A4040020A4040020AC040020AC0400201E
:1002B000B4040020B4040020BC040020BC040020CE
:1002C000C4040020C4040020CC040020CC0400207E
:1002D000D4040020D4040020DC040020DC0400202E
:1002E000E4040020E4040020EC040020EC040020DE
:1002F000F4040020F4040020FC040020FC0400208E
:1003000004050020040500200C0500200C05002039
:1003100014050020140500201C0500201C050020E9
:1003200024050020240500202C0500202C05002099
:1003300034050020340500203C0500203C05002049
:1003400044050020440500204C0500204C050020F9
:1003500054050020540500205C0500205C050020A9
:1003600064050020640500206C0500206C05002059
:1003700074050020740500207C0500207C05002009
:1003800084050020840500208C0500208C050020B9
:1003900094050020940500209C0500209C05002069
:1003A000A4050020A4050020AC050020AC05002019
:1003B000B4050020B4050020BC050020BC050020C9
:1003C000C4050020C4050020CC050020CC05002079
:1003D000D4050020D4050020DC050020DC05002029
:1003E000E4050020E4050020EC050020EC050020D9
:1003F000F4050020F4050020FC050020FC05002089
:1004000004060020040600200C0600200C06002034
:1004100014060020140600201C0600201C060020E4
:1004200024060020240600202C0600202C06002094
:1004300034060020340600203C0600203C06002044
:1004400044060020440600204C0600204C060020F4
:1004500054060020540600205C0600205C060020A4
:1004600064060020640600206C0600206C06002054
:1004700074060020740600207C0600207C06002004
:1004800084060020840600208C0600208C060020B4
:1004900094060020940600209C0600209C06002064
:1004A000A4060020A4060020AC060020AC06002014
:1004B000B4060020B4060020BC060020BC060020C4
:1004C000C4060020C4060020CC060020CC06002074
:1004D000D4060020D4060020DC060020DC06002024
:1004E000E4060020E4060020EC060020EC060020D4
:1004F000F4060020F4060020FC060020FC06002084
:1005000004070020040700200C0700200C0700202F
:1005100014070020140700201C0700201C070020DF
:1005200024070020240700202C0700202C0700208F
:1005300034070020340700203C0700203C0700203F
:1005400044070020440700204C0700204C070020EF
:1005500054070020540700205C0700205C0700209F
:1005600064070020640700206C0700206C0700204F
:1005700074070020740700207C0700207C070020FF
:1005800084070020840700208C0700208C070020AF
:1005900094070020940700209C0700209C0700205F
:1005A000A4070020A4070020AC070020AC0700200F
:1005B000B4070020B4070020BC070020BC070020BF
:1005C000C4070020C4070020CC070020CC0700206F
:1005D000D4070020D4070020DC070020DC0700201F
:1005E000E4070020E4070020EC070020EC070020CF
:1005F000F4070020F4070020FC070020FC0700207F
:1006000004080020040800200C0800200C0800202A
:1006100014080020140800201C0800201C080020DA
:1006200024080020240800202C0800202C0800208A
:1006300034080020340800203C0800203C0800203A
:1006400044080020440800204C0800204C080020EA
:1006500054080020540800205C0800205C0800209A
:1006600064080020640800206C0800206C0800204A
:1006700074080020740800207C0800207C080020FA
:100680008408002084080020FFFFFFFF0000020014
:100690004300000000000000000000000000000017
:1006A000000000000000000000000000000000004A
:1006B00043000000000000000000000000000000F7
:1006C000000000000000000000000000000000002A
:1006D00043000000000000000000000000000000D7
:1006E000000000000000000000000000000000000A
:1006F00043000000000000000000000000000000B7
:1007000000000000000000000000000000000000E9
:100710004300000000000000000000000000000096
:1007200000000000000000000000000000000000C9
:100730004300000000000000000000000000000076
:1007400000000000000000000000000000000000A9
:100750004300000000000000000000000000000056
:100760000000000000000000000000000000000089
:10077000B9E7000831D4000800000000BCFB000805
:1007800098FB000858FB000858FB000858FB0008BD
:1007900058FB000858FB000858FB000858FB0008ED
:1007A00058FB000858FB0008FFFFFFFFFFFFFFFF9B
:1007B000FFFFFFFFFFFF00000100415343494900D5
:1007C0000000000000000000000000000000000029
:1007D00000000000000000000000415343494900B0
:1007E0000000000000000000000000000000000009
:0C07F000000000000000000000000000FD
:0400000508001C498A
:00000001FF
