:020000040800F2
:1000000000000320C1160008851400088B140008A6
:1000100091140008971400089D14000800000000C7
:10002000000000000000000000000000213900086E
:10003000A314000800000000713B0008B114000880
:1000400011170008111700081117000811170008F0
:1000500011170008111700081117000811170008E0
:1000600011170008111700081117000811170008D0
:1000700011170008111700081117000811170008C0
:1000800011170008111700081117000811170008B0
:1000900011170008111700081117000811170008A0
:1000A0001117000811170008111700081117000890
:1000B00011170008FD5E000811170008111700084D
:1000C0001117000811170008111700081117000870
:1000D0001117000811600008111700081117000817
:1000E0001117000811170008111700081117000850
:1000F0001117000811170008111700081117000840
:10010000111700081117000811170008111700082F
:10011000111700081117000811170008111700081F
:10012000111700081117000811170008111700080F
:1001300011170008111700081117000811170008FF
:1001400011170008111700081117000811170008EF
:1001500011170008111700081117000811170008DF
:1001600011170008111700081117000811170008CF
:1001700011170008111700081117000800000000EF
:1001800011170008111700081117000811170008AF
:10019000111700081117000811170008111700089F
:0C01A000111700081117000811170008C3
:1001C00010B5054C237833B9044B13B10448AFF391
:1001D00000800123237010BDB8090020000000003A
:1001E0005CC1000808B5034B1BB103490348AFF3DA
:1001F000008008BD00000000BC0900205CC10008B0
:1002000081F0004102E000BF83F0004330B54FEAC7
:1002100041044FEA430594EA050F08BF90EA020F34
:100220001FBF54EA000C55EA020C7FEA645C7FEAC7
:10023000655C00F0E2804FEA5454D4EB5555B8BFEA
:100240006D420CDD2C4480EA020281EA030382EA5B
:10025000000083EA010180EA020281EA0303362DED
:1002600088BF30BD11F0004F4FEA01314FF4801CC0
:100270004CEA113102D0404261EB410113F0004FD2
:100280004FEA03334CEA133302D0524263EB430389
:1002900094EA050F00F0A780A4F10104D5F1200E27
:1002A0000DDB02FA0EFC22FA05F2801841F1000182
:1002B00003FA0EF2801843FA05F359410EE0A5F156
:1002C00020050EF1200E012A03FA0EFC28BF4CF087
:1002D000020C43FA05F3C01851EBE37101F000453D
:1002E00007D54FF0000EDCF1000C7EEB00006EEB4A
:1002F0000101B1F5801F1BD3B1F5001F0CD34908D4
:100300005FEA30004FEA3C0C04F101044FEA44522A
:1003100012F5800F80F09A80BCF1004F08BF5FEAB1
:10032000500C50F1000041EB045141EA050130BD91
:100330005FEA4C0C404141EB0101013C28BFB1F5A3
:10034000801FE9D291F0000F04BF01460020B1FAEE
:1003500081F308BF2033A3F10B03B3F120020CDAC1
:100360000C3208DD02F1140CC2F10C0201FA0CF09F
:1003700021FA02F10CE002F11402D8BFC2F1200C04
:1003800001FA02F120FA0CFCDCBF41EA0C019040BA
:10039000E41AA2BF01EB0451294330BD6FEA040403
:1003A0001F3C1CDA0C340EDC04F11404C4F12002EE
:1003B00020FA04F001FA02F340EA030021FA04F300
:1003C00045EA030130BDC4F10C04C4F1200220FA57
:1003D00002F001FA04F340EA0300294630BD21FA95
:1003E00004F0294630BD94F0000F83F4801306BF5B
:1003F00081F480110134013D4EE77FEA645C18BF4F
:100400007FEA655C29D094EA050F08BF90EA020FE5
:1004100005D054EA000C04BF1946104630BD91EADD
:10042000030F1EBF0021002030BD5FEA545C05D1E0
:100430004000494128BF41F0004130BD14F580041F
:100440003CBF01F5801130BD01F0004545F0FE4193
:1004500041F470014FF0000030BD7FEA645C1ABFC8
:10046000194610467FEA655C1CBF0B46024650EAFF
:10047000013406BF52EA033591EA030F41F400212B
:1004800030BD00BF90F0000F04BF0021704730B5B1
:100490004FF4806404F132044FF000054FF0000186
:1004A00050E700BF90F0000F04BF0021704730B547
:1004B0004FF4806404F1320410F0004548BF40421C
:1004C0004FF000013EE700BF42004FEAE2014FEA71
:1004D00031014FEA02701FBF12F07F4393F07F4F4C
:1004E00081F06051704732F07F4208BF704793F04F
:1004F0007F4F04BF41F40021704730B54FF4607462
:1005000001F0004521F000411CE700BF50EA010264
:1005100008BF704730B54FF000050AE050EA01020D
:1005200008BF704730B511F0004502D5404261EB7D
:1005300041014FF4806404F132045FEA915C3FF4BE
:10054000D8AE4FF003025FEADC0C18BF03325FEA5B
:10055000DC0C18BF033202EBDC02C2F1200300FA0C
:1005600003FC20FA02F001FA03FE40EA0E0021FA31
:1005700002F11444BDE600BF70B54FF0FF0C4CF41F
:10058000E06C1CEA11541DBF1CEA135594EA0C0FD1
:1005900095EA0C0F00F0DEF82C4481EA030621EA0C
:1005A0004C5123EA4C5350EA013518BF52EA033547
:1005B00041F4801143F4801338D0A0FB02CE4FF0F9
:1005C0000005E1FB02E506F00042E0FB03E54FF029
:1005D0000006E1FB03569CF0000F18BF4EF0010E21
:1005E000A4F1FF04B6F5007F64F5407404D25FEA1D
:1005F0004E0E6D4146EB060642EAC62141EA5551D0
:100600004FEAC52040EA5E504FEACE2EB4F1FD0C11
:1006100088BFBCF5E06F1ED8BEF1004F08BF5FEA8F
:10062000500E50F1000041EB045170BD06F0004641
:1006300046EA010140EA020081EA0301B4EB5C04EE
:10064000C2BFD4EB0C0541EA045170BD41F48011E6
:100650004FF0000E013C00F3AB8014F1360FDEBF0B
:10066000002001F0004170BDC4F10004203C35DAE7
:100670000C341BDC04F11404C4F1200500FA05F36A
:1006800020FA04F001FA05F240EA020001F000420B
:1006900021F0004110EBD37021FA04F642EB060181
:1006A0005EEA430E08BF20EAD37070BDC4F10C04AB
:1006B000C4F1200500FA04F320FA05F001FA04F26F
:1006C00040EA020001F0004110EBD37041F100015B
:1006D0005EEA430E08BF20EAD37070BDC4F1200566
:1006E00000FA05F24EEA020E20FA04F301FA05F2CE
:1006F00043EA020321FA04F001F0004121FA04F276
:1007000020EA020000EBD3705EEA430E08BF20EA45
:10071000D37070BD94F0000F0FD101F0004640007F
:1007200041EB010111F4801F08BF013CF7D041EA01
:10073000060195F0000F18BF704703F00046520005
:1007400043EB030313F4801F08BF013DF7D043EAD6
:100750000603704794EA0C0F0CEA135518BF95EA8C
:100760000C0F0CD050EA410618BF52EA4306D1D113
:1007700081EA030101F000414FF0000070BD50EA32
:10078000410606BF1046194652EA430619D094EABC
:100790000C0F02D150EA013613D195EA0C0F05D1A6
:1007A00052EA03361CBF104619460AD181EA0301FA
:1007B00001F0004141F0FE4141F470014FF00000B2
:1007C00070BD41F0FE4141F4780170BD70B54FF04D
:1007D000FF0C4CF4E06C1CEA11541DBF1CEA1355CD
:1007E00094EA0C0F95EA0C0F00F0A7F8A4EB0504AF
:1007F00081EA030E52EA03354FEA013100F08880A6
:100800004FEA03334FF0805545EA131343EA12636E
:100810004FEA022245EA111545EA10654FEA002623
:100820000EF000419D4208BF964244F1FD0404F5DC
:10083000407402D25B084FEA3202B61A65EB030538
:100840005B084FEA32024FF480104FF4002CB6EBF5
:10085000020E75EB030E22BFB61A754640EA0C0075
:100860005B084FEA3202B6EB020E75EB030E22BFB5
:10087000B61A754640EA5C005B084FEA3202B6EBF6
:10088000020E75EB030E22BFB61A754640EA9C00B5
:100890005B084FEA3202B6EB020E75EB030E22BF85
:1008A000B61A754640EADC0055EA060E18D04FEA43
:1008B000051545EA16754FEA06164FEAC30343EAE3
:1008C00052734FEAC2025FEA1C1CC0D111F4801FB0
:1008D0000BD141EA00014FF000004FF0004CB6E7A9
:1008E00011F4801F04BF01430020B4F1FD0C88BF48
:1008F000BCF5E06F3FF6AFAEB5EB030C04BFB6EB53
:10090000020C5FEA500C50F1000041EB045170BD45
:100910000EF0004E4EEA113114EB5C04C2BFD4EB72
:100920000C0541EA045170BD41F480114FF0000EF6
:10093000013C90E645EA060E8DE60CEA135594EA72
:100940000C0F08BF95EA0C0F3FF43BAF94EA0C0F75
:100950000AD150EA01347FF434AF95EA0C0F7FF4EA
:1009600025AF104619462CE795EA0C0F06D152EA3E
:1009700003353FF4FDAE1046194622E750EA410622
:1009800018BF52EA43067FF4C5AE50EA41047FF433
:100990000DAF52EA43057FF4EBAE12E7844641EA1D
:1009A000000313F003036DD1403A41D351F8043BE7
:1009B00040F8043B51F8043B40F8043B51F8043B39
:1009C00040F8043B51F8043B40F8043B51F8043B29
:1009D00040F8043B51F8043B40F8043B51F8043B19
:1009E00040F8043B51F8043B40F8043B51F8043B09
:1009F00040F8043B51F8043B40F8043B51F8043BF9
:100A000040F8043B51F8043B40F8043B51F8043BE8
:100A100040F8043B51F8043B40F8043B51F8043BD8
:100A200040F8043B51F8043B40F8043B403ABDD247
:100A3000303211D351F8043B40F8043B51F8043BE9
:100A400040F8043B51F8043B40F8043B51F8043BA8
:100A500040F8043B103AEDD20C3205D351F8043B78
:100A600040F8043B043AF9D2043208D0D2071CBF44
:100A700011F8013B00F8013B01D30B88038060466D
:100A8000704700BF082A13D38B078DD010F00303E3
:100A90008AD0C3F10403D21ADB071CBF11F8013B53
:100AA00000F8013B80D331F8023B20F8023B7BE7A2
:100AB000043AD9D3013A11F8013B00F8013BF9D2CD
:100AC0000B7803704B7843708B7883706046704767
:100AD0000000000000000000000000000000000016
:100AE0000000000000000000000000000000000006
:100AF00000000000000000000000000000000000F6
:100B000090F800F06DE9024520F007016FF0000C4D
:100B100010F0070491F820F040F049804FF00004F5
:100B20006FF00700D1E9002391F840F000F10800D0
:100B300082FA4CF2A4FA8CF283FA4CF3A2FA8CF308
:100B40004BBBD1E9022382FA4CF200F10800A4FA6F
:100B50008CF283FA4CF3A2FA8CF3E3B9D1E90423C3
:100B600082FA4CF200F10800A4FA8CF283FA4CF3FA
:100B7000A2FA8CF37BB9D1E9062301F1200182FAB4
:100B80004CF200F10800A4FA8CF283FA4CF3A2FABA
:100B90008CF3002BC6D0002A04BF04301A4612BAC8
:100BA000B2FA82F2FDE8024500EBD2007047D1E9CB
:100BB000002304F00305C4F100004FEAC50514F05A
:100BC000040F91F840F00CFA05F562EA05021CBF2B
:100BD00063EA050362464FF00004A9E70000000045
:100BE00001F0FF01102A2BDB10F0070F08D010F8DE
:100BF000013B013A8B422DD010F0070F42B3F6D1E2
:100C0000F0B441EA012141EA014122F007047FF0FA
:100C100000070023F0E80256083C85EA010586EA51
:100C2000010685FA47F5A3FA87F586FA47F6A5FA8D
:100C300087F68EB9EED1F0BC01F0FF0102F0070299
:100C400032B110F8013B013A83EA010313B1F8D144
:100C50000020704701387047002D06BF3546033825
:100C6000073815F0010F07D1013015F4807F02BF5E
:100C7000013015F4C03F0130F0BC0138704700BFAF
:100C80004FF0FF3C06E000BF4FF0010C02E000BF58
:100C90004FF0010C4DF804CD4FEA410C7FEA6C5C3B
:100CA0004FEA430C18BF7FEA6C5C1BD001B050EADE
:100CB000410C0CBF52EA430C91EA030F02BF90EAC9
:100CC000020F0020704710F1000F91EA030F58BF88
:100CD000994208BF90422CBFD8176FEAE37040F0EA
:100CE000010070474FEA410C7FEA6C5C02D150EA88
:100CF000013C07D14FEA430C7FEA6C5CD6D152EA43
:100D0000033CD3D05DF8040B704700BF8446104607
:100D100062468C461946634600E000BF01B5FFF706
:100D2000B7FF002848BF10F1000F01BD4DF808EDD6
:100D3000FFF7F4FF0CBF012000205DF808FB00BFA7
:100D40004DF808EDFFF7EAFF34BF012000205DF801
:100D500008FB00BF4DF808EDFFF7E0FF94BF01204E
:100D600000205DF808FB00BF4DF808EDFFF7CEFF4F
:100D700094BF012000205DF808FB00BF4DF808ED8E
:100D8000FFF7C4FF34BF012000205DF808FB00BF5F
:100D90004FEA410C7FEA6C5C02D150EA013C0AD177
:100DA0004FEA430C7FEA6C5C02D152EA033C02D169
:100DB0004FF0000070474FF0010070474FEA4102CA
:100DC00012F5001215D211D56FF47873B3EB62529D
:100DD00012D94FEAC12343F0004343EA505311F0C4
:100DE000004F23FA02F018BF404270474FF0000056
:100DF000704750EA013005D111F0004008BF6FF094
:100E0000004070474FF00000704700BF53B94AB927
:100E1000002908BF00281CBF4FF0FF314FF0FF3002
:100E200000F074B9ADF1080C6DE904CE00F006F8DD
:100E3000DDF804E0DDE9022304B070472DE9F04756
:100E4000089D04468E46002B4DD18A42944669D9AE
:100E5000B2FA82F252B101FA02F3C2F1200120FA91
:100E600001F10CFA02FC41EA030E94404FEA1C48DF
:100E7000210CBEFBF8F61FFA8CF708FB16E341EADB
:100E8000034306FB07F199420AD91CEB030306F161
:100E9000FF3080F01F81994240F21C81023E634482
:100EA0005B1AA4B2B3FBF8F008FB103344EA034426
:100EB00000FB07F7A7420AD91CEB040400F1FF333B
:100EC00080F00A81A74240F207816444023840EA78
:100ED0000640E41B00261DB1D4400023C5E90043B1
:100EE0003146BDE8F0878B4209D9002D00F0EF8034
:100EF0000026C5E9000130463146BDE8F087B3FA67
:100F000083F6002E4AD18B4202D3824200F2F9804E
:100F1000841A61EB030301209E46002DE0D0C5E951
:100F2000004EDDE702B9FFDEB2FA82F2002A40F09D
:100F30009280A1EB0C014FEA1C471FFA8CFE0126A0
:100F4000200CB1FBF7F307FB131140EA01410EFB44
:100F500003F0884208D91CEB010103F1FF3802D2EB
:100F6000884200F2CB804346091AA4B2B1FBF7F0E5
:100F700007FB101144EA01440EFB00FEA64508D908
:100F80001CEB040400F1FF3102D2A64500F2BB8045
:100F90000846A4EB0E0440EA03409CE7C6F1200794
:100FA000B34022FA07FC4CEA030C20FA07F401FADA
:100FB00006F31C43F9404FEA1C4900FA06F3B1FB63
:100FC000F9F8200C1FFA8CFE09FB181140EA0141C8
:100FD00008FB0EF0884202FA06F20BD91CEB010165
:100FE00008F1FF3A80F08880884240F28580A8F1BD
:100FF00002086144091AA4B2B1FBF9F009FB10110F
:1010000044EA014100FB0EFE8E4508D91CEB0101AC
:1010100000F1FF346CD28E456AD90238614440EA4F
:101020000840A0FB0294A1EB0E01A142C846A646CF
:1010300056D353D05DB1B3EB080261EB0E0101FA58
:1010400007F722FA06F3F1401F43C5E900710026B5
:101050003146BDE8F087C2F12003D8400CFA02FC0B
:1010600021FA03F3914001434FEA1C471FFA8CFE1B
:10107000B3FBF7F007FB10360B0C43EA064300FB0B
:101080000EF69E4204FA02F408D91CEB030300F1A9
:10109000FF382FD29E422DD9023863449B1B89B260
:1010A000B3FBF7F607FB163341EA034106FB0EF3E9
:1010B0008B4208D91CEB010106F1FF3816D28B4296
:1010C00014D9023E6144C91A46EA004638E72E4662
:1010D000284605E70646E3E61846F8E64B45A9D25A
:1010E000B9EB020864EB0C0E0138A3E74646EAE7C9
:1010F000204694E74046D1E7D0467BE7023B614477
:1011000032E7304609E76444023842E7704700BFDF
:1011100080B400AF084B1B6B074A43F08003136396
:10112000054B1B6B044A43F00103136300BFBD462C
:101130005DF8047B704700BF0038024080B582B084
:1011400000AF786004F0A2FE04F0B8FE04F0C2FE26
:1011500004F0CAFE4FF4FA7003F04CFCF6E700000E
:1011600080B582B000AF78600821184800F0DCFD3F
:101170000346002B05D1164B1B680121184602F0CF
:1011800007FA0421114800F0CFFD0346002B05D1DA
:101190000F4B1B680221184602F0FAF908210B4890
:1011A00000F0C2FD0346002B0CD10421074800F0DB
:1011B000BBFD0346002B05D1054B1B6803211846D8
:1011C00002F0E6F9C82003F015FCCDE7001C024050
:1011D000E409002080B586B002AF7860124B186831
:1011E0004FF0FF33009300230122032102F002F9A4
:1011F000F860FB68012B04D10C490D4804F05CFF3A
:101200000EE0FB68022B04D10A49094804F054FFA0
:1012100006E0FB68032B03D10749054804F04CFFA7
:10122000012003F0E7FBD9E7E409002078C10008BA
:10123000D037012088C1000898C1000880B586B069
:1012400002AF78600123FB6002F036FC2F4B019364
:101250000223009300234FF480722D492D4803F0A0
:10126000CBF9F860FB68012B01D12B4B00E02B4B35
:10127000274A2B492B4804F01FFF2B4B01930323D4
:10128000009300234FF480722849294803F0B4F9F1
:10129000F860FB68012B01D11F4B00E01F4B234A74
:1012A0001F49204804F008FF224B019304230093B8
:1012B00000234FF480722049204803F09DF9F86024
:1012C000FB68012B01D1144B00E0144B1A4A14495E
:1012D000144804F0F1FE02F075F80346184A136052
:1012E000174B1B68002B01D00B4B00E00B4B154A32
:1012F0000B490C4804F0E0FE002003F0E7FA02F08E
:101300000BFC00BF1037BD4680BD00BFD8090020D0
:10131000B8C100083D110008C4C10008CCC10008D4
:10132000D4C10008D0370120DC090020E4C1000846
:1013300061110008E0090020F0C10008D511000883
:10134000E409002000C2000880B582B002AF00F0BE
:10135000E1F900F01DF8FFF7DBFE04F06DFD04F08D
:1013600025FD4FF4E13004F0DDFD064B0193012330
:101370000093002380220449044803F03DF903F060
:101380006DFBFEE7D40900200CC200083D120008E6
:1013900080B592B000AF07F1180330220021184643
:1013A00004F0DEFE3B1D00221A605A609A60DA608B
:1013B0001A61244B1B6C234A43F080531364224B65
:1013C0001B68214A43F4404313600123BB6101239E
:1013D000FB6102233B634FF480037B630F23BB63FA
:1013E000D823FB6302233B6404237B6407F11803C7
:1013F000184600F049FD0346002B01D000F026F806
:1014000000F0D6FC0346002B01D000F01FF80F239C
:101410007B600223BB600023FB604FF4A0533B6161
:101420004FF480537B613B1D0521184600F07EFF81
:101430000346002B01D000F009F800BF4837BD4635
:1014400080BD00BF003802400070004080B400AF93
:1014500072B600BFFEE7000080B400AF084B5B6CC3
:10146000074A43F480435364054B1B6C044A43F022
:101470008053136400BFBD465DF8047B704700BF16
:101480000038024080B400AFFEE780B400AFFEE752
:1014900080B400AFFEE780B400AFFEE780B400AFD9
:1014A000FEE780B400AF00BFBD465DF8047B704727
:1014B00080B500AF04F040F90346012B01D002F0E3
:1014C0008BFB00F065F900BF80BD80B400AF012345
:1014D0001846BD465DF8047B704780B582B000AF0A
:1014E0007860396004F012FE034616221A604FF04D
:1014F000FF3318460837BD4680BD80B582B000AFC7
:1015000078604FF0FF317868FFF7E7FFFEE780B5BE
:1015100086B000AFF860B9607A6000237B610AE0B2
:10152000AFF300800146BB685A1CBA60CAB21A7099
:101530007B6901337B617A697B689A42F0DB7B6867
:1015400018461837BD4680BD80B586B000AFF8603C
:10155000B9607A6000237B6109E0BB685A1CBA60FD
:101560001B781846AFF300807B6901337B617A6991
:101570007B689A42F1DB7B6818461837BD4680BD10
:1015800080B483B000AF78604FF0FF3318460C375B
:10159000BD465DF8047B704780B483B000AF7860CF
:1015A00039603B684FF400525A60002318460C37EC
:1015B000BD465DF8047B704780B483B000AF7860AF
:1015C000012318460C37BD465DF8047B704780B494
:1015D00085B000AFF860B9607A6000231846143710
:1015E000BD465DF8047B704780B586B000AF78607B
:1015F000144A154BD31A7B617B693B61134B1B6803
:10160000002B02D1114B124A1A60104B1A687B68EA
:1016100013443A699A4207D204F078FD03460C223B
:101620001A604FF0FF3309E0084B1B68FB60074B63
:101630001A687B681344054A1360FB68184618371C
:10164000BD4680BD0000032000040000E809002022
:101650006039012080B400AF164BD3F88830154AAA
:1016600043F47003C2F88830134B1B68124A43F0EE
:1016700001031360104B00229A600F4B1B680E4A47
:1016800023F0847323F4803313600B4B0B4A5A60AE
:10169000094B1B68084A23F480231360064B002281
:1016A000DA60044B4FF000629A6000BFBD465DF8FF
:1016B000047B704700ED00E0003802401030002449
:1016C000DFF834D0002103E00C4B5B584350043169
:1016D0000B480C4B42189A42F6D30B4A02E0002307
:1016E00042F8043B094B9A42F9D3FFF7B3FF04F0E9
:1016F00013FDFFF729FE70470000032054C60008C1
:1017000000000020B8090020B80900205C39012041
:10171000FEE7000080B500AF0E4B1B680D4A43F496
:10172000007313600B4B1B680A4A43F48063136019
:10173000084B1B68074A43F480731360032000F0D2
:101740000DF90F2000F008F8FFF786FE0023184679
:1017500080BD00BF003C024080B582B000AF786021
:1017600000F0CEFF0346094AA2FB03239B0918465B
:1017700000F029F9002279684FF0FF3000F0F9F805
:10178000002318460837BD4680BD00BFD34D621008
:1017900080B400AF044B1B680133034A136000BFE1
:1017A000BD465DF8047B7047EC09002080B400AFB3
:1017B000034B1B681846BD465DF8047B704700BFAD
:1017C000EC09002080B485B000AF78607B6803F03E
:1017D0000703FB600C4BDB68BB60BA684FF6FF0386
:1017E0001340BB60FB681A02BB68134343F0BF633E
:1017F00043F40033BB60044ABB68D36000BF1437B6
:10180000BD465DF8047B704700ED00E080B400AF9A
:10181000044BDB681B0A03F007031846BD465DF85E
:10182000047B704700ED00E080B483B000AF034656
:10183000FB71FB7903F01F03012202FA03F1064A50
:1018400097F907305B0942F8231000BF0C37BD46FB
:101850005DF8047B704700BF00E100E080B483B016
:1018600000AF03463960FB7197F90730002B0BDAA4
:101870003B68DAB20C49FB7903F00F03043B120119
:10188000D2B20B441A7609E03B68DAB2074997F9FD
:1018900007301201D2B20B4483F8002300BF0C378B
:1018A000BD465DF8047B704700ED00E000E100E01C
:1018B00080B489B000AFF860B9607A60FB6803F06B
:1018C0000703FB61FB69C3F10703042B28BF042353
:1018D000BB61FB690433062B02D9FB69033B00E0C3
:1018E00000237B610122BB6902FA03F3013B1A4624
:1018F000BB681A407B699A4001217B6901FA03F3B6
:10190000013B19467B680B40134318462437BD46FC
:101910005DF8047B7047000080B582B000AF78604E
:101920007B68013BB3F1807F01D301230FE00A4ABA
:101930007B68013B53600F214FF0FF30FFF78EFFB4
:10194000054B00229A60044B07221A6000231846B8
:101950000837BD4680BD00BF10E000E080B582B012
:1019600000AF78607868FFF72DFF00BF0837BD46ED
:1019700080BD80B586B000AF0346B9607A60FB7366
:1019800000237B61FFF742FF78617A68B968786964
:10199000FFF78EFF024697F90F3011461846FFF702
:1019A0005DFF00BF1837BD4680BD80B582B000AF77
:1019B0000346FB7197F907301846FFF735FF00BF64
:1019C0000837BD4680BD80B582B000AF78607868CA
:1019D000FFF7A2FF034618460837BD4680BD00004A
:1019E00080B487B000AF786039600023FB600023CB
:1019F000BB6000233B6100237B616FE101227B69B7
:101A000002FA03F3FB603B681B68FA681340BB6093
:101A1000BA68FB689A4240F05E813B685B68022BC3
:101A200003D03B685B68122B23D17B69DA087B68A3
:101A3000083253F822303B617B6903F007039B00B7
:101A40000F2202FA03F3DB433A6913403B613B6820
:101A50001A697B6903F007039B0002FA03F33A69F2
:101A600013433B617B69DA087B680832396943F8C4
:101A700022107B681B683B617B695B00032202FAD2
:101A800003F3DB433A6913403B613B685B6803F057
:101A900003027B695B0002FA03F33A6913433B617B
:101AA0007B683A691A603B685B68012B0BD03B6826
:101AB0005B68022B07D03B685B68112B03D03B6847
:101AC0005B68122B30D17B689B683B617B695B0054
:101AD000032202FA03F3DB433A6913403B613B689C
:101AE000DA687B695B0002FA03F33A6913433B61EE
:101AF0007B683A699A607B685B683B6101227B691D
:101B000002FA03F3DB433A6913403B613B685B68CD
:101B10001B0903F001027B6902FA03F33A691343DC
:101B20003B617B683A695A607B68DB683B617B6933
:101B30005B00032202FA03F3DB433A6913403B6183
:101B40003B689A687B695B0002FA03F33A691343C6
:101B50003B617B683A69DA603B685B6803F08053FD
:101B6000002B00F0B880634B5B6C624A43F4804307
:101B70005364614A7B699B08023352F823303B610E
:101B80007B6903F003039B000F2202FA03F3DB439C
:101B90003A6913403B617B68584A934237D07B686F
:101BA000574A934231D07B68564A93422BD07B6888
:101BB000554A934225D07B68544A93421FD07B6894
:101BC000534A934219D07B68524A934213D07B68A0
:101BD000514A93420DD07B68504A934207D07B68AC
:101BE0004F4A934201D1092312E00A2310E008234F
:101BF0000EE007230CE006230AE0052308E0042397
:101C000006E0032304E0022302E0012300E00023B6
:101C10007A6902F00302920093403A6913433B61F0
:101C200035497B699B0802333A6941F823203D4BD3
:101C30001B683B61BB68DB433A6913403B613B680F
:101C40005B6803F48033002B03D03A69BB6813430D
:101C50003B61344A3B691360324B5B683B61BB6854
:101C6000DB433A6913403B613B685B6803F4003334
:101C7000002B03D03A69BB6813433B61294A3B6997
:101C80005360284B9B683B61BB68DB433A69134058
:101C90003B613B685B6803F48013002B03D03A6917
:101CA000BB6813433B611F4A3B6993601D4BDB6874
:101CB0003B61BB68DB433A6913403B613B685B684F
:101CC00003F40013002B03D03A69BB6813433B6154
:101CD000144A3B69D3607B6901337B617B690F2BBD
:101CE0007FF68CAE00BF00BF1C37BD465DF8047B9D
:101CF000704700BF00380240003801400000024039
:101D00000004024000080240000C024000100240A3
:101D10000014024000180240001C02400020024053
:101D200000240240003C014080B485B000AF7860E0
:101D30000B467B807B681A697B881340002B02D09E
:101D40000123FB7301E00023FB73FB7B1846143770
:101D5000BD465DF8047B704780B483B000AF786007
:101D60000B467B8013467B707B78002B03D07A88F0
:101D70007B689A6103E07B881A047B689A6100BFE4
:101D80000C37BD465DF8047B704780B483B000AF6C
:101D900078600B467B807B685A697B885A407B68F9
:101DA0005A6100BF0C37BD465DF8047B70470000E8
:101DB00080B58AB000AF00237B62314B1B6C304A88
:101DC00043F0805313644FF48033BB61BB6993FAD3
:101DD000A3F37B617B693B623B6AB3FA83F3FB61EC
:101DE000FB69DBB29B0003F1844303F560231A46D1
:101DF00001231360FFF7DAFC786209E0FFF7D6FCF5
:101E000002467B6AD31AB3F57A7F01D9032333E004
:101E10001C4B5B6803F48033B3F5803FEED14FF485
:101E20000033BB60BB6893FAA3F37B607B683B61C4
:101E30003B69B3FA83F3FB60FB68DBB29B0003F101
:101E4000844303F560231A4601231360FFF7AEFCB9
:101E5000786209E0FFF7AAFC02467B6AD31AB3F561
:101E60007A7F01D9032307E0064B5B6803F4003354
:101E7000B3F5003FEED1002318462837BD4680BD9C
:101E8000003802400070004080B598B000AF786024
:101E90000023FB657B681B6803F00103002B66D001
:101EA0009C4B9B6803F00C03042B0CD0994B9B6854
:101EB00003F00C03082B12D1964B5B6803F48003EC
:101EC000B3F5800F0BD1934B1B6803F40033002B49
:101ED0004CD07B685B68002B48D101231AE28E4B03
:101EE00000221A70FFF762FCF86508E0FFF75EFC5D
:101EF0000246FB6DD31A642B01D903230AE2854BFA
:101F00001B6803F40033002BF0D17B685A68824BC6
:101F1000D2B21A707B685B68002B13D0FFF746FCC7
:101F2000F86508E0FFF742FC0246FB6DD31A642B0C
:101F300001D90323EEE1774B1B6803F40033002B38
:101F4000F0D014E0FFF732FCF86508E0FFF72EFC54
:101F50000246FB6DD31A642B01D90323DAE16D4BE2
:101F60001B6803F40033002BF0D100E000BF7B6856
:101F70001B6803F00203002B7FD0664B9B6803F0C5
:101F80000C03002B0BD0634B9B6803F00C03082B56
:101F90002AD1604B5B6803F48003002B24D15D4B96
:101FA0001B6803F00203002B05D07B68DB68012B64
:101FB00001D00123AEE1574B1B6823F0F8027B6888
:101FC0001B69F8213965396D91FAA1F1F964F96C51
:101FD000B965B96DB1FA81F17965796DC9B28B4096
:101FE0004C4913430B6048E07B68DB68002B2ED024
:101FF0004A4B01221A60FFF7D9FBF86508E0FFF7AA
:10200000D5FB0246FB6DD31A642B01D9032381E172
:10201000404B1B6803F00203002BF0D03D4B1B68C4
:1020200023F0F8027B681B69F8213964396C91FA56
:10203000A1F1F963F96BB964B96CB1FA81F1796412
:10204000796CC9B28B40334913430B6015E0334BB5
:1020500000221A60FFF7AAFBF86508E0FFF7A6FB6D
:102060000246FB6DD31A642B01D9032352E1294B9D
:102070001B6803F00203002BF0D17B681B6803F0A0
:102080000803002B30D07B685B69002B16D0244BF3
:1020900001221A60FFF78AFBF86508E0FFF786FB6C
:1020A0000246FB6DD31A642B01D9032332E1194B8D
:1020B0005B6F03F00203002BF0D015E0184B0022F9
:1020C0001A60FFF773FBF86508E0FFF76FFB024645
:1020D000FB6DD31A642B01D903231BE10D4B5B6FFE
:1020E00003F00203002BF0D17B681B6803F00403AC
:1020F000002B74D0074B1B6C064A43F080531364CB
:10210000084B1B68074A43F480731360FFF74EFBCC
:10211000F86512E0003802400238024000004742F1
:10212000800E474200700040FFF740FB0246FB6D07
:10213000D31A642B01D90323ECE0784B1B6803F41A
:102140008073002BF0D0764B00221A70FFF72EFB25
:10215000F8650AE0FFF72AFB0246FB6DD31A41F24D
:102160008832934201D90323D4E06E4B1B6F03F0F6
:102170000203002BEED17B689A68694BD2B21A70C9
:102180007B689B68012B15D1FFF710FBF8650AE00F
:10219000FFF70CFB0246FB6DD31A41F288329342E3
:1021A00001D90323B6E05F4B1B6F03F00203002B42
:1021B000EED014E0FFF7FAFAF8650AE0FFF7F6FA56
:1021C0000246FB6DD31A41F28832934201D90323B0
:1021D000A0E0544B1B6F03F00203002BEED17B6891
:1021E0009B69002B00F095804E4B9B6803F00C031D
:1021F000082B00F08C807B689B69022B70D14A4BC6
:1022000000221A60FFF7D2FAF86508E0FFF7CEFA6D
:102210000246FB6DD31A642B01D903237AE0414BAC
:102220001B6803F00073002BF0D17B681A6A7B688F
:102230005B6A47F6C0713961396991FAA1F1F960B9
:10224000F968B961B969B1FA81F179617969C9B29D
:102250008B401A437B689B6A5B08013B4FF440311B
:102260003962396A91FAA1F1F961F969B962B96A19
:10227000B1FA81F17962796AC9B28B401A437B68FD
:10228000DB691A437B68DB6A4FF070613963396B35
:1022900091FAA1F1F962F96AB963B96BB1FA81F106
:1022A0007963796BC9B28B4013431E4A43F00053E4
:1022B00053601D4B01221A60FFF778FAF86508E0B9
:1022C000FFF774FA0246FB6DD31A642B01D903237E
:1022D00020E0144B1B6803F00073002BF0D018E0D3
:1022E000114B00221A60FFF761FAF86508E0FFF76A
:1022F0005DFA0246FB6DD31A642B01D9032309E072
:10230000084B1B6803F00073002BF0D101E00123A0
:1023100000E0002318466037BD4680BD00700040D5
:1023200070380240003802406000474280B584B0F7
:1023300000AF786039600023FB60924B1B6803F0AC
:102340000F033A689A4240F28F808E4B3A68D2B2BD
:102350001A708C4B1B6803F00F033A689A4201D045
:10236000012336E17B681B6803F00203002B08D0D1
:10237000854B9B6823F0F0027B689B68824913437E
:102380008B607B681B6803F00103002B00F0FE806C
:102390007B685B68012B07D17B4B1B6803F4003320
:1023A000002B15D1012314E17B685B68022B07D158
:1023B000754B1B6803F00073002B09D1012308E162
:1023C000714B1B6803F00203002B01D1012300E1D4
:1023D0006D4B9B6823F003027B685B686A4913437B
:1023E0008B60FFF7E3F9F8607B685B68012B12D123
:1023F0000AE0FFF7DBF90246FB68D31A41F28832A4
:10240000934201D90323E4E05F4B9B6803F00C0384
:10241000042BEED1BAE07B685B68022B1DD10AE089
:10242000FFF7C4F90246FB68D31A41F2883293429F
:1024300001D90323CDE0544B9B6803F00C03082B18
:10244000EED1A3E0FFF7B2F90246FB68D31A41F2DE
:102450008832934201D90323BBE04B4B9B6803F0C6
:102460000C03002BEED191E07B681B6803F00203A4
:10247000002B08D0444B9B6823F0F0027B689B68DC
:10248000414913438B607B681B6803F00103002BF9
:102490006AD07B685B68012B07D13B4B1B6803F458
:1024A0000033002B15D1012393E07B685B68022B7E
:1024B00007D1354B1B6803F00073002B09D10123B2
:1024C00087E0314B1B6803F00203002B01D101238D
:1024D0007FE02D4B9B6823F003027B685B682A49F1
:1024E00013438B60FFF762F9F8607B685B68012B30
:1024F00012D10AE0FFF75AF90246FB68D31A41F2FB
:102500008832934201D9032363E01F4B9B6803F099
:102510000C03042BEED127E07B685B68022B1DD1F6
:102520000AE0FFF743F90246FB68D31A41F288320A
:10253000934201D903234CE0134B9B6803F00C0337
:10254000082BEED110E0FFF731F90246FB68D31AF1
:1025500041F28832934201D903233AE00A4B9B6847
:1025600003F00C03002BEED1064B3A68D2B21A707E
:10257000044B1B6803F00F033A689A4206D001230C
:1025800027E000BF003C0240003802407B681B6827
:1025900003F00403002B08D0104B9B6823F4E05297
:1025A0007B68DB680D4913438B607B681B6803F015
:1025B0000803002B09D0094B9B6823F460427B6819
:1025C0001B69DB00054913438B600F20FFF7C4F83C
:1025D000002318461037BD4680BD00BF00380240BA
:1025E00080B491B000AF00237B630023FB63002322
:1025F0003B630023BB633F4B9B6803F00C03082B3A
:102600000CD0082B6BD8002B02D0042B03D066E033
:10261000394BBB6366E0394BBB6363E0354B5B68AA
:1026200003F03F037B63334B5B6803F48003002BB1
:102630001CD0324A7B6BB2FBF3F22E4B596847F643
:10264000C0730B4047F6C0717962796A91FAA1F1C3
:102650003962396AF962F96AB1FA81F1B962B96A23
:10266000C9B2CB4002FB03F3FB631BE0224A7B6B46
:10267000B2FBF3F21F4B596847F6C0730B4047F6A5
:10268000C0717961796991FAA1F139613969F961AA
:10269000F969B1FA81F1B961B969C9B2CB4002FBFC
:1026A00003F3FB63134B5B6803F440334FF4403296
:1026B0007A607A6892FAA2F23A603A68FA60FA6846
:1026C000B2FA82F2BA60BA68D2B2D34001335B0088
:1026D0003B63FA6B3B6BB2FBF3F3BB6302E0064B6D
:1026E000BB6300BFBB6B18464437BD465DF8047B37
:1026F000704700BF003802400024F40040787D019C
:1027000080B584B000AFFFF76BFF01460F4B9B68AD
:1027100003F0F003F0227A607A6892FAA2F23A604B
:102720003A68FA60FA68B2FA82F2BA60BA68D2B26B
:10273000D340074AD35C21FA03F3064A1360054BE2
:102740001B6818461037BD4680BD00BF00380240E8
:1027500030C200080000002080B584B000AFFFF751
:10276000CFFF01460D4B9B6803F4E0534FF4E0525A
:102770007A607A6892FAA2F23A603A68FA60FA6885
:10278000B2FA82F2BA60BA68D2B2D340044AD35CD9
:1027900021FA03F318461037BD4680BD00380240C9
:1027A00030C2000880B584B000AFFFF7A9FF014632
:1027B0000D4B9B6803F460434FF460427A607A6883
:1027C00092FAA2F23A603A68FA60FA68B2FA82F2D1
:1027D000BA60BA68D2B2D340044AD35C21FA03F398
:1027E00018461037BD4680BD0038024030C2000890
:1027F00080B582B000AF78607B68002B01D10123E7
:1028000037E07B6893F83930DBB2002B02D178686F
:1028100003F0ACFB7B68022283F839207B681B68DD
:10282000DA687B681B6822F40052DA60786800F08E
:102830005DFC7B681B681A697B681B6822F4904208
:102840001A617B681B685A697B681B6822F02A0240
:102850005A617B681B68DA687B681B6842F4005227
:10286000DA607B680022DA637B68012283F8392012
:10287000002318460837BD4680BD80B586B000AF3E
:10288000F860B9603B601346FB8000237B61FB6806
:1028900093F83930DBB27B617B69012B03D07B6914
:1028A000222B40F08E80BB68002B02D0FB88002BCF
:1028B00001D1012386E0FB6893F83830012B01D168
:1028C00002237FE0FB68012283F83820FB680022A6
:1028D000DA63FB6893F83930DBB2222B04D1FB6852
:1028E000322283F8392003E0FB68122283F8392072
:1028F000FB68FA889A84FB68FA88DA843DE0FB6812
:10290000DB8C013B9AB2FB68DA84FB689B68B3F509
:10291000805F20D13B6800228021F86800F029FA0E
:102920000346002B01D003234CE0BB683B613B69AD
:102930001B881A46FB681B68C2F308025A60FB68D2
:102940001B69002B03D1BB680233BB6015E0BB6879
:102950000133BB6011E03B6800228021F86800F081
:1029600008FA0346002B01D003232BE0BB685A1C56
:10297000BA601A78FB681B685A60FB68DB8C002B16
:10298000BDD13B6800224021F86800F0F2F903460F
:10299000002B01D0032315E0FB6893F83930DBB23C
:1029A000322B04D1FB68222283F8392003E0FB6834
:1029B000012283F83920FB68002283F838200023A5
:1029C00000E0022318461837BD4680BD80B586B0AA
:1029D00000AFF860B9603B601346FB8000237B6169
:1029E000FB6893F83930DBB27B617B69012B03D044
:1029F0007B69122B40F09D80BB68002B02D0FB88C6
:102A0000002B01D1012395E0FB6893F83830012BAE
:102A100001D102238EE0FB68012283F83820FB6895
:102A20000022DA63FB6893F83930DBB2122B04D151
:102A3000FB68322283F8392003E0FB68222283F806
:102A40003920FB68FA889A85FB68FA88DA8557E0AE
:102A5000FB68DB8D013B9AB2FB68DA85FB689B68FB
:102A6000B3F5805F29D13B6800222021F86800F08F
:102A700080F90346002B01D003235BE0BB683B6178
:102A8000FB681B69002B0CD1FB681B685B689BB261
:102A9000C3F308039AB23B691A80BB680233BB6078
:102AA0002EE0FB681B685B689BB2DBB29AB23B69A5
:102AB0001A80BB680133BB6022E03B680022202102
:102AC000F86800F056F90346002B01D0032331E0EB
:102AD000FB681B69002B08D1FB681B685968BB6841
:102AE0005A1CBA60CAB21A700AE0FB681B685B68BD
:102AF000DAB2BB68591CB96002F07F02D2B21A7018
:102B0000FB68DB8D002BA3D1FB6893F83930DBB277
:102B1000322B04D1FB68122283F8392003E0FB68D2
:102B2000012283F83920FB68002283F83820002333
:102B300000E0022318461837BD4680BD80B588B036
:102B400000AF78600023FB610023BB617B681B68DA
:102B50001B6803F00103012B0CBF01230023DBB230
:102B6000FB617B681B68DB6803F48073BB61FB69F6
:102B7000002B11D0BB69002B0ED07B681B681B6833
:102B80007B617B681B685B687B617B697B68DB6B57
:102B900043F001027B68DA637B681B681B6803F003
:102BA0000203022B0CBF01230023DBB2FB617B6815
:102BB0001B685B6903F00103BB61FB69002B11D04B
:102BC000BB69002B0ED07B681B681B683B617B6870
:102BD0001B685B683B613B697B68DB6B43F004020D
:102BE0007B68DA637B681B681B6803F00403042BB3
:102BF0000CBF01230023DBB2FB617B681B685B69B0
:102C000003F00103BB61FB69002B11D0BB69002BF2
:102C10000ED07B681B681B68FB607B681B685B6869
:102C2000FB60FB687B68DB6B43F002027B68DA6366
:102C30007B681B681B6803F00803082B0CBF01238B
:102C40000023DBB2FB617B681B685B6903F0010357
:102C5000BB61FB69002B11D0BB69002B0ED07B68D8
:102C60001B681B68BB607B681B685B68BB60BB68DC
:102C70007B68DB6B43F008027B68DA637B681B6868
:102C80001B6803F02003202B0CBF01230023DBB2C1
:102C9000FB617B681B68DB6803F02003BB61FB6999
:102CA000002B05D0BB69002B02D0786800F08AF9B0
:102CB0007B681B681B6803F08003802B0CBF01231B
:102CC0000023DBB2FB617B681B68DB6803F08003D9
:102CD000BB61FB69002B05D0BB69002B02D0786873
:102CE00000F0E0F87B681B681B6803F04003402B92
:102CF0000CBF01230023DBB2FB617B681B68DB6830
:102D000003F04003BB61FB69002B05D0BB69002BBE
:102D100002D0786800F023F97B68DB6B002B06D0CB
:102D20007B68012283F83920786800F018F800BF2A
:102D30002037BD4680BD80B483B000AF786000BF4F
:102D40000C37BD465DF8047B704780B483B000AF9C
:102D5000786000BF0C37BD465DF8047B704780B4D7
:102D600083B000AF786000BF0C37BD465DF8047BD0
:102D7000704780B586B000AFF860B9603B6013461D
:102D8000FB7100237B61FEF711FD7861FB79002B5D
:102D90007BD138E03B68B3F1FF3F34D03B68002B78
:102DA00007D0FEF703FD02467B69D31A3A689A42C0
:102DB00029D2FB681B68DA68FB681B6822F0800276
:102DC000DA60FB681B68DA68FB681B6822F0200287
:102DD000DA60FB681B68DA68FB681B6822F48072A3
:102DE000DA60FB681B685A69FB681B6822F0010205
:102DF0005A61FB68012283F83920FB68002283F8BE
:102E0000382003234AE0FB681B681A68BB6813403C
:102E1000BA689A42BED140E03B68B3F1FF3F34D07C
:102E20003B68002B07D0FEF7C1FC02467B69D31A32
:102E30003A689A4229D2FB681B68DA68FB681B680B
:102E400022F08002DA60FB681B68DA68FB681B68A6
:102E500022F02002DA60FB681B68DA68FB681B68F6
:102E600022F48072DA60FB681B685A69FB681B6891
:102E700022F001025A61FB68012283F83920FB68C5
:102E8000002283F83820032308E0FB681B681A68D7
:102E9000BB681340BA689A42BED000231846183760
:102EA000BD4680BD80B485B000AF78600023FB6074
:102EB0007B6893F83930DBB2FB60FB68122B02D0E1
:102EC000FB68322B44D17B689B68B3F5805F1AD1D5
:102ED0007B681B6ABB60BB681B881A467B681B68E3
:102EE000C2F308025A607B681B69002B05D17B681E
:102EF0001B6A9A1C7B681A620EE07B681B6A5A1C6C
:102F00007B681A6208E07B681B6A591C7A68116248
:102F10001A787B681B685A607B68DB8C013B9AB22D
:102F20007B68DA847B68DB8C002B0FD17B681B68A5
:102F3000DA687B681B6822F08002DA607B681B68B5
:102F4000DA687B681B6842F04002DA60002300E028
:102F5000022318461437BD465DF8047B704780B5E0
:102F600082B000AF78607B681B68DA687B681B689A
:102F700022F04002DA607B6893F83930DBB2322B02
:102F800004D17B68222283F8392013E07B681B6818
:102F9000DA687B681B6822F48072DA607B681B68E1
:102FA0005A697B681B6822F001025A617B68012222
:102FB00083F839207868FFF7BEFE002318460837EB
:102FC000BD4680BD80B584B000AF78600023FB6053
:102FD0007B6893F83930DBB2FB60FB68222B02D0B0
:102FE000FB68322B7CD17B689B68B3F5805F23D173
:102FF0007B689B6ABB607B681B69002B0ED17B687A
:103000001B685B689BB2C3F308039AB2BB681A8063
:103010007B689B6A9A1C7B689A6229E07B681B68C4
:103020005B689BB2DBB29AB2BB681A807B689B6A12
:103030005A1C7B689A621BE07B681B69002B0AD1D3
:103040007B681B6858687B689B6A591C7A68916228
:10305000C2B21A700CE07B681B685B68DAB27B68EE
:103060009B6A581C7968886202F07F02D2B21A709B
:103070007B68DB8D013B9AB27B68DA857B68DB8DF0
:10308000002B2BD17B681B68DA687B681B6822F0F9
:103090002002DA607B6893F83930DBB2322B04D13E
:1030A0007B68122283F8392013E07B681B68DA689A
:1030B0007B681B6822F48072DA607B681B685A693F
:1030C0007B681B6822F001025A617B68012283F849
:1030D00039207868FFF739FE002302E0002300E082
:1030E000022318461037BD4680BD0000B0B584B03D
:1030F00000AF78600023FB607B681B681B69FB6086
:10310000FB6823F44053FB607B68DB68FA68134379
:10311000FB607B681B68FA681A617B681B68DB6868
:10312000FB60FB6823F4164323F00C03FB607B6811
:103130009A687B681B691A437B685B691A437B68E2
:10314000DB691343FA681343FB607B681B68FA680A
:10315000DA607B681B685B69FB60FB6823F4407383
:10316000FB607B689B69FA681343FB607B681B68A4
:10317000FA685A617B68DB69B3F5004F40F08C80D8
:103180007B681B688C4A934204D07B681B688B4A1F
:10319000934240D1FFF706FB024613469B001344BF
:1031A0009A001A447B685B685B00B2FBF3F3844AC5
:1031B000A2FB03235B091C01FFF7F4FA0246134646
:1031C0009B0013449A001A447B685B685B00B2FB67
:1031D000F3F5FFF7E7FA024613469B0013449A0003
:1031E0001A447B685B685B00B2FBF3F3744AA2FB92
:1031F00003235B09642202FB03F3EB1A1B01323346
:103200006F4AA2FB03235B0903F00F027B681B6874
:1032100022439A60CCE0FFF79FFA024613469B00D8
:1032200013449A001A447B685B685B00B2FBF3F3BB
:10323000634AA2FB03235B091C01FFF78DFA0246D8
:1032400013469B0013449A001A447B685B685B003A
:10325000B2FBF3F5FFF780FA024613469B001344D6
:103260009A001A447B685B685B00B2FBF3F3544A34
:10327000A2FB03235B09642202FB03F3EB1A1B018D
:1032800032334F4AA2FB03235B0903F00F027B6832
:103290001B6822439A608BE07B681B68464A934216
:1032A00004D07B681B68454A934240D1FFF77AFA05
:1032B000024613469B0013449A001A447B685B68DD
:1032C0009B00B2FBF3F33E4AA2FB03235B091C0104
:1032D000FFF768FA024613469B0013449A001A440B
:1032E0007B685B689B00B2FBF3F5FFF75BFA024675
:1032F00013469B0013449A001A447B685B689B004A
:10330000B2FBF3F32E4AA2FB03235B09642202FB08
:1033100003F3EB1A1B013233294AA2FB03235B0997
:1033200003F00F027B681B6822439A6040E0FFF7BE
:1033300013FA024613469B0013449A001A447B6812
:103340005B689B00B2FBF3F31D4AA2FB03235B09FE
:103350001C01FFF701FA024613469B0013449A0032
:103360001A447B685B689B00B2FBF3F5FFF7F4F946
:10337000024613469B0013449A001A447B685B681C
:103380009B00B2FBF3F30E4AA2FB03235B0964220A
:1033900002FB03F3EB1A1B013233094AA2FB03239E
:1033A0005B0903F00F027B681B6822439A60FFE70A
:1033B00000BF1037BD46B0BD0010014000140140F1
:1033C0001F85EB5180B582B000AF1C2000F056FC89
:1033D00078607B68002B07D07B6800221A607B68CE
:1033E0000433184600F081F97B6818460837BD465B
:1033F00080BD000080B590B000AFF860B9607A6021
:103400003B60FB687B630023BB6300233B63FB687B
:10341000002B0AD14FF0500383F31188BFF36F8F55
:10342000BFF34F8F3B6200BFFEE7BB6803F07F43F3
:10343000002B0AD04FF0500383F31188BFF36F8F36
:10344000BFF34F8FFB6100BFFEE7BB68002B0AD1C3
:103450004FF0500383F31188BFF36F8FBFF34F8F8B
:10346000BB6100BFFEE702F067F90346002B02D103
:10347000BB6C002B01D1012300E00023002B0AD1FB
:103480004FF0500383F31188BFF36F8FBFF34F8F5B
:103490007B6100BFFEE701F033FB7B6B1B68FB62C7
:1034A0003A68B968F86A00F0FEF8B862BB6A002BA7
:1034B0000ED0FB6AFB630023BB647B68002B28D023
:1034C0007B6B1A68BB68DB431A407B6B1A6020E099
:1034D000BB6C002B04D1FB6AFB6301233B6318E048
:1034E0007B68002B03D0BB6B43F08073BB633B68EE
:1034F000002B03D0BB6B43F08063BB637B6B181D59
:10350000BA68BB6B1343BA6C194601F0A9FD0023DE
:10351000FB6301F003FB7862BB6C002B31D07B6A4C
:10352000002B07D1194B4FF080521A60BFF34F8F19
:10353000BFF36F8F02F01EF9F863FB6B03F00073AB
:10354000002B1AD100F0B8FA7B6B1B68FB633A685A
:10355000B968F86B00F0A7F80346002B09D07B6828
:10356000002B06D07B6B1A68BB68DB431A407B6B71
:103570001A6001233B6300F0CFFAFB6B23F07F431B
:10358000FB63FB6B18464037BD4680BD04ED00E091
:1035900080B58EB000AF7860396000233B637B68F4
:1035A000BB620023FB627B68002B0AD14FF0500303
:1035B00083F31188BFF36F8FBFF34F8F3B6100BF61
:1035C000FEE73B6803F07F43002B0AD04FF0500327
:1035D00083F31188BFF36F8FBFF34F8FFB6000BF82
:1035E000FEE7BB6A04337B627B6A08333B6201F00F
:1035F00087FA7B6ADB687B63BB6A1A683B681A439D
:10360000BB6A1A603CE07B6B5B68FB617B6B1B6891
:10361000BB610023FB62BB6903F07F437B61BB6935
:1036200023F07F43BB617B6903F08063002B08D1EB
:10363000BB6A1A68BB691340002B0BD00123FB62E5
:1036400008E0BB6A1A68BB691340BA699A4201D1A3
:103650000123FB62FB6A002B10D07B6903F08073AF
:10366000002B03D03A6BBB6913433B63BB6A1B68F7
:1036700043F000731946786B01F064FEFB697B63CD
:103680007A6B3B6A9A42BED1BB6A1A683B6BDB43DA
:103690001A40BB6A1A6001F041FABB6A1B681846FF
:1036A0003837BD4680BD80B487B000AFF860B960E0
:1036B0007A6000237B617B68002B07D1FA68BB68C6
:1036C0001340002B0AD001237B6107E0FA68BB6836
:1036D0001340BA689A4201D101237B617B69184685
:1036E0001C37BD465DF8047B704780B483B000AFE3
:1036F00078607B6803F108027B685A607B684FF052
:10370000FF329A607B6803F108027B68DA607B68AD
:1037100003F108027B681A617B6800221A6000BF0F
:103720000C37BD465DF8047B704780B483B000AFB2
:1037300078607B6800221A6100BF0C37BD465DF8D7
:10374000047B704780B485B000AF786039607B68D7
:103750005B68FB603B68FA685A60FB689A683B6884
:103760009A60FB689B683A685A60FB683A689A609E
:103770003B687A681A617B681B685A1C7B681A6010
:1037800000BF1437BD465DF8047B704780B485B038
:1037900000AF786039603B681B68BB60BB68B3F101
:1037A000FF3F03D17B681B69FB600CE07B6808333B
:1037B000FB6002E0FB685B68FB60FB685B681B68A2
:1037C000BA689A42F6D2FB685A683B685A603B680E
:1037D0005B683A689A603B68FA689A60FB683A6886
:1037E0005A603B687A681A617B681B685A1C7B6860
:1037F0001A6000BF1437BD465DF8047B704780B483
:1038000085B000AF78607B681B69FB607B685B6894
:103810007A6892689A607B689B687A6852685A6096
:10382000FB685B687A689A4203D17B689A68FB6898
:103830005A607B6800221A61FB681B685A1EFB688D
:103840001A60FB681B6818461437BD465DF8047B98
:103850007047000080B485B000AFF860B9607A604E
:10386000FB68043BFB60FB684FF080721A60FB68EA
:10387000043BFB60BB6823F00102FB681A60FB6835
:10388000043BFB600C4AFB681A60FB68143BFB605E
:103890007A68FB681A60FB68043BFB60FB686FF0AA
:1038A00002021A60FB68203BFB60FB681846143775
:1038B000BD465DF8047B7047BD38000880B485B014
:1038C00000AF00237B60124B1B68B3F1FF3F0AD0AF
:1038D0004FF0500383F31188BFF36F8FBFF34F8F07
:1038E000FB6000BFFEE74FF0500383F31188BFF386
:1038F0006F8FBFF34F8FBB6000BF00BF7B68002B93
:10390000FCD000BF00BF1437BD465DF8047B704794
:103910000400002000000000000000000000000083
:10392000074B19680868B0E8F04F80F30988BFF3C7
:103930006F8F4FF0000080F311887047AFF3008065
:103940005436012000BF00BF08480068006880F3BB
:1039500008884FF0000080F3148862B661B6BFF3A8
:103960004F8FBFF36F8F00DF00BF000008ED00E056
:1039700000BF00BF80B586B000AF464B1B68464A0B
:1039800093420AD14FF0500383F31188BFF36F8F36
:10399000BFF34F8F3B6100BFFEE73E4B1B683F4AC2
:1039A00093420AD14FF0500383F31188BFF36F8F16
:1039B000BFF34F8FFB6000BFFEE7394B7B617B6934
:1039C0001B78DBB27B607B69FF221A707B691B78F6
:1039D000DBB2FB70FB78DBB203F05003DAB2314BA1
:1039E0001A70314B07221A6009E02F4B1B68013B0C
:1039F0002D4A1360FB78DBB25B00DBB2FB70FB7817
:103A0000DBB203F08003802BEFD0274B1B68C3F1A0
:103A10000703042B0AD04FF0500383F31188BFF340
:103A20006F8FBFF34F8FBB6000BFFEE71E4B1B685D
:103A30001B021D4A13601C4B1B6803F4E0631A4A07
:103A400013607B68DAB27B691A70184B1B68174ADF
:103A500043F470031360154B1B68144A43F0704322
:103A6000136000F0DBF8124B00221A6000F0FAF845
:103A7000104B1B680F4A43F040431360FFF764FF8D
:103A800001F06EFAFFF71AFF002318461837BD46FB
:103A900080BD00BF00ED00E071C20F4170C20F4158
:103AA00000E400E0F0090020F409002020ED00E02F
:103AB0000400002034EF00E080B483B000AF4FF08A
:103AC000500383F31188BFF36F8FBFF34F8F7B6079
:103AD00000BF0F4B1B6801330D4A13600C4B1B6872
:103AE000012B0FD10B4B1B68DBB2002B0AD04FF020
:103AF000500383F31188BFF36F8FBFF34F8F3B6089
:103B000000BFFEE700BF0C37BD465DF8047B704781
:103B10000400002004ED00E080B483B000AF124B3D
:103B20001B68002B0AD14FF0500383F31188BFF3B9
:103B30006F8FBFF34F8F7B6000BFFEE70A4B1B68A0
:103B4000013B094A1360084B1B68002B05D1002379
:103B50003B603B6883F3118800BF00BF0C37BD4654
:103B60005DF8047B704700BF0400002000000000E7
:103B7000EFF30980BFF36F8F154B1A681EF0100F1B
:103B800008BF20ED108A20E9F04F10602DE90900F0
:103B90004FF0500080F31188BFF34F8FBFF36F8F4A
:103BA00001F0DEF94FF0000080F3118809BC1968BC
:103BB0000868B0E8F04F1EF0100F08BFB0EC108A94
:103BC00080F30988BFF36F8F704700BFAFF30080A9
:103BD0005436012000BF00BF80B582B000AF4FF067
:103BE000500383F31188BFF36F8FBFF34F8F7B6058
:103BF00000BF01F09FF80346002B03D0064B4FF0A7
:103C000080521A6000233B603B6883F3118800BF39
:103C100000BF0837BD4680BD04ED00E080B400AFB2
:103C20000B4B00221A600B4B00221A600A4B1B68D8
:103C30000A4AA2FB03239B09094A013B1360044B78
:103C400007221A6000BFBD465DF8047B704700BFC5
:103C500010E000E018E000E000000020D34D62100A
:103C600014E000E0DFF80C00016841F4700101602D
:103C70007047000088ED00E000BF00BF80B58AB04B
:103C800000AF78600023FB6100F03AFF534B1B68E4
:103C9000002B01D100F008F97B68002B12D008221C
:103CA0007B6803F00703D31A0833BB61BB69DB43AE
:103CB0007A689A4204D87A68BB6913447B6001E051
:103CC00000237B607B68002B70DB7B68002B6DD052
:103CD000434B1B687A689A4268D8424B3B62414B1F
:103CE0001B687B6204E07B6A3B627B6A1B687B62C9
:103CF0007B6A5B687A689A4203D97B6A1B68002BEF
:103D0000F1D1364B1B687A6A9A424FD03B6A1B68E6
:103D100008221344FB617B6A1A683B6A1A607B6A5B
:103D20005A687B68D21A08235B009A421FD97A6AC4
:103D30007B6813447B617B6903F00703002B0AD087
:103D40004FF0500383F31188BFF36F8FBFF34F8F92
:103D50003B6100BFFEE77B6A5A687B68D21A7B69C9
:103D60005A607B6A7A685A60786900F0F9F81C4BEF
:103D70001A687B6A5B68D31A194A1360184B1A6871
:103D8000194B1B689A4203D2154B1B68164A1360E5
:103D90007B6A5B6843F000427B6A5A607B6A002260
:103DA0001A60124B1B680133104A136000F0B6FE14
:103DB000FB6903F00703002B0AD04FF0500383F395
:103DC0001188BFF36F8FBFF34F8FFB6000BFFEE71B
:103DD000FB6918462837BD4680BD00BF003601206C
:103DE00004360120F8350120083601200C36012068
:103DF00080B586B000AF78607B687B617B68002B04
:103E000049D008235B427A6913447B617B693B613B
:103E10003B695B68002B0ADB4FF0500383F311888A
:103E2000BFF36F8FBFF34F8FFB6000BFFEE73B69AF
:103E30001B68002B0AD04FF0500383F31188BFF3A7
:103E40006F8FBFF34F8FBB6000BFFEE73B695B68BE
:103E5000DB0F03F00103DBB2002B1CD03B691B68B6
:103E6000002B18D13B695B6823F000423B695A6024
:103E700000F046FE3B695A68094B1B681344084A28
:103E80001360386900F06CF8064B1B680133054A73
:103E9000136000F043FE00BF1837BD4680BD00BF71
:103EA000043601201036012080B485B000AF4FF4F5
:103EB0009633BB60254BFB60FB6803F00703002BC8
:103EC0000CD0FB680733FB60FB6823F00703FB6043
:103ED000BA68FB68D31A1D4A1344BB60FB687B6059
:103EE0001B4A7B6813601A4B00225A607B68BA68D1
:103EF0001344FB600822FB689B1AFB60FB6823F0FD
:103F00000703FB60FB68134A1360124B1B68002217
:103F10005A60104B1B6800221A607B683B603B684C
:103F2000FA68D21A3B685A600A4B1A683B681A60F2
:103F30003B685B68084A13603B685B68074A13602C
:103F400000BF1437BD465DF8047B7047F8090020B8
:103F5000F835012000360120083601200436012002
:103F600080B485B000AF7860284BFB6002E0FB684E
:103F70001B68FB60FB681B687A689A42F7D8FB688D
:103F8000BB60FB685B68BA6813447A689A4208D1E0
:103F9000FB685A687B685B681A44FB685A60FB6878
:103FA0007B607B68BB607B685B68BA681A44FB68AF
:103FB0001B689A4218D1FB681A68154B1B689A4215
:103FC0000DD07B685A68FB681B685B681A447B6885
:103FD0005A60FB681B681A687B681A6008E00C4B23
:103FE0001A687B681A6003E0FB681A687B681A60CD
:103FF000FA687B689A4202D0FB687A681A6000BF50
:104000001437BD465DF8047B704700BFF8350120CA
:104010000036012080B586B000AF7860396001239A
:104020007B617B683B613B69002B0AD14FF05003F9
:1040300083F31188BFF36F8FBFF34F8FFB6000BF17
:10404000FEE73B69002B5DD03B69DB6B002B59D051
:104050003B691A6C3B69DB6B0021A3FB0223002B3D
:1040600000D001210B46002B4CD1FFF725FD3B6909
:104070001A683B69DB6B3969096C01FB03F31A446D
:104080003B699A603B6900229A633B691A683B6905
:104090005A603B691A683B69DB6B013B3969096C03
:1040A00001FB03F31A443B69DA603B69FF2283F8A2
:1040B00044203B69FF2283F845203B68002B14D144
:1040C0003B691B69002B1AD03B691033184601F07D
:1040D00063F80346002B12D0154B4FF080521A6044
:1040E000BFF34F8FBFF36F8F09E03B691033184662
:1040F000FFF7FBFA3B6924331846FFF7F6FAFFF7A0
:104100000BFD01E000237B617B69002B0AD14FF09E
:10411000500383F31188BFF36F8FBFF34F8FBB60E2
:1041200000BFFEE77B6918461837BD4680BD00BF5B
:1041300004ED00E080B58AB002AFF860B9601346C4
:10414000FB710023FB61FB68002B2ED00021BA68B5
:10415000FB68A3FB0223002B00D001210B46002BA0
:1041600023D1FB68BA6802FB03F313F1510F1CD88B
:10417000FB68BA6802FB03F3BB61BB6950331846A6
:10418000FFF77CFDF861FB69002B1CD0FB697B61AC
:104190007B6950337B61FA79FB69009313467A6936
:1041A000B968F86800F014F80DE0FB69002B0AD13B
:1041B0004FF0500383F31188BFF36F8FBFF34F8F1E
:1041C0003B6100BFFEE7FB6918462037BD4680BD56
:1041D00080B584B000AFF860B9607A60FB70BB68EE
:1041E000002B03D1BB69BA691A6002E0BB697A6827
:1041F0001A60BB69FA68DA63BB69BA681A6401219C
:10420000B869FFF707FFBB69FA7883F84C2000BF55
:104210001037BD4680BD000080B58CB000AFF8609F
:10422000B9607A600023FB62FB68BB62BB6A002B4B
:104230000AD14FF0500383F31188BFF36F8FBFF3A0
:104240004F8F3B6200BFFEE7BB68002B03D1BB6A08
:104250001B6C002B01D1012300E00023002B0AD1AD
:104260004FF0500383F31188BFF36F8FBFF34F8F6D
:10427000FB6100BFFEE701F05FFA0346002B02D1AD
:104280007B68002B01D1012300E00023002B0AD121
:104290004FF0500383F31188BFF36F8FBFF34F8F3D
:1042A000BB6100BFFEE7FFF707FCBB6A9B6B7B624D
:1042B0007B6A002B1FD0B968B86A00F08DF87B6A62
:1042C0005A1EBB6A9A63BB6A1B69002B0FD0BB6A7C
:1042D0001033184600F060FF0346002B07D03D4B1B
:1042E0004FF080521A60BFF34F8FBFF36F8FFFF70D
:1042F00013FC012369E07B68002B03D1FFF70CFC62
:10430000002362E0FB6A002B06D107F11003184678
:1043100001F0D8F80123FB62FFF7FEFB00F0F0FB91
:10432000FFF7CAFBBB6A93F844305BB2B3F1FF3FBF
:1043300003D1BB6A002283F84420BB6A93F845305E
:104340005BB2B3F1FF3F03D1BB6A002283F8452083
:10435000FFF7E2FB3A1D07F110031146184601F082
:10436000C7F80346002B23D1B86A00F0ADF8034626
:10437000002B17D0BB6A24337A681146184600F028
:104380004BFEB86A00F04EF800F0C8FB0346002B65
:1043900089D1104B4FF080521A60BFF34F8FBFF39B
:1043A0006F8F80E7B86A00F03DF800F0B7FB7AE75E
:1043B000B86A00F037F800F0B1FBB86A00F084F892
:1043C0000346002B3FF46FAF002318463037BD463D
:1043D00080BD00BF04ED00E080B582B000AF786022
:1043E00039607B681B6C002B18D07B68DA687B68AF
:1043F0001B6C1A447B68DA607B68DA687B689B68B0
:104400009A4203D37B681A687B68DA607B68D96854
:104410007B681B6C1A463868FCF7C0FA00BF083787
:10442000BD4680BD80B584B000AF7860FFF744FB27
:104430007B6893F84530FB7311E07B685B6A002B67
:1044400012D07B682433184600F0A6FE0346002BEA
:1044500001D001F0B3F8FB7B013BDBB2FB7397F9B2
:104460000F30002BE9DC00E000BF7B68FF2283F8FF
:104470004520FFF751FBFFF71FFB7B6893F84430A3
:10448000BB7311E07B681B69002B12D07B68103373
:10449000184600F081FE0346002B01D001F08EF893
:1044A000BB7B013BDBB2BB7397F90E30002BE9DC21
:1044B00000E000BF7B68FF2283F84420FFF72CFB5D
:1044C00000BF1037BD4680BD80B584B000AF7860B6
:1044D000FFF7F2FA7B689B6B002B02D10123FB6094
:1044E00001E00023FB60FFF717FBFB68184610375D
:1044F000BD4680BD80B487B000AF786039600023CE
:104500003B617B68002B0AD14FF0500383F3118885
:10451000BFF36F8FBFF34F8FFB6000BFFEE73B68B9
:10452000002B24D000237B611EE0184A7B69DB004E
:1045300013445B687A689A4205D17B69DB00134AB1
:1045400013443B6113E03B69002B0AD10F4A7B699E
:1045500052F83330002B04D17B69DB000B4A134443
:104560003B617B6901337B617B69072BDDD93B694B
:10457000002B05D03B693A681A603B697A685A603B
:1045800000BF1C37BD465DF8047B70471436012020
:1045900080B586B000AFF860B9607A60FB687B6177
:1045A000FFF78AFA7B6993F844305BB2B3F1FF3FBF
:1045B00003D17B69002283F844207B6993F845305E
:1045C0005BB2B3F1FF3F03D17B69002283F8452042
:1045D000FFF7A2FA7B699B6B002B06D17B69243322
:1045E0007A68B968184600F091FD7869FFF71AFFFC
:1045F00000BF1837BD4680BD80B58CB004AFF860F1
:10460000B9603B601346FB80FB889B001846FFF7B0
:1046100035FB78617B69002B13D05820FFF72EFB08
:10462000F861FB69002B08D058220021F86901F0DD
:1046300097FDFB697A691A6305E07869FFF7D8FB93
:1046400001E00023FB61FB69002B13D0FA880023F3
:104650000393FB690293FB6A0193BB6A00933B6877
:10466000B968F86800F00EF8F86900F099F80123CD
:10467000BB6102E04FF0FF33BB61BB6918462037D6
:10468000BD4680BD80B588B000AFF860B9607A6083
:104690003B603B6B186B7B689B001A46A52101F0C1
:1046A0005FFD3B6B1A6B7B6803F18043013B9B0012
:1046B0001344BB61BB6923F00703BB61BB6903F013
:1046C0000703002B0AD04FF0500383F31188BFF388
:1046D0006F8FBFF34F8F7B6100BFFEE7BB68002B7E
:1046E0001ED00023FB6112E0BA68FB6913441978FD
:1046F0003A6BFB69134434330A461A70BA68FB6993
:1047000013441B78002B06D0FB690133FB61FB6966
:10471000092BE9D900E000BF3B6B002283F83D2064
:10472000BB6A042B0AD94FF0500383F31188BFF3FF
:104730006F8FBFF34F8F3B6100BFFEE7BB6A042B57
:1047400001D90423BB623B6BBA6ADA623B6BBA6A7B
:104750009A643B6B04331846FEF7E7FF3B6B183354
:104760001846FEF7E2FF3B6B3A6B1A61BB6AC3F176
:1047700005023B6B9A613B6B3A6B5A623A68F96887
:10478000B869FFF767F802463B6B1A60FB6A002BBB
:1047900002D0FB6A3A6B1A6000BF2037BD4680BD6D
:1047A00080B584B000AF7860FFF786F9404B1B6896
:1047B00001333F4A13603F4B1B68002B09D13D4A30
:1047C0007B6813603A4B1B68012B10D100F01AFF75
:1047D0000DE0394B1B68002B09D1364B1B68DA6A98
:1047E0007B68DB6A9A4202D8324A7B681360334B9B
:1047F0001B680133314A1360304B1A687B681A64B6
:104800007B68DB6A01229A402D4B1B6813432C4ABC
:1048100013607B68DA6A2B4913469B0013449B00A4
:104820000B4404331B68FB607B68FA689A60FB6882
:104830009A687B68DA60FB689B687A6804325A6021
:104840007B681A1DFB689A607B68DA6A13469B00D6
:1048500013449B001B4A1A447B685A617B68DA6ADE
:10486000184913469B0013449B000B441B68591CBA
:10487000144813469B0013449B0003441960FFF740
:104880004BF90D4B1B68002B0ED00A4B1B68DA6AE4
:104890007B68DB6A9A4207D20B4B4FF080521A605A
:1048A000BFF34F8FBFF36F8F00BF1037BD4680BD82
:1048B0002C37012054360120383701204837012099
:1048C000343701205836012004ED00E080B584B073
:1048D00000AF7860FFF7F0F87B68002B02D13B4B0C
:1048E0001B6800E07B68FB60FB6804331846FEF73A
:1048F00086FF0346002B15D1FB68DA6A344913465C
:104900009B0013449B000B441B68002B0AD1FB68DF
:10491000DB6A012202FA03F3DA432E4B1B681340D1
:104920002C4A1360FB689B6A002B04D0FB68183389
:104930001846FEF764FF284B1B680133264A1360B4
:10494000224B1B68FA689A420BD1FB680433194664
:104950002248FEF7F7FE224B1B680133204A136002
:1049600006E0204B1B68013B1E4A136000F0C8FEA6
:10497000FFF7D2F8154B1B68FA689A4202D0F86824
:1049800000F0AEFE184B1B68002B1BD00F4B1B68B2
:10499000FA689A4216D1154B1B68002B0AD04FF0CB
:1049A000500383F31188BFF36F8FBFF34F8FBB604A
:1049B00000BFFEE70E4B4FF080521A60BFF34F8FDF
:1049C000BFF36F8F00BF1037BD4680BD5436012046
:1049D00058360120343701204837012000370120A4
:1049E000143701202C37012038370120543701209B
:1049F00004ED00E080B584B000AF78600023FB6078
:104A00007B68002B17D0134B1B68002B0AD04FF08C
:104A1000500383F31188BFF36F8FBFF34F8FBB60D9
:104A200000BFFEE700F06CF80021786800F0BAFEE5
:104A300000F074F8F860FB68002B07D1064B4FF0CC
:104A400080521A60BFF34F8FBFF36F8F00BF1037D4
:104A5000BD4680BD5437012004ED00E080B586B02E
:104A600002AF204B019300230093002382221E49B2
:104A70001E48FFF7C1FDF860FB68012B02D100F072
:104A800011FFF860FB68012B16D14FF0500383F340
:104A90001188BFF36F8FBFF34F8FBB6000BF144B04
:104AA0004FF0FF321A60134B01221A60124B0022A2
:104AB0001A60FEF75FFF0EE0FB68B3F1FF3F0AD11B
:104AC0004FF0500383F31188BFF36F8FBFF34F8F05
:104AD0007B6000BFFEE7094B1B6800BF1037BD4677
:104AE00080BD00BF5037012018C20008D55500080E
:104AF0004C370120383701203037012008000020D2
:104B000080B400AF044B1B680133034A136000BF3D
:104B1000BD465DF8047B70475437012080B588B0EE
:104B200000AF0023FB610023BB61714B1B68002BAE
:104B30000AD14FF0500383F31188BFF36F8FBFF397
:104B40004F8F7B6000BFFEE7FEF7B6FF684B1B6828
:104B5000013B674A1360664B1B68002B40F0C08026
:104B6000644B1B68002B00F0BB808AE0624BDB6863
:104B7000DB68FB61FB699B6A3B61FB69DB69FA6986
:104B8000126A9A60FB691B6AFA69D2695A603B69CA
:104B90005A68FB6918339A4203D1FB691A6A3B6968
:104BA0005A60FB6900229A623B691B685A1E3B6986
:104BB0001A60FB695B69FB60FB699B68FA69D268F4
:104BC0009A60FB69DB68FA6992685A60FB685A6808
:104BD000FB6904339A4203D1FB69DA68FB685A60C7
:104BE000FB6900225A61FB681B685A1EFB681A6049
:104BF000FB69DB6A01229A40404B1B6813433F4A22
:104C00001360FB69DA6A3E4913469B0013449B001C
:104C10000B4404331B68BB60FB69BA689A60BB68CD
:104C20009A68FB69DA60BB689B68FA6904325A606B
:104C3000FB691A1DBB689A60FB69DA6A13469B0020
:104C400013449B002E4A1A44FB695A61FB69DA6AD5
:104C50002B4913469B0013449B000B441B68591CB3
:104C6000274813469B0013449B0003441960FB69CB
:104C7000DA6A244B1B68DB6A9A4202D3224B012278
:104C80001A601D4B1B68002B7FF470AFFB69002B73
:104C900001D000F035FD1D4B1B687B617B69002B4B
:104CA00010D000F047F80346002B02D0164B01222B
:104CB0001A607B69013B7B617B69002BF1D1134B4F
:104CC00000221A60104B1B68002B09D00123BB6126
:104CD0000F4B4FF080521A60BFF34F8FBFF36F8FAF
:104CE000FEF71AFFBB6918462037BD4680BD00BFDE
:104CF000543701202C370120EC36012034370120B5
:104D00005836012054360120403701203C3701201D
:104D100004ED00E080B483B000AF054B1B687B60FE
:104D20007B6818460C37BD465DF8047B704700BFB2
:104D30003037012080B58AB000AF00237B627D4B05
:104D40001B68002B40F0EC807B4B1B6801333B62FF
:104D5000794A3B6A13603B6A002B20D1774B1B6872
:104D60001B68002B0AD04FF0500383F31188BFF368
:104D70006F8FBFF34F8F7B6000BFFEE76F4B1B68E9
:104D8000FB616F4B1B686D4A13606D4AFB691360D2
:104D90006C4B1B6801336B4A136000F0B1FC6A4B2B
:104DA0001B683A6A9A42C0F0A680644B1B681B6875
:104DB000002B04D1644B4FF0FF321A609BE05F4B35
:104DC0001B68DB68DB68BB61BB695B687B613A6A57
:104DD0007B699A4203D25C4A7B6913608BE0BB69B2
:104DE0005B693B61BB699B68BA69D2689A60BB69C1
:104DF000DB68BA6992685A603B695A68BB690433D8
:104E00009A4203D1BB69DA683B695A60BB690022E8
:104E10005A613B691B685A1E3B691A60BB699B6AF1
:104E2000002B1ED0BB699B6AFB60BB69DB69BA695A
:104E3000126A9A60BB691B6ABA69D2695A60FB68D8
:104E40005A68BB6918339A4203D1BB691A6AFB6876
:104E50005A60BB6900229A62FB681B685A1EFB6895
:104E60001A60BB69DB6A01229A40384B1B68134306
:104E7000364A1360BB69DA6A354913469B0013440E
:104E80009B000B4404331B68BB60BB69BA689A6023
:104E9000BB689A68BB69DA60BB689B68BA69043210
:104EA0005A60BB691A1DBB689A60BB69DA6A13460F
:104EB0009B0013449B00264A1A44BB695A61BB6994
:104EC000DA6A234913469B0013449B000B441B687A
:104ED000591C1F4813469B0013449B000344196050
:104EE000BB69DA6A1B4B1B68DB6A9A427FF65DAFCF
:104EF00001237B6259E7174B1B68DA6A1449134692
:104F00009B0013449B000B441B68012B01D9012318
:104F10007B62114B1B68002B07D001237B6204E0EE
:104F20000E4B1B6801330D4A13607B6A1846283705
:104F3000BD4680BD5437012030370120E4360120C2
:104F4000E8360120443701204C3701203437012056
:104F50005836012054360120403701203C370120CB
:104F600080B487B000AF274B1B68002B03D0264BC3
:104F700001221A603FE0244B00221A60234B1B6879
:104F8000FB60FB68B3FA83F3FB72FB7AC3F11F0388
:104F90007B611F497A6913469B0013449B000B44B5
:104FA0001B68002B0AD14FF0500383F31188BFF325
:104FB0006F8FBFF34F8F7B6000BFFEE77A691346A8
:104FC0009B0013449B00124A13443B613B695B689E
:104FD0005A683B695A603B695A683B6908339A4290
:104FE00004D13B695B685A683B695A603B695B68FE
:104FF000DB68084A136000BF1C37BD465DF8047BC0
:10500000704700BF5437012040370120343701205A
:10501000583601205436012080B584B000AF786046
:1050200039607B68002B0AD14FF0500383F311885D
:10503000BFF36F8FBFF34F8FFB6000BFFEE7074BDF
:105040001B68183319467868FEF7A0FB0121386801
:1050500000F0A8FB00BF1037BD4680BD54360120CC
:1050600080B588B000AFF860B9607A60FB68002B4B
:105070000AD14FF0500383F31188BFF36F8FBFF352
:105080004F8FBB6100BFFEE71E4B1B68002B0AD190
:105090004FF0500383F31188BFF36F8FBFF34F8F2F
:1050A0007B6100BFFEE7184B1B68BA6842F0004204
:1050B0009A61FB685B68FB61134B1B68FA69DA61F4
:1050C000114B1B68FA6992681A620F4B1A68FB69E8
:1050D0009B6818325A600C4B1B6803F11802FB697D
:1050E0009A60094B1B68FA689A62FB681B685A1C35
:1050F000FB681A600121786800F054FB00BF20377C
:10510000BD4680BD543701205436012080B586B09D
:1051100000AFF860B9607A60FB68002B0AD14FF0ED
:10512000500383F31188BFF36F8FBFF34F8F3B6141
:1051300000BFFEE7FB685B687B61164B1B687A6902
:10514000DA61144B1B687A6992681A62114B1A680B
:105150007B699B6818325A600E4B1B6803F118027A
:105160007B699A600B4B1B68FA689A62FB681B6844
:105170005A1CFB681A607B68002B02D04FF0FF338B
:10518000BB607968B86800F00DFB00BF1837BD46FA
:1051900080BD00BF5436012080B48BB000AF786072
:1051A0007B68DB68DB683B623B6A002B0AD14FF00F
:1051B000500383F31188BFF36F8FBFF34F8FFB60F2
:1051C00000BFFEE73B6A9B6AFB613B6ADB693A6AA8
:1051D000126A9A603B6A1B6A3A6AD2695A60FB6932
:1051E0005A683B6A18339A4203D13B6A1A6AFB69D0
:1051F0005A603B6A00229A62FB691B685A1EFB696F
:105200001A604A4B1B68002B5ED13B6A5B697B616D
:105210003B6A9B683A6AD2689A603B6ADB683A6A82
:1052200092685A607B695A683B6A04339A4203D198
:105230003B6ADA687B695A603B6A00225A617B6983
:105240001B685A1E7B691A603B6ADB6A01229A401E
:10525000374B1B681343364A13603B6ADA6A354999
:1052600013469B0013449B000B4404331B683B61B3
:105270003B6A3A699A603B699A683B6ADA603B69C3
:105280009B683A6A04325A603B6A1A1D3B699A600D
:105290003B6ADA6A13469B0013449B00254A1A4472
:1052A0003B6A5A613B6ADA6A224913469B001344FF
:1052B0009B000B441B68591C1E4813469B0013445B
:1052C0009B00034419601BE01B4B5B68BB613B6A9E
:1052D000BA69DA61BB699A683B6A1A62BB699B6802
:1052E0003A6A18325A603B6A03F11802BB699A6045
:1052F0003B6A114A9A62104B1B6801330E4A1360D5
:105300003B6ADA6A0D4B1B68DB6A9A4205D90123B6
:105310007B620B4B01221A6001E000237B627B6AF7
:1053200018462C37BD465DF8047B70475437012082
:105330003437012058360120EC3601205436012044
:105340004037012080B489B000AF78603960584B95
:105350001B68002B0AD14FF0500383F31188BFF371
:105360006F8FBFF34F8FFB6000BFFEE73B6843F0DA
:1053700000427B681A607B68DB68FB61FB69002B7D
:105380000AD14FF0500383F31188BFF36F8FBFF33F
:105390004F8FBB6000BFFEE77B681B69BB617B680A
:1053A0005B687A6892689A607B689B687A685268E2
:1053B0005A60BB695B687A689A4203D17B689A68D5
:1053C000BB695A607B6800221A61BB691B685A1E60
:1053D000BB691A60FB695B697B61FB699B68FA6961
:1053E000D2689A60FB69DB68FA6992685A607B69E7
:1053F0005A68FB6904339A4203D1FB69DA687B6916
:105400005A60FB6900225A617B691B685A1E7B69DE
:105410001A60FB69DB6A01229A40264B1B68134322
:10542000244A1360FB69DA6A234913469B0013443C
:105430009B000B4404331B683B61FB693A699A602B
:105440003B699A68FB69DA603B699B68FA690432D8
:105450005A60FB691A1D3B699A60FB69DA6A134658
:105460009B0013449B00144A1A44FB695A61FB6970
:10547000DA6A114913469B0013449B000B441B68D6
:10548000591C0D4813469B0013449B0003441960AC
:10549000FB69DA6A094B1B68DB6A9A4202D9084B3E
:1054A00001221A6000BF2437BD465DF8047B7047B7
:1054B000543701203437012058360120543601205A
:1054C0004037012080B483B000AF7860064B1A6883
:1054D0007B681A60054B1A687B685A6000BF0C37FE
:1054E000BD465DF8047B704744370120303701200A
:1054F00080B588B000AF786039607B68002B0AD136
:105500004FF0500383F31188BFF36F8FBFF34F8FBA
:105510003B6100BFFEE73B68002B0AD14FF0500310
:1055200083F31188BFF36F8FBFF34F8FFB6000BF12
:10553000FEE7FEF7C1FA1F4B1B68BB617B685B6827
:10554000BA69D31A7B613B681B68B3F1FF3F02D194
:105550000023FB6126E07B681A68174B1B689A42A0
:105560000AD07B685B68BA699A4205D30123FB6164
:105570003B6800221A6015E03B681B687A699A4212
:105580000BD23B681A687B69D21A3B681A6078684C
:10559000FFF798FF0023FB6104E03B6800221A60DC
:1055A0000123FB61FEF7B8FAFB6918462037BD46B8
:1055B00080BD00BF303701204437012080B400AFE8
:1055C000034B01221A6000BFBD465DF8047B7047A3
:1055D0004037012080B582B000AF786000F052F80B
:1055E000064B1B68012BF9D9054B4FF080521A600E
:1055F000BFF34F8FBFF36F8FF0E700BF5836012026
:1056000004ED00E080B582B000AF00237B600CE0C9
:105610007A6813469B0013449B00124A13441846B1
:10562000FEF763F87B6801337B607B68042BEFD95E
:105630000D48FEF75AF80D48FEF757F80C48FEF7EC
:1056400054F80C48FEF751F80B48FEF74EF80B4B98
:10565000054A1A600A4B054A1A6000BF0837BD4662
:1056600080BD00BF58360120BC360120D036012055
:10567000EC3601200037012018370120E4360120E4
:10568000E836012080B582B000AF19E0FEF714FAC9
:10569000104BDB68DB687B607B6804331846FEF7E1
:1056A000AEF80D4B1B68013B0B4A13600B4B1B689C
:1056B000013B0A4A1360FEF72FFA786800F010F8F1
:1056C000064B1B68002BE1D100BF00BF0837BD4669
:1056D00080BD00BF003701202C3701201437012086
:1056E00080B582B000AF78607B681B6B1846FEF710
:1056F0007FFB7868FEF77CFB00BF0837BD4680BDA6
:1057000080B400AF0A4B1B681B68002B04D1094B07
:105710004FF0FF321A6005E0054B1B68DB681B6821
:10572000044A136000BFBD465DF8047B704700BFAC
:10573000E43601204C37012080B483B000AF0B4B1E
:105740001B68002B02D101237B6008E0084B1B681B
:10575000002B02D102237B6001E000237B607B6889
:1057600018460C37BD465DF8047B7047383701207A
:105770005437012080B483B000AF094B1B689B698C
:105780007B60074B1B68DA6A054B1B68C2F1050298
:105790009A617B6818460C37BD465DF8047B7047FC
:1057A0005436012080B586B000AF78603960364B42
:1057B0001B687B61354B1B6804331846FEF71FF8E6
:1057C0000346002B0BD1314B1B68DB6A012202FA26
:1057D00003F3DA432E4B1B6813402D4A13607B689A
:1057E000B3F1FF3F24D13B68002B21D0294B5B68EC
:1057F0003B61264B1B683A699A60244B1B683A69E7
:105800009268DA60214B1A683B699B6804325A60DF
:105810001E4B1B681A1D3B699A601C4B1B681D4A76
:105820005A611C4B1B6801331A4A136000BF26E003
:105830007A697B681344FB60144B1B68FA685A60F2
:10584000FA687B699A4209D2134B1A680F4B1B689E
:10585000043319461046FDF799FF10E00F4B1A6804
:105860000A4B1B68043319461046FDF78FFF0C4B9B
:105870001B68FA689A4202D2094AFB68136000BFAB
:105880001837BD4680BD00BF303701205436012097
:105890003437012018370120E8360120E436012092
:1058A0004C37012080B584B002AF00237B6000F04C
:1058B00047FA114B1B68002B0BD0104B01930223AE
:1058C000009300234FF482720D490E48FEF794FEB8
:1058D00078607B68002B0AD14FF0500383F3118866
:1058E000BFF36F8FBFF34F8F3B6000BFFEE77B6856
:1058F00018460837BD4680BD883701208C37012007
:1059000020C20008AD59000880B584B000AFF8602F
:10591000B9607A6008E0FB689B69BA681344BB60B1
:10592000FB681B6AF8689847FB689A69BB68D118DE
:10593000BB687A68F86800F0DDF80346002BEAD10E
:1059400000BF00BF1037BD4680BD000080B584B0E9
:1059500000AF78603960144B1B68DB68DB68FB6064
:10596000FB6804331846FDF74AFFFB6893F82830BC
:1059700003F00403002B05D03A687968F868FFF754
:10598000C3FF08E0FB6893F8283023F00103DAB284
:10599000FB6883F82820FB681B6AF868984700BFFB
:1059A0001037BD4680BD00BF8037012080B584B070
:1059B00000AF786007F10803184600F057F8F86068
:1059C000BB681946F86800F003F800F0D5F8F1E775
:1059D00080B584B000AF78603960FFF791F807F1C7
:1059E0000803184600F066F8F860BB68002B30D159
:1059F0003B68002B0AD17A68FB689A4206D8FFF709
:105A00008DF8F9687868FFF7A1FF24E03B68002B68
:105A100008D0134B1B681B68002B01D1012300E049
:105A200000233B600F4B18687A68FB68D31A3A680A
:105A30001946FEF7ADFDFFF771F80346002B0AD1BA
:105A4000094B4FF080521A60BFF34F8FBFF36F8F37
:105A500001E0FFF763F800BF1037BD4680BD00BF0F
:105A6000843701208837012004ED00E080B485B040
:105A700000AF78600E4B1B681B68002B01D1012220
:105A800000E000227B681A607B681B68002B05D150
:105A9000074B1B68DB681B68FB6001E00023FB60B1
:105AA000FB6818461437BD465DF8047B704700BF9D
:105AB0008037012080B584B000AF7860FFF72AF905
:105AC000F8600B4B1B68FA689A4205D200F012F995
:105AD0007B6801221A6002E07B6800221A60044A97
:105AE000FB681360FB6818461037BD4680BD00BFD9
:105AF0009037012080B586B000AFF860B9607A6059
:105B00003B6000237B61FB68BA685A60FB68FA68F7
:105B10001A61BA687B689A4212D87A683B68D21ACE
:105B2000FB689B699A4202D301237B611BE0104B07
:105B30001A68FB68043319461046FDF727FE12E089
:105B40007A683B689A4206D2BA683B689A4202D3A6
:105B500001237B6107E0074B1A68FB680433194691
:105B60001046FDF713FE7B6918461837BD4680BD09
:105B7000843701208037012080B588B000AFA6E0CF
:105B8000BB68002BC0F2A2803B69FB61FB695B69CB
:105B9000002B04D0FB6904331846FDF730FE3B1D93
:105BA0001846FFF787FFB861BB68013B082B00F27E
:105BB0008E8001A252F823F0DD5B0008DD5B000857
:105BC000455C0008595C0008A35C0008DD5B000828
:105BD000DD5B0008455C0008595C0008FB6993F830
:105BE000283043F00103DAB2FB6983F82820FA6811
:105BF000FB699B69D118FB68BA69F869FFF77AFFFE
:105C00000346002B63D0FB6993F8283003F00403AC
:105C1000002B09D0FA68FB699B691344BA691946DD
:105C2000F869FFF771FE08E0FB6993F8283023F06C
:105C30000103DAB2FB6983F82820FB691B6AF86963
:105C4000984744E0FB6993F8283023F00103DAB267
:105C5000FB6983F828203AE0FB6993F8283043F089
:105C60000103DAB2FB6983F82820FA68FB699A61BC
:105C7000FB699B69002B0AD14FF0500383F3118815
:105C8000BFF36F8FBFF34F8F7B6100BFFEE7FB69F0
:105C90009A69BB69D118BB69BA69F869FFF72AFF2D
:105CA00015E0FB6993F8283003F00203002B03D1C1
:105CB000F869FEF79DF80AE0FB6993F8283023F0B5
:105CC0000103DAB2FB6983F8282000E000BF084B2B
:105CD0001B6807F1080100221846FEF79DFA0346EB
:105CE000002B7FF44DAF00BF00BF2037BD4680BD05
:105CF0008837012080B582B000AF09E00E4B1B68E9
:105D0000DB681B683B604FF0FF313868FFF71EFE11
:105D1000094B1B681B68002BF0D1074B1B687B608D
:105D2000064B1B68044A1360044A7B68136000BF7B
:105D30000837BD4680BD00BF803701208437012071
:105D400080B500AFFDF7B8FE124B1B68002B1DD1CC
:105D50001148FDF7CAFC1148FDF7C7FC104B0E4A6D
:105D60001A60104B0D4A1A6000220C210A20FEF71F
:105D7000E1F90346074A1360064B1B68002B05D068
:105D8000044B1B6808491846FEF7B4FBFDF7C4FE38
:105D900000BF80BD88370120583701206C370120B3
:105DA000803701208437012028C2000880B586B0E2
:105DB00000AF1D4B1B6B1C4A43F0010313631A4BCE
:105DC0001B6B194A43F004031363174B1B6B164AF2
:105DD00043F0800313630023BB6001237B60022335
:105DE000FB6003233B613B1D19461048FBF7F8FDA0
:105DF00008237B600123FB603B1D19460C48FBF721
:105E0000EFFD04237B603B1D19460948FBF7E8FDC5
:105E10004FF400537B603B1D19460648FBF7E0FD3D
:105E200000BF1837BD4680BD003802400000024068
:105E3000001C02400008024080B586B000AF114B44
:105E40001B6B104A43F0020313630123BB60012361
:105E50007B600123FB6003233B613B1D19460A481D
:105E6000FBF7BEFD02237B603B1D19460648FBF78E
:105E7000B7FD00F017F800F021F800BF1837BD4655
:105E800080BD00BF003802400004024080B500AF72
:105E9000002201210248FBF75FFF00BF80BD00BF69
:105EA0000004024080B500AF012201210248FBF747
:105EB00053FF00BF80BD00BF0004024080B500AFAB
:105EC000012202210248FBF747FF00BF80BD00BF4F
:105ED0000004024080B500AF01210248FBF755FFE6
:105EE00000BF80BD0004024080B500AF022102481F
:105EF000FBF74BFF00BF80BD0004024080B500AF40
:105F0000074B1B681B6903F00103012B06D1FFF748
:105F1000E1FF034B1B686FF001021A6100BF80BDF7
:105F20009437012080B582B000AF78600D4B0E4AE7
:105F30001A600C4B0C225A610A4A7B685360094B69
:105F400000229A61074B00221A61064B0022DA6098
:105F5000044B00229A600348FCF74AFC00BF083754
:105F6000BD4680BDD03701200010014080B588B00B
:105F700000AF78607B681B68214A93423BD1214B7C
:105F80001B6B204A43F0010313631E4B5B6C1D4ADD
:105F900043F01003536402233B610323BB614FF4BE
:105FA0000073FB600723FB6107F10C0319461648D9
:105FB000FBF716FD4FF48063FB6007F10C031946F5
:105FC0001148FBF70DFD114B1B68DA680F4B1B687E
:105FD00042F02002DA600D4B1B68DA680B4B1B683D
:105FE00042F01002DA602520FBF7DFFC02220221DA
:105FF0002520FBF7BEFC00BF2037BD4680BD00BF9B
:10600000001001400038024000000240D03701205B
:1060100080B582B000AF2648FCF790FD244B1B688A
:106020001B6803F02003202B23D1F91D4FF47A7352
:1060300001221F48FCF7CAFC1E4BB3F800311A4678
:10604000F9791C4B99541B4BB3F8003101339AB2C8
:10605000184BA3F80021174BB3F80031FF2B03D9DD
:10606000144B0022A3F80021114B1B686FF0200293
:106070001A600F4B1B681B6803F01003102B13D121
:106080000C4BB3F800311A460A4B00219954094BC6
:10609000012283F80221064B1B681B683B60044BFE
:1060A0001B685B683B603B6800BF0837BD4680BD2E
:1060B000D0370120103801200EB480B5B7B000AF42
:1060C000786007F1E803C7F8D03007F10803D7F884
:1060D000D020D7F8E410184601F004FE07F10803B9
:1060E0001846FAF70DFD0346A7F8D630B7F8D620C4
:1060F00007F108014FF47A737868FCF7BEFB00BF24
:10610000DC37BD46BDE8804003B07047014B1868DE
:10611000704700BF0C00002070B50D4E0D4D761B72
:10612000B61006D0002455F8043B01349847A64227
:10613000F9D1094E094D761B06F010F8B61006D0BD
:10614000002455F8043B01349847A642F9D170BDAC
:1061500048C6000848C6000850C6000848C60008DF
:10616000830730B548D0541E002A3FD0CAB2034638
:1061700001E0013C3AD303F8012B9D07F9D1032C30
:106180002DD9CDB245EA05250F2C45EA054536D96E
:10619000A4F1100222F00F0C03F1200EE6444FEAA6
:1061A000121C03F1100242E9045542E90255103273
:1061B0007245F8D10CF1010214F00C0F03EB02123E
:1061C00004F00F0C13D0ACF1040323F003030433E9
:1061D000134442F8045B9342FBD10CF003042CB14E
:1061E000CAB21C4403F8012B9C42FBD130BD64466B
:1061F0001346002CF4D1F9E703461446BFE71A46CC
:10620000A446E0E7000000002DE9F04F2DED0A8BD9
:10621000CFB00C4691460AEE101A09930AEE900A86
:1062200002F02EFF036813931846FAF769FCA3895E
:1062300012901A0603D52369002B00F0A8874D465B
:106240009FEDA77B2B78002425AACDE92344CDE937
:106250001544CDE917448DED107B1AEE909A0E94FB
:106260002292904614940594002B00F0F081AB46E6
:1062700004E01BF8013F002B00F01B81252BF8D117
:10628000BBEB050640F019819BF80030002B00F0B5
:10629000DE8100234FF0FF329BF801708DF86B30E8
:1062A00006930BF1010B04929A462B2420210BF14B
:1062B000010BA7F120035A2B00F24081DFE813F015
:1062C000D9023E013E01D4023E013E013E016A0078
:1062D0003E013E01690202033E017402E8023E01F2
:1062E000E3025B005B005B005B005B005B005B004C
:1062F0005B005B003E013E013E013E013E013E016E
:106300003E01D6013E013A028500D601D601D601F2
:106310003E013E013E013E01CF023E013E01C6006C
:106320003E013E013E0144023E0179023E013E0132
:1063300057073E013E013E013E013E013E013E0146
:106340003E01D6013E013A028700D601D601D601B0
:10635000C202870080003E01B5023E019D02C800D6
:106360008B0280003E0144027D0032073E013E0167
:1063700036073E017D00A7F1300300221BF8017BA8
:1063800002EB820203EB4202A7F13003092BF5D99D
:1063900006928EE7484602F073FE4368179318464C
:1063A000FAF7AEFB18900646484602F069FE83688D
:1063B00015932021002E40F0CA859BF8007076E7E7
:1063C0009BF800704AF0200A71E74AF0100A1AF0B0
:1063D000200F099B00F09E81073323F007031A4624
:1063E0005B6852F8084B09921E46002BC0F2738579
:1063F000049B013301F042802AF08003039354EAA6
:10640000060300F0EF840A2C76F1000380F09887F1
:1064100030340123DDF80CA08DF8374107930DF2DD
:106420003715049907989DF86B3081424FF00002B0
:10643000B8BF0146089203910C920F920D92002B67
:1064400000F08D80039A0132039288E04AF0100A2E
:106450001AF0200600F04F81099B073323F0070351
:106460005E6853F8084B09932AF480630393002372
:1064700000228DF86B20049A1146013100F0298228
:10648000039921F0800A54EA060140F02082002A94
:1064900041F03080002B40F0AB84039B13F00103EC
:1064A000079300F0498530238DF837310DF2371509
:1064B000B7E7BBEB050600F0CA80249B3344249366
:1064C000239B0133072BC8E9005623930CDC08F10A
:1064D0000808059B33440593D6E600BFAFF3008060
:1064E00000000000000000001AEE101A22AA484620
:1064F00003F0BEFC90B90DF19408EAE71AEE101A09
:1065000022AA484603F0B4FC002800F09180089BC2
:1065100023B108991AEE900A02F0ACFC1AEE103A78
:106520009B8913F0400F059B18BF4FF0FF33059375
:1065300005984FB0BDEC0A8BBDE8F08F002F00F03E
:10654000868000238DF8D4708DF86B300122CDE960
:106550000723039204930C930F930D9335AD1AF018
:1065600002020A9202D0039A023203921AF08402C3
:106570000B9205D1069A0399561A002E00F30F8349
:10658000249C8BB1239B0DF16B0201330134C8F8BD
:106590000020072B4FF0010224942393C8F8042015
:1065A00000F3358308F108080A9B83B1239B1BAADB
:1065B00001330234C8F80020072B4FF00202249464
:1065C0002393C8F8042000F32F8308F108080B9BDD
:1065D000802B00F01182049B079A9E1A002E00F374
:1065E00052821AF4807F40F0AD81079BC8F80430D6
:1065F0001C44239BC8F800500133072B2494239399
:1066000000F3C08208F108081AF0040F05D0069BB9
:10661000039A9D1A002D00F31483DDE905320399D6
:106620008A42ACBF9B185B180593002C7FF466AFC1
:1066300000232393089B1BB10899484602F01AFCDB
:106640000DF194085D462B78002B7FF410AE249B4F
:10665000002B3FF463AF1AEE104A1AEE101A1AEE2E
:10666000900A22AA03F004FCA3895AE7099B073386
:1066700023F00703B3EC027B8DED107BDDE91012F4
:10668000099322F000430BEE101A0BEE903A4FF0F4
:10669000FF32B0EE4B9AF0EE6B9AA64B51EC190B11
:1066A000FAF776FB002840F06B84A24B51EC190BF3
:1066B0004FF0FF32FAF74EFB002840F06184DDE92D
:1066C000100100220023FAF73BFB002840F0A887C6
:1066D0009DF86B30984D994A2AF0800A0321472F84
:1066E000C8BF1546002208920391079104920C92AC
:1066F0000F920D92A3E61AF0100340F03B841AF0BB
:10670000400200F05E87099A52F8044B09921E4637
:10671000A4B2A9E653F8044B09931AF0100F40F005
:1067200012841AF0400F00F00A8444F3C036334656
:1067300024B25AE6099A002352F8041B8DF86B30F4
:106740008DF8D410099201E7099C049A54F8045B6F
:1067500000268DF86B60002D00F0DC8613460133B7
:1067600000F0498531462846FAF73AFA08900028A1
:1067700001F07D80089B0496591B079121EAE17185
:106780009DF86B300994039108960C960F960D9620
:1067900055E6099B53F8042B0692002A80F2C78322
:1067A000069A0993524206929BF800704AF0040A36
:1067B0007DE54AF010030393039B13F0200600F0DD
:1067C0007783099B073323F007035E6853F8084B70
:1067D000099301234CE6099B53F8044B099330239A
:1067E0004AF0020278278DF86C30554B14930392CF
:1067F0008DF86D70002602233AE61AF0200F40F063
:1068000086841AF0100F40F07C861AF0400F40F09A
:106810004F871AF4007F00F07486099B059953F89E
:10682000042B099311705D460DE79BF800706C2FE7
:1068300003BF9BF801704AF0200A0BF1010B4AF0EC
:10684000100A34E59BF80070682F03BF9BF80170B5
:106850004AF4007A0BF1010B4AF0400A27E59BF855
:1068600000704AF0080A22E59BF800704AF0010A1D
:106870001DE59DF86B30002B7FF49FAD9BF80070F9
:106880008DF86B1013E59BF800704AF0800A0EE556
:106890005A4612F8017B2A2F01F0F781A7F1300345
:1068A000092B934698BF002200F2F7871BF8017B63
:1068B00002EB820203EB4202A7F13003092BF5D968
:1068C0000492F6E49BF800708DF86B40EFE4CDF88D
:1068D0000CA0012B3FF497AD022B4EAD12D1149AB0
:1068E00004F00F032409D35C05F8013D44EA067463
:1068F000360954EA0603F3D14EAB5B1BDDF80CA05E
:1069000007938EE504F00703E40844EA4674F608AA
:10691000303354EA06012A4605F8013DF2D10399C5
:106920000846C00700F14F824EAB5B1B8A460793B7
:1069300077E500BFFFFFEF7F44C2000848C20008B0
:1069400054C20008652F40F3D780DDE91001002212
:106950000023FAF7EBF9002800F0B481239BBC4A2E
:10696000C8F80020013301340122072B249423931B
:10697000C8F8042000F3868508F108081C9B0E9ACD
:10698000934280F2CF82129B139A1C44C8E90023E1
:10699000239B24940133072B239300F3EB8308F10B
:1069A00008080E9B5D1E002D7FF72EAE102D239B39
:1069B00041F34981A74F0A97224610261AEE104A42
:1069C00005E008F10808103D102D40F369850133FA
:1069D0001032072BC8E90076CDE92332F1DD22AA77
:1069E0002146484603F044FA00287FF490ADDDE9E3
:1069F00023320DF19408E6E7069B039A9E1A002EB7
:106A00007FF7E9AD102E239B41F3508091490B9500
:106A100022461AEE105A0A910C4604E0103E102E3F
:106A200008F1080819DD013310321021072BCDE9D8
:106A30002332C8F80040C8F80410EFDD22AA294626
:106A400048460DF1940803F013FA00287FF45FAD77
:106A5000103E102EDDE92332E5DC0B9D1446013398
:106A60000A9AC8F800203444072BCDE92334C8F82B
:106A7000046000F33185049B079A9E1A002E08F1EA
:106A800008087FF7AEAD102E239B40F3C5857148F3
:106A90000A90424621461AEE108A044604E0103E4F
:106AA000102E02F1080216DD013310311020072BE1
:106AB000CDE9233114605060F1DD22AA41464846F9
:106AC00003F0D6F900287FF422AD103E102EDDE948
:106AD000233125AAE8DC90460C4601330A9AC8F80F
:106AE00000203444072BCDE92334C8F8046000F3B8
:106AF000D18108F1080874E50E9B012B40F37E81DB
:106B0000239EC8F80050013601340123072E249437
:106B10002396C8F8043000F3E98108F10808129BB5
:106B2000139A01361C44072EC8E90023CDE92364DB
:106B300000F3EA8108F10808DDE9100100220023D2
:106B4000FAF7F4F8002840F078810E9B0136013BFB
:106B500001351C44072EC8F800502396C8F80430AD
:106B6000249400F35C8108F10808169BC8F80430EF
:106B700001361C44072E1EABCDE92364C8F8003053
:106B80007FF740AD1AEE101A22AA484603F070F9BA
:106B900000287FF4BCAC249C0DF1940834E5102E41
:106BA000DDE9233222DD199510241AEE105A04E093
:106BB000103E102E08F1080817DD01332649103267
:106BC000072BC8E90014CDE92332F1DD22AA2946BA
:106BD00048460DF1940803F04BF900287FF497AC78
:106BE000103E102EDDE92332E7DC199DC8F8046061
:106BF0000133B418072B184AC8F80020CDE9233414
:106C000000F3E3839DF86B3008F10808B9E41AEE4D
:106C1000101A22AA484603F02BF900287FF477AC1B
:106C2000249C0DF19408BFE41AEE101A22AA4846DB
:106C300003F01EF900287FF46AAC249C0DF194083F
:106C4000C5E4102D239B26DD1AEE107A10260AE0EB
:106C500084C2000898C2000888C20008103D102DA8
:106C600008F1080817DD0133C04A1034072BC8E9C2
:106C70000026CDE92334F1DD22AA394648460DF13C
:106C8000940803F0F5F800287FF441AC103D102D76
:106C9000DDE92334E7DC0133B44AC8F804502C445E
:106CA000072BCDE92334C8F800207FF7B6AC1AEEE5
:106CB000101A22AA484603F0DBF800287FF427AC1C
:106CC000249CAAE41C9A002A40F39883DDE90D3243
:106CD0009342A8BF1346002B1F460BDD1C44C8E996
:106CE0000053239B24940133072B239300F35C85EB
:106CF00008F108080D9B002FA8BFDB1B002B1E46C8
:106D000000F353820D9B1AF4806F2B44079340F0DD
:106D100083821C9B0E9A934203DB1AF0010F00F052
:106D2000B784129A13991444C8E90012239A249440
:106D30000132072A239200F3758508F108080E9A9C
:106D40000799AE18761AD51AAE42A8BF2E46002E65
:106D50000DDD239BC8F8001001333444072BC8F81D
:106D600004602494239300F39C8508F10808002E06
:106D7000A8BFAD1B002D7FF747AC102D239B40F320
:106D800062877B4F0A97224610261AEE104A05E0CA
:106D900008F10808103D102D40F3828301331032B2
:106DA000072BC8E90076CDE92332F1DD22AA21467E
:106DB000484603F05DF800287FF4A9ABDDE92332F3
:106DC0000DF19408E6E7302B3FF496AD3023023AFC
:106DD00005F8013C4EAB9B1ADDF80CA00793154655
:106DE000FFF71FBB049B002B7FF412ABDDF80CA058
:106DF0000023049307934EADFFF713BB1AF0010F66
:106E00007FF47EAE239EC8F8005001360134012382
:106E1000072E24942396C8F804307FF7A4AE1AEE08
:106E2000101A22AA484603F023F800287FF46FAB1B
:106E3000DDE923640DF1940897E60E9B5D1E002D9D
:106E40007FF793AE102D40F31587494ACDF810A077
:106E500023461AEE10AA0A921027144605E008F1FC
:106E60000808103D102D40F39C8301361033072E87
:106E7000C8E90047CDE92363F1DD22AA514648461F
:106E800002F0F6FF00287FF442ABDDE923630DF149
:106E90009408E6E71AEE101A22AA484602F0E8FF24
:106EA00000287FF434AB249C0DF19408FFF799BBC4
:106EB000039B13F0100340F02381039A12F0400269
:106EC00000F09A83099A52F8044B09921E46A4B224
:106ED0000123FFF7CDBA2D2364428DF86B3066EBAA
:106EE0004606CDF80CA00123FFF7C5BA1AEE101A1A
:106EF00022AA484602F0BCFF00287FF408ABDDE977
:106F000023640DF194080AE61AEE101A22AA4846E4
:106F100002F0AEFF00287FF4FAAADDE923640DF148
:106F2000940809E61AF0010F3FF46EAB2BE59BF8CD
:106F300000700993FFF7BBB94EADFFF772BA1AF4B0
:106F4000007F40F0AF83E6173346FFF74EBA159B3C
:106F5000002B3FF432AA159B1B78002B3FF42DAA7F
:106F60009BF800704AF4806AFFF7A1B988C2000854
:106F700098C20008099B53F8044B0993FFF774BAB1
:106F8000DDE9100102460B46F9F702FF002840F048
:106F9000C285612F00F08585412F00F09384049B0A
:106FA000013327F02003039300F0A883472B00F060
:106FB0008185DDE910014AF48072002907924FF0C3
:106FC0000003C0F2238541EC180B0A930893039B3E
:106FD000462B00F0F783452B00F04D85B0EE480AB4
:106FE000F0EE680A20AB01931DAB0093049A1CAB32
:106FF0000221484600F038FF039B472B054640F02E
:1070000069861AF0010F5646DDF81CA040F00A858B
:10701000209B5B1B0E93039B472B00F08A83039BF3
:10702000462B00F00E841C9B0D930D9B039A013B95
:10703000412A1C9300F0D685FAB20021002BB8BF7C
:107040000D9B8DF87820BABFC3F101032D222B22AE
:10705000092B8DF8792040F3B6850DF18704DFF810
:1070600098C3224610468CFB0321DA17C2EBA1021B
:1070700002EB8201A3EB4101303100F8011C1946FB
:107080006329134600F1FF32ECDC3033D9B2831EA2
:107090009C4202F8011C40F2048613460DF17A026C
:1070A00001E013F8011B02F8011B9C42F9D10DF11C
:1070B00089030DF17A021B1A13441EAA9B1A169318
:1070C0000E9B169A012B1A44079240F3B785079B33
:1070D000129A13440793079A002326F4806622EA43
:1070E000E27246F4807A0C9303920F930D930A9BFD
:1070F000002B40F0448304939DF86B30FFF79FB959
:10710000099B53F8044B09930123FFF7B1B9099B7D
:10711000059853F8041B0993C217C1E900025D46A4
:10712000FFF791BACDF80CA0FFF746BBAF4B149315
:107130001AF0200600F0EF80099B073323F00703C5
:107140005E6853F8084B09931AF0010F09D054EA0E
:10715000060306D030238DF86D704AF0020A8DF8D0
:107160006C302AF4806303930223FFF781B9A04BAC
:107170001493DDE71AEE101A22AA484602F078FEB0
:1071800000287FF4C4A9249C0DF1940809E41AEEA8
:10719000900A402101F080FF20602061002800F06B
:1071A000848540236361FFF74AB8102E239B40F388
:1071B000698590480A90424621461AEE108A1027A7
:1071C000044604E00832103E102E40F32E820133B4
:1071D0001031072BC2E90047CDE92331F2DD22AAA5
:1071E0004146484602F044FE00287FF490A9DDE9BC
:1071F000233125AAE7E7284604960994F9F780FC8D
:1072000020EAE0719DF86B300790039108960C9688
:107210000F960D96FFF713B90E9BCDF828B0DDF849
:107220003CB0079E159FCDF81CA0EB180493424676
:10723000DDF860A00C9B0B951AEE108AA446BBF1FA
:10724000000F30D093BB013F0BF1FF3B179BC2E90E
:10725000003A239B0133D444072BCDF890C02393ED
:1072600062DC0832049B38789B1B8342A8BF03462C
:10727000002B1C460CDD239801309C440728C2E9F2
:107280000063CDF890C0239000F31981387808325C
:10729000002CACBF051B0546002D0BDC06440C9BE7
:1072A000BBF1000FCED1002B00F032820C9B013BD2
:1072B0000C93CBE7102D23981FDD1024634604E0C8
:1072C000103D102D02F1080216DD0130494910333E
:1072D0000728C2E90014CDE92303F1DD22AA4146C3
:1072E000484602F0C5FD00287FF411A9103D102D7D
:1072F000DDE9230325AAE8DC9C4601303D4B5560BF
:10730000AC440728CDE9230C136000F33F823878A2
:1073100008320644C3E71AF0100300F0A480099B6A
:1073200053F8044B09930FE722AA4146484602F05E
:107330009FFD00287FF4EBA8DDF890C025AA91E717
:10734000039B079703F48063002209EE109ACDF89F
:107350002080DDF854900DF59C7A174698460CE095
:107360000023204631460A22F9F750FD0A2C76F117
:1073700000031CD304460E46AA4620460A220023D8
:107380003146F9F743FD30320AF1FF3501370AF88B
:10739000012CB8F1000FE3D099F800309F42DFD103
:1073A000FF2FDDD00A2C76F1000380F04F814EAB29
:1073B0005B1BCDF854900E9719EE109ADDE9077813
:1073C000DDF80CA00793FFF72CB81AEE101A22AACA
:1073D000484602F04DFD00287FF499A89DF86B30D7
:1073E000249C0DF19408FFF7CCB800BF54C20008EC
:1073F00068C2000898C2000867666666239BC14998
:10740000C8F80010013301340121072B2494239381
:10741000C8F8041000F32E8108F10808002A40F093
:1074200089800E9A0AF0010313433FF4EDA8129BE2
:10743000139A1C44C8E90023239B24940133072B8F
:10744000239300F33E8108F108080E9AC8F8005013
:1074500001331444072BCDE92334C8F804207FF707
:10746000D1A8FFF78FBB1AF0400200F0B880099A4C
:1074700052F8044B09921E46A4B265E6CDF80CA062
:10748000FEF7C1BF1AEE101A22AA484602F0F0FC1D
:1074900000287FF43CA8249C0DF19408FFF76EBAF5
:1074A000144601330A9AC8F800202C44072BC8F868
:1074B0000450CDE923347FF7A5A8FFF763BB22AAC8
:1074C0004146484602F0D4FC00287FF420A83878D2
:1074D000DDF890C025AADBE61AEE101A22AA48466B
:1074E00002F0C6FC00287FF412A8249C0DF1940839
:1074F000FFF771B8012BCDF80CA07FF4EDA9FEF7D2
:1075000087BF099B059953F8042B5D4611600993C9
:10751000FFF799B8062A294628BF06220495089540
:107520002B460392784D099407920C910F910D917F
:10753000FEF785BF129B13991C44C8E90013239BD7
:1075400024940133072B239300F3BB8008F1080830
:10755000002ABFF67AAF5642103280F2AF836B48F2
:107560000A902146424610271AEE108A044604E08B
:107570000832103E102E40F3AF8201331031072B3A
:10758000C2E90047CDE92331F2DD22AA414648464F
:1075900002F06EFC00287EF4BAAFDDE9233125AAA3
:1075A000E7E7DDF810A01C4601360A9BC8F800305A
:1075B0002C44072ECDE92364C8F804507FF7D3AAE2
:1075C0002DE4099B1AF4007614BF53F8044B53F8CA
:1075D000044B09931CBF1646E4B2FEF745BF099B56
:1075E0001AF4007614BF53F8044B53F8044B099374
:1075F0001CBF1646E4B2A7E5039B13F40076099B73
:1076000014BF53F8044B53F8044B09931CBF1646A0
:10761000E4B20123FEF72CBF3C4A0A92FFF75DBAA1
:107620002D238DF86B30FFF755B890460C4601338B
:107630000A9AC8F800203444072BCDE92334C8F84F
:1076400004604DDC08F10808FFF75CBB189B179934
:10765000ED1A1A46284602F0D9FB99F801300BB111
:1076600009F10109204631460A2200230027F9F7D3
:10767000CDFB7FE61AEE101A22AA484602F0F8FB6C
:1076800000287EF444AF1C9A249C0DF19408C5E6B2
:107690000E9A0799AE18761AD51AAE42A8BF2E4692
:1076A000FFF765BB44F3C016334664B2FEF79DBED8
:1076B000099B059953F8042B099311805D46FEF749
:1076C000C2BF1AEE101A22AA484602F0D1FB0028C7
:1076D0007EF41DAFDDE923341C9A0DF1940837E7E1
:1076E0001AEE101A22AA484602F0C2FB00287EF4C5
:1076F0000EAF249C0DF19408FFF704BB06230493FE
:1077000057E400BF84C200087CC2000898C2000889
:107710000B9D0E9BDDF81CA0DDF828B01597EB182B
:107720009E429046324628BF1A4664460792FFF7AB
:10773000F0BA1C9B0D93DA1C02DB049A934204DD21
:10774000023F27F0200303936FE4DDE90D318B4204
:10775000C0F29980F70740F1DB81129A1344079336
:10776000740503D50D9B002B00F3FF81079B23EAD3
:10777000E3730393672700230C930F93B7E42D2340
:1077800000228DF86B300492FEF75CBE22AA4146BF
:10779000484602F06DFB00287EF4B9AE3878DDF87B
:1077A00090C025AA06447AE51AEE101A22AA484685
:1077B00002F05EFB00287EF4AAAE249C0DF1940832
:1077C000FFF798BA20AB01931DAB0093049AB0EE7B
:1077D000480AF0EE680A1CAB0321484600F044FB5F
:1077E0000378302B054600F003821C9B049A564612
:1077F0001344DDF81CA0EC1851EC180B00220023F8
:10780000F9F794FA08B1234603E4209BA342BFF49E
:1078100000AC30215A1C20921970209B9C42F9D850
:10782000FFF7F7BB1AEE101A22AA484602F020FB17
:1078300000287EF46CAE1C9B249C0DF19408FFF78D
:107840007EBA1C9A0D92002A40F30082049906F039
:1078500001030B4340F0B1810D9B0793662773052D
:1078600000F18481079B23EAE373039383E7049B7E
:107870000393079309949DF86B3004900C900F903C
:107880000D90FEF7DCBD0E9B129A9A180D9B079285
:10789000002B40F3BB816727E1E700230493FEF749
:1078A00008BD1AEE101A22AA484602F0E1FA002892
:1078B0007EF42DAE1C9D0E9B249C5D1B0DF1940847
:1078C000FFF755BA30238DF86C3058238DF86D30A2
:1078D000049B632B4AF0020400F3A7800023089363
:1078E00035ADDDE910124AF481730793002A27F0C1
:1078F0002003A2460393C0F28A80002342EC181BA7
:107900000A93612F00F01581412F7FF460ABB0EE38
:10791000480AF0EE680A1CA802F030FA00224FF084
:107920007F5351EC100BF8F727FE02460B4643EC51
:10793000192B00220023F9F7F9F908B101231C9350
:10794000B74B0B93049B1995CDE90CB7CDE90EA865
:107950000CEE109ADDF82CB059EC198B5E1E2C46FB
:1079600005E000220023013EF9F7E0F9E0B9AD4B54
:10797000002240464946F8F7FFFD89468046F9F760
:107980001DFA0546F8F78EFD0B460246494640466D
:10799000F8F73AFC1BF80530A24604F8013B731CCB
:1079A000374680468946DCD149EC198B9E4BDDF881
:1079B00030B0DDF83C80CDF830A051EC190B00223E
:1079C0003E46DDF838A00D9F0D951CEE109A199DCE
:1079D000F9F7D4F998BB51EC190B934B0022F9F746
:1079E000A5F910B10D9BD90729D4002E334606DB2B
:1079F00001332344302204F8012BA342FBD1631B43
:107A000056460E93DDF81CA0FFF705BB0893DDE991
:107A1000103408EE103A04F1004308EE903A2D239A
:107A20000A936EE7049BEC18E6E6591C484601F001
:107A300033FB0546002800F04481089051E70C9B79
:107A400020930B9B14F8012CD97B8A42234609D141
:107A5000302003F8010C209B5A1E209213F8012CB1
:107A60009142F6D0392A0BBF0B9A0132927AD2B2E8
:107A700003F8012CC3E7049BB0EE480AF0EE680A55
:107A80005C1C20AB01931DAB009322461CAB022172
:107A9000484600F0E9F9054656462C44DDF81CA09E
:107AA000AAE630238DF86C3078230FE75F4A0A92FC
:107AB000FEF7D5BF049B002B08BF01230493119B45
:107AC0004AF48072002B0792C0F2DA809DED108B91
:107AD00008900A90FFF782BA0C46904601330A9A42
:107AE000C8F800203444072BCDE92334C8F80460DB
:107AF0007FF7A9AC1AEE101A22AA484602F0B8F98C
:107B000000287EF404ADDDE923340DF194089CE4F3
:107B10000D9B079324E6119B454D464A002BB6BFAB
:107B20002D239DF86B308DF86B302AF0800AFEF71C
:107B3000D5BD1CA8B0EE480AF0EE680A02F01EF9A6
:107B400000224FF07F5351EC100BF8F715FD024661
:107B50000B4643EC192B00220023F9F7E7F808B194
:107B600001231C93344B0B93ECE6672715990B7894
:107B7000FF2B00F0B18000240D9A204603E0013075
:107B80000131FF2B08D0934206DAD21A4B78002B32
:107B9000F5D10B780134F4E715910D920F900C9408
:107BA0000C9A0F9B18991344079A01FB0323079320
:107BB00023EAE3730393FFF79ABA129BD31819448D
:107BC000079166274BE6002957D130228DF87A209D
:107BD0000DF17B02303302F8013B1EABD31A169332
:107BE000FFF76EBA07F10F02D2B20121FFF726BAF2
:107BF00051EC180B00220023F9F798F800287FF4C5
:107C0000F4AD049BC3F101031C93EFE5C3F1010341
:107C10001A4422EAE273079203936727ABE500BF99
:107C200068C20008000030400000E03F98C2000831
:107C30004CC2000850C2000854C20008F3077FF588
:107C40004AAAFFF744BA264A0A922AE4049A06F09E
:107C500001061346334304D1012303936627079398
:107C600089E5129B01331A4422EAE27307920393D7
:107C7000662780E51A4B0A9396E40DF17A02A9E78C
:107C80000890C4E6164A0A92D1E4099B9BF8017059
:107C9000934653F8042B099342EAE2720492FEF7EA
:107CA00006BB02231693FFF70BBA1AEE902A0C2399
:107CB00013604FF0FF330593FEF73ABC084A0A926F
:107CC0000CE71AEE101A8B8943F0400213468A81A2
:107CD000FEF727BC049CDFE600230C930F935FE7BD
:107CE00098C2000870B50B4E9AB004466FF000457C
:107CF000CDE90445134600940A463068064C0295C7
:107D000069460394FEF780FA009B00221A701AB0AD
:107D100070BD00BF0C0000200802FFFF024B13B132
:107D2000024800F005B8704700000000A98D000867
:107D3000002301461A46184602F016B92DE9F04F05
:107D400003690C69A34283B0C0F28780013C01F152
:107D50001405A30000F11408009355F8243058F8D6
:107D60002420013381469A4208EB840005EB840706
:107D70000190B2FBF3F63BD30023AE4640469B4650
:107D80005EF804AB02681FFA8AFC06FB0C334FEA6C
:107D9000134C4FEA1A4A06FB0ACA1FFA83FCABEBE4
:107DA0000C0C1FFA8AF31CFA82FCC3EB124202EBA2
:107DB0002C421FFA8CFC4CEA0243774540F8043B06
:107DC0004FEA224B4FEA1A43DAD2009B58F80330AD
:107DD00073B9019B043B984504D307E0984504F12F
:107DE000FF3403D253F80429002AF7D0C9F8104011
:107DF000484601F093FE00282BDB01364046002365
:107E000055F8041BD0F800C08AB29A1A0B0C12FA6B
:107E10008CF2C3EB1C4303EB224392B242EA0342CF
:107E2000AF4240F8042B4FEA2343E9D258F824200C
:107E300008EB84036AB9043B984504D307E09845EE
:107E400004F1FF3403D253F80429002AF7D0C9F80B
:107E50001040304603B0BDE8F08F002003B0BDE80D
:107E6000F08F00BF000000002DE9F04F2DED068BD4
:107E700095B08DED020B0191016C249D099259EC96
:107E8000108B0446069341B1426C4A600123934033
:107E90008B6001F0E3FB00232364B9F1000AB4BF57
:107EA000012300232B607C4BBCBF2AF0004ACDF895
:107EB0000CA033EA0A0300F0B2809DED027B0022A1
:107EC00051EC170BB0EE479AF0EE679A0023F8F7E3
:107ED0002DFF074680B1069A01231360259B002BD6
:107EE00000F0DC826D481860431E0093009815B0C6
:107EF000BDEC068BBDE8F08F12AA13A92046B0EEA8
:107F0000490AF0EE690A01F0D1FEB0EE498AF0EEBE
:107F1000698A5FEA1A56054640F09980DDE91276D3
:107F20003E4406F23240202840F3AD83C0F14000C9
:107F30000AFA00FA06F2124028FA00F04AEA0000B3
:107F4000F8F7A0FA0123013E0D93A1F1F871544B0B
:107F50000022F8F759F94AA3D3E90023F8F70CFBFC
:107F600049A3D3E90023F8F751F980463046894602
:107F7000F8F798FA46A3D3E90023F8F7FDFA02468A
:107F80000B4640464946F8F741F980468946F8F7DE
:107F900015FF00228346002340464946F8F7D0FEED
:107FA000002840F06E82BBF1160F00F25D823D4B5F
:107FB00003EBCB03D3E9002351EC190BF8F7C0FE18
:107FC000002875D00023BE1B0C93731E0BF1FF3BE2
:107FD000049300F1508200230893BBF1000F6EDA86
:107FE000089BCDF814B0A3EB0B030893CBF100036F
:107FF0000B93019B092B4FF0000B69D8052B40F325
:108000004083043B01930026019B023B032B00F2BB
:108010009B86DFE813F050044D0445042804069ABB
:1080200042F20F73CAF3130A13605AEA08031DD110
:10803000259B002B00F07F861B4B00930833259A6D
:108040000098136015B0BDEC068BBDE8F08F18EEFC
:10805000903AC3F3130351EC190B43F07F510D9782
:10806000A6F2FF36129F41F4401170E7259B002BCA
:1080700040F0DD830D4B009338E700BFAFF3008085
:1080800061436F63A787D23FB3C8608B288AC63F1E
:10809000FB799F501344D33F0000F07F85C2000856
:1080A0000000F83FF8C30008ACC20008A8C20008EE
:1080B000BE1B731E049300F19C840C900890049BDB
:1080C0005B44CDE9043B00230B93019B092B95D91D
:1080D000002301264FF0FF3201930A96079209937D
:1080E000079B0F9300216164204601F091FA0090F4
:1080F000002800F03186009B2364079B0E2B00F2C2
:10810000F980002E00F0F6800599002940F3738471
:10811000BD4B01F00F0203EBC2034FEA2118C90562
:10812000D3E9006740F10584B84B51EC190BD3E952
:108130000823F8F74BFB41EC180B08F00F084FF041
:10814000030AB8F1000F13D0DFF8C09218F0010F46
:1081500009D030463946D9E90023F8F70DFA0AF17B
:10816000010A06460F465FEA680809F10809EDD1E1
:1081700051EC180B32463B46F8F728FB41EC1A0B42
:108180000C9B5BB157EC1A6BA14B1AEE100A002244
:108190003946F8F7D5FD002840F054855046F8F7E9
:1081A00081F953EC1A2BF8F7E7F99A4B0022F8F70C
:1081B0002DF8079B8046A1F15079002B00F0F58344
:1081C000059B1093079B0E930A9B002B00F0C28423
:1081D0000E9A8D4B9049DDF800A003EBC20353E9E2
:1081E00002230020F8F7F2FA42464B46F8F70CF863
:1081F00059EC1A8B41EC180B49461AEE100AF8F7A5
:10820000DDFD0746F8F74EF902460B461AEE100A56
:108210004946F7F7F9FF30370AF8017B53EC182B82
:1082200006460F46F8F78CFD002840F057854FF0C2
:1082300000080AEE105ACDF844B055465BEC18AB76
:1082400008EE104A44462AE00E9B01349C424BDA69
:10825000724B504659460022F8F78EF96F4B0022B8
:1082600082468B4630463946F8F786F9894680467D
:10827000F8F7A4FD0746F8F715F902460B46404605
:108280004946F7F7C1FF303705F8017B52465B4698
:1082900006460F46F8F754FD002840F01A8532468E
:1082A0003B465B490020F7F7AFFF52465B46F8F7C5
:1082B00047FD0028C8D0109B009A0593AA4618EEE7
:1082C000104A1AEE105A02E0924500F0EC84D146B2
:1082D0001AF8013D392BF7D00133DBB28AF80030B0
:1082E000059B01330593ACE1DDF844B01AEE105A5A
:1082F00018EE104A139B002BC0F29480059A0E2AA8
:1083000000F39080404B03EBC203D3E90089099B43
:10831000002B1BDA079B002B18DC40F05F83404BDF
:10832000002240464946F8F727F902460B4651EC31
:10833000190BF8F70FFDDDF81CA05646002800F0D9
:10834000D282099BDDF80080DF43D4E242464B46EF
:1083500051EC190BF8F73AFAF8F730FD0646834668
:10836000F8F7A0F842464B46F8F706F90B460246E6
:1083700051EC190BF7F748FFDDF800A03346303316
:108380000AF8013B079B012B00F090834FF0010B93
:1083900008EE105A08EE904A1D465446DA461DE093
:1083A00042464B4630463946F8F710FAF8F706FDD4
:1083B0008346F8F777F842464B46F8F7DDF80AF1BE
:1083C000010A0B46024639463046F7F71DFF0BF10E
:1083D0003003AA4504F8013B00F063830F4B0022F1
:1083E000F8F7CAF80022002306460F46F8F79EFC6D
:1083F0000028D5D0A24618EE105A18EE904A059BD8
:1084000001330593D1461CE1F8C30008D0C300082E
:108410000000F03F00001C400000E03F000024404E
:10842000000014400A9A002A40D0019A012A40F321
:108430009E82079B03F1FF380B9B4345C0F270827D
:10844000A3EB0808079B002BC0F26883049A11462F
:10845000089A194417461A440491089201212046AB
:1084600001F0AAF9064625E00123BE1B0C93731EFA
:1084700004937FF5B0ADC6F1010308930023049384
:10848000ABE55846F8F70EF842464B46F8F74EFC77
:1084900000287FF488AD0BF1FF3B84E5874B009308
:1084A000009815B0BDEC068BBDE8F08FDDF82C8090
:1084B000089F0A9E002F0CDD049A002A09DD089906
:1084C000BA421346A8BF3B46C91AFF1AD31A0891ED
:1084D00004930B9BDBB10A9B002B00F08382B8F165
:1084E000000F0FDD31464246204601F03FFA2A4692
:1084F00001460646204601F08DF9294605462046EC
:1085000001F0ACF80B9BB3EB080240F001830121B2
:10851000204601F051F9BBF1000F824600F3B8800C
:10852000019B012B40F387814FF000080120BBF134
:10853000000F40F0B980049A104410F01F0000F0C2
:108540009780C0F12003042B40F3F983089BC0F10E
:108550001C0003440244089307440492089B002B28
:1085600005DD29461A46204601F060FA0546049BBF
:10857000002B05DD51461A46204601F057FA824687
:108580000C9B002B40F03881079B002B40F31F8190
:108590000A9B002B40F0A280059B01330593DDF878
:1085A0000080DDF81C90012707E0294600230A22FD
:1085B000204601F05DF80137054651462846FFF791
:1085C000BDFB4F4500F1300008F8010BEDDB079AC9
:1085D000002AC8BF9346009AD8BF4FF0010B03464C
:1085E00093440027294601222046019301F01EFAF8
:1085F0005146054601F092FA002840F3A6811BF887
:10860000013C009A0BF1FF3B04E05A4500F0A881C1
:108610001BF8013D392B0BF10109F6D001338BF822
:1086200000305146204601F019F856B12FB1B7423B
:1086300003D03946204601F011F83146204601F0BA
:108640000DF82946204601F009F8002389F800308A
:10865000069B1A46059B1360259B002B3FF446ACF6
:108660000098C3F8009015B0BDEC068BBDE8F08F04
:108670001C20089B03440893049B03440744049371
:108680006CE70126C0E4C0F1200008FA00F057E4CE
:1086900001465A46204601F069F9019B012B8246AA
:1086A00040F3D5814FF00008DAF810300AEB83036D
:1086B000186901F031F8C0F120003CE784C20008DD
:1086C000314600230A22204600F0D2FF0F9B002BE8
:1086D000064640F32383CDF814900793002F00F350
:1086E0001881B8F1000F40F0FC81B046029B009F5A
:1086F000079903F001027B1E1944019B0A92134360
:108700000891099351462846FFF718FB31468346E6
:10871000284601F003FA424651468146204601F0C0
:108720001FFAC26801460BF13003002A42D10490BF
:108730002846079301F0F2F904990290204600F0D0
:108740008DFF029A079B1AB90999002900F0D68279
:10875000B9F1000FC0F28781019949EA01090A992C
:1087600051EA090100F07F81002A00F3E781089AAD
:108770003B7007F101099742CB4600F0E58129469D
:1087800000230A22204600F073FF46450546314685
:108790004FF000034FF00A02204612D000F068FFAD
:1087A0004146064600230A22204600F061FF4F465C
:1087B0008046A7E72046029300F050FF029B01226B
:1087C000C6E700F055FF4F46064680469AE7019BF4
:1087D000022B77DC0A9B002B80D1059B514601338D
:1087E00028460593FFF7AAFADDF800B000F1300340
:1087F0000BF8013B0027F5E65146284601F08EF9BB
:108800000028BFF6C1AE294600230A22204600F008
:108810002FFF059B03F1FF390A9B0546002B7FF4D0
:108820004FAF0F9B002B40F370820793B7E6BD4B11
:108830000093033303E4DDE9021200297FF474AEF0
:10884000C2F31303002B7FF46FAEB74B1340002B22
:1088500000F03D82089B01330893049B013304938D
:108860004FF0010862E601230A93099B059A13441D
:108870000F930133012B1F460793B8BF0127002137
:10888000172F61647FF730AC012204235B0003F1F2
:108890001400B842114602F10102F7D9616423E4E1
:1088A00001230A93099F002F4ADD0F970797E6E7F8
:1088B00000230A93D9E700230A93F3E70F9BCDF82F
:1088C00014900793079B002B7FF43BAD5146052284
:1088D000204600F0CDFE01468246284601F01EF9F2
:1088E00000287FF72EAD0098059F3123804600F8C1
:1088F000013B013700905146204600F0AFFE7B1C43
:10890000DDF800900593CDF80080002E7FF495AE41
:1089100097E631463A46204601F088F80646E0E6FA
:108920000B9BCDF82C80A8EB03039B444FF0000871
:1089300088E54FF0020AB0EE498AF0EE698A00E459
:10894000012309930793FFF7CBBB03D1019BDB07FF
:108950003FF555AED9461BF8013D302BFAD060E605
:10896000059B009A013305933123137059E60D9A44
:10897000002A00F0638103F23343049ADDF82C806F
:108980001A440492089A17461A44089266E550461B
:10899000F7F788FD53EC1A2BF7F7EEFD634B002237
:1089A000F7F734FC8046A1F15079614B002251EC7D
:1089B0001A0BF7F729FC42464B4606460F46F8F7D6
:1089C000DDF9002840F07F8130463946424609F102
:1089D0000043F8F7B5F900283FF48CAC4FF0000ADB
:1089E0005646AEE429460B9A204600F0BFFF0546E6
:1089F0008DE50C903FE500F04E81059A4D4B5642B7
:108A000006F00F0203EBC203D3E9002351EC190B6C
:108A1000F7F7B2FD361141EC1A0B00F08881464F92
:108A200000234FF0020AF20706D5D7E90023F7F733
:108A3000A3FD0AF1010A0123761007F10807F2D11C
:108A4000002B3FF49DAB41EC1A0BFFF799BB029B47
:108A5000002B7FF427AEDDE90212C2F31303002BD3
:108A60003FF4F3AE1EE6002A12DD2946012220461D
:108A7000019300F0DBFF5146054601F04FF8002856
:108A8000019B40F33581392B00F013810BF1310349
:108A9000B94609F8013B059B013337460593464625
:108AA000BFE5A24618EE105A18EE904A02460B4651
:108AB000F7F7ACFB42464B4606460F46F8F75EF921
:108AC00060B942464B4630463946F8F72FF9002840
:108AD0003FF495AC5FEACB717FF591AC009AFFF75C
:108AE000F6BB7168204600F093FD0746002800F0B1
:108AF0003A81336902339A0006F10C010C30F7F722
:108B00004DFF39460122204600F090FF8046EDE5FA
:108B10002946204600F02AFF0546F8E4DDE9072350
:108B20009F1A9BE4A8C200080000F07F00001C40D0
:108B300000001440F8C30008D0C30008392B00F02F
:108B4000B880B9460133A4E7059A01323746059249
:108B5000464647E50E988D4901EBC00142464B461B
:108B600051E90201F7F708FD5AEC1A9B41EC180B8A
:108B700051461AEE100AF8F721F90746F7F792FC6A
:108B800002460B461AEE100A5146F7F73DFB064621
:108B90000E98DDF800803037012808F8017B0F4679
:108BA00000F0BA800E9B009ACDF838B013449B4673
:108BB000C246774B002230463946F7F7DDFC89463E
:108BC0008046F8F7FBF80746F7F76CFC30370246AB
:108BD0000B4640464946F7F717FB0AF8017BDA4592
:108BE00006460F46E5D1DA46DDF838B0694B59EC58
:108BF000188B002218EE100A4946F7F707FB324699
:108C00003B46F8F79DF800286DD118EE102A4B4628
:108C100060490020F7F7F8FA32463B46F8F7AEF81D
:108C200000283FF467ABD1460AF1FF3A19F8013C3E
:108C3000302BF8D0109B0133059302E5129BC3F152
:108C400036039AE6079B002B3FF4A1AE0F9B002B47
:108C50007FF750AB059A0E93013A4D4B10921AEEE6
:108C6000100A39460022F7F787FC024616460F46DF
:108C70000AF10100F7F716FC32463B46F7F77CFC99
:108C8000454B0022F7F7C2FA47EC1A6B8046A1F178
:108C90005079FFF799BA4FF0020AB0EE49AAF0EE08
:108CA00069AAFFF76DBA059B013305933123FFF7DE
:108CB00015BB059BBB4601330593392337460BF89B
:108CC000013B46469DE44FF0000A56460BE69846A7
:108CD0002CE4AA4618EE104A1AEE105A109B0133E3
:108CE0000593D146ADE4109B009A0593FFF7EFBAC8
:108CF0007FF4CEAEDA077FF5CBAEC4E6392BD8D001
:108D0000B9F1000F3FF7C2AEC2E6019B022B3FF75D
:108D1000D5ADCDF8149060E5C24667E7019B022B04
:108D20003FF7CCAD0F9BCDF814900793D6E44FF0EE
:108D3000020AFFF725BA194B0093FFF7D7B83FF4A3
:108D40000DACC0F13C0094E4002666643146204638
:108D500000F05EFC009068B9114B124800224FF4FD
:108D6000D57101F047F90E4B0E483A4640F2EA2120
:108D700001F040F9009B236401224FF0FF33099674
:108D80000F930A920793FFF7B5BA00BFF8C3000824
:108D9000000024400000E03F00001C40ACC200087E
:108DA000B8C20008CCC2000838B5084B084D5B1BA0
:108DB0009C1007D0043B1D44013C55F804399847EA
:108DC000002CF9D1BDE8384003F0CEB954C60008F4
:108DD00050C60008F8B5244F0C46064600F00CFCBF
:108DE000BA685568C4F57E630F3325F003052B443C
:108DF00023F47F6323F00F03A3F58054B4F5805F61
:108E000007DB0021304600F0EFFFBB682B4498429F
:108E100004D0304600F0F6FB0020F8BD6142304639
:108E200000F0E2FF01300DD0104ABB682D1B45F069
:108E300001055D60136830461B1B136000F0E2FB08
:108E40000120F8BD0021304600F0CEFFBA68831A39
:108E50000F2BDEDD43F001035360054B03491B6814
:108E6000C01A0860D5E700BF3C0400202439012067
:108E700044080020002961D0F8B50C46064600F0F1
:108E8000BBFB54F8042C7B4FA4F1080522F0010130
:108E900005EB010CB868DCF80430604523F00303EF
:108EA00000F08B80D207CCF8043032D454F8082C70
:108EB000AD1A1144AA6807F1080082426AD00CEB8F
:108EC0000304D4F804E0EC68D4601EF0010FA26043
:108ED00000F0978041F001036B60CCF80010B1F511
:108EE000007F35D27A68CB084809012101338140DF
:108EF0001143796007EBC30257F83310083AC5E90C
:108F0000021247F83350CD603046BDE8F84000F01B
:108F100079BB0CEB03025268D00710D4194407F157
:108F20000800DCF80830834273D0DCF80C20DA60EB
:108F3000936041F001036B606950D0E7704741F0E6
:108F40000103B1F5007F44F8043CCCF80010C9D30C
:108F5000B1F5206F4FEA512348D28B0903F1390054
:108F600003F13802C300F818FB580838984259D06A
:108F70005A6822F003028A4202D99B689842F7D1CC
:108F8000D868C5E902308560DD603046BDE8F8404C
:108F900000F038BB0CEB03025268D20763D40B44D9
:108FA000DCE90212CA60916043F001026A60304657
:108FB000EB50BDE8F84000F025BB0B44D10707D4C7
:108FC00054F8082CAD1A1344D5E90212CA60916016
:108FD00043F001026A60284ABD6012689A4293D841
:108FE000264B30461968FFF7F5FE8DE7142B0AD99A
:108FF000542B1FD80B0B03F16F0003F16E02C3005B
:10900000B1E719448DE703F15C0003F15B02C30093
:10901000A9E741F00103C7E90455C5E902006B6007
:10902000695071E779689210012404FA02F20A4348
:109030007A60A6E7B3F5AA7F06D8CB0B03F17800D8
:1090400003F17702C3008EE740F25452934206D8F0
:109050008B0C03F17D0003F17C02C30083E74FF426
:109060007E737E227FE741F001036B60CCF8001035
:109070004AE700BF3C040020480800205439012082
:10908000004870473C090020704700BF704700BF90
:10909000704700BF704700BF2DE9F04F01F10B068C
:1090A000162E83B0044624D8102900F2BA8000F0AE
:1090B000A3FA102618220220B54F3A44A2F1080163
:1090C00053688B4200F0BA805A68D96822F00302D4
:1090D0001A449D68E9608D60516841F001012046A5
:1090E000516003F1080500F08DFA284603B0BDE891
:1090F000F08F36F0070600F19480B14200F29180C3
:1091000000F07AFAB6F5FC7FC0F09A81730A00F09D
:109110008F80042B00F26F81B30903F1390003F152
:10912000380CC3009A4F3B44A3F108055B689D428D
:1091300006D10CE0002980F22781DB689D4206D031
:109140005A6822F00302911B0F29F3DD60463D6946
:10915000DFF850C265457CD06A6822F00302931B99
:109160000F2B00F37B81002BC7E904CC80F26C81CC
:10917000B2F5007F80F01A81D308796801334FEA95
:10918000521E012202FA0EF20A4357F833E0C5F8E4
:1091900008E007EBC3010839E9607A6047F833500B
:1091A000CEF80C50831001219940914257D81142BA
:1091B00006D120F003004900114200F10400FAD06A
:1091C00007EBC0094D468646D5F80C80454508D1C9
:1091D0001DE1002B80F22481D8F80C80454500F079
:1091E0001681D8F8042022F00302931B0F2BF0DD28
:1091F0002046D8E9025408EB060146F00106C8F8FB
:109200000460EC60A56043F00104C7E90411C1E902
:1092100002CC4C6048F8023000F0F4F908F108057F
:1092200002E00C2323600025284603B0BDE8F08F40
:109230004FF4007340204FF03F0C73E7D3689A421D
:1092400008BF02307FF440AF3D69DFF858C1654583
:1092500082D17A688310012199409142A7D9BD68D3
:109260006B6823F003094E4503D8A9EB06030F2BC7
:109270007ADCDFF834B1474BDBF800201B680132A1
:10928000334405EB090A00F0338103F580530F33B3
:1092900023F47F6828F00F084146204600F0A4FD23
:1092A000411C024600F0F380824500F2EE803A4B0A
:1092B000196841441960084600F04E81DBF800103F
:1092C000019301311BBFA2EB0A0A5044CBF80020E6
:1092D000186012F0070B00F01781CBF108010A4467
:1092E000CBF5805190440831A1EB0801C1F30B0A82
:1092F00051462046009200F077FD421CDDE9002334
:1093000000F04F81801A00EB0A081968BA6048F033
:1093100001005144BD425060196000F02981B9F14B
:109320000F0F40F227816868A9F10C0C2CF0070C94
:1093300000F0010040EA0C0068604FF0050E05EBFC
:109340000C00BCF10F0FC0E901EE00F23281506851
:109350001546124B1A688A4238BF1960104B1A68BA
:109360008A4238BF196094E0AA1943F0010346F01D
:1093700001066E602046BA60536000F043F908357C
:10938000284603B0BDE8F08FD9681A44A1E600BFB3
:109390003C04002054390120243901204C3901209B
:1093A000503901204404002044080020B2F5206F09
:1093B0004FEA522363D3142B00F2B78003F15C0110
:1093C000C9005B3307EB010E7958AEF1080E8E45EC
:1093D00000F091804B6823F00303934202D989681F
:1093E0008E45F7D1D1F80CE07A68C5E9021ECEF8B7
:1093F0000850CD60D6E6142B59D9542B00F29D802D
:10940000330B03F16F0003F16E0CC3008AE60EF11B
:10941000010E1EF0030F05F108057FF4D5AE51E0F3
:10942000424445465368D8F80C1043F0010353609A
:1094300055F8083F2046D9608B6000F0E3F8F3E66A
:10944000F00806F1080237E62A442046536843F044
:1094500001035360083500F0D5F8E5E6A919204668
:1094600046F0010643F001046E60C7E90411C1E94A
:1094700002CC4C60AB5000F0C5F80835D4E6930937
:1094800003F13901C90038339CE7BD425FD0BD68A4
:10949000686820F003084645A8EB060302D80F2BA6
:1094A0003FF762AF204600F0ADF80025BCE603F1BF
:1094B0005C0003F15B0CC30034E659F808394B45F6
:1094C00040F0968010F0030F00F1FF30F5D17B687B
:1094D00023EA01037B60490099423FF6C0AE19B907
:1094E000BDE649000EF1040E1942FAD0704667E657
:1094F00003F11008D0E69A104FF001087B6808FAD3
:1095000002F21A437A6070E702EB08014942C1F3A4
:109510000B0A51462046009200F066FC431CDDE930
:1095200000237FF4EFAEDA46EFE6542B25D8130B79
:1095300003F16F01C9006E3344E7B3F5AA7F25D864
:10954000F30B03F1780003F1770CC300EAE5294B34
:10955000186840441860B1E6CAF30B0CBCF1000F68
:109560007FF4ACAEBD68C84448F001006860F0E626
:109570001546EEE60123536094E7B3F5AA7F23D89E
:10958000D30B03F17801C90077331BE740F2545243
:10959000934223D8B30C03F17D0003F17C0CC3008C
:1095A000C0E5ABF1080BD844A8EB02084FF0000A65
:1095B000ABE605F1080120460093FFF75BFCBD68B0
:1095C000009B68681968C4E640F254518B420BD87E
:1095D000930C03F17D01C9007C33F3E64FF47E73F5
:1095E0007F204FF07E0C9DE54FF47E717E23E9E6EF
:1095F0007B6870E7243901200148FFF749BD00BFAF
:10960000183901200148FFF745BD00BF1839012076
:10961000C36C70B505460C464BB153F8240080B1BD
:10962000026843F824200023C0E9033370BD2122DF
:10963000042100F0FFFC0346E8640028EDD100207F
:1096400070BD012101FA04F6721D9200284600F057
:10965000F1FC0028F3D0C0E90146E4E731B1C36C66
:109660004A6853F82200086043F82210704700BF90
:10967000F0B50C69064683B00D4601F1140E0020CA
:10968000DEF800101FFA81FC02FB0C334FEA134C8A
:10969000090C02FB01CC01309BB203EB0C4384426A
:1096A0004EF8043B4FEA1C43EADC3BB1AA68A242F5
:1096B00007DD05EB8402013453612C61284603B0B9
:1096C000F0BD6968019301313046FFF7A1FF019BAE
:1096D0000746B8B12A690193023205F10C019200E4
:1096E0000C30F7F75BF9F26C6968019B52F82100C6
:1096F000286042F821503D4605EB84020134536155
:109700002C61DBE7024B03483A46B52100F072FCBE
:10971000B8C200084CC30008030C1B04D3B90004F2
:10972000102310F07F4F04BF0002083310F0704F79
:1097300004BF0001043310F0404F04BF8000023327
:10974000002805DB10F0804F03F1010308BF202340
:10975000184670470023E4E7036813F00702014648
:1097600007D0DA071FD4980721D55B080B600120CA
:10977000704798B2A0B11046DAB20AB908301B0A95
:109780001A0704BF1B0904309A0704BF9B08023064
:10979000DA0703D45B0800F1010006D00B607047C4
:1097A0001B0C1020E8E700207047202070479B0822
:1097B0000B600220704700BF38B5C36C04460D46ED
:1097C0004BB15868B0B102685A6000220123C0E969
:1097D0000435C26038BD2122042100F02BFC034671
:1097E000E0640028EDD1094B094800224FF4A07134
:1097F00000F000FC1C220121204600F01BFC002888
:10980000F1D001220223C0E90123DEE7B8C200083B
:109810004CC300082DE9F04F0E691569AE4285B0C2
:109820008846144605DB2A46234635460C4616462E
:109830009846A3686168AF19BB42B8BF0131FFF712
:10984000E7FE0190002800F08680019B03F11409D7
:1098500009EB870AD14505D24B46002243F8042B79
:109860009A45FBD808F1140808EB860B04F11403A1
:10987000D8451A4603EB85055FD22B1B153B23F019
:10988000030304331534A54238BF0423CDE902A7EE
:10989000AC461F46924605E0000C29D1C34509F1AC
:1098A000040948D958F8040B85B2002DF4D0564667
:1098B0004C46002356F8040B216882B21FFA81FE41
:1098C00005FB02EE000C0A0C734405FB002202EBC0
:1098D00013429BB243EA0243B44544F8043B4FEAC7
:1098E0001243E7D849F8073058F8040C000CD5D0DB
:1098F000D9F80030544619464D4600222688090CF6
:1099000000FB06110A449BB243EA024345F8043BBC
:1099100054F8046B2968360C8BB200FB063303EB5A
:109920001243A4454FEA1342E8D8C34549F807302B
:1099300009F10409B6D8DDE902A7002F02DC05E031
:10994000013F03D05AF8043D002BF9D0019807617C
:1099500005B0BDE8F08F034B0348019A40F25D115A
:1099600000F048FBB8C200084CC3000812F0030323
:109970002DE9F0411446064632D10D46A41020D000
:10998000D6F84880B8F1000F33D0E3074FF0000756
:1099900007D4641015D0D8F80000A8B18046E307BA
:1099A000F7D5424629463046FFF734FFB5B169681E
:1099B000F36C641053F821202A6043F821500546C7
:1099C000E9D12846BDE8F081424641463046FFF7DE
:1099D00021FFC8F8000007608046E0E70546D8E7A9
:1099E000013B0F4A52F823200023FFF741FE0546B2
:1099F000C4E701213046FFF70BFE804640B101234A
:109A000040F27122C0E904320023B0640360BCE775
:109A1000044B054842464FF4A07100F0EBFA00BF3A
:109A2000C0C40008B8C200084CC300082DE9F047C4
:109A30000C4690462669A368496806EB6216751CB9
:109A40009D4207464FEA621904DD5B009D4201F129
:109A50000101FADC3846FFF7DBFD8446002851D0CF
:109A6000B9F1000F00F114000EDD09F105024FEA13
:109A7000820E03460CEB8202002143F8041B934242
:109A8000FBD1AEF114031844216904F1140318F05A
:109A90001F0803EB81012DD0C8F1200986464FF045
:109AA000000A1A6802FA08F242EA0A024EF8042B87
:109AB00053F8042B994222FA09FAF2D80B1B153BF2
:109AC00023F00303043304F11502914238BF042349
:109AD000BAF1000F18BF2E4640F803A0FB6C626875
:109AE000CCF8106053F822102160604643F8224001
:109AF000BDE8F087043853F8042B40F8042F99424E
:109B0000F9D8EBE7034B0448624640F2D91100F064
:109B100071FA00BFB8C200084CC300080B69844644
:109B20000069C01A16D10CF1140C14310CEB83022D
:109B300010B401EB830301E0944508D252F8044DC0
:109B400053F8041D8C42F7D005D24FF0FF305DF87A
:109B5000044B7047704701205DF8044B704700BF0D
:109B60002DE9F84F0F691369FF1A002F0E46904632
:109B70007AD101F11405143202EB830205EB830361
:109B800001E09D4273D253F8041D52F8044DA142E6
:109B9000F7D064D37168FFF73BFD8146002872D08F
:109BA0003569D8F81020C76008F1140E06F11400CA
:109BB00009F1140A06F1100C0EEB820200EB850786
:109BC000564600215EF8044B5CF804BFA3B211FABC
:109BD0008BF1CB1A210CC1EB1B4101EB23419BB252
:109BE00043EA0143724546F8043B4FEA2141E9D874
:109BF000A2EB0804153C08F11508424524F00306C1
:109C000006F1040638BF0426304424F0030238BFAE
:109C1000002287425244B24416D95646044654F8AC
:109C2000043B11FA83F10A1402EB134289B241EAB0
:109C30000243A74246F8043B4FEA2241EFD87A1E7E
:109C4000101A20F00302524423B952F8043D013D9A
:109C5000002BFAD0C9F810504846BDE8F88F3346BB
:109C600001274646984695E7F9DB002792E7002151
:109C7000FFF7CEFC814668B101220023C9E9042325
:109C80004846BDE8F88F074B07484A464FF4107125
:109C900000F0B0F9034B04484A4640F2322100F08C
:109CA000A9F900BFB8C200084CC300082DE9F04371
:109CB000884683B0012157EC106B1546FFF7A8FCCE
:109CC000044600284FD0C7F30A59C7F31303B9F16C
:109CD000000F01D043F48013002E019324D0684676
:109CE0000096FFF739FD002839D0DDE90013C0F1F7
:109CF000200203FA02F20A43C34062610193002B7F
:109D000014BF02220122A3612261B9F1000F16D013
:109D1000A9F233430344C0F13500C8F8003028608D
:109D2000204603B0BDE8F08301A8FFF715FD019BB5
:109D30006361012220302261B9F1000FE8D104EB08
:109D40008203A0F23240C8F800001869FFF7E4FC73
:109D5000C0EB42102860204603B0BDE8F083009BB2
:109D60006361019BCBE7034B0348224640F20A3173
:109D700000F040F9B8C200084CC3000853EC102BA7
:109D800070B5164E23F000410025B142044605602F
:109D900021DC10EE106A0E431DD0114E1E401846F5
:109DA00066B91946002210EE100A0E4BF6F7E4FBD6
:109DB0006FF035050246084621F0004120F0FF40D3
:109DC000091520F4E000A1F2FE3140F07F53294450
:109DD00043F40013216043EC102B70BDFFFFEF7FB5
:109DE0000000F07F0000504338B5074D00220446C4
:109DF00008462A60F7F7F8FB431C00D038BD2B68F3
:109E0000002BFBD0236038BD5839012030B540EA23
:109E10000104A30701D1032A0FD8844601F1FF3EB4
:109E200007E01EF8011F03F8011B541EC1B19C4638
:109E300022466346002AF4D130BD0B4684461946BB
:109E400053F8045BA5F1013424EA050414F0803FC3
:109E5000E4D1043A032A4CF8045B1946EFD8DDE755
:109E60006244002CE8D003F8011B9342FBD130BDC3
:109E70002DE9F04F936883B09146002B6ED01768A0
:109E80008D6880460C460868083744E0A38913F4BF
:109E9000906F2ED0D4E90415A0EB010A05EB45051F
:109EA00005EBD5750AEB06006D100130A8422A4675
:109EB00084BF05462A465B0537D511464046FFF765
:109EC000EBF800283BD0524621690190F6F766FD79
:109ED000A289019B22F4906242F08002A281A5EB4C
:109EE0000A0203EB0A006561A26023612060354627
:109EF000B2465946524600F0FDF8A068D9F808105D
:109F00002368451B8E1B03EB0A00A5602060C9F87F
:109F100008601EB3083757E902B6002EFAD0B542E2
:109F2000AA46B3D93546B246E3E7404600F05EF9AB
:109F300003460028D3D121694046FEF79BFF0C233E
:109F4000C8F80030A389002243F040034FF0FF30EF
:109F5000A381C9E9012203B0BDE8F08F0020C9F850
:109F6000040003B0BDE8F08F2DE9F047DFF880A0D2
:109F70000646DAF8000098460F469146FFF788F843
:109F80001A4B1B68D3F8484124B365681F2D26DCA3
:109F90005EB96B1C0235DAF80000636044F8257086
:109FA000FFF778F80020BDE8F08704EB8501012376
:109FB000C1F88890D4F88821AB401A43022EC4F827
:109FC0008821C1F80881E4D1D4F88C211343C4F866
:109FD0008C31DEE703F5A674C3F84841D5E7DAF81B
:109FE0000000FFF757F84FF0FF30DCE740C20008F1
:109FF0003804002000B50B4C25681446EE681A465C
:10A0000085B003460D464CB107490095CDE90114D2
:10A010003046064900F03EF801F0C2FA04490C4609
:10A02000F3E700BF0C000020CCC40008DCC400082B
:10A03000D8C4000810B502FB01F1FFF72DF8044663
:10A0400068B150F8042C22F00302043A242A18D8EC
:10A05000132A06D802460023C2E900339360204643
:10A0600010BD00231B2AC0E900330FD9242AC0E900
:10A07000023311BF00F11002036100F118024361C5
:10A08000E9E70021FCF76CF8204610BD00F108025A
:10A09000E1E700BF0EB410B583B005AB064C53F832
:10A0A000042B01930146206800F0C8FA03B0BDE814
:10A0B000104003B0704700BF0C000020014B93F824
:10A0C000280170474C08002082B049B15AB16BB1E9
:10A0D00013780B601278101E18BF012002B0704771
:10A0E00001A9002AF3D1104602B070476FF00100B9
:10A0F000F4E700BF88420DD98B1883420AD900EBE0
:10A10000020CBAB1624613F801CD02F801CD9942B2
:10A11000F9D170470F2A0ED8034602F1FF3C4AB12D
:10A120000CF1010C013B8C4411F8012B03F8012FB9
:10A130006145F9D1704740EA01039B0750D1A2F174
:10A14000100370B501F1200C23F00F0501F1100E82
:10A1500000F11004AC441B095EF8105C44F8105C7C
:10A160005EF80C5C44F80C5C5EF8085C44F8085C33
:10A170005EF8045C44F8045C0EF1100EE64504F150
:10A180001004E9D1013312F00C0F01EB031102F0BE
:10A190000F0400EB031327D0043C24F003064FEA1E
:10A1A000940C1E441C1F8E465EF8045B44F8045F4A
:10A1B000B442F9D10CF1010402F0030203EB840371
:10A1C00001EB840102F1FF3C4AB10CF1010C013BAF
:10A1D0008C4411F8012B03F8012F6145F9D170BDB2
:10A1E00002F1FF3C03469BE72246EBE72DE9F84FDF
:10A1F0001746002900F0988007F10B0580460C46B1
:10A20000FFF7FAF9162D5DD810252A46AF425ED821
:10A2100054F8041C21F003069642A4F1080962DAFE
:10A22000BC4BD3F808C009EB0600844500F09780CA
:10A23000D0F804C02CF0010303445B68DB0768D44A
:10A240002CF0030C06EB0C03934247DACB0710D437
:10A2500054F8083CA9EB030ADAF8043023F00301B0
:10A260008C44B444944580F211817318934280F277
:10A27000E88039464046FEF70FFF0746E0B154F844
:10A28000043C23F001034B44A0F10802934200F088
:10A29000D280321F242A00F2F580132A00F2AC800B
:10A2A00003462246116819605168596092689A60A5
:10A2B00021464046FEF7DEFD4046FFF7A3F938464B
:10A2C000BDE8F88F25F00705002D2A469EDA0C23FD
:10A2D000C8F8003000273846BDE8F88F1E46D0E9A0
:10A2E0000223D3609A60731B0F2B22D8D9F8043055
:10A2F00003F0010333434E44C9F80430736843F05C
:10A300000103736040462746FFF77CF93846BDE8F5
:10A31000F88FC907ADD454F8083CA9EB030ADAF862
:10A32000041021F00301A0E7BDE8F84F1146FEF745
:10A33000B3BED9F8041001F001012943C9F8041093
:10A3400009EB05014E4443F001034B60736843F091
:10A350000103083173604046FEF78CFDD2E7DCF85C
:10A36000040020F0030B06EB0B0C05F110008445F4
:10A370004DDAC9073FF57DAF54F8081CA9EB010A77
:10A38000DAF8041021F003018B44B34458453FF739
:10A390006CAF5746DAF80C1057F8080F321F242A12
:10A3A000C160886000F2DB80132A40F2D680216809
:10A3B000CAF808106168CAF80C101B2A00F2DF8086
:10A3C00008340AF110022168116061685160A168C7
:10A3D00091600AEB0501ABEB050242F001029960C6
:10A3E0004A60DAF8043003F001031D434046CAF81E
:10A3F0000450FFF707F96EE7236803606368436062
:10A400001B2A68D804F1080200F108034AE709EBA7
:10A4100005029A60ACEB050343F00103536054F866
:10A42000043C03F001031D43404644F8045CFFF77D
:10A43000E9F827464FE750F8043C23F003031E4495
:10A4400051E75746DAF80C1057F8080F321F242A44
:10A45000C16088604CD8132A48D92168CAF808100E
:10A460006168CAF80C101B2A56D808340AF1100289
:10A470001E462368136063685360A3689360D146E7
:10A480003C4630E72146FFF735FE11E7D0E90213DD
:10A490005746CB60996057F8081FDAF80C30CB604C
:10A4A000321F242A99602DD8132A29D92368CAF883
:10A4B00008306368CAF80C301B2A42D808340AF105
:10A4C000100322681A6062685A60A2689A60664641
:10A4D000D1463C4607E7A3688360E368C360242A4B
:10A4E00026D004F1100200F11003DBE63A46BFE784
:10A4F000214638461E46D146FFF7FCFD3C46F2E6B3
:10A500003B46DEE7214638466646D146FFF7F2FD78
:10A510003C46E8E63C040020A168CAF81010E16857
:10A52000CAF81410242A20D010340AF118029FE728
:10A53000236903616169416104F1180200F11803A4
:10A54000B0E6A368CAF81030E368CAF81430242AC9
:10A5500021D010340AF11803B3E73A4633E7214615
:10A560003846FFF7C7FD164B33E72269CAF81820B3
:10A570006269CAF81C2018340AF1200278E7A16841
:10A58000CAF81010E168CAF81410242A0DD010344B
:10A590000AF1180217E72369CAF818306369CAF884
:10A5A0001C3018340AF120038BE72269CAF81820FE
:10A5B0006269CAF81C2018340AF1200203E700BFC0
:10A5C0003C0400202DE9F84F4B6E9C0490462DD59D
:10A5D0009368126843B38B46064602F1080959E9AD
:10A5E000025A5FEA9A0715D0043D002401E0A74211
:10A5F0000ED055F8041F5A46304601F08BF9431C23
:10A6000004F10104F3D10023C8E90133BDE8F88F58
:10A61000D8F808302AF0030AA3EB0A03C8F8083078
:10A6200009F10809002BDAD10020ECE701F0A6F9C6
:10A630000023C8E90133BDE8F88F00BF2DE9F04FD2
:10A640002DED028BBBB008EE101A08EE900A1C46E6
:10A650001746039318B1836B002B00F09C8218EE11
:10A66000102A536EDE0740F19E81B2F90C108AB2B7
:10A67000900409D441F4005218EE101A4B6E8A81EE
:10A6800023F4005392B24B66110740F1F88018EEA4
:10A69000103A1B69002B00F0F28002F01A030A2B1B
:10A6A00000F0FE8011AB0E930023CDE90F33CDE90E
:10A6B000083306930DF14409079302933B78002B6E
:10A6C00000F05B813C4604E014F8013F002B00F0F1
:10A6D0003481252BF8D1E51B40F031812378002B04
:10A6E00000F04B814FF0000300258DF83330671CDC
:10A6F000637801954FF0FF3B2B240137A3F1200233
:10A700005A2A00F26181DFE812F0AB025F015F01BB
:10A71000A7025F015F015F016A005F015F014902FB
:10A720007E025F015402B9025F01B5025B005B006B
:10A730005B005B005B005B005B005B005B005F013C
:10A740005F015F015F015F015F015F015F015F0109
:10A75000360284005F015F015F015F015F015F01FD
:10A760005F015F015F015F01E5005F015F015F0164
:10A770001A025F016C025F015F0148055F015F0122
:10A780005F015F015F015F015F015F015F015F01C9
:10A79000360286005F015F015F0162028600800071
:10A7A0005F0158025F019402E700820280005F01AE
:10A7B0001A027E0068055F015F016A055F017E0085
:10A7C000A3F13002002117F8013B01EB810102EBFC
:10A7D0004101A3F13002092AF5D901918EE718EE63
:10A7E000900AFEF74DFC436808931846F6F788F97F
:10A7F0000990064618EE900AFEF742FC836807931C
:10A80000002E40F0A5843B7877E73B7845F02005A3
:10A8100073E745F01005AC06039E40F182810736D0
:10A8200026F007063246736852F8086B0392984682
:10A83000002BC0F25584BBF1FF3F00F03A8556EA89
:10A84000080325F0800A00F030840A2E78F1000316
:10A8500080F0E784303601238DF8E7605546009399
:10A860000DF1E704009A9DF833305A45B8BF5A46B7
:10A870009046002B00F0B78002F10108B3E018EE1B
:10A88000101A18EE900A18EE105A00F01FFE002859
:10A8900040F0A885AA8902F01A030A2B7FF402AFC0
:10A8A00018EE101AB1F90E30002BFFF6FBAE4B6E0E
:10A8B000DE0702D4950540F1738518EE101A18EEE4
:10A8C000900A23463A463BB0BDEC028BBDE8F04F00
:10A8D00000F0AEBD45F0100515F0200800F0128123
:10A8E000039E073626F007063346D6F8048053F851
:10A8F000086B039325F4806A00234FF000028DF863
:10A900003320BBF1FF3F00F0D38156EA08022AF062
:10A91000800540F0CC81BBF1000F40F0CD84002BCE
:10A9200040F0C8831AF00103009300F0F88330234D
:10A930008DF8E7300DF1E70494E7E51B1DD00F9B80
:10A94000109A01332A44072BC9E9007510920F931E
:10A9500005DC09F10809029B2B440293BEE6002A9C
:10A9600000F09F8318EE101A18EE900A0EAAFFF757
:10A9700029FE40B90DF14409EDE7109B002B40F092
:10A98000208500230F9318EE102A536ED90740F14B
:10A99000AE8093895B0600F12E8502983BB0BDEC3A
:10A9A000028BBDE8F08FB2F90C108D0518EE103A4D
:10A9B0008AB23FF55DAE18EE105A986DFEF768FB4F
:10A9C000B5F90C108AB253E6002BD6D08DF884303E
:10A9D0004FF001084FF000038DF83330CDF80080C0
:10A9E00021AC4FF0000B15F00203049318BF08F1DF
:10A9F000020815F08403059305D1019BA3EB08061B
:10AA0000002E00F37F82DDE90F21501C9DF833609A
:10AA10008EB10DF133020131C9F8002007284FF043
:10AA20000102CDE90F01C9F8042000F34C8202466F
:10AA300009F108090130049BEBB10DAB0231C9F8F3
:10AA4000003007284FF00203CDE90F01C9F80430A8
:10AA500040F35382002900F01F8318EE101A18EEFD
:10AA6000900A0EAAFFF7AEFD00288CD1DDE90F2178
:10AA70000DF14409501C059B802B00F05A81009B6E
:10AA8000ABEB0306002E00F3BD81009BC9F800402C
:10AA900019440728CDE90F01C9F8043040F3468175
:10AAA000002900F0858218EE101A18EE900A0EAAFE
:10AAB000FFF788FD00287FF466AF10990DF1440977
:10AAC000680705D5019BA3EB0804002C00F37A82EC
:10AAD000DDE901234245ACBF9B18434402930029A2
:10AAE00040F0E08100230F930DF14409E6E59389DE
:10AAF0009A053FF54FAF18EE104AA06DFEF7CAFA5F
:10AB0000A38947E715F0100340F03A8315F040029F
:10AB100000F0F983039A52F8046B03929846B6B298
:10AB2000E8E656F8043B0396E80600F1048369065C
:10AB300040F1FE8243F3C0381EB2434678E6039EDE
:10AB400056F8044B4FF000038DF83330002C00F022
:10AB5000C183BBF1FF3F00F045835A4600212046E8
:10AB6000F6F73EF8002800F02084031B00930396BC
:10AB70004FF0000B76E6039E4FF000038DF8333064
:10AB80004FF0010856F8043B8DF884300396CDF859
:10AB9000008021AC25E700F0D7FD60E5039B53F86A
:10ABA000042B0192002A80F2B682019A039352424A
:10ABB00001923B7845F004059FE53B786C2B03BF81
:10ABC0007B7845F02005013745F0100595E53B7889
:10ABD000682B03BF7B7845F40075013745F04005CD
:10ABE0008BE545F0100A1AF0200800F06A82039EF7
:10ABF000073626F007063346D6F8048053F8086B6C
:10AC00000393012379E63B788DF8334075E5039B88
:10AC100053F8046B039330238DF8343078238DF888
:10AC20003530C14B069345F0020A4FF0000802236D
:10AC300063E6AE0600F19A82EC0600F143836806F3
:10AC400000F1A083A90540F13D83039E029A56F8C6
:10AC5000043B03961A7031E53B7845F001054CE55D
:10AC60009DF83330002B7FF4CEAD20238DF83330A8
:10AC70003B7842E53B7845F080053EE5394611F8E2
:10AC8000013B2A2B00F0C083A3F13002092A0F46B2
:10AC90004FF0000B3FF632AD17F8013B0BEB8B0B7F
:10ACA00002EB4B0BA3F13002092AF5D926E5AA469F
:10ACB000012B3FF4CAAD022B3AAC12D1069A06F032
:10ACC0000F033609D35C04F8013D46EA08764FEAE3
:10ACD000181856EA0803F2D13AAB1B1B55460093ED
:10ACE000C0E506F00703F60846EA48764FEAD808BA
:10ACF000303356EA0801224604F8013DF1D11AF03A
:10AD0000010FE9D0302BE7D03023023A04F8013CA0
:10AD10003AAB9B1A554600931446A3E5009911944B
:10AD20000123129110910F930DF1440909F10809C3
:10AD3000C6E6019BA3EB0806002E7FF7A0AE102EFF
:10AD400040F35E83DFF8E4A15346CDE90445BA46FB
:10AD500018EE904A18EE105A084696461F4607E02D
:10AD60000EF1020C09F108099646103E102E1FDD67
:10AD70000EF1010210301023072ACDE90F20C9F887
:10AD80000070C9F80430EBDD0EAA002800F09580B1
:10AD9000294620460DF14409FFF714FC00287FF4F2
:10ADA000F2ADDDE90FE0103E102E0EF1010CDFDCFC
:10ADB000DDE904453B46014657469A463144BCF11D
:10ADC000070FCDE90FC1C9F800A0C9F8046040F32E
:10ADD000A981002900F0C68218EE101A18EE900A18
:10ADE0000EAAFFF7EFFB00287FF4CDAD009BDDE955
:10ADF0000F21ABEB0306002E02F101000DF1440917
:10AE00007FF743AE102EDFF824A137DD5346CDE99E
:10AE10000445BA4618EE904A18EE105A4FF0100B3F
:10AE2000084694461F4607E00CF1020E09F1080996
:10AE30009446103E102E1ADD0CF101021030072A44
:10AE4000C9E9007BCDE90F20EEDD0EAA20B329462B
:10AE500020460DF14409FFF7B5FB00287FF493ADC0
:10AE6000DDE90FC0103E102E0CF1010EE4DCDDE92F
:10AE700004453B460146574670469A4631440728EA
:10AE8000CDE90F01C9F800A0C9F8046000F3EE8015
:10AE900009F108090130F8E54FF0010E84460DF183
:10AEA0004409C6E718EE101A18EE900A0EAAFFF72A
:10AEB00089FB00283FF416AE65E54FF0010C86468D
:10AEC0000DF1440951E7002900F0E38018EE101A53
:10AED00018EE900A0EAAFFF775FB00287FF453AD19
:10AEE000DDE90F210DF14409501CA4E502210DAB51
:10AEF0001291119301200DF14409024609F108094C
:10AF0000501CB8E5102E40F35682DDE90FC1DFF882
:10AF100020A0CDE90A451023544618EE105A18EE29
:10AF200090AA08460EE000BF54C200082CC50008D5
:10AF30001CC500080CF1020E09F108099446103EE8
:10AF4000102E1CDD0CF101021030072AC9E9004364
:10AF5000CDE90F20EEDD0EAA20B3294650460DF1B3
:10AF60004409FFF72FFB00287FF40DADDDE90FC08A
:10AF7000103E102E0CF1010E4FF01003E2DCA24641
:10AF80000B9D0A9C014672463144072ACDE90F21E8
:10AF9000C9F800A0C9F8046000F3AB8009F1080902
:10AFA000501C33E584464FF0010E0DF14409C6E70D
:10AFB0006C070F9152D5019BA3EB0804002C4DDDCB
:10AFC0000DF14409102C40F30882DFF85CA40F9ABD
:10AFD0000B46BB464946574618EE109A18EE90AA03
:10AFE000102505E0901C08313246103C102C18DD6D
:10AFF000561C1033072EC1E90075CDE90F63F1DD52
:10B000000EAA3BB349465046FFF7DCFA00287FF40E
:10B01000BAACDDE90F23103C102C02F1010011A99C
:10B02000E6DC8946BA4619465F4621440728C9E945
:10B0300000A4CDE90F017FF74BAD79B118EE101ADE
:10B0400018EE900A0EAAFFF7BDFA00287FF49BAC19
:10B0500010993DE501201A4611A9C6E7DDE9012353
:10B060004245ACBF9B18434402933BE500293FF4A3
:10B0700055AE18EE101A18EE900A0EAAFFF7A2FAB3
:10B0800000287FF480AC0F98109901300DF144092D
:10B09000FBE4049B002B79D101200A460DF1440901
:10B0A000E9E40F920DF1440955E4BBF1000F7FF480
:10B0B000D1AB55464FF0000BCDF800B03AACFFF7DE
:10B0C000D1BB1AF010033CD11AF0400200F00C8101
:10B0D000039A52F8046B03929846B6B201230CE42B
:10B0E0002D2376428DF8333068EB4808AA460123B9
:10B0F00007E400297FD018EE101A18EE900A0EAA65
:10B10000FFF760FA00287FF43EACDDE90F210DF176
:10B110004409501C7AE403933B78FFF7EEBA3AAC4B
:10B12000FFF7A0BB09F108090CF101006246A6E493
:10B13000AA0500F12F814FEAE3781E464346FFF748
:10B1400077BB039B53F8046B03930123FFF7D5BB35
:10B15000079B002B3FF457AB079B1B78002B3FF45A
:10B1600052AB3B7845F48065FFF7C7BADDE90216BC
:10B1700056F8042B0396CB17C2E90013FFF79EBACB
:10B18000039B53F8046B0393FFF7B4BB02210DAB91
:10B19000129111930DF14409B0E6A04A069215F000
:10B1A000200836D0039E073626F007063246D6F82A
:10B1B000048052F8086B0392EA0709D556EA0802A0
:10B1C00006D08DF83530302345F002058DF8343047
:10B1D00025F4806A0223FFF790BBAA4603E5904A54
:10B1E0000692DCE720460396F5F78AFC4FF0000B49
:10B1F0000090FFF737BB9DF83320002A00F0B8809D
:10B2000001200DF13302129011920DF14409014613
:10B210000DE415F0100242D0039A52F8046B039229
:10B22000CAE70AF48063CDF800A0CDF81090BA46C2
:10B23000DDF81C9000253AAC1F4609E03046414637
:10B24000F5F7E4FD0A2E78F100031BD30646884685
:10B25000304641460A220023F5F7D8FD1146303129
:10B2600004F8011C0A220023013C0135002FE5D01F
:10B2700099F80010A942E1D1FF2DDFD00A2E78F114
:10B2800000035BD257463AABDDF800A0CDF81C9026
:10B290001B1BDDF8109000935546FFF7E3BA15F03D
:10B2A00040013ED0039951F8046B03919046B6B229
:10B2B00082E7AA46FFF7C9BA012BAA467FF4FBAC86
:10B2C000FFF7C8BA039E029A56F8043B1A60039629
:10B2D000FFF7F4B95B46062B28BF0623514C0093B9
:10B2E00003969846FFF77DBB039B1AF4007814BFC2
:10B2F00053F8046B53F8046B03931CBF9046F6B2EB
:10B300000123FFF7FABA039B15F4007814BF53F832
:10B31000046B53F8046B03931CBF9046F6B2FFF71F
:10B32000E9BA039A15F4007814BF52F8046B52F886
:10B33000046B03921CBF8846F6B23DE7099B08994F
:10B34000E41A1A462046FEF761FD99F801300BB168
:10B3500009F10109304641460A2200230025F5F78C
:10B3600055FD73E701200A460DF14409FFF787BB3D
:10B37000049B002B7FF4BAAD0A4601200DF144096D
:10B38000FFF77DBB039E029A56F8043B03961A8092
:10B39000FFF794B943F3C0185EB24346FFF748BACB
:10B3A000886DFDF777FEFFF788BACDF800B00396F9
:10B3B0008346FFF757BA0F9A1099DFF86CA0013255
:10B3C000E2E518EE101A18EE900A0EAAFFF7FAF846
:10B3D00000283FF4D6AAFFF7D6BA0F98DFF848A0A6
:10B3E000013022E66B6EDB0705D4AB899F0502D4E2
:10B3F000A86DFDF74FFE4FF0FF330293FFF7CDBA74
:10B40000DFF828A08446D9E4039A7B780F4652F8E7
:10B41000041B039241EAE17BFFF76FB968C20008A1
:10B4200054C200087CC200081CC500082CC50008D6
:10B4300070B50C468989ADF58E6D21F00201ADF82D
:10B440001410616E1B91E189ADF81610E169099144
:10B45000616A0B911CA9029106914FF48061064626
:10B460000491079118A80021CDE900320891FDF759
:10B470000BFEDDE9003202A93046FFF7DFF8051EBA
:10B4800007DB02A9304600F02BF9002818BF4FF067
:10B49000FF35BDF814305B0603D5A38943F04003A4
:10B4A000A3811898FDF7F2FD28460DF58E6D70BD4D
:10B4B00049B1FF2A02D80A70012070478A2303602D
:10B4C0004FF0FF3070470846704700BF38B5334B28
:10B4D0001B6805460C460BB19A6B12B3B4F90C30DD
:10B4E00018079AB225D5216900292DD012F0010044
:10B4F00007D00020A06060694042A06139B10020FF
:10B5000038BD950758BF6069A0600029F7D11206C1
:10B5100058BF0846F4D543F04003A3814FF0FF30F5
:10B5200038BD184600F010F9B4F90C3018079AB27B
:10B53000D9D4D1062AD5520714D4216943F008037F
:10B54000A3819AB20029D1D102F42070B0F5007F16
:10B55000CCD02146284600F0ADFBB4F90C3021696F
:10B560009AB2C3E7216B51B104F14002914204D079
:10B570002846FDF77FFCB4F90C30002222632169D4
:10B580000022C4E9001223F02403D7E7092243F084
:10B5900040032A604FF0FF30A38138BD0C0000202B
:10B5A00008B5062000F0F6FB0120F5F7A6FF00BF66
:10B5B000B1F90C202DE9F0410C461107804647D423
:10B5C000636842F40062002BA2815EDDA56A002D53
:10B5D00058D00023D8F80060C8F8003093B212F4B5
:10B5E000805256D10123E1694046A847431C67D0E9
:10B5F000A389A56A5F0705D56368C01A236B0BB1E1
:10B60000E36BC01AE169024600234046A847411C8B
:10B6100041D1D8F80030002B3DD01D2B01D0162B86
:10B6200056D1A3892269226023F40063002161605E
:10B63000A381216BC8F8006021B304F14003994253
:10B6400002D04046FDF716FC00202063BDE8F081E3
:10B650002669BEB193B2256826609A070CBF63695C
:10B660000023AD1BA3600BE02B463246E169676AFD
:10B670004046B847B0F1000CA5EB0C05664417DD59
:10B68000002DF1DC0020BDE8F081E36B002B9DDC98
:10B69000F8E7206DAEE7B4F90C302269226023F49C
:10B6A0000063A3810022DB046260C2D52065C0E78D
:10B6B000A38943F040034FF0FF30A381BDE8F08140
:10B6C000D8F80030002B93D01D2B06D0162B04D0B9
:10B6D000A38943F04003A381D5E7C8F80060D1E710
:10B6E00038B50C46054608B1836BA3B1B4F90C001C
:10B6F000B8B1636EDB0701D4810515D52846214614
:10B70000FFF756FF636EDA07054602D4A3899B054F
:10B710000ED5284638BD00F017F8B4F90C00002803
:10B72000E7D10546284638BDA06DFDF7B1FCE5E739
:10B73000A06DFDF7AFFC284638BD00BF014900F001
:10B7400095BA00BFE9BF00082DE9F04782463948A5
:10B75000FDF79EFCDAF83840002C66D1DAF8045088
:10B76000354ACAF83C200323CAE9B843DFF8DC9025
:10B77000DFF8DC80314F324E04230AF53B72CAF801
:10B78000E8222146C5E90243C5E90044C5E904446D
:10B790006C660822AC6105F15C00FAF7E1FCC5E9D2
:10B7A0000759C5E90987EE6205F15800FDF76CFC01
:10B7B000DAF80850234BEB602146C5E90044C5E99F
:10B7C00004446C66AC60AC61082205F15C00FAF7D9
:10B7D000C7FCC5E90759C5E90987EE6205F15800BC
:10B7E000FDF752FCDAF80C50174BEB602146C5E927
:10B7F0000044C5E904446C66AC60AC61082205F104
:10B800005C00FAF7ADFC05F15800C5E90759C5E938
:10B810000A76C5F82480FDF737FC0123CAF83830D2
:10B820000448BDE8F047FDF735BCBDE8F0470148E6
:10B83000FDF730BC203901203DB7000885BE000867
:10B84000A5BE0008090001001200020021BE000888
:10B8500045BE00080148FDF71BBC00BF1C39012094
:10B860000148FDF717BC00BF1C3901202DE9F04746
:10B8700082B0824688461446FEF720FC012803D198
:10B8800008F1FF33FE2B36D9424604F15C0301A9CF
:10B89000504600F063FB421C064632D030B39DF8A0
:10B8A00004C00DF10509002509E023685A1C226037
:10B8B00083F800C00135B54218D219F801CBA3684E
:10B8C000013B002BA360F0DAA769BB426146224628
:10B8D000504602DBBCF10A0FE7D100F0E7FA431C47
:10B8E000E8D10646304602B0BDE8F087464630460D
:10B8F00002B0BDE8F0875FFA88FC8DF804C0064608
:10B90000CFE7A389304643F04003A38102B0BDE8EE
:10B91000F08700BF30B5536E13F0010FB2F90C3051
:10B92000144683B005469AB201D198051CD59004FF
:10B9300006D4626E43F4005342F40052A38162665F
:10B9400022462846FFF792FF636EDA07054602D4C7
:10B95000A3899B0502D5284603B030BDA06DFDF735
:10B9600099FB284603B030BDA06D0191FDF790FB17
:10B97000B4F90C3001999AB2D9E700BF9368002B53
:10B9800000F085802DE9F04FB1F90C300C46190715
:10B99000804683B0174698B225D523691BB310F0B3
:10B9A00002033D682DD04FF0000ADFF8BCB25646C6
:10B9B000B9465E453346524628BF5B464046002E98
:10B9C00052D0E169676AB847002856DDD9F80830D7
:10B9D0001B1A8244361AC9F80830002BE9D100201E
:10B9E00003B0BDE8F08F21464046FFF76FFD002809
:10B9F00040F03681B4F90C303D6898B210F0020383
:10BA0000D1D110F0010944D14E46009746B38205CA
:10BA1000D4F808B040F18380B3455A4600F2B280B2
:10BA200010F4906F40F0BF80206801924946FEF705
:10BA300061FBA368019AA3EB0B012368A160134487
:10BA4000B24623600026009B9868A0EB0A00D14410
:10BA500098600028C3D0B4F90C0080B2002ED6D173
:10BA6000D5E900960835D1E7D5E900A60835A0E765
:10BA700021464046FFF734FE80B3B4F90C3043F062
:10BA800040034FF0FF30A38103B0BDE8F08F0020EA
:10BA900070471E46AA46994618461D46009756B35B
:10BAA00088B34A46D4E904132068B24228BF32461C
:10BAB000884205D9A16803EB010B5A4500F3A68023
:10BAC000934263DCE169676A2A464046B847B0F1B1
:10BAD000000BD2DDB9EB0B09CAD00120009A9368A4
:10BAE000A3EB0B035D44A6EB0B069360002B3FF426
:10BAF00076AF002ED4D10AF1080353E902569A46D4
:10BB00000833002EF9D032460A212846F5F768F8A6
:10BB1000002800F09C800130A0EB0509C1E72068F7
:10BB20002369984216D86369B34213D86FF0004274
:10BB3000B24228BF3246E16992FBF3F2676A02FB28
:10BB400003F340464A46B847B0F1000A95DDA6EB3C
:10BB50000A0678E7B345DA4628BFB2465246494658
:10BB6000FEF7C8FAA3682268A3EB0A035244A36055
:10BB70002260002BEBD121464046FFF7B1FD0028A3
:10BB8000E5D07AE72068B34632464EE7294601926F
:10BB9000FEF7B0FA019AA3689B1AA36023681344C6
:10BBA0002360934696E723682169A3EB010B636941
:10BBB00003EB430A0AEBDA7A0BF101034FEA6A0A54
:10BBC00033445345524684BF9A46524643052CD5CA
:10BBD00011464046FDF760FA00283BD05A462169DD
:10BBE0000190F4F7DBFEA289019B22F4906242F0FF
:10BBF0008002A28103EB0B002361AAEB0B03C4F8C4
:10BC000014A0A3602060B34632460EE729465A4688
:10BC1000FEF770FA23685B44236021464046FFF735
:10BC20005FFD00283FF456AF27E74046FEF7DEFAF7
:10BC300003460028DED121694046FDF71BF9B4F91F
:10BC40000C300C2223F08003C8F8002017E7721C88
:10BC5000914627E70C22B4F90C30C8F800200EE713
:10BC60004FF0FF30BCE600BF00FCFF7F2DE9F8433A
:10BC70000746884600F538764FF00009D6E90154AA
:10BC8000013D11D4A389012B05F1FF3508D9B4F981
:10BC90000E300133214603D03846C04749EA000937
:10BCA0006B1C04F16804EDD13668002EE6D14846DD
:10BCB000BDE8F8832DE9F0418B890C46990796B0D1
:10BCC00008D504F143030122C4E90432236016B00D
:10BCD000BDE8F081B4F90E100029064627DB6A465C
:10BCE00000F0E8F9002821DB019D05F47045A5F579
:10BCF0000055B5FA85F54FF480686D094FF400677B
:10BD000041463046FDF7C8F9B4F90C30F0B1204A8D
:10BD1000F26343F08003C4F81480A38120602061A3
:10BD200035BB3B43A38116B0BDE8F081A38913F076
:10BD3000800519D04FF0400841463046FDF7ACF978
:10BD40000025B4F90C302F460028E0D19A05BED466
:10BD500023F0030304F1430243F002030121C4E989
:10BD60000421A3812260B2E74FF480682F46C7E721
:10BD7000B4F90E10304600F0B3F910B9B4F90C3034
:10BD8000CFE7A38923F0030343F001031BB2C8E705
:10BD90003DB7000838B5154B1F281D6820D8D5F8C9
:10BDA000DC22044662B152F820304BB1012B15D091
:10BDB000591C0FD0002542F820509847284638BD1E
:10BDC000284600F02BF8224601462846BDE83840B8
:10BDD00000F00EB816232B60012038BD002038BDBE
:10BDE00016232B604FF0FF3038BD00BF0C00002041
:10BDF00070B50C46084D03460026204611461C46E9
:10BE00002E60F5F76AFB431C00D070BD2B68002B39
:10BE1000FBD0236070BD00BF58390120F5F755BB3A
:10BE200010B50C46B1F90E1000F082F9002803DBC2
:10BE3000236D0344236510BDA38923F48053A3819C
:10BE400010BD00BF2DE9F0410C46B1F90C101F46A2
:10BE5000CB05054616460BD421F48051A1813B4603
:10BE6000B4F90E1032462846BDE8F04100F094B80F
:10BE7000B4F90E100223002200F044F9B4F90C10BA
:10BE8000EAE700BF10B50C46B1F90E1000F03AF920
:10BE9000A389421C0EBF23F4805343F480532065D2
:10BEA000A38110BDB1F90E1000F08CB8F8B50D46A5
:10BEB0001446064610B1836B002B43D0B4F90C2016
:10BEC000A369A360170790B21BD52369CBB1EDB26C
:10BED00081042F4622D522686169D31A994229DD4F
:10BEE0000133A1680139A160511C2160157062699C
:10BEF0009A422AD0A389DB0701D50A2D25D03846DE
:10BF0000F8BD21463046FFF7E1FA20BBB4F90C201A
:10BF1000236990B2EDB281042F46DCD442F4005282
:10BF2000A281626E616922F4005262662268D31AAD
:10BF30009942D5DC21463046FFF7D2FB58B922683A
:10BF40000123CEE7FFF700FCB8E721463046FFF7B4
:10BF5000C7FB0028D3D04FF0FF37D0E770B50546B8
:10BF600084B01C4639B10B4ED6F8E060B047431C94
:10BF700009D004B070BD0A460649D1F8E06001A9B5
:10BF8000B047431CF5D100228A2322602B6004B005
:10BF900070BD00BF4C08002038B50C46084D8446E3
:10BFA000114620461A4600232B606446F5F7CCFA6A
:10BFB000431C00D038BD2B68002BFBD0236038BD5C
:10BFC0005839012038B5074D0022044608462A603A
:10BFD000F5F7D6FA431C00D038BD2B68002BFBD0F8
:10BFE000236038BD5839012070B500294BD0064672
:10BFF0000C4610B1836B002B48D0636ED80734D544
:10C00000B4F90C30002B3ED021463046FFF7D0FA71
:10C01000E36A054633B1E169304698470028B8BF66
:10C020004FF0FF35A3891A063BD4216B41B104F1CF
:10C030004003994202D03046FCF71CFF00232363E3
:10C04000616C21B13046FCF715FF00236364FFF7F4
:10C0500001FC636E0022DB07A28127D5A06DFDF7EE
:10C0600015F8FFF7FDFB284670BDA3899905CBD4D1
:10C07000A06DFDF70DF8B4F90C30002BC4D1656E3E
:10C0800015F0010508D00025284670BDFFF75CFBC0
:10C09000636ED807B4D4E8E7A06DFCF7FBFF284631
:10C0A00070BD21693046FCF7E5FEBEE7A06DFCF7E8
:10C0B000F1FFD3E770B50C46084D03460026204635
:10C0C00011461C462E60F5F767FA431C00D070BD80
:10C0D0002B68002BFBD0236070BD00BF58390120B6
:10C0E00038B5074D0022044608462A60F5F764FA81
:10C0F000431C00D038BD2B68002BFBD0236038BD1B
:10C100005839012038B50C46084D84461146204662
:10C110001A4600232B606446F5F759FA431C00D0F9
:10C1200038BD2B68002BFBD0236038BD5839012067
:10C1300038B50C46084D8446114620461A46002361
:10C140002B606446F5F7E3F9431C00D038BD2B683B
:10C15000002BFBD0236038BD58390120F8B500BF53
:10C16000F8BC08BC9E467047F8B500BFF8BC08BCD8
:04C170009E46704730
:10C178004B45593020707265737365640D0A000071
:10C188004B45593120707265737365640D0A000060
:10C198004B45593020616E64204B45593120626F00
:10C1A800746820707265737365640D0A000000007E
:10C1B8006C65645F7461736B000000007375636382
:10C1C800657373006661696C65640000637265611C
:10C1D800742025732025730D0A00000073656E64B2
:10C1E8005F7461736B000000726563656976655FF3
:10C1F8007461736B000000006576656E745F67722A
:10C208006F75700073746172745F7461736B000092
:10C2180049444C4500000000546D72205376630079
:10C22800546D725100000000000000000102030478
:10C23800010203040607080910000020494E4600C1
:10C24800696E66004E414E006E616E0030313233C9
:10C25800343536373839616263646566000000003A
:10C268003031323334353637383941424344454624
:10C2780000000000286E756C6C290000300000007A
:10C2880020202020202020202020202020202020A6
:10C298003030303030303030303030303030303096
:10C2A8004E614E00496E66696E697479000000003F
:10C2B80042616C6C6F632073756363656564656464
:10C2C800000000002F6D6E742F776F726B737061B2
:10C2D80063652F776F726B73706163652F47434394
:10C2E8002D31302D706970656C696E652F6A656EC9
:10C2F8006B696E732D4743432D31302D706970651E
:10C308006C696E652D34385F3230323031313234F9
:10C318005F313630363138303634312F7372632F0F
:10C328006E65776C69622F6E65776C69622F6C69D0
:10C3380062632F7374646C69622F64746F612E6317
:10C34800000000002F6D6E742F776F726B73706131
:10C3580063652F776F726B73706163652F47434313
:10C368002D31302D706970656C696E652F6A656E48
:10C378006B696E732D4743432D31302D706970659D
:10C388006C696E652D34385F323032303131323479
:10C398005F313630363138303634312F7372632F8F
:10C3A8006E65776C69622F6E65776C69622F6C6950
:10C3B80062632F7374646C69622F6D707265632E8B
:10C3C80063000000000000000080E03779C34143AB
:10C3D800176E05B5B5B89346F5F93FE9034F384DE3
:10C3E800321D30F94877825A3CBF737FDD4F15758F
:10C3F800000000000000F03F0000000000002440A2
:10C4080000000000000059400000000000408F407C
:10C41800000000000088C34000000000006AF840E7
:10C428000000000080842E4100000000D01263410B
:10C438000000000084D797410000000065CDCD4181
:10C44800000000205FA00242000000E87648374262
:10C45800000000A2941A6D42000040E59C30A24200
:10C468000000901EC4BCD64200003426F56B0C4375
:10C478000080E03779C3414300A0D885573476431C
:10C4880000C84E676DC1AB43003D9160E458E1437D
:10C49800408CB5781DAF154450EFE2D6E41A4B44F2
:10C4A80092D54D06CFF08044F64AE1C7022DB54437
:10C4B800B49DD9794378EA440500000019000000CA
:10C4C8007D0000002C2066756E6374696F6E3A20DB
:10C4D80000000000617373657274696F6E20222515
:10C4E8007322206661696C65643A2066696C652010
:10C4F800222573222C206C696E65202564257325FE
:10C50800730A000043000000504F534958000000D0
:10C518002E00000020202020202020202020202065
:10C528002020202030303030303030303030303043
:10C5380030303030002020202020202020202828C3
:10C5480028282820202020202020202020202020CB
:10C55800202020202088101010101010101010100B
:10C56800101010101004040404040404040404103B
:10C5780010101010101041414141414101010101C9
:10C588000101010101010101010101010101010193
:10C59800101010101010424242424242020202029F
:10C5A8000202020202020202020202020202020263
:10C5B8001010101020000000000000000000000013
:10C5C8000000000000000000000000000000000063
:10C5D8000000000000000000000000000000000053
:10C5E8000000000000000000000000000000000043
:10C5F8000000000000000000000000000000000033
:10C608000000000000000000000000000000000022
:10C618000000000000000000000000000000000012
:10C628000000000000000000000000000000000002
:08C638000000000000000000FA
:08C64000FC47FF7F0100000030
:08C648001D7D0008E50100085A
:04C65000C10100081C
:10C654000024F400AAAAAAAA0400000010000020E2
:10C6640000000000FC02002064030020CC03002032
:10C6740000000000000000000000000000000000B6
:10C6840000000000000000000000000000000000A6
:10C694000000000000000000000000000000000096
:10C6A4000000000000000000000000000000000086
:10C6B4000000000000000000000000000000000076
:10C6C4000000000000000000000000000000000066
:10C6D4000000000000000000000000000000000056
:10C6E4000000000000000000000000000000000046
:10C6F4000000000000000000000000000000000036
:10C704000000000000000000010000000000000024
:10C714000E33CDAB34126DE6ECDE05000B000000E9
:10C724000000000000000000000000000000000005
:10C7340000000000000000000000000000000000F5
:10C7440000000000000000000000000000000000E5
:10C7540000000000000000000000000000000000D5
:10C7640000000000000000000000000000000000C5
:10C7740000000000000000000000000000000000B5
:10C7840000000000000000000000000000000000A5
:10C794000000000000000000000000000000000095
:10C7A4000000000000000000000000000000000085
:10C7B4000000000000000000000000000000000075
:10C7C4000000000000000000000000000000000065
:10C7D4000000000000000000000000000000000055
:10C7E4000000000000000000000000000000000045
:10C7F4000000000000000000000000000000000035
:10C804000000000000000000000000000000000024
:10C814000000000000000000000000000000000014
:10C824000000000000000000000000000000000004
:10C8340000000000000000000000000000000000F4
:10C8440000000000000000000000000000000000E4
:10C8540000000000000000000000000000000000D4
:10C8640000000000000000000000000000000000C4
:10C8740000000000000000000000000000000000B4
:10C8840000000000000000000000000000000000A4
:10C894000000000000000000000000000000000094
:10C8A4000000000000000000000000000000000084
:10C8B4000000000000000000000000000000000074
:10C8C4000000000000000000000000000000000064
:10C8D4000000000000000000000000000000000054
:10C8E4000000000000000000000000000000000044
:10C8F4000000000000000000000000000000000034
:10C904000000000000000000000000000000000023
:10C914000000000000000000000000000000000013
:10C924000000000000000000000000000000000003
:10C9340000000000000000000000000000000000F3
:10C9440000000000000000000000000000000000E3
:10C9540000000000000000000000000000000000D3
:10C9640000000000000000000000000000000000C3
:10C9740000000000000000000000000000000000B3
:10C9840000000000000000000000000000000000A3
:10C994000000000000000000000000000000000093
:10C9A4000000000000000000000000000000000083
:10C9B4000000000000000000000000000000000073
:10C9C4000000000000000000000000000000000063
:10C9D4000000000000000000000000000000000053
:10C9E4000000000000000000000000000000000043
:10C9F4000000000000000000000000000000000033
:10CA04000000000000000000000000000000000022
:10CA14000000000000000000000000000000000012
:10CA24000000000000000000000000000000000002
:10CA340000000000000000000000000000000000F2
:10CA440000000000000000000000000000000000E2
:10CA540000000000000000000000000000000000D2
:10CA640000000000000000000000000000000000C2
:10CA740000000000000000000000000000000000B2
:10CA84000000000000000000143901200000000034
:10CA9400000000003C0400203C040020440400206A
:10CAA400440400204C0400204C04002054040020C2
:10CAB400540400205C0400205C0400206404002072
:10CAC400640400206C0400206C0400207404002022
:10CAD400740400207C0400207C04002084040020D2
:10CAE400840400208C0400208C0400209404002082
:10CAF400940400209C0400209C040020A404002032
:10CB0400A4040020AC040020AC040020B4040020E1
:10CB1400B4040020BC040020BC040020C404002091
:10CB2400C4040020CC040020CC040020D404002041
:10CB3400D4040020DC040020DC040020E4040020F1
:10CB4400E4040020EC040020EC040020F4040020A1
:10CB5400F4040020FC040020FC0400200405002050
:10CB6400040500200C0500200C05002014050020FD
:10CB7400140500201C0500201C05002024050020AD
:10CB8400240500202C0500202C050020340500205D
:10CB9400340500203C0500203C050020440500200D
:10CBA400440500204C0500204C05002054050020BD
:10CBB400540500205C0500205C050020640500206D
:10CBC400640500206C0500206C050020740500201D
:10CBD400740500207C0500207C05002084050020CD
:10CBE400840500208C0500208C050020940500207D
:10CBF400940500209C0500209C050020A40500202D
:10CC0400A4050020AC050020AC050020B4050020DC
:10CC1400B4050020BC050020BC050020C40500208C
:10CC2400C4050020CC050020CC050020D40500203C
:10CC3400D4050020DC050020DC050020E4050020EC
:10CC4400E4050020EC050020EC050020F40500209C
:10CC5400F4050020FC050020FC050020040600204B
:10CC6400040600200C0600200C06002014060020F8
:10CC7400140600201C0600201C06002024060020A8
:10CC8400240600202C0600202C0600203406002058
:10CC9400340600203C0600203C0600204406002008
:10CCA400440600204C0600204C06002054060020B8
:10CCB400540600205C0600205C0600206406002068
:10CCC400640600206C0600206C0600207406002018
:10CCD400740600207C0600207C06002084060020C8
:10CCE400840600208C0600208C0600209406002078
:10CCF400940600209C0600209C060020A406002028
:10CD0400A4060020AC060020AC060020B4060020D7
:10CD1400B4060020BC060020BC060020C406002087
:10CD2400C4060020CC060020CC060020D406002037
:10CD3400D4060020DC060020DC060020E4060020E7
:10CD4400E4060020EC060020EC060020F406002097
:10CD5400F4060020FC060020FC0600200407002046
:10CD6400040700200C0700200C07002014070020F3
:10CD7400140700201C0700201C07002024070020A3
:10CD8400240700202C0700202C0700203407002053
:10CD9400340700203C0700203C0700204407002003
:10CDA400440700204C0700204C07002054070020B3
:10CDB400540700205C0700205C0700206407002063
:10CDC400640700206C0700206C0700207407002013
:10CDD400740700207C0700207C07002084070020C3
:10CDE400840700208C0700208C0700209407002073
:10CDF400940700209C0700209C070020A407002023
:10CE0400A4070020AC070020AC070020B4070020D2
:10CE1400B4070020BC070020BC070020C407002082
:10CE2400C4070020CC070020CC070020D407002032
:10CE3400D4070020DC070020DC070020E4070020E2
:10CE4400E4070020EC070020EC070020F407002092
:10CE5400F4070020FC070020FC0700200408002041
:10CE6400040800200C0800200C08002014080020EE
:10CE7400140800201C0800201C080020240800209E
:10CE8400240800202C0800202C080020340800204E
:10CE940034080020FFFFFFFF0000020043000000F1
:10CEA400000000000000000000000000000000007E
:10CEB400000000000000000000000000430000002B
:10CEC400000000000000000000000000000000005E
:10CED400000000000000000000000000430000000B
:10CEE400000000000000000000000000000000003E
:10CEF40000000000000000000000000043000000EB
:10CF0400000000000000000000000000000000001D
:10CF140000000000000000000000000043000000CA
:10CF240000000000000000000000000000000000FD
:10CF340000000000000000000000000043000000AA
:10CF440000000000000000000000000000000000DD
:10CF5400000000000000000000000000430000008A
:10CF640000000000000000000000000000000000BD
:10CF7400000000000000000000000000B1B4000840
:10CF8400C9A00008000000003CC5000818C500083E
:10CF9400D8C40008D8C40008D8C40008D8C40008FD
:10CFA400D8C40008D8C40008D8C40008D8C40008ED
:10CFB400D8C40008FFFFFFFFFFFFFFFFFFFFFFFFD5
:10CFC400FFFF0000010041534349490000000000F5
:10CFD400000000000000000000000000000000004D
:10CFE40000000000000041534349490000000000D4
:10CFF400000000000000000000000000000000002D
:08D00400000000000000000024
:04000005080016C118
:00000001FF
