:020000040800F2
:1000000000000320D1160008951400089B14000876
:10001000A1140008A7140008AD1400080000000097
:100020000000000000000000000000000136000891
:10003000B31400080000000051380008C114000883
:1000400021170008211700082117000821170008B0
:1000500021170008211700082117000821170008A0
:100060002117000821170008211700082117000890
:100070002117000821170008211700082117000880
:100080002117000821170008211700082117000870
:100090002117000821170008211700082117000860
:1000A0002117000821170008211700082117000850
:1000B00021170008955C0008211700082117000887
:1000C0002117000821170008211700082117000830
:1000D00021170008A95D0008211700082117000852
:1000E0002117000821170008211700082117000810
:1000F0002117000821170008211700082117000800
:1001000021170008211700082117000821170008EF
:1001100021170008211700082117000821170008DF
:1001200021170008211700082117000821170008CF
:1001300021170008211700082117000821170008BF
:1001400021170008211700082117000821170008AF
:10015000211700082117000821170008211700089F
:10016000211700082117000821170008211700088F
:1001700021170008211700082117000800000000BF
:10018000211700082117000821170008211700086F
:10019000211700082117000821170008211700085F
:0C01A00021170008211700082117000893
:1001C00010B5054C237833B9044B13B10448AFF391
:1001D00000800123237010BDB8090020000000003A
:1001E000F4BE000808B5034B1BB103490348AFF345
:1001F000008008BD00000000BC090020F4BE00081B
:1002000081F0004102E000BF83F0004330B54FEAC7
:1002100041044FEA430594EA050F08BF90EA020F34
:100220001FBF54EA000C55EA020C7FEA645C7FEAC7
:10023000655C00F0E2804FEA5454D4EB5555B8BFEA
:100240006D420CDD2C4480EA020281EA030382EA5B
:10025000000083EA010180EA020281EA0303362DED
:1002600088BF30BD11F0004F4FEA01314FF4801CC0
:100270004CEA113102D0404261EB410113F0004FD2
:100280004FEA03334CEA133302D0524263EB430389
:1002900094EA050F00F0A780A4F10104D5F1200E27
:1002A0000DDB02FA0EFC22FA05F2801841F1000182
:1002B00003FA0EF2801843FA05F359410EE0A5F156
:1002C00020050EF1200E012A03FA0EFC28BF4CF087
:1002D000020C43FA05F3C01851EBE37101F000453D
:1002E00007D54FF0000EDCF1000C7EEB00006EEB4A
:1002F0000101B1F5801F1BD3B1F5001F0CD34908D4
:100300005FEA30004FEA3C0C04F101044FEA44522A
:1003100012F5800F80F09A80BCF1004F08BF5FEAB1
:10032000500C50F1000041EB045141EA050130BD91
:100330005FEA4C0C404141EB0101013C28BFB1F5A3
:10034000801FE9D291F0000F04BF01460020B1FAEE
:1003500081F308BF2033A3F10B03B3F120020CDAC1
:100360000C3208DD02F1140CC2F10C0201FA0CF09F
:1003700021FA02F10CE002F11402D8BFC2F1200C04
:1003800001FA02F120FA0CFCDCBF41EA0C019040BA
:10039000E41AA2BF01EB0451294330BD6FEA040403
:1003A0001F3C1CDA0C340EDC04F11404C4F12002EE
:1003B00020FA04F001FA02F340EA030021FA04F300
:1003C00045EA030130BDC4F10C04C4F1200220FA57
:1003D00002F001FA04F340EA0300294630BD21FA95
:1003E00004F0294630BD94F0000F83F4801306BF5B
:1003F00081F480110134013D4EE77FEA645C18BF4F
:100400007FEA655C29D094EA050F08BF90EA020FE5
:1004100005D054EA000C04BF1946104630BD91EADD
:10042000030F1EBF0021002030BD5FEA545C05D1E0
:100430004000494128BF41F0004130BD14F580041F
:100440003CBF01F5801130BD01F0004545F0FE4193
:1004500041F470014FF0000030BD7FEA645C1ABFC8
:10046000194610467FEA655C1CBF0B46024650EAFF
:10047000013406BF52EA033591EA030F41F400212B
:1004800030BD00BF90F0000F04BF0021704730B5B1
:100490004FF4806404F132044FF000054FF0000186
:1004A00050E700BF90F0000F04BF0021704730B547
:1004B0004FF4806404F1320410F0004548BF40421C
:1004C0004FF000013EE700BF42004FEAE2014FEA71
:1004D00031014FEA02701FBF12F07F4393F07F4F4C
:1004E00081F06051704732F07F4208BF704793F04F
:1004F0007F4F04BF41F40021704730B54FF4607462
:1005000001F0004521F000411CE700BF50EA010264
:1005100008BF704730B54FF000050AE050EA01020D
:1005200008BF704730B511F0004502D5404261EB7D
:1005300041014FF4806404F132045FEA915C3FF4BE
:10054000D8AE4FF003025FEADC0C18BF03325FEA5B
:10055000DC0C18BF033202EBDC02C2F1200300FA0C
:1005600003FC20FA02F001FA03FE40EA0E0021FA31
:1005700002F11444BDE600BF70B54FF0FF0C4CF41F
:10058000E06C1CEA11541DBF1CEA135594EA0C0FD1
:1005900095EA0C0F00F0DEF82C4481EA030621EA0C
:1005A0004C5123EA4C5350EA013518BF52EA033547
:1005B00041F4801143F4801338D0A0FB02CE4FF0F9
:1005C0000005E1FB02E506F00042E0FB03E54FF029
:1005D0000006E1FB03569CF0000F18BF4EF0010E21
:1005E000A4F1FF04B6F5007F64F5407404D25FEA1D
:1005F0004E0E6D4146EB060642EAC62141EA5551D0
:100600004FEAC52040EA5E504FEACE2EB4F1FD0C11
:1006100088BFBCF5E06F1ED8BEF1004F08BF5FEA8F
:10062000500E50F1000041EB045170BD06F0004641
:1006300046EA010140EA020081EA0301B4EB5C04EE
:10064000C2BFD4EB0C0541EA045170BD41F48011E6
:100650004FF0000E013C00F3AB8014F1360FDEBF0B
:10066000002001F0004170BDC4F10004203C35DAE7
:100670000C341BDC04F11404C4F1200500FA05F36A
:1006800020FA04F001FA05F240EA020001F000420B
:1006900021F0004110EBD37021FA04F642EB060181
:1006A0005EEA430E08BF20EAD37070BDC4F10C04AB
:1006B000C4F1200500FA04F320FA05F001FA04F26F
:1006C00040EA020001F0004110EBD37041F100015B
:1006D0005EEA430E08BF20EAD37070BDC4F1200566
:1006E00000FA05F24EEA020E20FA04F301FA05F2CE
:1006F00043EA020321FA04F001F0004121FA04F276
:1007000020EA020000EBD3705EEA430E08BF20EA45
:10071000D37070BD94F0000F0FD101F0004640007F
:1007200041EB010111F4801F08BF013CF7D041EA01
:10073000060195F0000F18BF704703F00046520005
:1007400043EB030313F4801F08BF013DF7D043EAD6
:100750000603704794EA0C0F0CEA135518BF95EA8C
:100760000C0F0CD050EA410618BF52EA4306D1D113
:1007700081EA030101F000414FF0000070BD50EA32
:10078000410606BF1046194652EA430619D094EABC
:100790000C0F02D150EA013613D195EA0C0F05D1A6
:1007A00052EA03361CBF104619460AD181EA0301FA
:1007B00001F0004141F0FE4141F470014FF00000B2
:1007C00070BD41F0FE4141F4780170BD70B54FF04D
:1007D000FF0C4CF4E06C1CEA11541DBF1CEA1355CD
:1007E00094EA0C0F95EA0C0F00F0A7F8A4EB0504AF
:1007F00081EA030E52EA03354FEA013100F08880A6
:100800004FEA03334FF0805545EA131343EA12636E
:100810004FEA022245EA111545EA10654FEA002623
:100820000EF000419D4208BF964244F1FD0404F5DC
:10083000407402D25B084FEA3202B61A65EB030538
:100840005B084FEA32024FF480104FF4002CB6EBF5
:10085000020E75EB030E22BFB61A754640EA0C0075
:100860005B084FEA3202B6EB020E75EB030E22BFB5
:10087000B61A754640EA5C005B084FEA3202B6EBF6
:10088000020E75EB030E22BFB61A754640EA9C00B5
:100890005B084FEA3202B6EB020E75EB030E22BF85
:1008A000B61A754640EADC0055EA060E18D04FEA43
:1008B000051545EA16754FEA06164FEAC30343EAE3
:1008C00052734FEAC2025FEA1C1CC0D111F4801FB0
:1008D0000BD141EA00014FF000004FF0004CB6E7A9
:1008E00011F4801F04BF01430020B4F1FD0C88BF48
:1008F000BCF5E06F3FF6AFAEB5EB030C04BFB6EB53
:10090000020C5FEA500C50F1000041EB045170BD45
:100910000EF0004E4EEA113114EB5C04C2BFD4EB72
:100920000C0541EA045170BD41F480114FF0000EF6
:10093000013C90E645EA060E8DE60CEA135594EA72
:100940000C0F08BF95EA0C0F3FF43BAF94EA0C0F75
:100950000AD150EA01347FF434AF95EA0C0F7FF4EA
:1009600025AF104619462CE795EA0C0F06D152EA3E
:1009700003353FF4FDAE1046194622E750EA410622
:1009800018BF52EA43067FF4C5AE50EA41047FF433
:100990000DAF52EA43057FF4EBAE12E7844641EA1D
:1009A000000313F003036DD1403A41D351F8043BE7
:1009B00040F8043B51F8043B40F8043B51F8043B39
:1009C00040F8043B51F8043B40F8043B51F8043B29
:1009D00040F8043B51F8043B40F8043B51F8043B19
:1009E00040F8043B51F8043B40F8043B51F8043B09
:1009F00040F8043B51F8043B40F8043B51F8043BF9
:100A000040F8043B51F8043B40F8043B51F8043BE8
:100A100040F8043B51F8043B40F8043B51F8043BD8
:100A200040F8043B51F8043B40F8043B403ABDD247
:100A3000303211D351F8043B40F8043B51F8043BE9
:100A400040F8043B51F8043B40F8043B51F8043BA8
:100A500040F8043B103AEDD20C3205D351F8043B78
:100A600040F8043B043AF9D2043208D0D2071CBF44
:100A700011F8013B00F8013B01D30B88038060466D
:100A8000704700BF082A13D38B078DD010F00303E3
:100A90008AD0C3F10403D21ADB071CBF11F8013B53
:100AA00000F8013B80D331F8023B20F8023B7BE7A2
:100AB000043AD9D3013A11F8013B00F8013BF9D2CD
:100AC0000B7803704B7843708B7883706046704767
:100AD0000000000000000000000000000000000016
:100AE0000000000000000000000000000000000006
:100AF00000000000000000000000000000000000F6
:100B000090F800F06DE9024520F007016FF0000C4D
:100B100010F0070491F820F040F049804FF00004F5
:100B20006FF00700D1E9002391F840F000F10800D0
:100B300082FA4CF2A4FA8CF283FA4CF3A2FA8CF308
:100B40004BBBD1E9022382FA4CF200F10800A4FA6F
:100B50008CF283FA4CF3A2FA8CF3E3B9D1E90423C3
:100B600082FA4CF200F10800A4FA8CF283FA4CF3FA
:100B7000A2FA8CF37BB9D1E9062301F1200182FAB4
:100B80004CF200F10800A4FA8CF283FA4CF3A2FABA
:100B90008CF3002BC6D0002A04BF04301A4612BAC8
:100BA000B2FA82F2FDE8024500EBD2007047D1E9CB
:100BB000002304F00305C4F100004FEAC50514F05A
:100BC000040F91F840F00CFA05F562EA05021CBF2B
:100BD00063EA050362464FF00004A9E70000000045
:100BE00001F0FF01102A2BDB10F0070F08D010F8DE
:100BF000013B013A8B422DD010F0070F42B3F6D1E2
:100C0000F0B441EA012141EA014122F007047FF0FA
:100C100000070023F0E80256083C85EA010586EA51
:100C2000010685FA47F5A3FA87F586FA47F6A5FA8D
:100C300087F68EB9EED1F0BC01F0FF0102F0070299
:100C400032B110F8013B013A83EA010313B1F8D144
:100C50000020704701387047002D06BF3546033825
:100C6000073815F0010F07D1013015F4807F02BF5E
:100C7000013015F4C03F0130F0BC0138704700BFAF
:100C80004FF0FF3C06E000BF4FF0010C02E000BF58
:100C90004FF0010C4DF804CD4FEA410C7FEA6C5C3B
:100CA0004FEA430C18BF7FEA6C5C1BD001B050EADE
:100CB000410C0CBF52EA430C91EA030F02BF90EAC9
:100CC000020F0020704710F1000F91EA030F58BF88
:100CD000994208BF90422CBFD8176FEAE37040F0EA
:100CE000010070474FEA410C7FEA6C5C02D150EA88
:100CF000013C07D14FEA430C7FEA6C5CD6D152EA43
:100D0000033CD3D05DF8040B704700BF8446104607
:100D100062468C461946634600E000BF01B5FFF706
:100D2000B7FF002848BF10F1000F01BD4DF808EDD6
:100D3000FFF7F4FF0CBF012000205DF808FB00BFA7
:100D40004DF808EDFFF7EAFF34BF012000205DF801
:100D500008FB00BF4DF808EDFFF7E0FF94BF01204E
:100D600000205DF808FB00BF4DF808EDFFF7CEFF4F
:100D700094BF012000205DF808FB00BF4DF808ED8E
:100D8000FFF7C4FF34BF012000205DF808FB00BF5F
:100D90004FEA410C7FEA6C5C02D150EA013C0AD177
:100DA0004FEA430C7FEA6C5C02D152EA033C02D169
:100DB0004FF0000070474FF0010070474FEA4102CA
:100DC00012F5001215D211D56FF47873B3EB62529D
:100DD00012D94FEAC12343F0004343EA505311F0C4
:100DE000004F23FA02F018BF404270474FF0000056
:100DF000704750EA013005D111F0004008BF6FF094
:100E0000004070474FF00000704700BF53B94AB927
:100E1000002908BF00281CBF4FF0FF314FF0FF3002
:100E200000F074B9ADF1080C6DE904CE00F006F8DD
:100E3000DDF804E0DDE9022304B070472DE9F04756
:100E4000089D04468E46002B4DD18A42944669D9AE
:100E5000B2FA82F252B101FA02F3C2F1200120FA91
:100E600001F10CFA02FC41EA030E94404FEA1C48DF
:100E7000210CBEFBF8F61FFA8CF708FB16E341EADB
:100E8000034306FB07F199420AD91CEB030306F161
:100E9000FF3080F01F81994240F21C81023E634482
:100EA0005B1AA4B2B3FBF8F008FB103344EA034426
:100EB00000FB07F7A7420AD91CEB040400F1FF333B
:100EC00080F00A81A74240F207816444023840EA78
:100ED0000640E41B00261DB1D4400023C5E90043B1
:100EE0003146BDE8F0878B4209D9002D00F0EF8034
:100EF0000026C5E9000130463146BDE8F087B3FA67
:100F000083F6002E4AD18B4202D3824200F2F9804E
:100F1000841A61EB030301209E46002DE0D0C5E951
:100F2000004EDDE702B9FFDEB2FA82F2002A40F09D
:100F30009280A1EB0C014FEA1C471FFA8CFE0126A0
:100F4000200CB1FBF7F307FB131140EA01410EFB44
:100F500003F0884208D91CEB010103F1FF3802D2EB
:100F6000884200F2CB804346091AA4B2B1FBF7F0E5
:100F700007FB101144EA01440EFB00FEA64508D908
:100F80001CEB040400F1FF3102D2A64500F2BB8045
:100F90000846A4EB0E0440EA03409CE7C6F1200794
:100FA000B34022FA07FC4CEA030C20FA07F401FADA
:100FB00006F31C43F9404FEA1C4900FA06F3B1FB63
:100FC000F9F8200C1FFA8CFE09FB181140EA0141C8
:100FD00008FB0EF0884202FA06F20BD91CEB010165
:100FE00008F1FF3A80F08880884240F28580A8F1BD
:100FF00002086144091AA4B2B1FBF9F009FB10110F
:1010000044EA014100FB0EFE8E4508D91CEB0101AC
:1010100000F1FF346CD28E456AD90238614440EA4F
:101020000840A0FB0294A1EB0E01A142C846A646CF
:1010300056D353D05DB1B3EB080261EB0E0101FA58
:1010400007F722FA06F3F1401F43C5E900710026B5
:101050003146BDE8F087C2F12003D8400CFA02FC0B
:1010600021FA03F3914001434FEA1C471FFA8CFE1B
:10107000B3FBF7F007FB10360B0C43EA064300FB0B
:101080000EF69E4204FA02F408D91CEB030300F1A9
:10109000FF382FD29E422DD9023863449B1B89B260
:1010A000B3FBF7F607FB163341EA034106FB0EF3E9
:1010B0008B4208D91CEB010106F1FF3816D28B4296
:1010C00014D9023E6144C91A46EA004638E72E4662
:1010D000284605E70646E3E61846F8E64B45A9D25A
:1010E000B9EB020864EB0C0E0138A3E74646EAE7C9
:1010F000204694E74046D1E7D0467BE7023B614477
:1011000032E7304609E76444023842E7704700BFDF
:1011100080B400AF084B1B6B074A43F08003136396
:10112000054B1B6B044A43F00103136300BFBD462C
:101130005DF8047B704700BF0038024080B582B084
:1011400000AF786004F06EFD04F084FD04F08EFDC5
:1011500004F096FD4FF4FA7003F0BCFAF6E70000D5
:1011600080B584B002AF78600821114800F0E4FD3A
:101170000346002B08D10F4B18680023009302236D
:101180000022002104F0B8F80421094800F0D4FD41
:101190000346002B08D1084B186800230093022354
:1011A0000022002104F0A8F8C82003F093FADBE73E
:1011B000001C0240E0090020E409002080B584B052
:1011C00000AF78600023FB600023BB604FF0FF326C
:1011D0000121002004F028F80346FB60FB68012B86
:1011E00003D10449044804F033FE012003F072FAED
:1011F000ECE700BF10BF0008D037012080B584B0F5
:1012000000AF78600023FB600023BB604FF0FF322B
:101210000121002004F008F80346FB60FB68012B65
:1012200003D10449044804F013FE012003F052FAEC
:10123000ECE700BF20BF0008D037012080B586B0A2
:1012400002AF78600123FB6002F0A6FA324B0193F3
:101250000223009300234FF480723049304803F09A
:101260003BF8F860FB68012B01D12E4B00E02E4BC0
:101270002A4A2E492E4804F0EBFD2E4B01930323FE
:10128000009300234FF480722B492C4803F024F87C
:10129000F860FB68012B01D1224B00E0224B264A6B
:1012A0002249234804F0D4FD254B019304230093E5
:1012B00000234FF480722349234803F00DF8F860AF
:1012C000FB68012B01D1174B00E0174B1D4A174952
:1012D000174804F0BDFD1D4B019304230093002328
:1012E0004FF480721A491B4802F0F6FFF860FB6861
:1012F000012B01D10B4B00E00B4B154A0B490C485D
:1013000004F0A6FD002003F051F902F075FA00BFC9
:101310001037BD4680BD00BFD809002030BF00088F
:101320003D1100083CBF000844BF00084CBF000846
:10133000D0370120DC0900205CBF000861110008E3
:10134000E009002068BF0008BD110008E409002082
:1013500078BF0008FD11000880B582B002AF00F030
:10136000E1F900F01DF8FFF7D3FE04F031FC04F0C2
:10137000E9FB4FF4E13004F0A1FC064B019301239B
:101380000093002380220449044802F0A5FF03F0E3
:10139000D5F9FEE7D409002088BF00083D120008F7
:1013A00080B592B000AF07F1180330220021184633
:1013B00004F0A2FD3B1D00221A605A609A60DA60B8
:1013C0001A61244B1B6C234A43F080531364224B55
:1013D0001B68214A43F4404313600123BB6101238E
:1013E000FB6102233B634FF480037B630F23BB63EA
:1013F000D823FB6302233B6404237B6407F11803B7
:10140000184600F049FD0346002B01D000F026F8F5
:1014100000F0D6FC0346002B01D000F01FF80F238C
:101420007B600223BB600023FB604FF4A0533B6151
:101430004FF480537B613B1D0521184600F07EFF71
:101440000346002B01D000F009F800BF4837BD4625
:1014500080BD00BF003802400070004080B400AF83
:1014600072B600BFFEE7000080B400AF084B5B6CB3
:10147000074A43F480435364054B1B6C044A43F012
:101480008053136400BFBD465DF8047B704700BF06
:101490000038024080B400AFFEE780B400AFFEE742
:1014A00080B400AFFEE780B400AFFEE780B400AFC9
:1014B000FEE780B400AF00BFBD465DF8047B704717
:1014C00080B500AF03F092FE0346012B01D002F07D
:1014D000F3F900F065F900BF80BD80B400AF0123CF
:1014E0001846BD465DF8047B704780B582B000AFFA
:1014F0007860396004F0D6FC034616221A604FF07B
:10150000FF3318460837BD4680BD80B582B000AFB6
:1015100078604FF0FF317868FFF7E7FFFEE780B5AE
:1015200086B000AFF860B9607A6000237B610AE0A2
:10153000AFF300800146BB685A1CBA60CAB21A7089
:101540007B6901337B617A697B689A42F0DB7B6857
:1015500018461837BD4680BD80B586B000AFF8602C
:10156000B9607A6000237B6109E0BB685A1CBA60ED
:101570001B781846AFF300807B6901337B617A6981
:101580007B689A42F1DB7B6818461837BD4680BD00
:1015900080B483B000AF78604FF0FF3318460C374B
:1015A000BD465DF8047B704780B483B000AF7860BF
:1015B00039603B684FF400525A60002318460C37DC
:1015C000BD465DF8047B704780B483B000AF78609F
:1015D000012318460C37BD465DF8047B704780B484
:1015E00085B000AFF860B9607A6000231846143700
:1015F000BD465DF8047B704780B586B000AF78606B
:10160000144A154BD31A7B617B693B61134B1B68F2
:10161000002B02D1114B124A1A60104B1A687B68DA
:1016200013443A699A4207D204F03CFC03460C2268
:101630001A604FF0FF3309E0084B1B68FB60074B53
:101640001A687B681344054A1360FB68184618370C
:10165000BD4680BD0000032000040000E809002012
:101660006039012080B400AF164BD3F88830154A9A
:1016700043F47003C2F88830134B1B68124A43F0DE
:1016800001031360104B00229A600F4B1B680E4A37
:1016900023F0847323F4803313600B4B0B4A5A609E
:1016A000094B1B68084A23F480231360064B002271
:1016B000DA60044B4FF000629A6000BFBD465DF8EF
:1016C000047B704700ED00E0003802401030002439
:1016D000DFF834D0002103E00C4B5B584350043159
:1016E0000B480C4B42189A42F6D30B4A02E00023F7
:1016F00042F8043B094B9A42F9D3FFF7B3FF04F0D9
:10170000D7FBFFF729FE704700000320CCC3000879
:1017100000000020B8090020B80900205C39012031
:10172000FEE7000080B500AF0E4B1B680D4A43F486
:10173000007313600B4B1B680A4A43F48063136009
:10174000084B1B68074A43F480731360032000F0C2
:101750000DF90F2000F008F8FFF786FE0023184669
:1017600080BD00BF003C024080B582B000AF786011
:1017700000F0CEFF0346094AA2FB03239B0918464B
:1017800000F029F9002279684FF0FF3000F0F9F8F5
:10179000002318460837BD4680BD00BFD34D6210F8
:1017A00080B400AF044B1B680133034A136000BFD1
:1017B000BD465DF8047B7047EC09002080B400AFA3
:1017C000034B1B681846BD465DF8047B704700BF9D
:1017D000EC09002080B485B000AF78607B6803F02E
:1017E0000703FB600C4BDB68BB60BA684FF6FF0376
:1017F0001340BB60FB681A02BB68134343F0BF632E
:1018000043F40033BB60044ABB68D36000BF1437A5
:10181000BD465DF8047B704700ED00E080B400AF8A
:10182000044BDB681B0A03F007031846BD465DF84E
:10183000047B704700ED00E080B483B000AF034646
:10184000FB71FB7903F01F03012202FA03F1064A40
:1018500097F907305B0942F8231000BF0C37BD46EB
:101860005DF8047B704700BF00E100E080B483B006
:1018700000AF03463960FB7197F90730002B0BDA94
:101880003B68DAB20C49FB7903F00F03043B120109
:10189000D2B20B441A7609E03B68DAB2074997F9ED
:1018A00007301201D2B20B4483F8002300BF0C377B
:1018B000BD465DF8047B704700ED00E000E100E00C
:1018C00080B489B000AFF860B9607A60FB6803F05B
:1018D0000703FB61FB69C3F10703042B28BF042343
:1018E000BB61FB690433062B02D9FB69033B00E0B3
:1018F00000237B610122BB6902FA03F3013B1A4614
:10190000BB681A407B699A4001217B6901FA03F3A5
:10191000013B19467B680B40134318462437BD46EC
:101920005DF8047B7047000080B582B000AF78603E
:101930007B68013BB3F1807F01D301230FE00A4AAA
:101940007B68013B53600F214FF0FF30FFF78EFFA4
:10195000054B00229A60044B07221A6000231846A8
:101960000837BD4680BD00BF10E000E080B582B002
:1019700000AF78607868FFF72DFF00BF0837BD46DD
:1019800080BD80B586B000AF0346B9607A60FB7356
:1019900000237B61FFF742FF78617A68B968786954
:1019A000FFF78EFF024697F90F3011461846FFF7F2
:1019B0005DFF00BF1837BD4680BD80B582B000AF67
:1019C0000346FB7197F907301846FFF735FF00BF54
:1019D0000837BD4680BD80B582B000AF78607868BA
:1019E000FFF7A2FF034618460837BD4680BD00003A
:1019F00080B487B000AF786039600023FB600023BB
:101A0000BB6000233B6100237B616FE101227B69A6
:101A100002FA03F3FB603B681B68FA681340BB6083
:101A2000BA68FB689A4240F05E813B685B68022BB3
:101A300003D03B685B68122B23D17B69DA087B6893
:101A4000083253F822303B617B6903F007039B00A7
:101A50000F2202FA03F3DB433A6913403B613B6810
:101A60001A697B6903F007039B0002FA03F33A69E2
:101A700013433B617B69DA087B680832396943F8B4
:101A800022107B681B683B617B695B00032202FAC2
:101A900003F3DB433A6913403B613B685B6803F047
:101AA00003027B695B0002FA03F33A6913433B616B
:101AB0007B683A691A603B685B68012B0BD03B6816
:101AC0005B68022B07D03B685B68112B03D03B6837
:101AD0005B68122B30D17B689B683B617B695B0044
:101AE000032202FA03F3DB433A6913403B613B688C
:101AF000DA687B695B0002FA03F33A6913433B61DE
:101B00007B683A699A607B685B683B6101227B690C
:101B100002FA03F3DB433A6913403B613B685B68BD
:101B20001B0903F001027B6902FA03F33A691343CC
:101B30003B617B683A695A607B68DB683B617B6923
:101B40005B00032202FA03F3DB433A6913403B6173
:101B50003B689A687B695B0002FA03F33A691343B6
:101B60003B617B683A69DA603B685B6803F08053ED
:101B7000002B00F0B880634B5B6C624A43F48043F7
:101B80005364614A7B699B08023352F823303B61FE
:101B90007B6903F003039B000F2202FA03F3DB438C
:101BA0003A6913403B617B68584A934237D07B685F
:101BB000574A934231D07B68564A93422BD07B6878
:101BC000554A934225D07B68544A93421FD07B6884
:101BD000534A934219D07B68524A934213D07B6890
:101BE000514A93420DD07B68504A934207D07B689C
:101BF0004F4A934201D1092312E00A2310E008233F
:101C00000EE007230CE006230AE0052308E0042386
:101C100006E0032304E0022302E0012300E00023A6
:101C20007A6902F00302920093403A6913433B61E0
:101C300035497B699B0802333A6941F823203D4BC3
:101C40001B683B61BB68DB433A6913403B613B68FF
:101C50005B6803F48033002B03D03A69BB681343FD
:101C60003B61344A3B691360324B5B683B61BB6844
:101C7000DB433A6913403B613B685B6803F4003324
:101C8000002B03D03A69BB6813433B61294A3B6987
:101C90005360284B9B683B61BB68DB433A69134048
:101CA0003B613B685B6803F48013002B03D03A6907
:101CB000BB6813433B611F4A3B6993601D4BDB6864
:101CC0003B61BB68DB433A6913403B613B685B683F
:101CD00003F40013002B03D03A69BB6813433B6144
:101CE000144A3B69D3607B6901337B617B690F2BAD
:101CF0007FF68CAE00BF00BF1C37BD465DF8047B8D
:101D0000704700BF00380240003801400000024028
:101D10000004024000080240000C02400010024093
:101D20000014024000180240001C02400020024043
:101D300000240240003C014080B485B000AF7860D0
:101D40000B467B807B681A697B881340002B02D08E
:101D50000123FB7301E00023FB73FB7B1846143760
:101D6000BD465DF8047B704780B483B000AF7860F7
:101D70000B467B8013467B707B78002B03D07A88E0
:101D80007B689A6103E07B881A047B689A6100BFD4
:101D90000C37BD465DF8047B704780B483B000AF5C
:101DA00078600B467B807B685A697B885A407B68E9
:101DB0005A6100BF0C37BD465DF8047B70470000D8
:101DC00080B58AB000AF00237B62314B1B6C304A78
:101DD00043F0805313644FF48033BB61BB6993FAC3
:101DE000A3F37B617B693B623B6AB3FA83F3FB61DC
:101DF000FB69DBB29B0003F1844303F560231A46C1
:101E000001231360FFF7DAFC786209E0FFF7D6FCE4
:101E100002467B6AD31AB3F57A7F01D9032333E0F4
:101E20001C4B5B6803F48033B3F5803FEED14FF475
:101E30000033BB60BB6893FAA3F37B607B683B61B4
:101E40003B69B3FA83F3FB60FB68DBB29B0003F1F1
:101E5000844303F560231A4601231360FFF7AEFCA9
:101E6000786209E0FFF7AAFC02467B6AD31AB3F551
:101E70007A7F01D9032307E0064B5B6803F4003344
:101E8000B3F5003FEED1002318462837BD4680BD8C
:101E9000003802400070004080B598B000AF786014
:101EA0000023FB657B681B6803F00103002B66D0F1
:101EB0009C4B9B6803F00C03042B0CD0994B9B6844
:101EC00003F00C03082B12D1964B5B6803F48003DC
:101ED000B3F5800F0BD1934B1B6803F40033002B39
:101EE0004CD07B685B68002B48D101231AE28E4BF3
:101EF00000221A70FFF762FCF86508E0FFF75EFC4D
:101F00000246FB6DD31A642B01D903230AE2854BE9
:101F10001B6803F40033002BF0D17B685A68824BB6
:101F2000D2B21A707B685B68002B13D0FFF746FCB7
:101F3000F86508E0FFF742FC0246FB6DD31A642BFC
:101F400001D90323EEE1774B1B6803F40033002B28
:101F5000F0D014E0FFF732FCF86508E0FFF72EFC44
:101F60000246FB6DD31A642B01D90323DAE16D4BD2
:101F70001B6803F40033002BF0D100E000BF7B6846
:101F80001B6803F00203002B7FD0664B9B6803F0B5
:101F90000C03002B0BD0634B9B6803F00C03082B46
:101FA0002AD1604B5B6803F48003002B24D15D4B86
:101FB0001B6803F00203002B05D07B68DB68012B54
:101FC00001D00123AEE1574B1B6823F0F8027B6878
:101FD0001B69F8213965396D91FAA1F1F964F96C41
:101FE000B965B96DB1FA81F17965796DC9B28B4086
:101FF0004C4913430B6048E07B68DB68002B2ED014
:102000004A4B01221A60FFF7D9FBF86508E0FFF799
:10201000D5FB0246FB6DD31A642B01D9032381E162
:10202000404B1B6803F00203002BF0D03D4B1B68B4
:1020300023F0F8027B681B69F8213964396C91FA46
:10204000A1F1F963F96BB964B96CB1FA81F1796402
:10205000796CC9B28B40334913430B6015E0334BA5
:1020600000221A60FFF7AAFBF86508E0FFF7A6FB5D
:102070000246FB6DD31A642B01D9032352E1294B8D
:102080001B6803F00203002BF0D17B681B6803F090
:102090000803002B30D07B685B69002B16D0244BE3
:1020A00001221A60FFF78AFBF86508E0FFF786FB5C
:1020B0000246FB6DD31A642B01D9032332E1194B7D
:1020C0005B6F03F00203002BF0D015E0184B0022E9
:1020D0001A60FFF773FBF86508E0FFF76FFB024635
:1020E000FB6DD31A642B01D903231BE10D4B5B6FEE
:1020F00003F00203002BF0D17B681B6803F004039C
:10210000002B74D0074B1B6C064A43F080531364BA
:10211000084B1B68074A43F480731360FFF74EFBBC
:10212000F86512E0003802400238024000004742E1
:10213000800E474200700040FFF740FB0246FB6DF7
:10214000D31A642B01D90323ECE0784B1B6803F40A
:102150008073002BF0D0764B00221A70FFF72EFB15
:10216000F8650AE0FFF72AFB0246FB6DD31A41F23D
:102170008832934201D90323D4E06E4B1B6F03F0E6
:102180000203002BEED17B689A68694BD2B21A70B9
:102190007B689B68012B15D1FFF710FBF8650AE0FF
:1021A000FFF70CFB0246FB6DD31A41F288329342D3
:1021B00001D90323B6E05F4B1B6F03F00203002B32
:1021C000EED014E0FFF7FAFAF8650AE0FFF7F6FA46
:1021D0000246FB6DD31A41F28832934201D90323A0
:1021E000A0E0544B1B6F03F00203002BEED17B6881
:1021F0009B69002B00F095804E4B9B6803F00C030D
:10220000082B00F08C807B689B69022B70D14A4BB5
:1022100000221A60FFF7D2FAF86508E0FFF7CEFA5D
:102220000246FB6DD31A642B01D903237AE0414B9C
:102230001B6803F00073002BF0D17B681A6A7B687F
:102240005B6A47F6C0713961396991FAA1F1F960A9
:10225000F968B961B969B1FA81F179617969C9B28D
:102260008B401A437B689B6A5B08013B4FF440310B
:102270003962396A91FAA1F1F961F969B962B96A09
:10228000B1FA81F17962796AC9B28B401A437B68ED
:10229000DB691A437B68DB6A4FF070613963396B25
:1022A00091FAA1F1F962F96AB963B96BB1FA81F1F6
:1022B0007963796BC9B28B4013431E4A43F00053D4
:1022C00053601D4B01221A60FFF778FAF86508E0A9
:1022D000FFF774FA0246FB6DD31A642B01D903236E
:1022E00020E0144B1B6803F00073002BF0D018E0C3
:1022F000114B00221A60FFF761FAF86508E0FFF75A
:102300005DFA0246FB6DD31A642B01D9032309E061
:10231000084B1B6803F00073002BF0D101E0012390
:1023200000E0002318466037BD4680BD00700040C5
:1023300070380240003802406000474280B584B0E7
:1023400000AF786039600023FB60924B1B6803F09C
:102350000F033A689A4240F28F808E4B3A68D2B2AD
:102360001A708C4B1B6803F00F033A689A4201D035
:10237000012336E17B681B6803F00203002B08D0C1
:10238000854B9B6823F0F0027B689B68824913436E
:102390008B607B681B6803F00103002B00F0FE805C
:1023A0007B685B68012B07D17B4B1B6803F4003310
:1023B000002B15D1012314E17B685B68022B07D148
:1023C000754B1B6803F00073002B09D1012308E152
:1023D000714B1B6803F00203002B01D1012300E1C4
:1023E0006D4B9B6823F003027B685B686A4913436B
:1023F0008B60FFF7E3F9F8607B685B68012B12D113
:102400000AE0FFF7DBF90246FB68D31A41F2883293
:10241000934201D90323E4E05F4B9B6803F00C0374
:10242000042BEED1BAE07B685B68022B1DD10AE079
:10243000FFF7C4F90246FB68D31A41F2883293428F
:1024400001D90323CDE0544B9B6803F00C03082B08
:10245000EED1A3E0FFF7B2F90246FB68D31A41F2CE
:102460008832934201D90323BBE04B4B9B6803F0B6
:102470000C03002BEED191E07B681B6803F0020394
:10248000002B08D0444B9B6823F0F0027B689B68CC
:10249000414913438B607B681B6803F00103002BE9
:1024A0006AD07B685B68012B07D13B4B1B6803F448
:1024B0000033002B15D1012393E07B685B68022B6E
:1024C00007D1354B1B6803F00073002B09D10123A2
:1024D00087E0314B1B6803F00203002B01D101237D
:1024E0007FE02D4B9B6823F003027B685B682A49E1
:1024F00013438B60FFF762F9F8607B685B68012B20
:1025000012D10AE0FFF75AF90246FB68D31A41F2EA
:102510008832934201D9032363E01F4B9B6803F089
:102520000C03042BEED127E07B685B68022B1DD1E6
:102530000AE0FFF743F90246FB68D31A41F28832FA
:10254000934201D903234CE0134B9B6803F00C0327
:10255000082BEED110E0FFF731F90246FB68D31AE1
:1025600041F28832934201D903233AE00A4B9B6837
:1025700003F00C03002BEED1064B3A68D2B21A706E
:10258000044B1B6803F00F033A689A4206D00123FC
:1025900027E000BF003C0240003802407B681B6817
:1025A00003F00403002B08D0104B9B6823F4E05287
:1025B0007B68DB680D4913438B607B681B6803F005
:1025C0000803002B09D0094B9B6823F460427B6809
:1025D0001B69DB00054913438B600F20FFF7C4F82C
:1025E000002318461037BD4680BD00BF00380240AA
:1025F00080B491B000AF00237B630023FB63002312
:102600003B630023BB633F4B9B6803F00C03082B29
:102610000CD0082B6BD8002B02D0042B03D066E023
:10262000394BBB6366E0394BBB6363E0354B5B689A
:1026300003F03F037B63334B5B6803F48003002BA1
:102640001CD0324A7B6BB2FBF3F22E4B596847F633
:10265000C0730B4047F6C0717962796A91FAA1F1B3
:102660003962396AF962F96AB1FA81F1B962B96A13
:10267000C9B2CB4002FB03F3FB631BE0224A7B6B36
:10268000B2FBF3F21F4B596847F6C0730B4047F695
:10269000C0717961796991FAA1F139613969F9619A
:1026A000F969B1FA81F1B961B969C9B2CB4002FBEC
:1026B00003F3FB63134B5B6803F440334FF4403286
:1026C0007A607A6892FAA2F23A603A68FA60FA6836
:1026D000B2FA82F2BA60BA68D2B2D34001335B0078
:1026E0003B63FA6B3B6BB2FBF3F3BB6302E0064B5D
:1026F000BB6300BFBB6B18464437BD465DF8047B27
:10270000704700BF003802400024F40040787D018B
:1027100080B584B000AFFFF76BFF01460F4B9B689D
:1027200003F0F003F0227A607A6892FAA2F23A603B
:102730003A68FA60FA68B2FA82F2BA60BA68D2B25B
:10274000D340074AD35C21FA03F3064A1360054BD2
:102750001B6818461037BD4680BD00BF00380240D8
:10276000ACBF00080000002080B584B000AFFFF7C8
:10277000CFFF01460D4B9B6803F4E0534FF4E0524A
:102780007A607A6892FAA2F23A603A68FA60FA6875
:10279000B2FA82F2BA60BA68D2B2D340044AD35CC9
:1027A00021FA03F318461037BD4680BD00380240B9
:1027B000ACBF000880B584B000AFFFF7A9FF0146A9
:1027C0000D4B9B6803F460434FF460427A607A6873
:1027D00092FAA2F23A603A68FA60FA68B2FA82F2C1
:1027E000BA60BA68D2B2D340044AD35C21FA03F388
:1027F00018461037BD4680BD00380240ACBF000807
:1028000080B582B000AF78607B68002B01D10123D6
:1028100037E07B6893F83930DBB2002B02D178685F
:1028200003F070FA7B68022283F839207B681B680A
:10283000DA687B681B6822F40052DA60786800F07E
:102840005DFC7B681B681A697B681B6822F49042F8
:102850001A617B681B685A697B681B6822F02A0230
:102860005A617B681B68DA687B681B6842F4005217
:10287000DA607B680022DA637B68012283F8392002
:10288000002318460837BD4680BD80B586B000AF2E
:10289000F860B9603B601346FB8000237B61FB68F6
:1028A00093F83930DBB27B617B69012B03D07B6904
:1028B000222B40F08E80BB68002B02D0FB88002BBF
:1028C00001D1012386E0FB6893F83830012B01D158
:1028D00002237FE0FB68012283F83820FB68002296
:1028E000DA63FB6893F83930DBB2222B04D1FB6842
:1028F000322283F8392003E0FB68122283F8392062
:10290000FB68FA889A84FB68FA88DA843DE0FB6801
:10291000DB8C013B9AB2FB68DA84FB689B68B3F5F9
:10292000805F20D13B6800228021F86800F029FAFE
:102930000346002B01D003234CE0BB683B613B699D
:102940001B881A46FB681B68C2F308025A60FB68C2
:102950001B69002B03D1BB680233BB6015E0BB6869
:102960000133BB6011E03B6800228021F86800F071
:1029700008FA0346002B01D003232BE0BB685A1C46
:10298000BA601A78FB681B685A60FB68DB8C002B06
:10299000BDD13B6800224021F86800F0F2F90346FF
:1029A000002B01D0032315E0FB6893F83930DBB22C
:1029B000322B04D1FB68222283F8392003E0FB6824
:1029C000012283F83920FB68002283F83820002395
:1029D00000E0022318461837BD4680BD80B586B09A
:1029E00000AFF860B9603B601346FB8000237B6159
:1029F000FB6893F83930DBB27B617B69012B03D034
:102A00007B69122B40F09D80BB68002B02D0FB88B5
:102A1000002B01D1012395E0FB6893F83830012B9E
:102A200001D102238EE0FB68012283F83820FB6885
:102A30000022DA63FB6893F83930DBB2122B04D141
:102A4000FB68322283F8392003E0FB68222283F8F6
:102A50003920FB68FA889A85FB68FA88DA8557E09E
:102A6000FB68DB8D013B9AB2FB68DA85FB689B68EB
:102A7000B3F5805F29D13B6800222021F86800F07F
:102A800080F90346002B01D003235BE0BB683B6168
:102A9000FB681B69002B0CD1FB681B685B689BB251
:102AA000C3F308039AB23B691A80BB680233BB6068
:102AB0002EE0FB681B685B689BB2DBB29AB23B6995
:102AC0001A80BB680133BB6022E03B6800222021F2
:102AD000F86800F056F90346002B01D0032331E0DB
:102AE000FB681B69002B08D1FB681B685968BB6831
:102AF0005A1CBA60CAB21A700AE0FB681B685B68AD
:102B0000DAB2BB68591CB96002F07F02D2B21A7007
:102B1000FB68DB8D002BA3D1FB6893F83930DBB267
:102B2000322B04D1FB68122283F8392003E0FB68C2
:102B3000012283F83920FB68002283F83820002323
:102B400000E0022318461837BD4680BD80B588B026
:102B500000AF78600023FB610023BB617B681B68CA
:102B60001B6803F00103012B0CBF01230023DBB220
:102B7000FB617B681B68DB6803F48073BB61FB69E6
:102B8000002B11D0BB69002B0ED07B681B681B6823
:102B90007B617B681B685B687B617B697B68DB6B47
:102BA00043F001027B68DA637B681B681B6803F0F3
:102BB0000203022B0CBF01230023DBB2FB617B6805
:102BC0001B685B6903F00103BB61FB69002B11D03B
:102BD000BB69002B0ED07B681B681B683B617B6860
:102BE0001B685B683B613B697B68DB6B43F00402FD
:102BF0007B68DA637B681B681B6803F00403042BA3
:102C00000CBF01230023DBB2FB617B681B685B699F
:102C100003F00103BB61FB69002B11D0BB69002BE2
:102C20000ED07B681B681B68FB607B681B685B6859
:102C3000FB60FB687B68DB6B43F002027B68DA6356
:102C40007B681B681B6803F00803082B0CBF01237B
:102C50000023DBB2FB617B681B685B6903F0010347
:102C6000BB61FB69002B11D0BB69002B0ED07B68C8
:102C70001B681B68BB607B681B685B68BB60BB68CC
:102C80007B68DB6B43F008027B68DA637B681B6858
:102C90001B6803F02003202B0CBF01230023DBB2B1
:102CA000FB617B681B68DB6803F02003BB61FB6989
:102CB000002B05D0BB69002B02D0786800F08AF9A0
:102CC0007B681B681B6803F08003802B0CBF01230B
:102CD0000023DBB2FB617B681B68DB6803F08003C9
:102CE000BB61FB69002B05D0BB69002B02D0786863
:102CF00000F0E0F87B681B681B6803F04003402B82
:102D00000CBF01230023DBB2FB617B681B68DB681F
:102D100003F04003BB61FB69002B05D0BB69002BAE
:102D200002D0786800F023F97B68DB6B002B06D0BB
:102D30007B68012283F83920786800F018F800BF1A
:102D40002037BD4680BD80B483B000AF786000BF3F
:102D50000C37BD465DF8047B704780B483B000AF8C
:102D6000786000BF0C37BD465DF8047B704780B4C7
:102D700083B000AF786000BF0C37BD465DF8047BC0
:102D8000704780B586B000AFF860B9603B6013460D
:102D9000FB7100237B61FEF711FD7861FB79002B4D
:102DA0007BD138E03B68B3F1FF3F34D03B68002B68
:102DB00007D0FEF703FD02467B69D31A3A689A42B0
:102DC00029D2FB681B68DA68FB681B6822F0800266
:102DD000DA60FB681B68DA68FB681B6822F0200277
:102DE000DA60FB681B68DA68FB681B6822F4807293
:102DF000DA60FB681B685A69FB681B6822F00102F5
:102E00005A61FB68012283F83920FB68002283F8AD
:102E1000382003234AE0FB681B681A68BB6813402C
:102E2000BA689A42BED140E03B68B3F1FF3F34D06C
:102E30003B68002B07D0FEF7C1FC02467B69D31A22
:102E40003A689A4229D2FB681B68DA68FB681B68FB
:102E500022F08002DA60FB681B68DA68FB681B6896
:102E600022F02002DA60FB681B68DA68FB681B68E6
:102E700022F48072DA60FB681B685A69FB681B6881
:102E800022F001025A61FB68012283F83920FB68B5
:102E9000002283F83820032308E0FB681B681A68C7
:102EA000BB681340BA689A42BED000231846183750
:102EB000BD4680BD80B485B000AF78600023FB6064
:102EC0007B6893F83930DBB2FB60FB68122B02D0D1
:102ED000FB68322B44D17B689B68B3F5805F1AD1C5
:102EE0007B681B6ABB60BB681B881A467B681B68D3
:102EF000C2F308025A607B681B69002B05D17B680E
:102F00001B6A9A1C7B681A620EE07B681B6A5A1C5B
:102F10007B681A6208E07B681B6A591C7A68116238
:102F20001A787B681B685A607B68DB8C013B9AB21D
:102F30007B68DA847B68DB8C002B0FD17B681B6895
:102F4000DA687B681B6822F08002DA607B681B68A5
:102F5000DA687B681B6842F04002DA60002300E018
:102F6000022318461437BD465DF8047B704780B5D0
:102F700082B000AF78607B681B68DA687B681B688A
:102F800022F04002DA607B6893F83930DBB2322BF2
:102F900004D17B68222283F8392013E07B681B6808
:102FA000DA687B681B6822F48072DA607B681B68D1
:102FB0005A697B681B6822F001025A617B68012212
:102FC00083F839207868FFF7BEFE002318460837DB
:102FD000BD4680BD80B584B000AF78600023FB6043
:102FE0007B6893F83930DBB2FB60FB68222B02D0A0
:102FF000FB68322B7CD17B689B68B3F5805F23D163
:103000007B689B6ABB607B681B69002B0ED17B6869
:103010001B685B689BB2C3F308039AB2BB681A8053
:103020007B689B6A9A1C7B689A6229E07B681B68B4
:103030005B689BB2DBB29AB2BB681A807B689B6A02
:103040005A1C7B689A621BE07B681B69002B0AD1C3
:103050007B681B6858687B689B6A591C7A68916218
:10306000C2B21A700CE07B681B685B68DAB27B68DE
:103070009B6A581C7968886202F07F02D2B21A708B
:103080007B68DB8D013B9AB27B68DA857B68DB8DE0
:10309000002B2BD17B681B68DA687B681B6822F0E9
:1030A0002002DA607B6893F83930DBB2322B04D12E
:1030B0007B68122283F8392013E07B681B68DA688A
:1030C0007B681B6822F48072DA607B681B685A692F
:1030D0007B681B6822F001025A617B68012283F839
:1030E00039207868FFF739FE002302E0002300E072
:1030F000022318461037BD4680BD0000B0B584B02D
:1031000000AF78600023FB607B681B681B69FB6075
:10311000FB6823F44053FB607B68DB68FA68134369
:10312000FB607B681B68FA681A617B681B68DB6858
:10313000FB60FB6823F4164323F00C03FB607B6801
:103140009A687B681B691A437B685B691A437B68D2
:10315000DB691343FA681343FB607B681B68FA68FA
:10316000DA607B681B685B69FB60FB6823F4407373
:10317000FB607B689B69FA681343FB607B681B6894
:10318000FA685A617B68DB69B3F5004F40F08C80C8
:103190007B681B688C4A934204D07B681B688B4A0F
:1031A000934240D1FFF706FB024613469B001344AF
:1031B0009A001A447B685B685B00B2FBF3F3844AB5
:1031C000A2FB03235B091C01FFF7F4FA0246134636
:1031D0009B0013449A001A447B685B685B00B2FB57
:1031E000F3F5FFF7E7FA024613469B0013449A00F3
:1031F0001A447B685B685B00B2FBF3F3744AA2FB82
:1032000003235B09642202FB03F3EB1A1B01323335
:103210006F4AA2FB03235B0903F00F027B681B6864
:1032200022439A60CCE0FFF79FFA024613469B00C8
:1032300013449A001A447B685B685B00B2FBF3F3AB
:10324000634AA2FB03235B091C01FFF78DFA0246C8
:1032500013469B0013449A001A447B685B685B002A
:10326000B2FBF3F5FFF780FA024613469B001344C6
:103270009A001A447B685B685B00B2FBF3F3544A24
:10328000A2FB03235B09642202FB03F3EB1A1B017D
:1032900032334F4AA2FB03235B0903F00F027B6822
:1032A0001B6822439A608BE07B681B68464A934206
:1032B00004D07B681B68454A934240D1FFF77AFAF5
:1032C000024613469B0013449A001A447B685B68CD
:1032D0009B00B2FBF3F33E4AA2FB03235B091C01F4
:1032E000FFF768FA024613469B0013449A001A44FB
:1032F0007B685B689B00B2FBF3F5FFF75BFA024665
:1033000013469B0013449A001A447B685B689B0039
:10331000B2FBF3F32E4AA2FB03235B09642202FBF8
:1033200003F3EB1A1B013233294AA2FB03235B0987
:1033300003F00F027B681B6822439A6040E0FFF7AE
:1033400013FA024613469B0013449A001A447B6802
:103350005B689B00B2FBF3F31D4AA2FB03235B09EE
:103360001C01FFF701FA024613469B0013449A0022
:103370001A447B685B689B00B2FBF3F5FFF7F4F936
:10338000024613469B0013449A001A447B685B680C
:103390009B00B2FBF3F30E4AA2FB03235B096422FA
:1033A00002FB03F3EB1A1B013233094AA2FB03238E
:1033B0005B0903F00F027B681B6822439A60FFE7FA
:1033C00000BF1037BD46B0BD0010014000140140E1
:1033D0001F85EB5180B483B000AF78607B6803F148
:1033E00008027B685A607B684FF0FF329A607B6806
:1033F00003F108027B68DA607B6803F108027B68EE
:103400001A617B6800221A6000BF0C37BD465DF868
:10341000047B704780B483B000AF78607B68002283
:103420001A6100BF0C37BD465DF8047B704780B45D
:1034300085B000AF786039607B685B68FB603B6893
:10344000FA685A60FB689A683B689A60FB689B68F8
:103450003A685A60FB683A689A603B687A681A6111
:103460007B681B685A1C7B681A6000BF1437BD4616
:103470005DF8047B704780B485B000AF7860396038
:103480003B681B68BB60BB68B3F1FF3F03D17B683F
:103490001B69FB600CE07B680833FB6002E0FB68A3
:1034A0005B68FB60FB685B681B68BA689A42F6D28F
:1034B000FB685A683B685A603B685B683A689A6088
:1034C0003B68FA689A60FB683A685A603B687A68B9
:1034D0001A617B681B685A1C7B681A6000BF14372E
:1034E000BD465DF8047B704780B485B000AF78605E
:1034F0007B681B69FB607B685B687A6892689A608E
:103500007B689B687A6852685A60FB685B687A6877
:103510009A4203D17B689A68FB685A607B680022F4
:103520001A61FB681B685A1EFB681A60FB681B68FF
:1035300018461437BD465DF8047B704780B485B0EB
:1035400000AFF860B9607A60FB68043BFB60FB6821
:103550004FF080721A60FB68043BFB60BB6823F08D
:103560000102FB681A60FB68043BFB600C4AFB68C5
:103570001A60FB68143BFB607A68FB681A60FB68A2
:10358000043BFB60FB686FF002021A60FB68203BA3
:10359000FB60FB6818461437BD465DF8047B704736
:1035A000A535000880B485B000AF00237B60124BC6
:1035B0001B68B3F1FF3F0AD04FF0500383F311882B
:1035C000BFF36F8FBFF34F8FFB6000BFFEE74FF07D
:1035D000500383F31188BFF36F8FBFF34F8FBB602E
:1035E00000BF00BF7B68002BFCD000BF00BF1437BA
:1035F000BD465DF8047B7047040000200000000019
:10360000074B19680868B0E8F04F80F30988BFF3EA
:103610006F8F4FF0000080F311887047AFF3008088
:103620005436012000BF00BF08480068006880F3DE
:1036300008884FF0000080F3148862B661B6BFF3CB
:103640004F8FBFF36F8F00DF00BF000008ED00E079
:1036500000BF00BF80B586B000AF464B1B68464A2E
:1036600093420AD14FF0500383F31188BFF36F8F59
:10367000BFF34F8F3B6100BFFEE73E4B1B683F4AE5
:1036800093420AD14FF0500383F31188BFF36F8F39
:10369000BFF34F8FFB6000BFFEE7394B7B617B6957
:1036A0001B78DBB27B607B69FF221A707B691B7819
:1036B000DBB2FB70FB78DBB203F05003DAB2314BC4
:1036C0001A70314B07221A6009E02F4B1B68013B2F
:1036D0002D4A1360FB78DBB25B00DBB2FB70FB783A
:1036E000DBB203F08003802BEFD0274B1B68C3F1C4
:1036F0000703042B0AD04FF0500383F31188BFF364
:103700006F8FBFF34F8FBB6000BFFEE71E4B1B6880
:103710001B021D4A13601C4B1B6803F4E0631A4A2A
:1037200013607B68DAB27B691A70184B1B68174A02
:1037300043F470031360154B1B68144A43F0704345
:10374000136000F0DBF8124B00221A6000F0FAF868
:10375000104B1B680F4A43F040431360FFF764FFB0
:1037600001F06EFAFFF71EFF002318461837BD461A
:1037700080BD00BF00ED00E071C20F4170C20F417B
:1037800000E400E0F0090020F409002020ED00E052
:103790000400002034EF00E080B483B000AF4FF0AD
:1037A000500383F31188BFF36F8FBFF34F8F7B609C
:1037B00000BF0F4B1B6801330D4A13600C4B1B6895
:1037C000012B0FD10B4B1B68DBB2002B0AD04FF043
:1037D000500383F31188BFF36F8FBFF34F8F3B60AC
:1037E00000BFFEE700BF0C37BD465DF8047B7047A5
:1037F0000400002004ED00E080B483B000AF124B61
:103800001B68002B0AD14FF0500383F31188BFF3DC
:103810006F8FBFF34F8F7B6000BFFEE70A4B1B68C3
:10382000013B094A1360084B1B68002B05D100239C
:103830003B603B6883F3118800BF00BF0C37BD4677
:103840005DF8047B704700BF04000020000000000A
:10385000EFF30980BFF36F8F154B1A681EF0100F3E
:1038600008BF20ED108A20E9F04F10602DE9090013
:103870004FF0500080F31188BFF34F8FBFF36F8F6D
:1038800001F0DEF94FF0000080F3118809BC1968DF
:103890000868B0E8F04F1EF0100F08BFB0EC108AB7
:1038A00080F30988BFF36F8F704700BFAFF30080CC
:1038B0005436012000BF00BF80B582B000AF4FF08A
:1038C000500383F31188BFF36F8FBFF34F8F7B607B
:1038D00000BF01F09FF80346002B03D0064B4FF0CA
:1038E00080521A6000233B603B6883F3118800BF5D
:1038F00000BF0837BD4680BD04ED00E080B400AFD6
:103900000B4B00221A600B4B00221A600A4B1B68FB
:103910000A4AA2FB03239B09094A013B1360044B9B
:1039200007221A6000BFBD465DF8047B704700BFE8
:1039300010E000E018E000E000000020D34D62102D
:1039400014E000E0DFF80C00016841F47001016050
:103950007047000088ED00E000BF00BF80B58AB06E
:1039600000AF78600023FB6100F03AFF534B1B6807
:10397000002B01D100F008F97B68002B12D008223F
:103980007B6803F00703D31A0833BB61BB69DB43D1
:103990007A689A4204D87A68BB6913447B6001E074
:1039A00000237B607B68002B70DB7B68002B6DD075
:1039B000434B1B687A689A4268D8424B3B62414B42
:1039C0001B687B6204E07B6A3B627B6A1B687B62EC
:1039D0007B6A5B687A689A4203D97B6A1B68002B12
:1039E000F1D1364B1B687A6A9A424FD03B6A1B680A
:1039F00008221344FB617B6A1A683B6A1A607B6A7F
:103A00005A687B68D21A08235B009A421FD97A6AE7
:103A10007B6813447B617B6903F00703002B0AD0AA
:103A20004FF0500383F31188BFF36F8FBFF34F8FB5
:103A30003B6100BFFEE77B6A5A687B68D21A7B69EC
:103A40005A607B6A7A685A60786900F0F9F81C4B12
:103A50001A687B6A5B68D31A194A1360184B1A6894
:103A6000194B1B689A4203D2154B1B68164A136008
:103A70007B6A5B6843F000427B6A5A607B6A002283
:103A80001A60124B1B680133104A136000F0B6FE37
:103A9000FB6903F00703002B0AD04FF0500383F3B8
:103AA0001188BFF36F8FBFF34F8FFB6000BFFEE73E
:103AB000FB6918462837BD4680BD00BF003601208F
:103AC00004360120F8350120083601200C3601208B
:103AD00080B586B000AF78607B687B617B68002B27
:103AE00049D008235B427A6913447B617B693B615F
:103AF0003B695B68002B0ADB4FF0500383F31188AE
:103B0000BFF36F8FBFF34F8FFB6000BFFEE73B69D2
:103B10001B68002B0AD04FF0500383F31188BFF3CA
:103B20006F8FBFF34F8FBB6000BFFEE73B695B68E1
:103B3000DB0F03F00103DBB2002B1CD03B691B68D9
:103B4000002B18D13B695B6823F000423B695A6047
:103B500000F046FE3B695A68094B1B681344084A4B
:103B60001360386900F06CF8064B1B680133054A96
:103B7000136000F043FE00BF1837BD4680BD00BF94
:103B8000043601201036012080B485B000AF4FF418
:103B90009633BB60254BFB60FB6803F00703002BEB
:103BA0000CD0FB680733FB60FB6823F00703FB6066
:103BB000BA68FB68D31A1D4A1344BB60FB687B607C
:103BC0001B4A7B6813601A4B00225A607B68BA68F4
:103BD0001344FB600822FB689B1AFB60FB6823F020
:103BE0000703FB60FB68134A1360124B1B6800223B
:103BF0005A60104B1B6800221A607B683B603B6870
:103C0000FA68D21A3B685A600A4B1A683B681A6015
:103C10003B685B68084A13603B685B68074A13604F
:103C200000BF1437BD465DF8047B7047F8090020DB
:103C3000F835012000360120083601200436012025
:103C400080B485B000AF7860284BFB6002E0FB6871
:103C50001B68FB60FB681B687A689A42F7D8FB68B0
:103C6000BB60FB685B68BA6813447A689A4208D103
:103C7000FB685A687B685B681A44FB685A60FB689B
:103C80007B607B68BB607B685B68BA681A44FB68D2
:103C90001B689A4218D1FB681A68154B1B689A4238
:103CA0000DD07B685A68FB681B685B681A447B68A8
:103CB0005A60FB681B681A687B681A6008E00C4B46
:103CC0001A687B681A6003E0FB681A687B681A60F0
:103CD000FA687B689A4202D0FB687A681A6000BF73
:103CE0001437BD465DF8047B704700BFF8350120EE
:103CF0000036012080B586B000AF786039600123BE
:103D00007B617B683B613B69002B0AD14FF050031C
:103D100083F31188BFF36F8FBFF34F8FFB6000BF3A
:103D2000FEE73B69002B5DD03B69DB6B002B59D074
:103D30003B691A6C3B69DB6B0021A3FB0223002B60
:103D400000D001210B46002B4CD1FFF725FD3B692C
:103D50001A683B69DB6B3969096C01FB03F31A4490
:103D60003B699A603B6900229A633B691A683B6928
:103D70005A603B691A683B69DB6B013B3969096C26
:103D800001FB03F31A443B69DA603B69FF2283F8C5
:103D900044203B69FF2283F845203B68002B14D167
:103DA0003B691B69002B1AD03B691033184601F0A0
:103DB0000DF80346002B12D0154B4FF080521A60BD
:103DC000BFF34F8FBFF36F8F09E03B691033184685
:103DD000FFF700FB3B6924331846FFF7FBFAFFF7B8
:103DE0000BFD01E000237B617B69002B0AD14FF0C2
:103DF000500383F31188BFF36F8FBFF34F8FBB6006
:103E000000BFFEE77B6918461837BD4680BD00BF7E
:103E100004ED00E080B58AB002AFF860B9601346E7
:103E2000FB710023FB61FB68002B2ED00021BA68D8
:103E3000FB68A3FB0223002B00D001210B46002BC3
:103E400023D1FB68BA6802FB03F313F1510F1CD8AE
:103E5000FB68BA6802FB03F3BB61BB6950331846C9
:103E6000FFF77CFDF861FB69002B1CD0FB697B61CF
:103E70007B6950337B61FA79FB69009313467A6959
:103E8000B968F86800F014F80DE0FB69002B0AD15E
:103E90004FF0500383F31188BFF36F8FBFF34F8F41
:103EA0003B6100BFFEE7FB6918462037BD4680BD79
:103EB00080B584B000AFF860B9607A60FB70BB6811
:103EC000002B03D1BB69BA691A6002E0BB697A684A
:103ED0001A60BB69FA68DA63BB69BA681A640121BF
:103EE000B869FFF707FFBB69FA7883F84C2000BF79
:103EF0001037BD4680BD000080B58CB000AFF860C3
:103F0000B9607A600023FB62FB68BB62BB6A002B6E
:103F10000AD14FF0500383F31188BFF36F8FBFF3C3
:103F20004F8F3B6200BFFEE7BB68002B03D1BB6A2B
:103F30001B6C002B01D1012300E00023002B0AD1D0
:103F40004FF0500383F31188BFF36F8FBFF34F8F90
:103F5000FB6100BFFEE701F049F90346002B02D1E7
:103F60007B68002B01D1012300E00023002B0AD144
:103F70004FF0500383F31188BFF36F8FBFF34F8F60
:103F8000BB6100BFFEE7FFF707FCBB6A9B6B7B6270
:103F90007B6A002B1FD0B968B86A00F08DF87B6A85
:103FA0005A1EBB6A9A63BB6A1B69002B0FD0BB6A9F
:103FB0001033184600F00AFF0346002B07D03D4B94
:103FC0004FF080521A60BFF34F8FBFF36F8FFFF730
:103FD00013FC012369E07B68002B03D1FFF70CFC85
:103FE000002362E0FB6A002B06D107F1100318469C
:103FF00000F0C2FF0123FB62FFF7FEFB00F0F0FBC5
:10400000FFF7CAFBBB6A93F844305BB2B3F1FF3FE2
:1040100003D1BB6A002283F84420BB6A93F8453081
:104020005BB2B3F1FF3F03D1BB6A002283F84520A6
:10403000FFF7E2FB3A1D07F110031146184600F0A6
:10404000B1FF0346002B23D1B86A00F0ADF8034658
:10405000002B17D0BB6A24337A681146184600F04B
:104060004BFEB86A00F04EF800F0C8FB0346002B88
:1040700089D1104B4FF080521A60BFF34F8FBFF3BE
:104080006F8F80E7B86A00F03DF800F0B7FB7AE781
:10409000B86A00F037F800F0B1FBB86A00F084F8B5
:1040A0000346002B3FF46FAF002318463037BD4660
:1040B00080BD00BF04ED00E080B582B000AF786045
:1040C00039607B681B6C002B18D07B68DA687B68D2
:1040D0001B6C1A447B68DA607B68DA687B689B68D3
:1040E0009A4203D37B681A687B68DA607B68D96878
:1040F0007B681B6C1A463868FCF750FC00BF083719
:10410000BD4680BD80B584B000AF7860FFF744FB4A
:104110007B6893F84530FB7311E07B685B6A002B8A
:1041200012D07B682433184600F050FE0346002B63
:1041300001D000F09DFFFB7B013BDBB2FB7397F9E5
:104140000F30002BE9DC00E000BF7B68FF2283F822
:104150004520FFF751FBFFF71FFB7B6893F84430C6
:10416000BB7311E07B681B69002B12D07B68103396
:10417000184600F02BFE0346002B01D000F078FF1C
:10418000BB7B013BDBB2BB7397F90E30002BE9DC44
:1041900000E000BF7B68FF2283F84420FFF72CFB80
:1041A00000BF1037BD4680BD80B584B000AF7860D9
:1041B000FFF7F2FA7B689B6B002B02D10123FB60B7
:1041C00001E00023FB60FFF717FBFB681846103780
:1041D000BD4680BD80B487B000AF786039600023F1
:1041E0003B617B68002B0AD14FF0500383F31188A9
:1041F000BFF36F8FBFF34F8FFB6000BFFEE73B68DD
:10420000002B24D000237B611EE0184A7B69DB0071
:1042100013445B687A689A4205D17B69DB00134AD4
:1042200013443B6113E03B69002B0AD10F4A7B69C1
:1042300052F83330002B04D17B69DB000B4A134466
:104240003B617B6901337B617B69072BDDD93B696E
:10425000002B05D03B693A681A603B697A685A605E
:1042600000BF1C37BD465DF8047B70471436012043
:1042700080B586B000AFF860B9607A60FB687B619A
:10428000FFF78AFA7B6993F844305BB2B3F1FF3FE2
:1042900003D17B69002283F844207B6993F8453081
:1042A0005BB2B3F1FF3F03D17B69002283F8452065
:1042B000FFF7A2FA7B699B6B002B06D17B69243345
:1042C0007A68B968184600F03BFD7869FFF71AFF75
:1042D00000BF1837BD4680BD80B58CB004AFF86014
:1042E000B9603B601346FB80FB889B001846FFF7D4
:1042F00035FB78617B69002B13D05820FFF72EFB2C
:10430000F861FB69002B08D058220021F86901F000
:10431000F3FDFB697A691A6305E07869FFF7D8FB5A
:1043200001E00023FB61FB69002B13D0FA88002316
:104330000393FB690293FB6A0193BB6A00933B689A
:10434000B968F86800F00EF8F86900F099F80123F0
:10435000BB6102E04FF0FF33BB61BB6918462037F9
:10436000BD4680BD80B588B000AFF860B9607A60A6
:104370003B603B6B186B7B689B001A46A52101F0E4
:10438000BBFD3B6B1A6B7B6803F18043013B9B00D9
:104390001344BB61BB6923F00703BB61BB6903F036
:1043A0000703002B0AD04FF0500383F31188BFF3AB
:1043B0006F8FBFF34F8F7B6100BFFEE7BB68002BA1
:1043C0001ED00023FB6112E0BA68FB691344197820
:1043D0003A6BFB69134434330A461A70BA68FB69B6
:1043E00013441B78002B06D0FB690133FB61FB698A
:1043F000092BE9D900E000BF3B6B002283F83D2088
:10440000BB6A042B0AD94FF0500383F31188BFF322
:104410006F8FBFF34F8F3B6100BFFEE7BB6A042B7A
:1044200001D90423BB623B6BBA6ADA623B6BBA6A9E
:104430009A643B6B04331846FEF7ECFF3B6B183372
:104440001846FEF7E7FF3B6B3A6B1A61BB6AC3F194
:1044500005023B6B9A613B6B3A6B5A623A68F968AA
:10446000B869FFF76BF802463B6B1A60FB6A002BDA
:1044700002D0FB6A3A6B1A6000BF2037BD4680BD90
:1044800080B584B000AF7860FFF786F9404B1B68B9
:1044900001333F4A13603F4B1B68002B09D13D4A53
:1044A0007B6813603A4B1B68012B10D100F004FEAF
:1044B0000DE0394B1B68002B09D1364B1B68DA6ABB
:1044C0007B68DB6A9A4202D8324A7B681360334BBE
:1044D0001B680133314A1360304B1A687B681A64D9
:1044E0007B68DB6A01229A402D4B1B6813432C4AE0
:1044F00013607B68DA6A2B4913469B0013449B00C8
:104500000B4404331B68FB607B68FA689A60FB68A5
:104510009A687B68DA60FB689B687A6804325A6044
:104520007B681A1DFB689A607B68DA6A13469B00F9
:1045300013449B001B4A1A447B685A617B68DA6A01
:10454000184913469B0013449B000B441B68591CDD
:10455000144813469B0013449B0003441960FFF763
:104560004BF90D4B1B68002B0ED00A4B1B68DA6A07
:104570007B68DB6A9A4207D20B4B4FF080521A607D
:10458000BFF34F8FBFF36F8F00BF1037BD4680BDA5
:104590002C370120543601203837012048370120BC
:1045A000343701205836012004ED00E080B584B096
:1045B00000AF7860FFF7F0F87B68002B02D13B4B2F
:1045C0001B6800E07B68FB60FB6804331846FEF75D
:1045D0008BFF0346002B15D1FB68DA6A344913467A
:1045E0009B0013449B000B441B68002B0AD1FB6803
:1045F000DB6A012202FA03F3DA432E4B1B681340F5
:104600002C4A1360FB689B6A002B04D0FB681833AC
:104610001846FEF769FF284B1B680133264A1360D2
:10462000224B1B68FA689A420BD1FB680433194687
:104630002248FEF7FCFE224B1B680133204A136020
:1046400006E0204B1B68013B1E4A136000F0B2FDE0
:10465000FFF7D2F8154B1B68FA689A4202D0F86847
:1046600000F098FD184B1B68002B1BD00F4B1B68EC
:10467000FA689A4216D1154B1B68002B0AD04FF0EE
:10468000500383F31188BFF36F8FBFF34F8FBB606D
:1046900000BFFEE70E4B4FF080521A60BFF34F8F02
:1046A000BFF36F8F00BF1037BD4680BD5436012069
:1046B00058360120343701204837012000370120C7
:1046C000143701202C3701203837012054370120BE
:1046D00004ED00E080B584B000AF78600023FB609B
:1046E0007B68002B17D0134B1B68002B0AD04FF0B0
:1046F000500383F31188BFF36F8FBFF34F8FBB60FD
:1047000000BFFEE700F06CF80021786800F016FFAB
:1047100000F074F8F860FB68002B07D1064B4FF0EF
:1047200080521A60BFF34F8FBFF36F8F00BF1037F7
:10473000BD4680BD5437012004ED00E080B586B051
:1047400002AF204B019300230093002382221E49D5
:104750001E48FFF7C1FDF860FB68012B02D100F095
:104760006DFFF860FB68012B16D14FF0500383F307
:104770001188BFF36F8FBFF34F8FBB6000BF144B27
:104780004FF0FF321A60134B01221A60124B0022C5
:104790001A60FEF75FFF0EE0FB68B3F1FF3F0AD13E
:1047A0004FF0500383F31188BFF36F8FBFF34F8F28
:1047B0007B6000BFFEE7094B1B6800BF1037BD469A
:1047C00080BD00BF5037012094BF00088950000809
:1047D0004C370120383701203037012008000020F5
:1047E00080B400AF044B1B680133034A136000BF61
:1047F000BD465DF8047B70475437012080B588B012
:1048000000AF0023FB610023BB61714B1B68002BD1
:104810000AD14FF0500383F31188BFF36F8FBFF3BA
:104820004F8F7B6000BFFEE7FEF7B6FF684B1B684B
:10483000013B674A1360664B1B68002B40F0C08049
:10484000644B1B68002B00F0BB808AE0624BDB6886
:10485000DB68FB61FB699B6A3B61FB69DB69FA69A9
:10486000126A9A60FB691B6AFA69D2695A603B69ED
:104870005A68FB6918339A4203D1FB691A6A3B698B
:104880005A60FB6900229A623B691B685A1E3B69A9
:104890001A60FB695B69FB60FB699B68FA69D26817
:1048A0009A60FB69DB68FA6992685A60FB685A682B
:1048B000FB6904339A4203D1FB69DA68FB685A60EA
:1048C000FB6900225A61FB681B685A1EFB681A606C
:1048D000FB69DB6A01229A40404B1B6813433F4A45
:1048E0001360FB69DA6A3E4913469B0013449B0040
:1048F0000B4404331B68BB60FB69BA689A60BB68F1
:104900009A68FB69DA60BB689B68FA6904325A608E
:10491000FB691A1DBB689A60FB69DA6A13469B0043
:1049200013449B002E4A1A44FB695A61FB69DA6AF8
:104930002B4913469B0013449B000B441B68591CD6
:10494000274813469B0013449B0003441960FB69EE
:10495000DA6A244B1B68DB6A9A4202D3224B01229B
:104960001A601D4B1B68002B7FF470AFFB69002B96
:1049700001D000F01FFC1D4B1B687B617B69002B85
:1049800010D000F047F80346002B02D0164B01224E
:104990001A607B69013B7B617B69002BF1D1134B72
:1049A00000221A60104B1B68002B09D00123BB6149
:1049B0000F4B4FF080521A60BFF34F8FBFF36F8FD2
:1049C000FEF71AFFBB6918462037BD4680BD00BF01
:1049D000543701202C370120EC36012034370120D8
:1049E0005836012054360120403701203C37012041
:1049F00004ED00E080B483B000AF054B1B687B6022
:104A00007B6818460C37BD465DF8047B704700BFD5
:104A10003037012080B58AB000AF00237B627D4B28
:104A20001B68002B40F0EC807B4B1B6801333B6222
:104A3000794A3B6A13603B6A002B20D1774B1B6895
:104A40001B68002B0AD04FF0500383F31188BFF38B
:104A50006F8FBFF34F8F7B6000BFFEE76F4B1B680C
:104A6000FB616F4B1B686D4A13606D4AFB691360F5
:104A70006C4B1B6801336B4A136000F09BFB6A4B65
:104A80001B683A6A9A42C0F0A680644B1B681B6898
:104A9000002B04D1644B4FF0FF321A609BE05F4B58
:104AA0001B68DB68DB68BB61BB695B687B613A6A7A
:104AB0007B699A4203D25C4A7B6913608BE0BB69D5
:104AC0005B693B61BB699B68BA69D2689A60BB69E4
:104AD000DB68BA6992685A603B695A68BB690433FB
:104AE0009A4203D1BB69DA683B695A60BB6900220C
:104AF0005A613B691B685A1E3B691A60BB699B6A15
:104B0000002B1ED0BB699B6AFB60BB69DB69BA697D
:104B1000126A9A60BB691B6ABA69D2695A60FB68FB
:104B20005A68BB6918339A4203D1BB691A6AFB6899
:104B30005A60BB6900229A62FB681B685A1EFB68B8
:104B40001A60BB69DB6A01229A40384B1B68134329
:104B5000364A1360BB69DA6A354913469B00134431
:104B60009B000B4404331B68BB60BB69BA689A6046
:104B7000BB689A68BB69DA60BB689B68BA69043233
:104B80005A60BB691A1DBB689A60BB69DA6A134632
:104B90009B0013449B00264A1A44BB695A61BB69B7
:104BA000DA6A234913469B0013449B000B441B689D
:104BB000591C1F4813469B0013449B000344196073
:104BC000BB69DA6A1B4B1B68DB6A9A427FF65DAFF2
:104BD00001237B6259E7174B1B68DA6A14491346B5
:104BE0009B0013449B000B441B68012B01D901233C
:104BF0007B62114B1B68002B07D001237B6204E012
:104C00000E4B1B6801330D4A13607B6A1846283728
:104C1000BD4680BD5437012030370120E4360120E5
:104C2000E8360120443701204C3701203437012079
:104C30005836012054360120403701203C370120EE
:104C400080B487B000AF274B1B68002B03D0264BE6
:104C500001221A603FE0244B00221A60234B1B689C
:104C6000FB60FB68B3FA83F3FB72FB7AC3F11F03AB
:104C70007B611F497A6913469B0013449B000B44D8
:104C80001B68002B0AD14FF0500383F31188BFF348
:104C90006F8FBFF34F8F7B6000BFFEE77A691346CB
:104CA0009B0013449B00124A13443B613B695B68C1
:104CB0005A683B695A603B695A683B6908339A42B3
:104CC00004D13B695B685A683B695A603B695B6821
:104CD000DB68084A136000BF1C37BD465DF8047BE3
:104CE000704700BF5437012040370120343701207E
:104CF000583601205436012080B584B000AF78606A
:104D000039607B68002B0AD14FF0500383F3118880
:104D1000BFF36F8FBFF34F8FFB6000BFFEE7074B02
:104D20001B68183319467868FEF7A5FB012138681F
:104D300000F004FC00BF1037BD4680BD5436012092
:104D400080B586B000AFF860B9607A60FB68002B70
:104D50000AD14FF0500383F31188BFF36F8FBFF375
:104D60004F8F3B6100BFFEE7FB685B687B61164BC2
:104D70001B687A69DA61144B1B687A6992681A6257
:104D8000114B1A687B699B6818325A600E4B1B687E
:104D900003F118027B699A600B4B1B68FA689A62F0
:104DA000FB681B685A1CFB681A607B68002B02D0EA
:104DB0004FF0FF33BB607968B86800F0BFFB00BFFD
:104DC0001837BD4680BD00BF5436012080B48BB07B
:104DD00000AF78607B68DB68DB683B623B6A002B76
:104DE0000AD14FF0500383F31188BFF36F8FBFF3E5
:104DF0004F8FFB6000BFFEE73B6A9B6AFB613B6A2B
:104E0000DB693A6A126A9A603B6A1B6A3A6AD2693B
:104E10005A60FB695A683B6A18339A4203D13B6A6D
:104E20001A6AFB695A603B6A00229A62FB691B6836
:104E30005A1EFB691A604A4B1B68002B5ED13B6A05
:104E40005B697B613B6A9B683A6AD2689A603B6A9D
:104E5000DB683A6A92685A607B695A683B6A043335
:104E60009A4203D13B6ADA687B695A603B6A002246
:104E70005A617B691B685A1E7B691A603B6ADB6A50
:104E800001229A40374B1B681343364A13603B6A32
:104E9000DA6A354913469B0013449B000B440433E4
:104EA0001B683B613B6A3A699A603B699A683B6A56
:104EB000DA603B699B683A6A04325A603B6A1A1DA1
:104EC0003B699A603B6ADA6A13469B0013449B0075
:104ED000254A1A443B6A5A613B6ADA6A22491346F8
:104EE0009B0013449B000B441B68591C1E4813462F
:104EF0009B0013449B00034419601BE01B4B5B6841
:104F0000BB613B6ABA69DA61BB699A683B6A1A623B
:104F1000BB699B683A6A18325A603B6A03F118020F
:104F2000BB699A603B6A114A9A62104B1B68013355
:104F30000E4A13603B6ADA6A0D4B1B68DB6A9A42C1
:104F400005D901237B620B4B01221A6001E000238B
:104F50007B627B6A18462C37BD465DF8047B704740
:104F6000543701203437012058360120EC36012017
:104F7000543601204037012080B483B000AF786000
:104F8000064B1A687B681A60054B1A687B685A6082
:104F900000BF0C37BD465DF8047B704744370120E5
:104FA0003037012080B588B000AF786039607B6809
:104FB000002B0AD14FF0500383F31188BFF36F8F9A
:104FC000BFF34F8F3B6100BFFEE73B68002B0AD168
:104FD0004FF0500383F31188BFF36F8FBFF34F8FF0
:104FE000FB6000BFFEE7FEF7D7FB1F4B1B68BB61F2
:104FF0007B685B68BA69D31A7B613B681B68B3F155
:10500000FF3F02D10023FB6126E07B681A68174B43
:105010001B689A420AD07B685B68BA699A4205D3DA
:105020000123FB613B6800221A6015E03B681B68A6
:105030007A699A420BD23B681A687B69D21A3B683C
:105040001A607868FFF798FF0023FB6104E03B6873
:1050500000221A600123FB61FEF7CEFBFB691846B4
:105060002037BD4680BD00BF3037012044370120C6
:1050700080B400AF034B01221A6000BFBD465DF84B
:10508000047B70474037012080B582B000AF786064
:1050900000F052F8064B1B68012BF9D9054B4FF075
:1050A00080521A60BFF34F8FBFF36F8FF0E700BFDE
:1050B0005836012004ED00E080B582B000AF002337
:1050C0007B600CE07A6813469B0013449B00124AF5
:1050D00013441846FEF77EF97B6801337B607B68DA
:1050E000042BEFD90D48FEF775F90D48FEF772F95C
:1050F0000C48FEF76FF90C48FEF76CF90B48FEF709
:1051000069F90B4B054A1A600A4B054A1A6000BF41
:105110000837BD4680BD00BF58360120BC3601208F
:10512000D0360120EC36012000370120183701204D
:10513000E4360120E836012080B582B000AF19E0E6
:10514000FEF72AFB104BDB68DB687B607B6804336F
:105150001846FEF7C9F90D4B1B68013B0B4A13605B
:105160000B4B1B68013B0A4A1360FEF745FB78684E
:1051700000F010F8064B1B68002BE1D100BF00BF08
:105180000837BD4680BD00BF003701202C37012005
:105190001437012080B582B000AF78607B681B6B4C
:1051A0001846FEF795FC7868FEF792FC00BF0837BA
:1051B000BD4680BD80B400AF0A4B1B681B68002B46
:1051C00004D1094B4FF0FF321A6005E0054B1B6814
:1051D000DB681B68044A136000BFBD465DF8047BB2
:1051E000704700BFE43601204C37012080B483B003
:1051F00000AF0B4B1B68002B02D101237B6008E042
:10520000084B1B68002B02D102237B6001E00023C6
:105210007B607B6818460C37BD465DF8047B7047A1
:10522000383701205437012080B586B000AFF860D0
:10523000B9607A60FB68002B0AD04FF0500383F30B
:105240001188BFF36F8FBFF34F8F3B6100BFFEE745
:10525000FEF7A2FA264B1B68FA68143253F8223084
:10526000002B15D1224B1A68FB68134454330122DA
:105270001A707B68002B0BD00121786800F05EF972
:105280001C4B4FF080521A60BFF34F8FBFF36F8FEC
:10529000FEF7B2FAFEF780FA154B1B68FA68143273
:1052A00053F822307B617B69002B12D0BB68002B46
:1052B00007D00F4B1B68FA681432002143F8221004
:1052C00007E00B4B1B687A69511EFA68143243F8E9
:1052D0002210074B1A68FB681344543300221A70DB
:1052E000FEF78AFA7B6918461837BD4680BD00BFB5
:1052F0005436012004ED00E080B58EB000AFF860B8
:10530000B9607A60FB7001237B63BB68002B0AD015
:105310004FF0500383F31188BFF36F8FBFF34F8FAC
:105320003B6200BFFEE7FB68002B0AD14FF0500341
:1053300083F31188BFF36F8FBFF34F8FFB6100BF03
:10534000FEE7FB683B63FEF727FA3B6C002B06D0B9
:105350003B6BBA68143253F822203B6C1A603A6BEC
:10536000BB68134454331B7887F82F303A6BBB6803
:105370001344543302221A70FB78042B3BD801A249
:1053800052F823F01554000899530008B55300084B
:10539000CD530008DB5300083B6BBA68143253F856
:1053A00022207B6842EA03013B6BBA68143243F85F
:1053B000221032E03B6BBA68143253F82230591C89
:1053C0003B6BBA68143243F8221026E03B6BBA6894
:1053D0001432796843F822101FE097F82F30022B1F
:1053E00006D03B6BBA681432796843F8221014E097
:1053F00000237B6311E04C4B1B68002B0CD04FF05B
:10540000500383F31188BFF36F8FBFF34F8FBB61DE
:1054100000BFFEE700BF00E000BF97F82F30012B70
:105420007BD13B6B5B69BB623B6B9B683A6BD26821
:105430009A603B6BDB683A6B92685A60BB6A5A6849
:105440003B6B04339A4203D13B6BDA68BB6A5A6008
:105450003B6B00225A61BB6A1B685A1EBB6A1A600A
:105460003B6BDB6A01229A40304B1B6813432F4A87
:1054700013603B6BDA6A2E4913469B0013449B0072
:105480000B4404331B687B623B6B7A6A9A607B6ACD
:105490009A683B6BDA607B6A9B683A6B04325A60AD
:1054A0003B6B1A1D7B6A9A603B6BDA6A13469B0062
:1054B00013449B001E4A1A443B6B5A613B6BDA6AE9
:1054C0001B4913469B0013449B000B441B68591C4B
:1054D000174813469B0013449B00034419603B6B21
:1054E0009B6A002B0AD04FF0500383F31188BFF35F
:1054F0006F8FBFF34F8F7B6100BFFEE73B6BDA6AB4
:105500000C4B1B68DB6A9A4207D90B4B4FF0805259
:105510001A60BFF34F8FBFF36F8FFEF76DF97B6B90
:1055200018463837BD4680BD30370120343701205A
:10553000583601205436012004ED00E080B586B0D5
:1055400000AF78603960364B1B687B61354B1B6858
:1055500004331846FDF7C8FF0346002B0BD1314B2F
:105560001B68DB6A012202FA03F3DA432E4B1B6845
:1055700013402D4A13607B68B3F1FF3F24D13B6891
:10558000002B21D0294B5B683B61264B1B683A6995
:105590009A60244B1B683A699268DA60214B1A685A
:1055A0003B699B6804325A601E4B1B681A1D3B699D
:1055B0009A601C4B1B681D4A5A611C4B1B680133C7
:1055C0001A4A136000BF26E07A697B681344FB60C7
:1055D000144B1B68FA685A60FA687B699A4209D2D0
:1055E000134B1A680F4B1B68043319461046FDF71E
:1055F00042FF10E00F4B1A680A4B1B680433194630
:105600001046FDF738FF0C4B1B68FA689A4202D22D
:10561000094AFB68136000BF1837BD4680BD00BF54
:10562000303701205436012034370120183701204B
:10563000E8360120E43601204C37012080B584B0E3
:1056400002AF00237B6000F047FA114B1B68002B70
:105650000BD0104B01930223009300234FF482726E
:105660000D490E48FEF738FE78607B68002B0AD1A2
:105670004FF0500383F31188BFF36F8FBFF34F8F49
:105680003B6000BFFEE77B6818460837BD4680BD1B
:10569000883701208C3701209CBF0008455700083F
:1056A00080B584B000AFF860B9607A6008E0FB684C
:1056B0009B69BA681344BB60FB681B6AF86898472B
:1056C000FB689A69BB68D118BB687A68F86800F013
:1056D000DDF80346002BEAD100BF00BF1037BD46FE
:1056E00080BD000080B584B000AF78603960144B95
:1056F0001B68DB68DB68FB60FB6804331846FDF75A
:10570000F3FEFB6893F8283003F00403002B05D068
:105710003A687968F868FFF7C3FF08E0FB6893F818
:10572000283023F00103DAB2FB6883F82820FB68F5
:105730001B6AF868984700BF1037BD4680BD00BFA0
:105740008037012080B584B000AF786007F108038E
:10575000184600F057F8F860BB681946F86800F082
:1057600003F800F0D5F8F1E780B584B000AF7860B9
:105770003960FFF735F807F10803184600F066F8BE
:10578000F860BB68002B30D13B68002B0AD17A68E7
:10579000FB689A4206D8FFF731F8F9687868FFF796
:1057A000A1FF24E03B68002B08D0134B1B681B684B
:1057B000002B01D1012300E000233B600F4B186850
:1057C0007A68FB68D31A3A681946FEF751FDFFF76D
:1057D00015F80346002B0AD1094B4FF080521A608E
:1057E000BFF34F8FBFF36F8F01E0FFF707F800BFE4
:1057F0001037BD4680BD00BF8437012088370120A7
:1058000004ED00E080B485B000AF78600E4B1B68FB
:105810001B68002B01D1012200E000227B681A6086
:105820007B681B68002B05D1074B1B68DB681B6876
:10583000FB6001E00023FB60FB6818461437BD469F
:105840005DF8047B704700BF8037012080B584B0CD
:1058500000AF7860FFF7CEF8F8600B4B1B68FA6872
:105860009A4205D200F012F97B6801221A6002E028
:105870007B6800221A60044AFB681360FB681846C4
:105880001037BD4680BD00BF9037012080B586B07F
:1058900000AFF860B9607A603B6000237B61FB6811
:1058A000BA685A60FB68FA681A61BA687B689A42FB
:1058B00012D87A683B68D21AFB689B699A4202D375
:1058C00001237B611BE0104B1A68FB680433194607
:1058D0001046FDF7D0FD12E07A683B689A4206D286
:1058E000BA683B689A4202D301237B6107E0074B09
:1058F0001A68FB68043319461046FDF7BCFD7B6946
:1059000018461837BD4680BD8437012080370120F6
:1059100080B588B000AFA6E0BB68002BC0F2A280C3
:105920003B69FB61FB695B69002B04D0FB690433B5
:105930001846FDF7D9FD3B1D1846FFF787FFB861F4
:10594000BB68013B082B00F28E8001A252F823F0C5
:105950007559000875590008DD590008F15900080B
:105960003B5A00087559000875590008DD590008B0
:10597000F1590008FB6993F8283043F00103DAB2CB
:10598000FB6983F82820FA68FB699B69D118FB68DA
:10599000BA69F869FFF77AFF0346002B63D0FB6909
:1059A00093F8283003F00403002B09D0FA68FB6950
:1059B0009B691344BA691946F869FFF771FE08E05C
:1059C000FB6993F8283023F00103DAB2FB6983F80E
:1059D0002820FB691B6AF869984744E0FB6993F843
:1059E000283023F00103DAB2FB6983F828203AE07B
:1059F000FB6993F8283043F00103DAB2FB6983F8BE
:105A00002820FA68FB699A61FB699B69002B0AD11F
:105A10004FF0500383F31188BFF36F8FBFF34F8FA5
:105A20007B6100BFFEE7FB699A69BB69D118BB695E
:105A3000BA69F869FFF72AFF15E0FB6993F8283087
:105A400003F00203002B03D1F869FEF741F80AE0E6
:105A5000FB6993F8283023F00103DAB2FB6983F87D
:105A6000282000E000BF084B1B6807F10801002256
:105A70001846FEF741FA0346002B7FF44DAF00BFF6
:105A800000BF2037BD4680BD8837012080B582B079
:105A900000AF09E00E4B1B68DB681B683B604FF0F2
:105AA000FF313868FFF71EFE094B1B681B68002B8F
:105AB000F0D1074B1B687B60064B1B68044A1360E0
:105AC000044A7B68136000BF0837BD4680BD00BF35
:105AD000803701208437012080B500AFFDF75CFEE0
:105AE000124B1B68002B1DD11148FDF773FC1148A8
:105AF000FDF770FC104B0E4A1A60104B0D4A1A60ED
:105B000000220C210A20FEF785F90346074A13609C
:105B1000064B1B68002B05D0044B1B680849184630
:105B2000FEF758FBFDF768FE00BF80BD88370120F7
:105B3000583701206C37012080370120843701203D
:105B4000A4BF000880B586B000AF1D4B1B6B1C4A7C
:105B500043F0010313631A4B1B6B194A43F0040310
:105B60001363174B1B6B164A43F080031363002328
:105B7000BB6001237B600223FB6003233B613B1D71
:105B800019461048FBF734FF08237B600123FB60B4
:105B90003B1D19460C48FBF72BFF04237B603B1D84
:105BA00019460948FBF724FF4FF400537B603B1D67
:105BB00019460648FBF71CFF00BF1837BD4680BDDD
:105BC0000038024000000240001C02400008024071
:105BD00080B586B000AF114B1B6B104A43F0020337
:105BE00013630123BB6001237B600123FB6003235C
:105BF0003B613B1D19460A48FBF7FAFE02237B6016
:105C00003B1D19460648FBF7F3FE00F017F800F0BD
:105C100021F800BF1837BD4680BD00BF00380240E4
:105C20000004024080B500AF002201210248FCF7C9
:105C30009BF800BF80BD00BF0004024080B500AFEC
:105C4000012201210248FCF78FF800BF80BD00BF90
:105C50000004024080B500AF012202210248FCF797
:105C600083F800BF80BD00BF0004024080B500AFD4
:105C700001210248FCF791F800BF80BD00040240FA
:105C800080B500AF02210248FCF787F800BF80BD55
:105C90000004024080B500AF074B1B681B6903F08E
:105CA0000103012B06D1FFF7E1FF034B1B686FF0E7
:105CB00001021A6100BF80BD9437012080B582B017
:105CC00000AF78600D4B0E4A1A600C4B0C225A61E3
:105CD0000A4A7B685360094B00229A61074B0022F5
:105CE0001A61064B0022DA60044B00229A600348D6
:105CF000FCF786FD00BF0837BD4680BDD0370120C8
:105D00000010014080B588B000AF78607B681B68E8
:105D1000214A93423BD1214B1B6B204A43F00103A4
:105D200013631E4B5B6C1D4A43F010035364022344
:105D30003B610323BB614FF40073FB600723FB61EE
:105D400007F10C0319461648FBF752FE4FF4806327
:105D5000FB6007F10C0319461148FBF749FE114B94
:105D60001B68DA680F4B1B6842F02002DA600D4BAB
:105D70001B68DA680B4B1B6842F01002DA602520C2
:105D8000FBF71BFE022202212520FBF7FAFD00BFD4
:105D90002037BD4680BD00BF0010014000380240E2
:105DA00000000240D037012080B582B000AF264805
:105DB000FCF7CCFE244B1B681B6803F02003202B50
:105DC00023D1F91D4FF47A7301221F48FCF706FE18
:105DD0001E4BB3F800311A46F9791C4B99541B4BF2
:105DE000B3F8003101339AB2184BA3F80021174BD6
:105DF000B3F80031FF2B03D9144B0022A3F8002184
:105E0000114B1B686FF020021A600F4B1B681B6858
:105E100003F01003102B13D10C4BB3F800311A46CA
:105E20000A4B00219954094B012283F80221064BA9
:105E30001B681B683B60044B1B685B683B603B68EE
:105E400000BF0837BD4680BDD03701201038012083
:105E50000EB480B5B7B000AF786007F1E803C7F8BB
:105E6000D03007F10803D7F8D020D7F8E41018464F
:105E700001F004FE07F108031846FAF741FE034655
:105E8000A7F8D630B7F8D62007F108014FF47A7397
:105E90007868FCF7FAFC00BFDC37BD46BDE88040FF
:105EA00003B07047014B1868704700BF0C0000201A
:105EB00070B50D4E0D4D761BB61006D0002455F86A
:105EC000043B01349847A642F9D1094E094D761B8F
:105ED00006F010F8B61006D0002455F8043B013443
:105EE0009847A642F9D170BDC0C30008C0C30008DE
:105EF000C8C30008C0C30008830730B548D0541E8B
:105F0000002A3FD0CAB2034601E0013C3AD303F86D
:105F1000012B9D07F9D1032C2DD9CDB245EA0525DA
:105F20000F2C45EA054536D9A4F1100222F00F0CDA
:105F300003F1200EE6444FEA121C03F1100242E97D
:105F4000045542E9025510327245F8D10CF10102B4
:105F500014F00C0F03EB021204F00F0C13D0ACF191
:105F6000040323F003030433134442F8045B934215
:105F7000FBD10CF003042CB1CAB21C4403F8012B72
:105F80009C42FBD130BD64461346002CF4D1F9E7A6
:105F900003461446BFE71A46A446E0E700000000A7
:105FA0002DE9F04F2DED0A8BCFB00C4691460AEE4D
:105FB000101A09930AEE900A02F02EFF0368139359
:105FC0001846FAF79DFDA38912901A0603D5236996
:105FD000002B00F0A8874D469FEDA77B2B7800246F
:105FE00025AACDE92344CDE91544CDE917448DED2B
:105FF000107B1AEE909A0E94229290461494059477
:10600000002B00F0F081AB4604E01BF8013F002BB1
:1060100000F01B81252BF8D1BBEB050640F0198160
:106020009BF80030002B00F0DE8100234FF0FF32A0
:106030009BF801708DF86B3006930BF1010B049205
:106040009A462B2420210BF1010BA7F120035A2B98
:1060500000F24081DFE813F0D9023E013E01D40294
:106060003E013E013E016A003E013E01690202031B
:106070003E017402E8023E01E3025B005B005B004C
:106080005B005B005B005B005B005B003E013E0170
:106090003E013E013E013E013E01D6013E013A0273
:1060A0008500D601D601D6013E013E013E013E01EA
:1060B000CF023E013E01C6003E013E013E014402C8
:1060C0003E0179023E013E0157073E013E013E017D
:1060D0003E013E013E013E013E01D6013E013A0233
:1060E0008700D601D601D601C202870080003E019A
:1060F000B5023E019D02C8008B0280003E014402B1
:106100007D0032073E013E0136073E017D00A7F1CA
:10611000300300221BF8017B02EB820203EB4202F8
:10612000A7F13003092BF5D906928EE7484602F015
:1061300073FE436817931846FAF7E2FC1890064678
:10614000484602F069FE836815932021002E40F036
:10615000CA859BF8007076E79BF800704AF0200A29
:1061600071E74AF0100A1AF0200F099B00F09E8197
:10617000073323F007031A465B6852F8084B09926D
:106180001E46002BC0F27385049B013301F0428050
:106190002AF08003039354EA060300F0EF840A2CEC
:1061A00076F1000380F0988730340123DDF80CA0ED
:1061B0008DF8374107930DF23715049907989DF82C
:1061C0006B3081424FF00002B8BF01460892039144
:1061D0000C920F920D92002B00F08D80039A0132E9
:1061E000039288E04AF0100A1AF0200600F04F816E
:1061F000099B073323F007035E6853F8084B0993A4
:106200002AF480630393002300228DF86B20049A04
:106210001146013100F02982039921F0800A54EAE5
:10622000060140F02082002A41F03080002B40F02F
:10623000AB84039B13F00103079300F049853023DF
:106240008DF837310DF23715B7E7BBEB050600F0D7
:10625000CA80249B33442493239B0133072BC8E932
:10626000005623930CDC08F10808059B3344059382
:10627000D6E600BFAFF30080000000000000000081
:106280001AEE101A22AA484603F0BEFC90B90DF18E
:106290009408EAE71AEE101A22AA484603F0B4FC62
:1062A000002800F09180089B23B108991AEE900A0B
:1062B00002F0ACFC1AEE103A9B8913F0400F059BDC
:1062C00018BF4FF0FF33059305984FB0BDEC0A8B14
:1062D000BDE8F08F002F00F0868000238DF8D47089
:1062E0008DF86B300122CDE90723039204930C93C0
:1062F0000F930D9335AD1AF002020A9202D0039A61
:10630000023203921AF084020B9205D1069A039985
:10631000561A002E00F30F83249C8BB1239B0DF1A2
:106320006B0201330134C8F80020072B4FF0010243
:1063300024942393C8F8042000F3358308F1080857
:106340000A9B83B1239B1BAA01330234C8F80020A7
:10635000072B4FF0020224942393C8F8042000F383
:106360002F8308F108080B9B802B00F01182049BFF
:10637000079A9E1A002E00F352821AF4807F40F092
:10638000AD81079BC8F804301C44239BC8F800501B
:106390000133072B2494239300F3C08208F10808EB
:1063A0001AF0040F05D0069B039A9D1A002D00F3E6
:1063B0001483DDE9053203998A42ACBF9B185B1850
:1063C0000593002C7FF466AF00232393089B1BB139
:1063D0000899484602F01AFC0DF194085D462B78A6
:1063E000002B7FF410AE249B002B3FF463AF1AEE1A
:1063F000104A1AEE101A1AEE900A22AA03F004FCB0
:10640000A3895AE7099B073323F00703B3EC027B08
:106410008DED107BDDE91012099322F000430BEEA5
:10642000101A0BEE903A4FF0FF32B0EE4B9AF0EEAE
:106430006B9AA64B51EC190BFAF7AAFC002840F016
:106440006B84A24B51EC190B4FF0FF32FAF782FC30
:10645000002840F06184DDE9100100220023FAF7F2
:106460006FFC002840F0A8879DF86B30984D994A42
:106470002AF0800A0321472FC8BF15460022089240
:106480000391079104920C920F920D92A3E61AF0D9
:10649000100340F03B841AF0400200F05E87099A36
:1064A00052F8044B09921E46A4B2A9E653F8044BD5
:1064B00009931AF0100F40F012841AF0400F00F008
:1064C0000A8444F3C036334624B25AE6099A0023BC
:1064D00052F8041B8DF86B308DF8D410099201E747
:1064E000099C049A54F8045B00268DF86B60002D1B
:1064F00000F0DC861346013300F04985314628461A
:10650000FAF76EFB0890002801F07D80089B049646
:10651000591B079121EAE1719DF86B3009940391B1
:1065200008960C960F960D9655E6099B53F8042B8A
:106530000692002A80F2C783069A09935242069275
:106540009BF800704AF0040A7DE54AF010030393BB
:10655000039B13F0200600F07783099B073323F099
:1065600007035E6853F8084B099301234CE6099B27
:1065700053F8044B099330234AF0020278278DF830
:106580006C30554B149303928DF86D7000260223E6
:106590003AE61AF0200F40F086841AF0100F40F00F
:1065A0007C861AF0400F40F04F871AF4007F00F00D
:1065B0007486099B059953F8042B099311705D4665
:1065C0000DE79BF800706C2F03BF9BF801704AF039
:1065D000200A0BF1010B4AF0100A34E59BF8007019
:1065E000682F03BF9BF801704AF4007A0BF1010B8E
:1065F0004AF0400A27E59BF800704AF0080A22E5B5
:106600009BF800704AF0010A1DE59DF86B30002BE5
:106610007FF49FAD9BF800708DF86B1013E59BF82D
:1066200000704AF0800A0EE55A4612F8017B2A2FC4
:1066300001F0F781A7F13003092B934698BF0022A0
:1066400000F2F7871BF8017B02EB820203EB4202A8
:10665000A7F13003092BF5D90492F6E49BF80070FA
:106660008DF86B40EFE4CDF80CA0012B3FF497AD13
:10667000022B4EAD12D1149A04F00F032409D35CFF
:1066800005F8013D44EA0674360954EA0603F3D1DD
:106690004EAB5B1BDDF80CA007938EE504F00703FF
:1066A000E40844EA4674F608303354EA06012A4600
:1066B00005F8013DF2D103990846C00700F14F8269
:1066C0004EAB5B1B8A46079377E500BFFFFFEF7F6A
:1066D000C0BF0008C4BF0008D0BF0008652F40F34A
:1066E000D780DDE9100100220023FAF71FFB002804
:1066F00000F0B481239BBC4AC8F800200133013468
:106700000122072B24942393C8F8042000F38685E4
:1067100008F108081C9B0E9A934280F2CF82129BCC
:10672000139A1C44C8E90023239B24940133072BAC
:10673000239300F3EB8308F108080E9B5D1E002DE8
:106740007FF72EAE102D239B41F34981A74F0A9767
:10675000224610261AEE104A05E008F10808103DFE
:10676000102D40F3698501331032072BC8E90076FC
:10677000CDE92332F1DD22AA2146484603F044FA4E
:1067800000287FF490ADDDE923320DF19408E6E7AF
:10679000069B039A9E1A002E7FF7E9AD102E239BCD
:1067A00041F3508091490B9522461AEE105A0A91F6
:1067B0000C4604E0103E102E08F1080819DD0133E4
:1067C00010321021072BCDE92332C8F80040C8F859
:1067D0000410EFDD22AA294648460DF1940803F083
:1067E00013FA00287FF45FAD103E102EDDE923324E
:1067F000E5DC0B9D144601330A9AC8F800203444A6
:10680000072BCDE92334C8F8046000F33185049BDD
:10681000079A9E1A002E08F108087FF7AEAD102ED9
:10682000239B40F3C58571480A90424621461AEEE3
:10683000108A044604E0103E102E02F1080216DD14
:10684000013310311020072BCDE923311460506043
:10685000F1DD22AA4146484603F0D6F900287FF42C
:1068600022AD103E102EDDE9233125AAE8DC90464A
:106870000C4601330A9AC8F800203444072BCDE9AE
:106880002334C8F8046000F3D18108F1080874E5E6
:106890000E9B012B40F37E81239EC8F800500136E9
:1068A00001340123072E24942396C8F8043000F302
:1068B000E98108F10808129B139A01361C44072E3F
:1068C000C8E90023CDE9236400F3EA8108F1080850
:1068D000DDE9100100220023FAF728FA002840F031
:1068E00078810E9B0136013B01351C44072EC8F808
:1068F00000502396C8F80430249400F35C8108F11A
:106900000808169BC8F8043001361C44072E1EAB3D
:10691000CDE92364C8F800307FF740AD1AEE101AB5
:1069200022AA484603F070F900287FF4BCAC249CEE
:106930000DF1940834E5102EDDE9233222DD19959E
:1069400010241AEE105A04E0103E102E08F1080828
:1069500017DD013326491032072BC8E90014CDE9B1
:106960002332F1DD22AA294648460DF1940803F0AE
:106970004BF900287FF497AC103E102EDDE923324E
:10698000E7DC199DC8F804600133B418072B184AD6
:10699000C8F80020CDE9233400F3E3839DF86B3081
:1069A00008F10808B9E41AEE101A22AA484603F0C2
:1069B0002BF900287FF477AC249C0DF19408BFE4F8
:1069C0001AEE101A22AA484603F01EF900287FF496
:1069D0006AAC249C0DF19408C5E4102D239B26DDA0
:1069E0001AEE107A10260AE000C0000814C0000851
:1069F00004C00008103D102D08F1080817DD013310
:106A0000C04A1034072BC8E90026CDE92334F1DD54
:106A100022AA394648460DF1940803F0F5F80028FB
:106A20007FF441AC103D102DDDE92334E7DC013368
:106A3000B44AC8F804502C44072BCDE92334C8F8D5
:106A400000207FF7B6AC1AEE101A22AA484603F0CF
:106A5000DBF800287FF427AC249CAAE41C9A002AC7
:106A600040F39883DDE90D329342A8BF1346002B13
:106A70001F460BDD1C44C8E90053239B24940133BB
:106A8000072B239300F35C8508F108080D9B002F6A
:106A9000A8BFDB1B002B1E4600F353820D9B1AF48C
:106AA000806F2B44079340F083821C9B0E9A934285
:106AB00003DB1AF0010F00F0B784129A1399144403
:106AC000C8E90012239A24940132072A239200F382
:106AD000758508F108080E9A0799AE18761AD51A26
:106AE000AE42A8BF2E46002E0DDD239BC8F8001035
:106AF00001333444072BC8F804602494239300F333
:106B00009C8508F10808002EA8BFAD1B002D7FF75B
:106B100047AC102D239B40F362877B4F0A97224698
:106B200010261AEE104A05E008F10808103D102D55
:106B300040F3828301331032072BC8E90076CDE998
:106B40002332F1DD22AA2146484603F05DF80028F1
:106B50007FF4A9ABDDE923320DF19408E6E7302B91
:106B60003FF496AD3023023A05F8013C4EAB9B1A38
:106B7000DDF80CA007931546FFF71FBB049B002B05
:106B80007FF412ABDDF80CA00023049307934EAD05
:106B9000FFF713BB1AF0010F7FF47EAE239EC8F8F7
:106BA0000050013601340123072E24942396C8F89F
:106BB00004307FF7A4AE1AEE101A22AA484603F05A
:106BC00023F800287FF46FABDDE923640DF194080E
:106BD00097E60E9B5D1E002D7FF793AE102D40F3C0
:106BE0001587494ACDF810A023461AEE10AA0A923A
:106BF0001027144605E008F10808103D102D40F359
:106C00009C8301361033072EC8E90047CDE9236382
:106C1000F1DD22AA5146484602F0F6FF00287FF433
:106C200042ABDDE923630DF19408E6E71AEE101A92
:106C300022AA484602F0E8FF00287FF434AB249CE7
:106C40000DF19408FFF799BB039B13F0100340F07C
:106C50002381039A12F0400200F09A83099A52F8B5
:106C6000044B09921E46A4B20123FFF7CDBA2D238F
:106C700064428DF86B3066EB4606CDF80CA001231C
:106C8000FFF7C5BA1AEE101A22AA484602F0BCFF56
:106C900000287FF408ABDDE923640DF194080AE6CF
:106CA0001AEE101A22AA484602F0AEFF00287FF41E
:106CB000FAAADDE923640DF1940809E61AF0010F40
:106CC0003FF46EAB2BE59BF800700993FFF7BBB95F
:106CD0004EADFFF772BA1AF4007F40F0AF83E617AB
:106CE0003346FFF74EBA159B002B3FF432AA159B93
:106CF0001B78002B3FF42DAA9BF800704AF4806AA1
:106D0000FFF7A1B904C0000814C00008099B53F89C
:106D1000044B0993FFF774BADDE9100102460B46F4
:106D2000FAF736F8002840F0C285612F00F085851B
:106D3000412F00F09384049B013327F02003039339
:106D400000F0A883472B00F08185DDE910014AF4AB
:106D50008072002907924FF00003C0F2238541ECB6
:106D6000180B0A930893039B462B00F0F783452BDF
:106D700000F04D85B0EE480AF0EE680A20AB0193B2
:106D80001DAB0093049A1CAB0221484600F038FF6B
:106D9000039B472B054640F069861AF0010F5646C3
:106DA000DDF81CA040F00A85209B5B1B0E93039B23
:106DB000472B00F08A83039B462B00F00E841C9B1C
:106DC0000D930D9B039A013B412A1C9300F0D6853D
:106DD000FAB20021002BB8BF0D9B8DF87820BABF06
:106DE000C3F101032D222B22092B8DF8792040F3CA
:106DF000B6850DF18704DFF898C3224610468CFB58
:106E00000321DA17C2EBA10202EB8201A3EB4101DD
:106E1000303100F8011C19466329134600F1FF3296
:106E2000ECDC3033D9B2831E9C4202F8011C40F2E4
:106E3000048613460DF17A0201E013F8011B02F8F3
:106E4000011B9C42F9D10DF189030DF17A021B1A45
:106E500013441EAA9B1A16930E9B169A012B1A44D2
:106E6000079240F3B785079B129A13440793079A3A
:106E7000002326F4806622EAE27246F4807A0C93BC
:106E800003920F930D930A9B002B40F044830493CD
:106E90009DF86B30FFF79FB9099B53F8044B09939A
:106EA0000123FFF7B1B9099B059853F8041B099317
:106EB000C217C1E900025D46FFF791BACDF80CA0F8
:106EC000FFF746BBAF4B14931AF0200600F0EF809B
:106ED000099B073323F007035E6853F8084B0993B7
:106EE0001AF0010F09D054EA060306D030238DF8BA
:106EF0006D704AF0020A8DF86C302AF480630393B7
:106F00000223FFF781B9A04B1493DDE71AEE101AA4
:106F100022AA484602F078FE00287FF4C4A9249CE7
:106F20000DF1940809E41AEE900A402101F080FF67
:106F300020602061002800F0848540236361FFF712
:106F40004AB8102E239B40F3698590480A90424628
:106F500021461AEE108A1027044604E00832103E3B
:106F6000102E40F32E8201331031072BC2E9004767
:106F7000CDE92331F2DD22AA4146484602F044FE23
:106F800000287FF490A9DDE9233125AAE7E7284608
:106F900004960994F9F7B4FD20EAE0719DF86B308E
:106FA0000790039108960C960F960D96FFF713B96C
:106FB0000E9BCDF828B0DDF83CB0079E159FCDF8AC
:106FC0001CA0EB1804934246DDF860A00C9B0B95C7
:106FD0001AEE108AA446BBF1000F30D093BB013FDC
:106FE0000BF1FF3B179BC2E9003A239B0133D444CA
:106FF000072BCDF890C0239362DC0832049B3878CD
:107000009B1B8342A8BF0346002B1C460CDD239824
:1070100001309C440728C2E90063CDF890C023905A
:1070200000F3198138780832002CACBF051B0546E7
:10703000002D0BDC06440C9BBBF1000FCED1002BC6
:1070400000F032820C9B013B0C93CBE7102D239870
:107050001FDD1024634604E0103D102D02F10802EC
:1070600016DD0130494910330728C2E90014CDE983
:107070002303F1DD22AA4146484602F0C5FD00285F
:107080007FF411A9103D102DDDE9230325AAE8DCCA
:107090009C4601303D4B5560AC440728CDE9230C9C
:1070A000136000F33F82387808320644C3E71AF0D1
:1070B000100300F0A480099B53F8044B09930FE7D9
:1070C00022AA4146484602F09FFD00287FF4EBA823
:1070D000DDF890C025AA91E7039B079703F480632E
:1070E000002209EE109ACDF82080DDF854900DF5BD
:1070F0009C7A174698460CE00023204631460A2227
:10710000F9F784FE0A2C76F100031CD304460E46E0
:10711000AA4620460A2200233146F9F777FE30328C
:107120000AF1FF3501370AF8012CB8F1000FE3D05E
:1071300099F800309F42DFD1FF2FDDD00A2C76F185
:10714000000380F04F814EAB5B1BCDF854900E973F
:1071500019EE109ADDE90778DDF80CA00793FFF728
:107160002CB81AEE101A22AA484602F04DFD00284B
:107170007FF499A89DF86B30249C0DF19408FFF7DB
:10718000CCB800BFD0BF0008E4BF000814C000089E
:1071900067666666239BC149C8F800100133013455
:1071A0000121072B24942393C8F8041000F32E81A7
:1071B00008F10808002A40F089800E9A0AF00103BD
:1071C00013433FF4EDA8129B139A1C44C8E9002313
:1071D000239B24940133072B239300F33E8108F172
:1071E00008080E9AC8F8005001331444072BCDE963
:1071F0002334C8F804207FF7D1A8FFF78FBB1AF01B
:10720000400200F0B880099A52F8044B09921E46D9
:10721000A4B265E6CDF80CA0FEF7C1BF1AEE101AB5
:1072200022AA484602F0F0FC00287FF43CA8249CE7
:107230000DF19408FFF76EBA144601330A9AC8F8A4
:1072400000202C44072BC8F80450CDE923347FF7E5
:10725000A5A8FFF763BB22AA4146484602F0D4FC2A
:1072600000287FF420A83878DDF890C025AADBE656
:107270001AEE101A22AA484602F0C6FC00287FF433
:1072800012A8249C0DF19408FFF771B8012BCDF8DA
:107290000CA07FF4EDA9FEF787BF099B059953F871
:1072A000042B5D4611600993FFF799B8062A294619
:1072B00028BF0622049508952B460392784D099421
:1072C00007920C910F910D91FEF785BF129B1399B8
:1072D0001C44C8E90013239B24940133072B2393F8
:1072E00000F3BB8008F10808002ABFF67AAF5642C7
:1072F000103280F2AF836B480A9021464246102735
:107300001AEE108A044604E00832103E102E40F3B4
:10731000AF8201331031072BC2E90047CDE9233199
:10732000F2DD22AA4146484602F06EFC00287EF4B7
:10733000BAAFDDE9233125AAE7E7DDF810A01C4646
:1073400001360A9BC8F800302C44072ECDE923648F
:10735000C8F804507FF7D3AA2DE4099B1AF40076ED
:1073600014BF53F8044B53F8044B09931CBF164643
:10737000E4B2FEF745BF099B1AF4007614BF53F838
:10738000044B53F8044B09931CBF1646E4B2A7E51F
:10739000039B13F40076099B14BF53F8044B53F876
:1073A000044B09931CBF1646E4B20123FEF72CBF21
:1073B0003C4A0A92FFF75DBA2D238DF86B30FFF738
:1073C00055B890460C4601330A9AC8F80020344458
:1073D000072BCDE92334C8F804604DDC08F1080818
:1073E000FFF75CBB189B1799ED1A1A46284602F066
:1073F000D9FB99F801300BB109F10109204631465A
:107400000A2200230027F9F701FD7FE61AEE101A81
:1074100022AA484602F0F8FB00287EF444AF1C9AEA
:10742000249C0DF19408C5E60E9A0799AE18761AB9
:10743000D51AAE42A8BF2E46FFF765BB44F3C0166F
:10744000334664B2FEF79DBE099B059953F8042BA1
:10745000099311805D46FEF7C2BF1AEE101A22AAE8
:10746000484602F0D1FB00287EF41DAFDDE923344D
:107470001C9A0DF1940837E71AEE101A22AA484612
:1074800002F0C2FB00287EF40EAF249C0DF194089C
:10749000FFF704BB0623049357E400BF00C00008B5
:1074A000F8BF000814C000080B9D0E9BDDF81CA05F
:1074B000DDF828B01597EB189E429046324628BF5B
:1074C0001A4664460792FFF7F0BA1C9B0D93DA1C2C
:1074D00002DB049A934204DD023F27F0200303936A
:1074E0006FE4DDE90D318B42C0F29980F70740F17E
:1074F000DB81129A13440793740503D50D9B002B6F
:1075000000F3FF81079B23EAE373039367270023BC
:107510000C930F93B7E42D2300228DF86B30049267
:10752000FEF75CBE22AA4146484602F06DFB0028E9
:107530007EF4B9AE3878DDF890C025AA06447AE525
:107540001AEE101A22AA484602F05EFB00287EF4CA
:10755000AAAE249C0DF19408FFF798BA20AB0193D2
:107560001DAB0093049AB0EE480AF0EE680A1CAB1B
:107570000321484600F044FB0378302B054600F019
:1075800003821C9B049A56461344DDF81CA0EC1899
:1075900051EC180B00220023F9F7C8FB08B1234671
:1075A00003E4209BA342BFF400AC30215A1C20927C
:1075B0001970209B9C42F9D8FFF7F7BB1AEE101AFE
:1075C00022AA484602F020FB00287EF46CAE1C9BE9
:1075D000249C0DF19408FFF77EBA1C9A0D92002AA4
:1075E00040F30082049906F001030B4340F0B1819F
:1075F0000D9B07936627730500F18481079B23EA9F
:10760000E373039383E7049B0393079309949DF823
:107610006B3004900C900F900D90FEF7DCBD0E9B2C
:10762000129A9A180D9B0792002B40F3BB81672793
:10763000E1E700230493FEF708BD1AEE101A22AA10
:10764000484602F0E1FA00287EF42DAE1C9D0E9B08
:10765000249C5D1B0DF19408FFF755BA30238DF87B
:107660006C3058238DF86D30049B632B4AF0020474
:1076700000F3A7800023089335ADDDE910124AF42A
:1076800081730793002A27F02003A2460393C0F2D8
:107690008A80002342EC181B0A93612F00F01581A9
:1076A000412F7FF460ABB0EE480AF0EE680A1CA8E8
:1076B00002F030FA00224FF07F5351EC100BF8F734
:1076C0005BFF02460B4643EC192B00220023F9F71F
:1076D0002DFB08B101231C93B74B0B93049B199509
:1076E000CDE90CB7CDE90EA80CEE109ADDF82CB060
:1076F00059EC198B5E1E2C4605E000220023013E4A
:10770000F9F714FBE0B9AD4B002240464946F8F7C3
:1077100033FF89468046F9F751FB0546F8F7C2FE6C
:107720000B46024649464046F8F76EFD1BF8053009
:10773000A24604F8013B731C374680468946DCD1DB
:1077400049EC198B9E4BDDF830B0DDF83C80CDF86C
:1077500030A051EC190B00223E46DDF838A00D9FF9
:107760000D951CEE109A199DF9F708FB98BB51EC8A
:10777000190B934B0022F9F7D9FA10B10D9BD907D9
:1077800029D4002E334606DB01332344302204F88B
:10779000012BA342FBD1631B56460E93DDF81CA0C0
:1077A000FFF705BB0893DDE9103408EE103A04F149
:1077B000004308EE903A2D230A936EE7049BEC18E1
:1077C000E6E6591C484601F033FB0546002800F068
:1077D0004481089051E70C9B20930B9B14F8012CDB
:1077E000D97B8A42234609D1302003F8010C209B23
:1077F0005A1E209213F8012C9142F6D0392A0BBF61
:107800000B9A0132927AD2B203F8012CC3E7049B9F
:10781000B0EE480AF0EE680A5C1C20AB01931DAB89
:10782000009322461CAB0221484600F0E9F90546C8
:1078300056462C44DDF81CA0AAE630238DF86C30A7
:1078400078230FE75F4A0A92FEF7D5BF049B002B0F
:1078500008BF01230493119B4AF48072002B079206
:10786000C0F2DA809DED108B08900A90FFF782BA83
:107870000C46904601330A9AC8F800203444072B7E
:10788000CDE92334C8F804607FF7A9AC1AEE101ACA
:1078900022AA484602F0B8F900287EF404ADDDE9DA
:1078A00023340DF194089CE40D9B079324E6119B6F
:1078B000454D464A002BB6BF2D239DF86B308DF801
:1078C0006B302AF0800AFEF7D5BD1CA8B0EE480A3E
:1078D000F0EE680A02F01EF900224FF07F5351ECDF
:1078E000100BF8F749FE02460B4643EC192B002219
:1078F0000023F9F71BFA08B101231C93344B0B93B7
:10790000ECE6672715990B78FF2B00F0B180002477
:107910000D9A204603E001300131FF2B08D093423D
:1079200006DAD21A4B78002BF5D10B780134F4E744
:1079300015910D920F900C940C9A0F9B189913446B
:10794000079A01FB0323079323EAE3730393FFF7EB
:107950009ABA129BD3181944079166274BE600295F
:1079600057D130228DF87A200DF17B02303302F8A6
:10797000013B1EABD31A1693FFF76EBA07F10F0245
:10798000D2B20121FFF726BA51EC180B00220023D6
:10799000F9F7CCF900287FF4F4AD049BC3F101039F
:1079A0001C93EFE5C3F101031A4422EAE273079244
:1079B00003936727ABE500BFE4BF00080000304039
:1079C0000000E03F14C00008C8BF0008CCBF00089A
:1079D000D0BF0008F3077FF54AAAFFF744BA264A4A
:1079E0000A922AE4049A06F001061346334304D1AE
:1079F000012303936627079389E5129B01331A44F9
:107A000022EAE27307920393662780E51A4B0A93F2
:107A100096E40DF17A02A9E70890C4E6164A0A92A4
:107A2000D1E4099B9BF80170934653F8042B09930A
:107A300042EAE2720492FEF706BB02231693FFF7B6
:107A40000BBA1AEE902A0C2313604FF0FF33059304
:107A5000FEF73ABC084A0A920CE71AEE101A8B8914
:107A600043F0400213468A81FEF727BC049CDFE600
:107A700000230C930F935FE714C0000870B50B4E02
:107A80009AB004466FF00045CDE9044513460094D2
:107A90000A463068064C029569460394FEF780FA60
:107AA000009B00221A701AB070BD00BF0C000020AD
:107AB0000802FFFF024B13B1024800F005B87047FF
:107AC00000000000418B0008002301461A461846BA
:107AD00002F016B92DE9F04F03690C69A34283B097
:107AE000C0F28780013C01F11405A30000F11408E5
:107AF000009355F8243058F82420013381469A42E7
:107B000008EB840005EB84070190B2FBF3F63BD34E
:107B10000023AE4640469B465EF804AB02681FFA5F
:107B20008AFC06FB0C334FEA134C4FEA1A4A06FB59
:107B30000ACA1FFA83FCABEB0C0C1FFA8AF31CFA7F
:107B400082FCC3EB124202EB2C421FFA8CFC4CEA83
:107B50000243774540F8043B4FEA224B4FEA1A4371
:107B6000DAD2009B58F8033073B9019B043B984567
:107B700004D307E0984504F1FF3403D253F80429F5
:107B8000002AF7D0C9F81040484601F093FE0028BB
:107B90002BDB01364046002355F8041BD0F800C00B
:107BA0008AB29A1A0B0C12FA8CF2C3EB1C4303EB49
:107BB000224392B242EA0342AF4240F8042B4FEA1A
:107BC0002343E9D258F8242008EB84036AB9043B24
:107BD000984504D307E0984504F1FF3403D253F8E5
:107BE0000429002AF7D0C9F81040304603B0BDE898
:107BF000F08F002003B0BDE8F08F00BF0000000050
:107C00002DE9F04F2DED068B95B08DED020B019116
:107C1000016C249D099259EC108B0446069341B1E6
:107C2000426C4A60012393408B6001F0E3FB002328
:107C30002364B9F1000AB4BF012300232B607C4BFD
:107C4000BCBF2AF0004ACDF80CA033EA0A0300F0CA
:107C5000B2809DED027B002251EC170BB0EE479AEB
:107C6000F0EE679A0023F9F761F8074680B1069AAB
:107C700001231360259B002B00F0DC826D48186007
:107C8000431E0093009815B0BDEC068BBDE8F08F45
:107C900012AA13A92046B0EE490AF0EE690A01F0D3
:107CA000D1FEB0EE498AF0EE698A5FEA1A560546BF
:107CB00040F09980DDE912763E4406F232402028F9
:107CC00040F3AD83C0F140000AFA00FA06F2124018
:107CD00028FA00F04AEA0000F8F7D4FB0123013E3D
:107CE0000D93A1F1F871544B0022F8F78DFA4AA3D5
:107CF000D3E90023F8F740FC49A3D3E90023F8F7C0
:107D000085FA804630468946F8F7CCFB46A3D3E98E
:107D10000023F8F731FC02460B4640464946F8F787
:107D200075FA80468946F9F749F800228346002310
:107D300040464946F9F704F8002840F06E82BBF14E
:107D4000160F00F25D823D4B03EBCB03D3E900231A
:107D500051EC190BF8F7F4FF002875D00023BE1B77
:107D60000C93731E0BF1FF3B049300F15082002330
:107D70000893BBF1000F6EDA089BCDF814B0A3EBAB
:107D80000B030893CBF100030B93019B092B4FF0DE
:107D9000000B69D8052B40F34083043B0193002678
:107DA000019B023B032B00F29B86DFE813F050049B
:107DB0004D0445042804069A42F20F73CAF3130ACD
:107DC00013605AEA08031DD1259B002B00F07F8623
:107DD0001B4B00930833259A0098136015B0BDEC37
:107DE000068BBDE8F08F18EE903AC3F3130351EC05
:107DF000190B43F07F510D97A6F2FF36129F41F405
:107E0000401170E7259B002B40F0DD830D4B009364
:107E100038E700BFAFF3008061436F63A787D23FAD
:107E2000B3C8608B288AC63FFB799F501344D33F69
:107E30000000F07F01C000080000F83F70C100089A
:107E400028C0000824C00008BE1B731E049300F164
:107E50009C840C900890049B5B44CDE9043B002378
:107E60000B93019B092B95D9002301264FF0FF327C
:107E700001930A9607920993079B0F93002161646F
:107E8000204601F091FA0090002800F03186009B16
:107E90002364079B0E2B00F2F980002E00F0F68081
:107EA0000599002940F37384BD4B01F00F0203EBE9
:107EB000C2034FEA2118C905D3E9006740F10584E0
:107EC000B84B51EC190BD3E90823F8F77FFC41ECD0
:107ED000180B08F00F084FF0030AB8F1000F13D089
:107EE000DFF8C09218F0010F09D030463946D9E9C1
:107EF0000023F8F741FB0AF1010A06460F465FEA44
:107F0000680809F10809EDD151EC180B32463B46DF
:107F1000F8F75CFC41EC1A0B0C9B5BB157EC1A6B4D
:107F2000A14B1AEE100A00223946F8F709FF002883
:107F300040F054855046F8F7B5FA53EC1A2BF8F791
:107F40001BFB9A4B0022F8F761F9079B8046A1F1D1
:107F50005079002B00F0F583059B1093079B0E933F
:107F60000A9B002B00F0C2840E9A8D4B9049DDF8DD
:107F700000A003EBC20353E902230020F8F726FC1C
:107F800042464B46F8F740F959EC1A8B41EC180B76
:107F900049461AEE100AF8F711FF0746F8F782FA79
:107FA00002460B461AEE100A4946F8F72DF930370B
:107FB0000AF8017B53EC182B06460F46F8F7C0FE73
:107FC000002840F057854FF000080AEE105ACDF80F
:107FD00044B055465BEC18AB08EE104A44462AE024
:107FE0000E9B01349C424BDA724B5046594600229C
:107FF000F8F7C2FA6F4B002282468B46304639466C
:10800000F8F7BAFA89468046F8F7D8FE0746F8F737
:1080100049FA02460B4640464946F8F7F5F830372C
:1080200005F8017B52465B4606460F46F8F788FE88
:10803000002840F01A8532463B465B490020F8F79D
:10804000E3F852465B46F8F77BFE0028C8D0109B49
:10805000009A0593AA4618EE104A1AEE105A02E04A
:10806000924500F0EC84D1461AF8013D392BF7D047
:108070000133DBB28AF80030059B01330593ACE194
:10808000DDF844B01AEE105A18EE104A139B002B7C
:10809000C0F29480059A0E2A00F39080404B03EBC7
:1080A000C203D3E90089099B002B1BDA079B002B35
:1080B00018DC40F05F83404B002240464946F8F709
:1080C0005BFA02460B4651EC190BF8F743FEDDF85C
:1080D0001CA05646002800F0D282099BDDF80080E3
:1080E000DF43D4E242464B4651EC190BF8F76EFBE6
:1080F000F8F764FE06468346F8F7D4F942464B4645
:10810000F8F73AFA0B46024651EC190BF8F77CF8EF
:10811000DDF800A0334630330AF8013B079B012B02
:1081200000F090834FF0010B08EE105A08EE904AD1
:108130001D465446DA461DE042464B463046394617
:10814000F8F744FBF8F73AFE8346F8F7ABF94246F6
:108150004B46F8F711FA0AF1010A0B460246394676
:108160003046F8F751F80BF13003AA4504F8013B0B
:1081700000F063830F4B0022F8F7FEF90022002382
:1081800006460F46F8F7D2FD0028D5D0A24618EED5
:10819000105A18EE904A059B01330593D1461CE115
:1081A00070C1000848C100080000F03F00001C40FA
:1081B0000000E03F00002440000014400A9A002A1A
:1081C00040D0019A012A40F39E82079B03F1FF38B9
:1081D0000B9B4345C0F27082A3EB0808079B002B62
:1081E000C0F26883049A1146089A194417461A4443
:1081F000049108920121204601F0AAF9064625E0E3
:108200000123BE1B0C93731E04937FF5B0ADC6F122
:108210000103089300230493ABE55846F8F742F9AD
:1082200042464B46F8F782FD00287FF488AD0BF1FB
:10823000FF3B84E5874B0093009815B0BDEC068B9F
:10824000BDE8F08FDDF82C80089F0A9E002F0CDD22
:10825000049A002A09DD0899BA421346A8BF3B4692
:10826000C91AFF1AD31A089104930B9BDBB10A9B1E
:10827000002B00F08382B8F1000F0FDD314642463B
:10828000204601F03FFA2A4601460646204601F004
:108290008DF929460546204601F0ACF80B9BB3EB5F
:1082A000080240F001830121204601F051F9BBF1A1
:1082B000000F824600F3B880019B012B40F38781B9
:1082C0004FF000080120BBF1000F40F0B980049A84
:1082D000104410F01F0000F09780C0F12003042B21
:1082E00040F3F983089BC0F11C0003440244089347
:1082F00007440492089B002B05DD29461A462046B8
:1083000001F060FA0546049B002B05DD51461A4634
:10831000204601F057FA82460C9B002B40F0388132
:10832000079B002B40F31F810A9B002B40F0A2808B
:10833000059B01330593DDF80080DDF81C900127D3
:1083400007E0294600230A22204601F05DF80137A4
:10835000054651462846FFF7BDFB4F4500F130006A
:1083600008F8010BEDDB079A002AC8BF9346009A74
:10837000D8BF4FF0010B0346934400272946012242
:108380002046019301F01EFA5146054601F092FA8B
:10839000002840F3A6811BF8013C009A0BF1FF3B3B
:1083A00004E05A4500F0A8811BF8013D392B0BF180
:1083B0000109F6D001338BF800305146204601F018
:1083C00019F856B12FB1B74203D03946204601F013
:1083D00011F83146204601F00DF82946204601F0FB
:1083E00009F8002389F80030069B1A46059B1360A4
:1083F000259B002B3FF446AC0098C3F8009015B0C5
:10840000BDEC068BBDE8F08F1C20089B034408934D
:10841000049B0344074404936CE70126C0E4C0F1C5
:10842000200008FA00F057E401465A46204601F0C1
:1084300069F9019B012B824640F3D5814FF000087A
:10844000DAF810300AEB8303186901F031F8C0F153
:1084500020003CE700C00008314600230A222046E5
:1084600000F0D2FF0F9B002B064640F32383CDF88C
:1084700014900793002F00F31881B8F1000F40F01B
:10848000FC81B046029B009F079903F001027B1E0E
:108490001944019B0A9213430891099351462846B7
:1084A000FFF718FB31468346284601F003FA42469F
:1084B00051468146204601F01FFAC26801460BF181
:1084C0003003002A42D104902846079301F0F2F9C4
:1084D00004990290204600F08DFF029A079B1AB97A
:1084E0000999002900F0D682B9F1000FC0F2878106
:1084F000019949EA01090A9951EA090100F07F81CD
:10850000002A00F3E781089A3B7007F101099742BE
:10851000CB4600F0E581294600230A22204600F0E0
:1085200073FF4645054631464FF000034FF00A02FF
:10853000204612D000F068FF4146064600230A227A
:10854000204600F061FF4F468046A7E72046029391
:1085500000F050FF029B0122C6E700F055FF4F4696
:10856000064680469AE7019B022B77DC0A9B002B8C
:1085700080D1059B5146013328460593FFF7AAFA9F
:10858000DDF800B000F130030BF8013B0027F5E601
:108590005146284601F08EF90028BFF6C1AE2946A3
:1085A00000230A22204600F02FFF059B03F1FF392C
:1085B0000A9B0546002B7FF44FAF0F9B002B40F327
:1085C00070820793B7E6BD4B0093033303E4DDE904
:1085D000021200297FF474AEC2F31303002B7FF460
:1085E0006FAEB74B1340002B00F03D82089B013368
:1085F0000893049B013304934FF0010862E60123C2
:108600000A93099B059A13440F930133012B1F46CC
:108610000793B8BF01270021172F61647FF730ACA3
:10862000012204235B0003F11400B842114602F159
:108630000102F7D9616423E401230A93099F002F03
:108640004ADD0F970797E6E700230A93D9E700234F
:108650000A93F3E70F9BCDF814900793079B002B29
:108660007FF43BAD51460522204600F0CDFE014689
:108670008246284601F01EF900287FF72EAD0098AB
:10868000059F3123804600F8013B01370090514699
:10869000204600F0AFFE7B1CDDF800900593CDF87E
:1086A0000080002E7FF495AE97E631463A4620468C
:1086B00001F088F80646E0E60B9BCDF82C80A8EB8D
:1086C00003039B444FF0000888E54FF0020AB0EE28
:1086D000498AF0EE698A00E4012309930793FFF7C2
:1086E000CBBB03D1019BDB073FF555AED9461BF849
:1086F000013D302BFAD060E6059B009A01330593CB
:108700003123137059E60D9A002A00F0638103F2B9
:108710003343049ADDF82C801A440492089A1746D1
:108720001A44089266E55046F7F7BCFE53EC1A2B44
:10873000F7F722FF634B0022F7F768FD8046A1F1AF
:108740005079614B002251EC1A0BF7F75DFD424660
:108750004B4606460F46F8F711FB002840F07F8194
:1087600030463946424609F10043F8F7E9FA002855
:108770003FF48CAC4FF0000A5646AEE429460B9A03
:10878000204600F0BFFF05468DE50C903FE500F068
:108790004E81059A4D4B564206F00F0203EBC20381
:1087A000D3E9002351EC190BF7F7E6FE361141EC43
:1087B0001A0B00F08881464F00234FF0020AF2079F
:1087C00006D5D7E90023F7F7D7FE0AF1010A0123FE
:1087D000761007F10807F2D1002B3FF49DAB41EC76
:1087E0001A0BFFF799BB029B002B7FF427AEDDE944
:1087F0000212C2F31303002B3FF4F3AE1EE6002A6D
:1088000012DD294601222046019300F0DBFF51468C
:10881000054601F04FF80028019B40F33581392BC4
:1088200000F013810BF13103B94609F8013B059BB8
:108830000133374605934646BFE5A24618EE105A67
:1088400018EE904A02460B46F7F7E0FC42464B46CC
:1088500006460F46F8F792FA60B942464B46304654
:108860003946F8F763FA00283FF495AC5FEACB711C
:108870007FF591AC009AFFF7F6BB7168204600F0D7
:1088800093FD0746002800F03A81336902339A00CD
:1088900006F10C010C30F8F781F839460122204628
:1088A00000F090FF8046EDE52946204600F02AFFC3
:1088B0000546F8E4DDE907239F1A9BE424C000087D
:1088C0000000F07F00001C400000144070C1000850
:1088D00048C10008392B00F0B880B9460133A4E73D
:1088E000059A013237460592464647E50E988D496E
:1088F00001EBC00142464B4651E90201F7F73CFE4D
:108900005AEC1A9B41EC180B51461AEE100AF8F774
:1089100055FA0746F7F7C6FD02460B461AEE100A4F
:108920005146F7F771FC06460E98DDF800803037A7
:10893000012808F8017B0F4600F0BA800E9B009AD0
:10894000CDF838B013449B46C246774B00223046E0
:108950003946F7F711FE89468046F8F72FFA0746A1
:10896000F7F7A0FD303702460B4640464946F7F779
:108970004BFC0AF8017BDA4506460F46E5D1DA469C
:10898000DDF838B0694B59EC188B002218EE100A4C
:108990004946F7F73BFC32463B46F8F7D1F9002849
:1089A0006DD118EE102A4B4660490020F7F72CFCD9
:1089B00032463B46F8F7E2F900283FF467ABD14670
:1089C0000AF1FF3A19F8013C302BF8D0109B013323
:1089D000059302E5129BC3F136039AE6079B002B31
:1089E0003FF4A1AE0F9B002B7FF750AB059A0E937F
:1089F000013A4D4B10921AEE100A39460022F7F751
:108A0000BBFD024616460F460AF10100F7F74AFD84
:108A100032463B46F7F7B0FD454B0022F7F7F6FB31
:108A200047EC1A6B8046A1F15079FFF799BA4FF0E5
:108A3000020AB0EE49AAF0EE69AAFFF76DBA059BEB
:108A4000013305933123FFF715BB059BBB4601336B
:108A50000593392337460BF8013B46469DE44FF01A
:108A6000000A56460BE698462CE4AA4618EE104A31
:108A70001AEE105A109B01330593D146ADE4109BBA
:108A8000009A0593FFF7EFBA7FF4CEAEDA077FF5D1
:108A9000CBAEC4E6392BD8D0B9F1000F3FF7C2AE48
:108AA000C2E6019B022B3FF7D5ADCDF8149060E5EF
:108AB000C24667E7019B022B3FF7CCAD0F9BCDF879
:108AC00014900793D6E44FF0020AFFF725BA194B2A
:108AD0000093FFF7D7B83FF40DACC0F13C0094E42D
:108AE000002666643146204600F05EFC009068B9BE
:108AF000114B124800224FF4D57101F047F90E4B8B
:108B00000E483A4640F2EA2101F040F9009B236406
:108B100001224FF0FF3309960F930A920793FFF754
:108B2000B5BA00BF70C10008000024400000E03F5B
:108B300000001C4028C0000834C0000848C00008DD
:108B400038B5084B084D5B1B9C1007D0043B1D44F7
:108B5000013C55F804399847002CF9D1BDE838405C
:108B600003F0CEB9CCC30008C8C30008F8B5244F41
:108B70000C46064600F00CFCBA685568C4F57E63E6
:108B80000F3325F003052B4423F47F6323F00F03F9
:108B9000A3F58054B4F5805F07DB0021304600F078
:108BA000EFFFBB682B44984204D0304600F0F6FB40
:108BB0000020F8BD6142304600F0E2FF01300DD0E8
:108BC000104ABB682D1B45F001055D6013683046F7
:108BD0001B1B136000F0E2FB0120F8BD00213046B2
:108BE00000F0CEFFBA68831A0F2BDEDD43F00103DD
:108BF0005360054B03491B68C01A0860D5E700BFE6
:108C00003C0400202439012044080020002961D0C0
:108C1000F8B50C46064600F0BBFB54F8042C7B4F1D
:108C2000A4F1080522F0010105EB010CB868DCF89D
:108C30000430604523F0030300F08B80D207CCF8AA
:108C4000043032D454F8082CAD1A1144AA6807F144
:108C5000080082426AD00CEB0304D4F804E0EC680C
:108C6000D4601EF0010FA26000F0978041F0010374
:108C70006B60CCF80010B1F5007F35D27A68CB0874
:108C800048090121013381401143796007EBC30298
:108C900057F83310083AC5E9021247F83350CD604F
:108CA0003046BDE8F84000F079BB0CEB0302526897
:108CB000D00710D4194407F10800DCF808308342CB
:108CC00073D0DCF80C20DA60936041F001036B6034
:108CD0006950D0E7704741F00103B1F5007F44F8D7
:108CE000043CCCF80010C9D3B1F5206F4FEA5123F2
:108CF00048D28B0903F1390003F13802C300F81898
:108D0000FB580838984259D05A6822F003028A4228
:108D100002D99B689842F7D1D868C5E902308560CE
:108D2000DD603046BDE8F84000F038BB0CEB0302D4
:108D30005268D20763D40B44DCE90212CA60916026
:108D400043F001026A603046EB50BDE8F84000F0A5
:108D500025BB0B44D10707D454F8082CAD1A134493
:108D6000D5E90212CA60916043F001026A60284AA4
:108D7000BD6012689A4293D8264B30461968FFF7B7
:108D8000F5FE8DE7142B0AD9542B1FD80B0B03F1DA
:108D90006F0003F16E02C300B1E719448DE703F1E0
:108DA0005C0003F15B02C300A9E741F00103C7E9DE
:108DB0000455C5E902006B60695071E7796892104B
:108DC000012404FA02F20A437A60A6E7B3F5AA7F07
:108DD00006D8CB0B03F1780003F17702C3008EE7CE
:108DE00040F25452934206D88B0C03F17D0003F1FC
:108DF0007C02C30083E74FF47E737E227FE741F05D
:108E000001036B60CCF800104AE700BF3C0400206F
:108E10004808002054390120004870473C090020D0
:108E2000704700BF704700BF704700BF704700BF6A
:108E30002DE9F04F01F10B06162E83B0044624D81D
:108E4000102900F2BA8000F0A3FA1026182202209E
:108E5000B54F3A44A2F1080153688B4200F0BA8042
:108E60005A68D96822F003021A449D68E9608D604F
:108E7000516841F001012046516003F1080500F0FE
:108E80008DFA284603B0BDE8F08F36F0070600F1F2
:108E90009480B14200F2918000F07AFAB6F5FC7F3E
:108EA000C0F09A81730A00F08F80042B00F26F816A
:108EB000B30903F1390003F1380CC3009A4F3B4466
:108EC000A3F108055B689D4206D10CE0002980F201
:108ED0002781DB689D4206D05A6822F00302911B6D
:108EE0000F29F3DD60463D69DFF850C265457CD04F
:108EF0006A6822F00302931B0F2B00F37B81002B87
:108F0000C7E904CC80F26C81B2F5007F80F01A8151
:108F1000D308796801334FEA521E012202FA0EF299
:108F20000A4357F833E0C5F808E007EBC3010839F6
:108F3000E9607A6047F83350CEF80C508310012175
:108F40009940914257D8114206D120F003004900C0
:108F5000114200F10400FAD007EBC0094D468646E5
:108F6000D5F80C80454508D11DE1002B80F2248105
:108F7000D8F80C80454500F01681D8F8042022F07E
:108F80000302931B0F2BF0DD2046D8E9025408EBB7
:108F9000060146F00106C8F80460EC60A56043F0E5
:108FA0000104C7E90411C1E902CC4C6048F8023061
:108FB00000F0F4F908F1080502E00C232360002515
:108FC000284603B0BDE8F08F4FF4007340204FF007
:108FD0003F0C73E7D3689A4208BF02307FF440AF7A
:108FE0003D69DFF858C1654582D17A688310012157
:108FF00099409142A7D9BD686B6823F003094E459B
:1090000003D8A9EB06030F2B7ADCDFF834B1474B0A
:10901000DBF800201B680132334405EB090A00F03D
:10902000338103F580530F3323F47F6828F00F0852
:109030004146204600F0A4FD411C024600F0F380AA
:10904000824500F2EE803A4B1968414419600846A7
:1090500000F04E81DBF80010019301311BBFA2EB41
:109060000A0A5044CBF80020186012F0070B00F0F9
:109070001781CBF108010A44CBF5805190440831A7
:10908000A1EB0801C1F30B0A51462046009200F003
:1090900077FD421CDDE9002300F04F81801A00EBD0
:1090A0000A081968BA6048F001005144BD42506096
:1090B000196000F02981B9F10F0F40F2278168682B
:1090C000A9F10C0C2CF0070C00F0010040EA0C0098
:1090D00068604FF0050E05EB0C00BCF10F0FC0E906
:1090E00001EE00F2328150681546124B1A688A422E
:1090F00038BF1960104B1A688A4238BF196094E073
:10910000AA1943F0010346F001066E602046BA60DA
:10911000536000F043F90835284603B0BDE8F08FEE
:10912000D9681A44A1E600BF3C040020543901204C
:10913000243901204C3901205039012044040020F9
:1091400044080020B2F5206F4FEA522363D3142B5A
:1091500000F2B78003F15C01C9005B3307EB010E3D
:109160007958AEF1080E8E4500F091804B6823F0DF
:109170000303934202D989688E45F7D1D1F80CE0F8
:109180007A68C5E9021ECEF80850CD60D6E6142BE9
:1091900059D9542B00F29D80330B03F16F0003F17A
:1091A0006E0CC3008AE60EF1010E1EF0030F05F1EE
:1091B00008057FF4D5AE51E0424445465368D8F8DF
:1091C0000C1043F00103536055F8083F2046D96066
:1091D0008B6000F0E3F8F3E6F00806F1080237E6EA
:1091E0002A442046536843F001035360083500F0D9
:1091F000D5F8E5E6A919204646F0010643F001043A
:109200006E60C7E90411C1E902CC4C60AB5000F0BC
:10921000C5F80835D4E6930903F13901C90038339C
:109220009CE7BD425FD0BD68686820F003084645F2
:10923000A8EB060302D80F2B3FF762AF204600F0E1
:10924000ADF80025BCE603F15C0003F15B0CC30044
:1092500034E659F808394B4540F0968010F0030F7A
:1092600000F1FF30F5D17B6823EA01037B60490000
:1092700099423FF6C0AE19B9BDE649000EF1040EA1
:109280001942FAD0704667E603F11008D0E69A104A
:109290004FF001087B6808FA02F21A437A6070E71F
:1092A00002EB08014942C1F30B0A514620460092E5
:1092B00000F066FC431CDDE900237FF4EFAEDA46E4
:1092C000EFE6542B25D8130B03F16F01C9006E3361
:1092D00044E7B3F5AA7F25D8F30B03F1780003F137
:1092E000770CC300EAE5294B186840441860B1E6E2
:1092F000CAF30B0CBCF1000F7FF4ACAEBD68C844E0
:1093000048F001006860F0E61546EEE60123536080
:1093100094E7B3F5AA7F23D8D30B03F17801C900F2
:1093200077331BE740F25452934223D8B30C03F136
:109330007D0003F17C0CC300C0E5ABF1080BD84401
:10934000A8EB02084FF0000AABE605F10801204641
:109350000093FFF75BFCBD68009B68681968C4E672
:1093600040F254518B420BD8930C03F17D01C9009C
:109370007C33F3E64FF47E737F204FF07E0C9DE547
:109380004FF47E717E23E9E67B6870E72439012083
:109390000148FFF749BD00BF183901200148FFF718
:1093A00045BD00BF18390120C36C70B505460C4699
:1093B0004BB153F8240080B1026843F82420002305
:1093C000C0E9033370BD2122042100F0FFFC0346F5
:1093D000E8640028EDD1002070BD012101FA04F6F7
:1093E000721D9200284600F0F1FC0028F3D0C0E97D
:1093F0000146E4E731B1C36C4A6853F822000860C3
:1094000043F82210704700BFF0B50C69064683B0E0
:109410000D4601F1140E0020DEF800101FFA81FC49
:1094200002FB0C334FEA134C090C02FB01CC013058
:109430009BB203EB0C4384424EF8043B4FEA1C43BF
:10944000EADC3BB1AA68A24207DD05EB84020134E5
:1094500053612C61284603B0F0BD69680193013166
:109460003046FFF7A1FF019B0746B8B12A69019377
:10947000023205F10C0192000C30F7F78FFAF26C12
:109480006968019B52F82100286042F821503D464E
:1094900005EB8402013453612C61DBE7024B034886
:1094A0003A46B52100F072FC34C00008C8C000087C
:1094B000030C1B04D3B90004102310F07F4F04BF2A
:1094C0000002083310F0704F04BF0001043310F0A5
:1094D000404F04BF80000233002805DB10F0804FAE
:1094E00003F1010308BF2023184670470023E4E777
:1094F000036813F00702014607D0DA071FD4980764
:1095000021D55B080B600120704798B2A0B11046CE
:10951000DAB20AB908301B0A1A0704BF1B09043063
:109520009A0704BF9B080230DA0703D45B0800F1F6
:10953000010006D00B6070471B0C1020E8E70020EC
:109540007047202070479B080B600220704700BFC7
:1095500038B5C36C04460D464BB15868B0B10268CB
:109560005A6000220123C0E90435C26038BD2122BF
:10957000042100F02BFC0346E0640028EDD1094BE8
:10958000094800224FF4A07100F000FC1C220121C8
:10959000204600F01BFC0028F1D001220223C0E984
:1095A0000123DEE734C00008C8C000082DE9F04FF1
:1095B0000E691569AE4285B08846144605DB2A4619
:1095C000234635460C4616469846A3686168AF198F
:1095D000BB42B8BF0131FFF7E7FE0190002800F061
:1095E0008680019B03F1140909EB870AD14505D256
:1095F0004B46002243F8042B9A45FBD808F1140887
:1096000008EB860B04F11403D8451A4603EB8505D5
:109610005FD22B1B153B23F0030304331534A54203
:1096200038BF0423CDE902A7AC461F46924605E0A9
:10963000000C29D1C34509F1040948D958F8040B95
:1096400085B2002DF4D056464C46002356F8040B44
:10965000216882B21FFA81FE05FB02EE000C0A0CA3
:10966000734405FB002202EB13429BB243EA024320
:10967000B44544F8043B4FEA1243E7D849F80730B1
:1096800058F8040C000CD5D0D9F8003054461946CF
:109690004D4600222688090C00FB06110A449BB2A5
:1096A00043EA024345F8043B54F8046B2968360C3E
:1096B0008BB200FB063303EB1243A4454FEA13427F
:1096C000E8D8C34549F8073009F10409B6D8DDE9FF
:1096D00002A7002F02DC05E0013F03D05AF8043D49
:1096E000002BF9D00198076105B0BDE8F08F034B5E
:1096F0000348019A40F25D1100F048FB34C00008B5
:10970000C8C0000812F003032DE9F04114460646D4
:1097100032D10D46A41020D0D6F84880B8F1000F01
:1097200033D0E3074FF0000707D4641015D0D8F802
:109730000000A8B18046E307F7D5424629463046E7
:10974000FFF734FFB5B16968F36C641053F821205A
:109750002A6043F821500546E9D12846BDE8F0814A
:10976000424641463046FFF721FFC8F80000076037
:109770008046E0E70546D8E7013B0F4A52F8232030
:109780000023FFF741FE0546C4E701213046FFF7FD
:109790000BFE804640B1012340F27122C0E9043241
:1097A0000023B0640360BCE7044B054842464FF415
:1097B000A07100F0EBFA00BF38C2000834C0000806
:1097C000C8C000082DE9F0470C4690462669A368FA
:1097D000496806EB6216751C9D4207464FEA6219FE
:1097E00004DD5B009D4201F10101FADC3846FFF720
:1097F000DBFD8446002851D0B9F1000F00F11400C0
:109800000EDD09F105024FEA820E03460CEB8202DF
:10981000002143F8041B9342FBD1AEF1140318441A
:10982000216904F1140318F01F0803EB81012DD006
:10983000C8F1200986464FF0000A1A6802FA08F2B9
:1098400042EA0A024EF8042B53F8042B994222FAFA
:1098500009FAF2D80B1B153B23F00303043304F180
:109860001502914238BF0423BAF1000F18BF2E46EB
:1098700040F803A0FB6C6268CCF8106053F822102B
:109880002160604643F82240BDE8F087043853F871
:10989000042B40F8042F9942F9D8EBE7034B044816
:1098A000624640F2D91100F071FA00BF34C00008DE
:1098B000C8C000080B6984460069C01A16D10CF1B3
:1098C000140C14310CEB830210B401EB830301E0A0
:1098D000944508D252F8044D53F8041D8C42F7D039
:1098E00005D24FF0FF305DF8044B70477047012000
:1098F0005DF8044B704700BF2DE9F84F0F691369FD
:10990000FF1A002F0E4690467AD101F11405143249
:1099100002EB830205EB830301E09D4273D253F80F
:10992000041D52F8044DA142F7D064D37168FFF7CB
:109930003BFD8146002872D03569D8F81020C760F9
:1099400008F1140E06F1140009F1140A06F1100CC6
:109950000EEB820200EB8507564600215EF8044BB1
:109960005CF804BFA3B211FA8BF1CB1A210CC1EB46
:109970001B4101EB23419BB243EA0143724546F888
:10998000043B4FEA2141E9D8A2EB0804153C08F159
:109990001508424524F0030606F1040638BF0426E4
:1099A000304424F0030238BF002287425244B244BC
:1099B00016D95646044654F8043B11FA83F10A14AA
:1099C00002EB134289B241EA0243A74246F8043B44
:1099D0004FEA2241EFD87A1E101A20F003025244B7
:1099E00023B952F8043D013D002BFAD0C9F81050BC
:1099F0004846BDE8F88F334601274646984695E726
:109A0000F9DB002792E70021FFF7CEFC814668B121
:109A100001220023C9E904234846BDE8F88F074B1B
:109A200007484A464FF4107100F0B0F9034B044860
:109A30004A4640F2322100F0A9F900BF34C00008C4
:109A4000C8C000082DE9F043884683B0012157ECD7
:109A5000106B1546FFF7A8FC044600284FD0C7F34B
:109A60000A59C7F31303B9F1000F01D043F480136F
:109A7000002E019324D068460096FFF739FD002898
:109A800039D0DDE90013C0F1200203FA02F20A43E3
:109A9000C34062610193002B14BF02220122A36123
:109AA0002261B9F1000F16D0A9F233430344C0F18B
:109AB0003500C8F800302860204603B0BDE8F083C8
:109AC00001A8FFF715FD019B63610122203022618F
:109AD000B9F1000FE8D104EB8203A0F23240C8F8DC
:109AE00000001869FFF7E4FCC0EB42102860204634
:109AF00003B0BDE8F083009B6361019BCBE7034BA0
:109B00000348224640F20A3100F040F934C0000810
:109B1000C8C0000853EC102B70B5164E23F000415E
:109B20000025B1420446056021DC10EE106A0E43A8
:109B30001DD0114E1E40184666B91946002210EE7F
:109B4000100A0E4BF6F718FD6FF035050246084671
:109B500021F0004120F0FF40091520F4E000A1F2BF
:109B6000FE3140F07F53294443F40013216043EC5D
:109B7000102B70BDFFFFEF7F0000F07F000050430F
:109B800038B5074D0022044608462A60F7F734FD31
:109B9000431C00D038BD2B68002BFBD0236038BDA0
:109BA0005839012030B540EA0104A30701D1032A46
:109BB0000FD8844601F1FF3E07E01EF8011F03F8AD
:109BC000011B541EC1B19C4622466346002AF4D1B3
:109BD00030BD0B468446194653F8045BA5F10134A9
:109BE00024EA050414F0803FE4D1043A032A4CF837
:109BF000045B1946EFD8DDE76244002CE8D003F897
:109C0000011B9342FBD130BD2DE9F04F936883B027
:109C10009146002B6ED017688D6880460C46086808
:109C2000083744E0A38913F4906F2ED0D4E90415CB
:109C3000A0EB010A05EB450505EBD5750AEB06001F
:109C40006D100130A8422A4684BF05462A465B05AE
:109C500037D511464046FFF7EBF800283BD0524677
:109C600021690190F6F79AFEA289019B22F4906285
:109C700042F08002A281A5EB0A0203EB0A006561B3
:109C8000A260236120603546B2465946524600F034
:109C9000FDF8A068D9F808102368451B8E1B03EB5C
:109CA0000A00A5602060C9F808601EB3083757E9AC
:109CB00002B6002EFAD0B542AA46B3D93546B2460E
:109CC000E3E7404600F05EF903460028D3D121695E
:109CD0004046FEF79BFF0C23C8F80030A389002202
:109CE00043F040034FF0FF30A381C9E9012203B0E4
:109CF000BDE8F08F0020C9F8040003B0BDE8F08F84
:109D00002DE9F047DFF880A00646DAF80000984613
:109D10000F469146FFF788F81A4B1B68D3F8484165
:109D200024B365681F2D26DC5EB96B1C0235DAF89A
:109D30000000636044F82570FFF778F80020BDE864
:109D4000F08704EB85010123C1F88890D4F88821BD
:109D5000AB401A43022EC4F88821C1F80881E4D12F
:109D6000D4F88C211343C4F88C31DEE703F5A674D4
:109D7000C3F84841D5E7DAF80000FFF757F84FF08D
:109D8000FF30DCE7BCBF00083804002000B50B4CF6
:109D900025681446EE681A4685B003460D464CB158
:109DA00007490095CDE901143046064900F03EF818
:109DB00001F0C2FA04490C46F3E700BF0C00002092
:109DC00044C2000854C2000850C2000810B502FB8B
:109DD00001F1FFF72DF8044668B150F8042C22F089
:109DE0000302043A242A18D8132A06D8024600236C
:109DF000C2E900339360204610BD00231B2AC0E94E
:109E000000330FD9242AC0E9023311BF00F1100238
:109E1000036100F118024361E9E70021FCF76CF8E7
:109E2000204610BD00F10802E1E700BF0EB410B5F6
:109E300083B005AB064C53F8042B01930146206810
:109E400000F0C8FA03B0BDE8104003B0704700BF8F
:109E50000C000020014B93F8280170474C080020AB
:109E600082B049B15AB16BB113780B601278101EF1
:109E700018BF012002B0704701A9002AF3D1104693
:109E800002B070476FF00100F4E700BF88420DD9BF
:109E90008B1883420AD900EB020CBAB1624613F860
:109EA00001CD02F801CD9942F9D170470F2A0ED8A1
:109EB000034602F1FF3C4AB10CF1010C013B8C441A
:109EC00011F8012B03F8012F6145F9D1704740EAE1
:109ED00001039B0750D1A2F1100370B501F1200CD2
:109EE00023F00F0501F1100E00F11004AC441B0922
:109EF0005EF8105C44F8105C5EF80C5C44F80C5C96
:109F00005EF8085C44F8085C5EF8045C44F8045CA5
:109F10000EF1100EE64504F11004E9D1013312F000
:109F20000C0F01EB031102F00F0400EB031327D019
:109F3000043C24F003064FEA940C1E441C1F8E467A
:109F40005EF8045B44F8045FB442F9D10CF10104FB
:109F500002F0030203EB840301EB840102F1FF3CF6
:109F60004AB10CF1010C013B8C4411F8012B03F8B0
:109F7000012F6145F9D170BD02F1FF3C03469BE71B
:109F80002246EBE72DE9F84F1746002900F09880AC
:109F900007F10B0580460C46FFF7FAF9162D5DD840
:109FA00010252A46AF425ED854F8041C21F003065F
:109FB0009642A4F1080962DABC4BD3F808C009EB59
:109FC0000600844500F09780D0F804C02CF001030F
:109FD00003445B68DB0768D42CF0030C06EB0C032E
:109FE000934247DACB0710D454F8083CA9EB030A94
:109FF000DAF8043023F003018C44B444944580F231
:10A0000011817318934280F2E88039464046FEF78A
:10A010000FFF0746E0B154F8043C23F001034B4422
:10A02000A0F10802934200F0D280321F242A00F2ED
:10A03000F580132A00F2AC800346224611681960AD
:10A040005168596092689A6021464046FEF7DEFDED
:10A050004046FFF7A3F93846BDE8F88F25F007051D
:10A06000002D2A469EDA0C23C8F800300027384617
:10A07000BDE8F88F1E46D0E90223D3609A60731BB7
:10A080000F2B22D8D9F8043003F0010333434E4498
:10A09000C9F80430736843F00103736040462746F3
:10A0A000FFF77CF93846BDE8F88FC907ADD454F8FE
:10A0B000083CA9EB030ADAF8041021F00301A0E739
:10A0C000BDE8F84F1146FEF7B3BED9F8041001F011
:10A0D00001012943C9F8041009EB05014E4443F07E
:10A0E00001034B60736843F001030831736040461D
:10A0F000FEF78CFDD2E7DCF8040020F0030B06EB42
:10A100000B0C05F1100084454DDAC9073FF57DAF12
:10A1100054F8081CA9EB010ADAF8041021F0030135
:10A120008B44B34458453FF76CAF5746DAF80C10F0
:10A1300057F8080F321F242AC160886000F2DB80C4
:10A14000132A40F2D6802168CAF808106168CAF85C
:10A150000C101B2A00F2DF8008340AF1100221687B
:10A16000116061685160A16891600AEB0501ABEB79
:10A17000050242F0010299604A60DAF8043003F007
:10A1800001031D434046CAF80450FFF707F96EE784
:10A1900023680360636843601B2A68D804F10802DF
:10A1A00000F108034AE709EB05029A60ACEB0503EE
:10A1B00043F00103536054F8043C03F001031D43D2
:10A1C000404644F8045CFFF7E9F827464FE750F8AB
:10A1D000043C23F003031E4451E75746DAF80C1001
:10A1E00057F8080F321F242AC16088604CD8132A00
:10A1F00048D92168CAF808106168CAF80C101B2AEF
:10A2000056D808340AF110021E46236813606368AA
:10A210005360A3689360D1463C4630E72146FFF780
:10A2200035FE11E7D0E902135746CB60996057F825
:10A23000081FDAF80C30CB60321F242A99602DD821
:10A24000132A29D92368CAF808306368CAF80C3081
:10A250001B2A42D808340AF1100322681A60626887
:10A260005A60A2689A606646D1463C4607E7A368F2
:10A270008360E368C360242A26D004F1100200F151
:10A280001003DBE63A46BFE7214638461E46D14674
:10A29000FFF7FCFD3C46F2E63B46DEE7214638464A
:10A2A0006646D146FFF7F2FD3C46E8E63C04002056
:10A2B000A168CAF81010E168CAF81410242A20D046
:10A2C00010340AF118029FE7236903616169416153
:10A2D00004F1180200F11803B0E6A368CAF81030C0
:10A2E000E368CAF81430242A21D010340AF1180384
:10A2F000B3E73A4633E721463846FFF7C7FD164B2A
:10A3000033E72269CAF818206269CAF81C20183499
:10A310000AF1200278E7A168CAF81010E168CAF8CB
:10A320001410242A0DD010340AF1180217E72369FB
:10A33000CAF818306369CAF81C3018340AF12003CF
:10A340008BE72269CAF818206269CAF81C20183401
:10A350000AF1200203E700BF3C0400202DE9F84F7A
:10A360004B6E9C0490462DD59368126843B38B4680
:10A37000064602F1080959E9025A5FEA9A0715D020
:10A38000043D002401E0A7420ED055F8041F5A46B0
:10A39000304601F08BF9431C04F10104F3D1002392
:10A3A000C8E90133BDE8F88FD8F808302AF0030A6D
:10A3B000A3EB0A03C8F8083009F10809002BDAD129
:10A3C0000020ECE701F0A6F90023C8E90133BDE85D
:10A3D000F88F00BF2DE9F04F2DED028BBBB008EEDA
:10A3E000101A08EE900A1C461746039318B1836BA7
:10A3F000002B00F09C8218EE102A536EDE0740F10D
:10A400009E81B2F90C108AB2900409D441F4005232
:10A4100018EE101A4B6E8A8123F4005392B24B66E9
:10A42000110740F1F88018EE103A1B69002B00F07C
:10A43000F28002F01A030A2B00F0FE8011AB0E939B
:10A440000023CDE90F33CDE9083306930DF144091C
:10A45000079302933B78002B00F05B813C4604E0BD
:10A4600014F8013F002B00F03481252BF8D1E51BB7
:10A4700040F031812378002B00F04B814FF0000336
:10A4800000258DF83330671C637801954FF0FF3B52
:10A490002B240137A3F120025A2A00F26181DFE860
:10A4A00012F0AB025F015F01A7025F015F015F0174
:10A4B0006A005F015F0149027E025F015402B90236
:10A4C0005F01B5025B005B005B005B005B005B0053
:10A4D0005B005B005B005F015F015F015F015F018B
:10A4E0005F015F015F015F01360284005F015F0170
:10A4F0005F015F015F015F015F015F015F015F015C
:10A50000E5005F015F015F011A025F016C025F01FC
:10A510005F0148055F015F015F015F015F015F014E
:10A520005F015F015F015F01360286005F015F012D
:10A530005F016202860080005F0158025F019402A1
:10A54000E700820280005F011A027E0068055F0159
:10A550005F016A055F017E00A3F13002002117F858
:10A56000013B01EB810102EB4101A3F13002092A19
:10A57000F5D901918EE718EE900AFEF74DFC43687D
:10A5800008931846F6F7BCFA0990064618EE900AAA
:10A59000FEF742FC83680793002E40F0A5843B78C9
:10A5A00077E73B7845F0200573E745F01005AC06EA
:10A5B000039E40F18281073626F007063246736813
:10A5C00052F8086B03929846002BC0F25584BBF1F9
:10A5D000FF3F00F03A8556EA080325F0800A00F0B4
:10A5E00030840A2E78F1000380F0E78430360123AE
:10A5F0008DF8E760554600930DF1E704009A9DF849
:10A6000033305A45B8BF5A469046002B00F0B78009
:10A6100002F10108B3E018EE101A18EE900A18EED5
:10A62000105A00F01FFE002840F0A885AA8902F009
:10A630001A030A2B7FF402AF18EE101AB1F90E308C
:10A64000002BFFF6FBAE4B6EDE0702D4950540F102
:10A65000738518EE101A18EE900A23463A463BB05E
:10A66000BDEC028BBDE8F04F00F0AEBD45F010052B
:10A6700015F0200800F01281039E073626F0070629
:10A680003346D6F8048053F8086B039325F4806AA8
:10A6900000234FF000028DF83320BBF1FF3F00F0A4
:10A6A000D38156EA08022AF0800540F0CC81BBF144
:10A6B000000F40F0CD84002B40F0C8831AF0010356
:10A6C000009300F0F88330238DF8E7300DF1E704B4
:10A6D00094E7E51B1DD00F9B109A01332A44072BEA
:10A6E000C9E9007510920F9305DC09F10809029B76
:10A6F0002B440293BEE6002A00F09F8318EE101A46
:10A7000018EE900A0EAAFFF729FE40B90DF1440990
:10A71000EDE7109B002B40F0208500230F9318EEEF
:10A72000102A536ED90740F1AE8093895B0600F181
:10A730002E8502983BB0BDEC028BBDE8F08FB2F9DC
:10A740000C108D0518EE103A8AB23FF55DAE18EE8A
:10A75000105A986DFEF768FBB5F90C108AB253E6F3
:10A76000002BD6D08DF884304FF001084FF0000355
:10A770008DF83330CDF8008021AC4FF0000B15F090
:10A780000203049318BF08F1020815F0840305932F
:10A7900005D1019BA3EB0806002E00F37F82DDE9C3
:10A7A0000F21501C9DF833608EB10DF13302013141
:10A7B000C9F8002007284FF00102CDE90F01C9F8C0
:10A7C000042000F34C82024609F108090130049B81
:10A7D000EBB10DAB0231C9F8003007284FF002038E
:10A7E000CDE90F01C9F8043040F35382002900F08D
:10A7F0001F8318EE101A18EE900A0EAAFFF7AEFD8E
:10A8000000288CD1DDE90F210DF14409501C059B76
:10A81000802B00F05A81009BABEB0306002E00F367
:10A82000BD81009BC9F8004019440728CDE90F01FC
:10A83000C9F8043040F34681002900F0858218EE03
:10A84000101A18EE900A0EAAFFF788FD00287FF470
:10A8500066AF10990DF14409680705D5019BA3EB7C
:10A860000804002C00F37A82DDE901234245ACBFE5
:10A870009B1843440293002940F0E08100230F938A
:10A880000DF14409E6E593899A053FF54FAF18EEBF
:10A89000104AA06DFEF7CAFAA38947E715F0100326
:10A8A00040F03A8315F0400200F0F983039A52F821
:10A8B000046B03929846B6B2E8E656F8043B03965A
:10A8C000E80600F10483690640F1FE8243F3C038D4
:10A8D0001EB2434678E6039E56F8044B4FF0000341
:10A8E0008DF83330002C00F0C183BBF1FF3F00F046
:10A8F00045835A4600212046F6F772F9002800F0F9
:10A900002084031B009303964FF0000B76E6039E12
:10A910004FF000038DF833304FF0010856F8043B38
:10A920008DF884300396CDF8008021AC25E700F047
:10A93000D7FD60E5039B53F8042B0192002A80F2B7
:10A94000B682019A0393524201923B7845F0040586
:10A950009FE53B786C2B03BF7B7845F020050137E2
:10A9600045F0100595E53B78682B03BF7B7845F4EF
:10A970000075013745F040058BE545F0100A1AF0E7
:10A98000200800F06A82039E073626F00706334649
:10A99000D6F8048053F8086B0393012379E63B78DB
:10A9A0008DF8334075E5039B53F8046B0393302314
:10A9B0008DF8343078238DF83530C14B069345F04F
:10A9C000020A4FF00008022363E6AE0600F19A8205
:10A9D000EC0600F14383680600F1A083A90540F16D
:10A9E0003D83039E029A56F8043B03961A7031E5A4
:10A9F0003B7845F001054CE59DF83330002B7FF4A2
:10AA0000CEAD20238DF833303B7842E53B7845F0DE
:10AA100080053EE5394611F8013B2A2B00F0C08342
:10AA2000A3F13002092A0F464FF0000B3FF632AD7A
:10AA300017F8013B0BEB8B0B02EB4B0BA3F1300236
:10AA4000092AF5D926E5AA46012B3FF4CAAD022B07
:10AA50003AAC12D1069A06F00F033609D35C04F81B
:10AA6000013D46EA08764FEA181856EA0803F2D183
:10AA70003AAB1B1B55460093C0E506F00703F608EA
:10AA800046EA48764FEAD808303356EA08012246AB
:10AA900004F8013DF1D11AF0010FE9D0302BE7D0D5
:10AAA0003023023A04F8013C3AAB9B1A5546009316
:10AAB0001446A3E5009911940123129110910F936C
:10AAC0000DF1440909F10809C6E6019BA3EB08064C
:10AAD000002E7FF7A0AE102E40F35E83DFF8E4A1D6
:10AAE0005346CDE90445BA4618EE904A18EE105A7E
:10AAF000084696461F4607E00EF1020C09F10809C8
:10AB00009646103E102E1FDD0EF10102103010236C
:10AB1000072ACDE90F20C9F80070C9F80430EBDD31
:10AB20000EAA002800F09580294620460DF1440920
:10AB3000FFF714FC00287FF4F2ADDDE90FE0103ED2
:10AB4000102E0EF1010CDFDCDDE904453B46014629
:10AB500057469A463144BCF1070FCDE90FC1C9F8F9
:10AB600000A0C9F8046040F3A981002900F0C68262
:10AB700018EE101A18EE900A0EAAFFF7EFFB002845
:10AB80007FF4CDAD009BDDE90F21ABEB0306002E7A
:10AB900002F101000DF144097FF743AE102EDFF8FA
:10ABA00024A137DD5346CDE90445BA4618EE904A54
:10ABB00018EE105A4FF0100B084694461F4607E057
:10ABC0000CF1020E09F108099446103E102E1ADD10
:10ABD0000CF101021030072AC9E9007BCDE90F20F2
:10ABE000EEDD0EAA20B3294620460DF14409FFF7F9
:10ABF000B5FB00287FF493ADDDE90FC0103E102EA9
:10AC00000CF1010EE4DCDDE904453B460146574604
:10AC100070469A4631440728CDE90F01C9F800A0D3
:10AC2000C9F8046000F3EE8009F108090130F8E585
:10AC30004FF0010E84460DF14409C6E718EE101AD4
:10AC400018EE900A0EAAFFF789FB00283FF416AE13
:10AC500065E54FF0010C86460DF1440951E70029E6
:10AC600000F0E38018EE101A18EE900A0EAAFFF713
:10AC700075FB00287FF453ADDDE90F210DF1440988
:10AC8000501CA4E502210DAB1291119301200DF18E
:10AC90004409024609F10809501CB8E5102E40F39A
:10ACA0005682DDE90FC1DFF820A0CDE90A45102367
:10ACB000544618EE105A18EE90AA08460EE000BF4F
:10ACC000D0BF0008A4C2000894C200080CF1020E14
:10ACD00009F108099446103E102E1CDD0CF101020A
:10ACE0001030072AC9E90043CDE90F20EEDD0EAA96
:10ACF00020B3294650460DF14409FFF72FFB0028E9
:10AD00007FF40DADDDE90FC0103E102E0CF1010EE9
:10AD10004FF01003E2DCA2460B9D0A9C01467246EE
:10AD20003144072ACDE90F21C9F800A0C9F8046011
:10AD300000F3AB8009F10809501C33E584464FF05D
:10AD4000010E0DF14409C6E76C070F9152D5019B26
:10AD5000A3EB0804002C4DDD0DF14409102C40F349
:10AD60000882DFF85CA40F9A0B46BB46494657465B
:10AD700018EE109A18EE90AA102505E0901C0831E4
:10AD80003246103C102C18DD561C1033072EC1E93A
:10AD90000075CDE90F63F1DD0EAA3BB3494650467D
:10ADA000FFF7DCFA00287FF4BAACDDE90F23103C92
:10ADB000102C02F1010011A9E6DC8946BA461946B9
:10ADC0005F4621440728C9E900A4CDE90F017FF7B8
:10ADD0004BAD79B118EE101A18EE900A0EAAFFF7D3
:10ADE000BDFA00287FF49BAC10993DE501201A467E
:10ADF00011A9C6E7DDE901234245ACBF9B184344D6
:10AE000002933BE500293FF455AE18EE101A18EEF8
:10AE1000900A0EAAFFF7A2FA00287FF480AC0F98E0
:10AE2000109901300DF14409FBE4049B002B79D10A
:10AE300001200A460DF14409E9E40F920DF144099D
:10AE400055E4BBF1000F7FF4D1AB55464FF0000B3A
:10AE5000CDF800B03AACFFF7D1BB1AF010033CD1EB
:10AE60001AF0400200F00C81039A52F8046B03922E
:10AE70009846B6B201230CE42D2376428DF8333088
:10AE800068EB4808AA46012307E400297FD018EEA2
:10AE9000101A18EE900A0EAAFFF760FA00287FF445
:10AEA0003EACDDE90F210DF14409501C7AE4039317
:10AEB0003B78FFF7EEBA3AACFFF7A0BB09F10809FF
:10AEC0000CF101006246A6E4AA0500F12F814FEAC9
:10AED000E3781E464346FFF777BB039B53F8046BAA
:10AEE00003930123FFF7D5BB079B002B3FF457AB20
:10AEF000079B1B78002B3FF452AB3B7845F48065F1
:10AF0000FFF7C7BADDE9021656F8042B0396CB17F4
:10AF1000C2E90013FFF79EBA039B53F8046B039337
:10AF2000FFF7B4BB02210DAB129111930DF144094F
:10AF3000B0E6A04A069215F0200836D0039E0736E8
:10AF400026F007063246D6F8048052F8086B0392C2
:10AF5000EA0709D556EA080206D08DF835303023C5
:10AF600045F002058DF8343025F4806A0223FFF79E
:10AF700090BBAA4603E5904A0692DCE7204603967A
:10AF8000F5F7BEFD4FF0000B0090FFF737BB9DF8C3
:10AF90003320002A00F0B88001200DF13302129016
:10AFA00011920DF1440901460DE415F0100242D052
:10AFB000039A52F8046B0392CAE70AF48063CDF84F
:10AFC00000A0CDF81090BA46DDF81C9000253AACF0
:10AFD0001F4609E030464146F5F718FF0A2E78F182
:10AFE00000031BD306468846304641460A2200230A
:10AFF000F5F70CFF1146303104F8011C0A2200233A
:10B00000013C0135002FE5D099F80010A942E1D1AB
:10B01000FF2DDFD00A2E78F100035BD257463AAB02
:10B02000DDF800A0CDF81C901B1BDDF810900093FC
:10B030005546FFF7E3BA15F040013ED0039951F8A9
:10B04000046B03919046B6B282E7AA46FFF7C9BAED
:10B05000012BAA467FF4FBACFFF7C8BA039E029A05
:10B0600056F8043B1A600396FFF7F4B95B46062BCB
:10B0700028BF0623514C009303969846FFF77DBBEB
:10B08000039B1AF4007814BF53F8046B53F8046B55
:10B0900003931CBF9046F6B20123FFF7FABA039B55
:10B0A00015F4007814BF53F8046B53F8046B039342
:10B0B0001CBF9046F6B2FFF7E9BA039A15F4007880
:10B0C00014BF52F8046B52F8046B03921CBF8846FD
:10B0D000F6B23DE7099B0899E41A1A462046FEF7A6
:10B0E00061FD99F801300BB109F101093046414683
:10B0F0000A2200230025F5F789FE73E701200A469E
:10B100000DF14409FFF787BB049B002B7FF4BAAD18
:10B110000A4601200DF14409FFF77DBB039E029A08
:10B1200056F8043B03961A80FFF794B943F3C0180E
:10B130005EB24346FFF748BA886DFDF777FEFFF72A
:10B1400088BACDF800B003968346FFF757BA0F9A36
:10B150001099DFF86CA00132E2E518EE101A18EE33
:10B16000900A0EAAFFF7FAF800283FF4D6AAFFF7D4
:10B17000D6BA0F98DFF848A0013022E66B6EDB07E5
:10B1800005D4AB899F0502D4A86DFDF74FFE4FF0A3
:10B19000FF330293FFF7CDBADFF828A08446D9E445
:10B1A000039A7B780F4652F8041B039241EAE17B35
:10B1B000FFF76FB9E4BF0008D0BF0008F8BF000870
:10B1C00094C20008A4C2000870B50C468989ADF588
:10B1D0008E6D21F00201ADF81410616E1B91E189B2
:10B1E000ADF81610E1690991616A0B911CA90291F1
:10B1F00006914FF4806106460491079118A800213A
:10B20000CDE900320891FDF70BFEDDE9003202A91D
:10B210003046FFF7DFF8051E07DB02A9304600F0D5
:10B220002BF9002818BF4FF0FF35BDF814305B062E
:10B2300003D5A38943F04003A3811898FDF7F2FDDD
:10B2400028460DF58E6D70BD49B1FF2A02D80A70EF
:10B25000012070478A2303604FF0FF307047084693
:10B26000704700BF38B5334B1B6805460C460BB121
:10B270009A6B12B3B4F90C3018079AB225D521692C
:10B2800000292DD012F0010007D00020A0606069D5
:10B290004042A06139B1002038BD950758BF6069B0
:10B2A000A0600029F7D1120658BF0846F4D543F034
:10B2B0004003A3814FF0FF3038BD184600F010F96D
:10B2C000B4F90C3018079AB2D9D4D1062AD552074E
:10B2D00014D4216943F00803A3819AB20029D1D183
:10B2E00002F42070B0F5007FCCD02146284600F053
:10B2F000ADFBB4F90C3021699AB2C3E7216B51B1AF
:10B3000004F14002914204D02846FDF77FFCB4F9D5
:10B310000C300022226321690022C4E9001223F0CC
:10B320002403D7E7092243F040032A604FF0FF309F
:10B33000A38138BD0C00002008B5062000F0F6FB04
:10B340000120F6F7E2F800BFB1F90C202DE9F04139
:10B350000C461107804647D4636842F40062002B14
:10B36000A2815EDDA56A002D58D00023D8F80060C8
:10B37000C8F8003093B212F4805256D10123E1692B
:10B380004046A847431C67D0A389A56A5F0705D537
:10B390006368C01A236B0BB1E36BC01AE169024604
:10B3A00000234046A847411C41D1D8F80030002B6B
:10B3B0003DD01D2B01D0162B56D1A38922692260C6
:10B3C00023F4006300216160A381216BC8F8006051
:10B3D00021B304F14003994202D04046FDF716FC28
:10B3E00000202063BDE8F0812669BEB193B22568D4
:10B3F00026609A070CBF63690023AD1BA3600BE0B6
:10B400002B463246E169676A4046B847B0F1000C06
:10B41000A5EB0C05664417DD002DF1DC0020BDE82E
:10B42000F081E36B002B9DDCF8E7206DAEE7B4F90B
:10B430000C302269226023F40063A3810022DB0424
:10B440006260C2D52065C0E7A38943F040034FF096
:10B45000FF30A381BDE8F081D8F80030002B93D0F5
:10B460001D2B06D0162B04D0A38943F04003A381E3
:10B47000D5E7C8F80060D1E738B50C46054608B1F5
:10B48000836BA3B1B4F90C00B8B1636EDB0701D4D0
:10B49000810515D528462146FFF756FF636EDA076A
:10B4A000054602D4A3899B050ED5284638BD00F079
:10B4B00017F8B4F90C000028E7D10546284638BD36
:10B4C000A06DFDF7B1FCE5E7A06DFDF7AFFC2846E8
:10B4D00038BD00BF014900F095BA00BF81BD00082A
:10B4E0002DE9F04782463948FDF79EFCDAF83840EE
:10B4F000002C66D1DAF80450354ACAF83C20032300
:10B50000CAE9B843DFF8DC90DFF8DC80314F324E17
:10B5100004230AF53B72CAF8E8222146C5E9024332
:10B52000C5E90044C5E904446C660822AC6105F134
:10B530005C00FAF7E1FCC5E90759C5E90987EE6245
:10B5400005F15800FDF76CFCDAF80850234BEB606E
:10B550002146C5E90044C5E904446C66AC60AC61B1
:10B56000082205F15C00FAF7C7FCC5E90759C5E9EF
:10B570000987EE6205F15800FDF752FCDAF80C502D
:10B58000174BEB602146C5E90044C5E904446C66ED
:10B59000AC60AC61082205F15C00FAF7ADFC05F186
:10B5A0005800C5E90759C5E90A76C5F82480FDF7B2
:10B5B00037FC0123CAF838300448BDE8F047FDF7EE
:10B5C00035BCBDE8F0470148FDF730BC203901200B
:10B5D000D5B400081DBC00083DBC000809000100EE
:10B5E00012000200B9BB0008DDBB00080148FDF7EE
:10B5F0001BBC00BF1C3901200148FDF717BC00BF70
:10B600001C3901202DE9F04782B082468846144655
:10B61000FEF720FC012803D108F1FF33FE2B36D9B9
:10B62000424604F15C0301A9504600F063FB421C52
:10B63000064632D030B39DF804C00DF1050900254F
:10B6400009E023685A1C226083F800C00135B54226
:10B6500018D219F801CBA368013B002BA360F0DAE4
:10B66000A769BB4261462246504602DBBCF10A0F85
:10B67000E7D100F0E7FA431CE8D10646304602B0B5
:10B68000BDE8F0874646304602B0BDE8F0875FFA75
:10B6900088FC8DF804C00646CFE7A389304643F006
:10B6A0004003A38102B0BDE8F08700BF30B5536E00
:10B6B00013F0010FB2F90C30144683B005469AB26C
:10B6C00001D198051CD5900406D4626E43F4005352
:10B6D00042F40052A381626622462846FFF792FF99
:10B6E000636EDA07054602D4A3899B0502D5284676
:10B6F00003B030BDA06DFDF799FB284603B030BD07
:10B70000A06D0191FDF790FBB4F90C3001999AB24C
:10B71000D9E700BF9368002B00F085802DE9F04F3A
:10B72000B1F90C300C461907804683B0174698B221
:10B7300025D523691BB310F002033D682DD04FF0CF
:10B74000000ADFF8BCB25646B9465E45334652465B
:10B7500028BF5B464046002E52D0E169676AB84771
:10B76000002856DDD9F808301B1A8244361AC9F869
:10B770000830002BE9D1002003B0BDE8F08F21464E
:10B780004046FFF76FFD002840F03681B4F90C30D9
:10B790003D6898B210F00203D1D110F0010944D1F4
:10B7A0004E46009746B38205D4F808B040F1838036
:10B7B000B3455A4600F2B28010F4906F40F0BF805B
:10B7C000206801924946FEF761FBA368019AA3EB4A
:10B7D0000B012368A1601344B24623600026009B3E
:10B7E0009868A0EB0A00D14498600028C3D0B4F94F
:10B7F0000C0080B2002ED6D1D5E900960835D1E7ED
:10B80000D5E900A60835A0E721464046FFF734FEFB
:10B8100080B3B4F90C3043F040034FF0FF30A38104
:10B8200003B0BDE8F08F002070471E46AA46994637
:10B8300018461D46009756B388B34A46D4E9041308
:10B840002068B24228BF3246884205D9A16803EB7E
:10B85000010B5A4500F3A680934263DCE169676AF5
:10B860002A464046B847B0F1000BD2DDB9EB0B09D0
:10B87000CAD00120009A9368A3EB0B035D44A6EBAA
:10B880000B069360002B3FF476AF002ED4D10AF163
:10B89000080353E902569A460833002EF9D032467F
:10B8A0000A212846F5F79CF9002800F09C80013019
:10B8B000A0EB0509C1E720682369984216D863699F
:10B8C000B34213D86FF00042B24228BF3246E1695A
:10B8D00092FBF3F2676A02FB03F340464A46B8471D
:10B8E000B0F1000A95DDA6EB0A0678E7B345DA4623
:10B8F00028BFB24652464946FEF7C8FAA3682268F6
:10B90000A3EB0A035244A3602260002BEBD1214633
:10B910004046FFF7B1FD0028E5D07AE72068B3463E
:10B9200032464EE729460192FEF7B0FA019AA36823
:10B930009B1AA360236813442360934696E7236809
:10B940002169A3EB010B636903EB430A0AEBDA7A83
:10B950000BF101034FEA6A0A33445345524684BF50
:10B960009A46524643052CD511464046FDF760FAEB
:10B9700000283BD05A4621690190F5F70FF8A289BB
:10B98000019B22F4906242F08002A28103EB0B0043
:10B990002361AAEB0B03C4F814A0A3602060B34694
:10B9A00032460EE729465A46FEF770FA23685B4492
:10B9B000236021464046FFF75FFD00283FF456AF65
:10B9C00027E74046FEF7DEFA03460028DED121696C
:10B9D0004046FDF71BF9B4F90C300C2223F080032C
:10B9E000C8F8002017E7721C914627E70C22B4F92B
:10B9F0000C30C8F800200EE74FF0FF30BCE600BF67
:10BA000000FCFF7F2DE9F8430746884600F53876AD
:10BA10004FF00009D6E90154013D11D4A389012B4F
:10BA200005F1FF3508D9B4F90E300133214603D0B2
:10BA30003846C04749EA00096B1C04F16804EDD19F
:10BA40003668002EE6D14846BDE8F8832DE9F0417E
:10BA50008B890C46990796B008D504F1430301225F
:10BA6000C4E90432236016B0BDE8F081B4F90E10C9
:10BA70000029064627DB6A4600F0E8F9002821DBAA
:10BA8000019D05F47045A5F50055B5FA85F54FF40F
:10BA900080686D094FF4006741463046FDF7C8F9EC
:10BAA000B4F90C30F0B1204AF26343F08003C4F8DB
:10BAB0001480A3812060206135BB3B43A38116B075
:10BAC000BDE8F081A38913F0800519D04FF040083C
:10BAD00041463046FDF7ACF90025B4F90C302F464D
:10BAE0000028E0D19A05BED423F0030304F14302F9
:10BAF00043F002030121C4E90421A3812260B2E7DB
:10BB00004FF480682F46C7E7B4F90E10304600F0B6
:10BB1000B3F910B9B4F90C30CFE7A38923F00303CC
:10BB200043F001031BB2C8E7D5B4000838B5154B84
:10BB30001F281D6820D8D5F8DC22044662B152F8CF
:10BB400020304BB1012B15D0591C0FD0002542F8E5
:10BB500020509847284638BD284600F02BF822464A
:10BB600001462846BDE8384000F00EB816232B6089
:10BB7000012038BD002038BD16232B604FF0FF3068
:10BB800038BD00BF0C00002070B50C46084D0346C0
:10BB90000026204611461C462E60F5F7A6FC431CE5
:10BBA00000D070BD2B68002BFBD0236070BD00BFA0
:10BBB00058390120F5F791BC10B50C46B1F90E10BB
:10BBC00000F082F9002803DB236D0344236510BDD8
:10BBD000A38923F48053A38110BD00BF2DE9F04158
:10BBE0000C46B1F90C101F46CB05054616460BD482
:10BBF00021F48051A1813B46B4F90E10324628460B
:10BC0000BDE8F04100F094B8B4F90E100223002210
:10BC100000F044F9B4F90C10EAE700BF10B50C4687
:10BC2000B1F90E1000F03AF9A389421C0EBF23F4BB
:10BC3000805343F480532065A38110BDB1F90E10E9
:10BC400000F08CB8F8B50D461446064610B1836B6B
:10BC5000002B43D0B4F90C20A369A360170790B25E
:10BC60001BD52369CBB1EDB281042F4622D52268C2
:10BC70006169D31A994229DD0133A1680139A160B4
:10BC8000511C2160157062699A422AD0A389DB0792
:10BC900001D50A2D25D03846F8BD21463046FFF79C
:10BCA000E1FA20BBB4F90C20236990B2EDB2810413
:10BCB0002F46DCD442F40052A281626E616922F404
:10BCC000005262662268D31A9942D5DC214630467A
:10BCD000FFF7D2FB58B922680123CEE7FFF700FC3B
:10BCE000B8E721463046FFF7C7FB0028D3D04FF016
:10BCF000FF37D0E770B5054684B01C4639B10B4E0E
:10BD0000D6F8E060B047431C09D004B070BD0A46C5
:10BD10000649D1F8E06001A9B047431CF5D10022E3
:10BD20008A2322602B6004B070BD00BF4C08002045
:10BD300038B50C46084D8446114620461A46002365
:10BD40002B606446F5F708FC431C00D038BD2B6817
:10BD5000002BFBD0236038BD5839012038B5074D82
:10BD60000022044608462A60F5F712FC431C00D066
:10BD700038BD2B68002BFBD0236038BD583901201B
:10BD800070B500294BD006460C4610B1836B002BD2
:10BD900048D0636ED80734D5B4F90C30002B3ED0B0
:10BDA00021463046FFF7D0FAE36A054633B1E16930
:10BDB000304698470028B8BF4FF0FF35A3891A06D0
:10BDC0003BD4216B41B104F14003994202D030468B
:10BDD000FCF71CFF00232363616C21B13046FCF7A4
:10BDE00015FF00236364FFF701FC636E0022DB078D
:10BDF000A28127D5A06DFDF715F8FFF7FDFB2846BA
:10BE000070BDA3899905CBD4A06DFDF70DF8B4F9E9
:10BE10000C30002BC4D1656E15F0010508D000254B
:10BE2000284670BDFFF75CFB636ED807B4D4E8E723
:10BE3000A06DFCF7FBFF284670BD21693046FCF77A
:10BE4000E5FEBEE7A06DFCF7F1FFD3E770B50C4649
:10BE5000084D03460026204611461C462E60F5F785
:10BE6000A3FB431C00D070BD2B68002BFBD02360CC
:10BE700070BD00BF5839012038B5074D0022044677
:10BE800008462A60F5F7A0FB431C00D038BD2B689C
:10BE9000002BFBD0236038BD5839012038B50C4643
:10BEA000084D8446114620461A4600232B606446FE
:10BEB000F5F795FB431C00D038BD2B68002BFBD059
:10BEC000236038BD5839012038B50C46084D8446EA
:10BED000114620461A4600232B606446F5F71FFBE7
:10BEE000431C00D038BD2B68002BFBD0236038BD2D
:10BEF00058390120F8B500BFF8BC08BC9E46704711
:0CBF0000F8B500BFF8BC08BC9E467047B6
:10BF10006B65793020707265737365640D0A00007B
:10BF20006B65793120707265737365640D0A00006A
:10BF30006C65645F7461736B00000000737563630C
:10BF4000657373006661696C6564000063726561A6
:10BF500074652025732025730D0A000073656E64D7
:10BF60005F7461736B0000007265636569766531AB
:10BF70005F7461736B00000072656365697665329A
:10BF80005F7461736B00000073746172745F74613D
:10BF9000736B000049444C4500000000546D722052
:10BFA00053766300546D72510000000000000000E1
:10BFB000010203040102030406070809100000201F
:10BFC000494E4600696E66004E414E006E616E003D
:10BFD00030313233343536373839616263646566FF
:10BFE00000000000303132333435363738394142C1
:10BFF0004344454600000000286E756C6C29000023
:10C000003000000020202020202020202020202080
:10C010002020202030303030303030303030303060
:10C02000303030304E614E00496E66696E69747909
:10C030000000000042616C6C6F6320737563636580
:10C0400065646564000000002F6D6E742F776F7259
:10C050006B73706163652F776F726B73706163656B
:10C060002F4743432D31302D706970656C696E65C3
:10C070002F6A656E6B696E732D4743432D31302DEA
:10C08000706970656C696E652D34385F323032309E
:10C09000313132345F313630363138303634312F49
:10C0A0007372632F6E65776C69622F6E65776C694A
:10C0B000622F6C6962632F7374646C69622F64749D
:10C0C0006F612E63000000002F6D6E742F776F720A
:10C0D0006B73706163652F776F726B7370616365EB
:10C0E0002F4743432D31302D706970656C696E6543
:10C0F0002F6A656E6B696E732D4743432D31302D6A
:10C10000706970656C696E652D34385F323032301D
:10C11000313132345F313630363138303634312FC8
:10C120007372632F6E65776C69622F6E65776C69C9
:10C13000622F6C6962632F7374646C69622F6D7017
:10C140007265632E630000000080E03779C34143CD
:10C15000176E05B5B5B89346F5F93FE9034F384D6D
:10C16000321D30F94877825A3CBF737FDD4F157519
:10C17000000000000000F03F00000000000024402C
:10C1800000000000000059400000000000408F4007
:10C19000000000000088C34000000000006AF84072
:10C1A0000000000080842E4100000000D012634196
:10C1B0000000000084D797410000000065CDCD410C
:10C1C000000000205FA00242000000E876483742ED
:10C1D000000000A2941A6D42000040E59C30A2428B
:10C1E0000000901EC4BCD64200003426F56B0C4300
:10C1F0000080E03779C3414300A0D88557347643A7
:10C2000000C84E676DC1AB43003D9160E458E14307
:10C21000408CB5781DAF154450EFE2D6E41A4B447C
:10C2200092D54D06CFF08044F64AE1C7022DB544C1
:10C23000B49DD9794378EA44050000001900000054
:10C240007D0000002C2066756E6374696F6E3A2065
:10C2500000000000617373657274696F6E2022259F
:10C260007322206661696C65643A2066696C65209A
:10C27000222573222C206C696E6520256425732588
:10C28000730A000043000000504F5349580000005B
:10C290002E000000202020202020202020202020F0
:10C2A00020202020303030303030303030303030CE
:10C2B000303030300020202020202020202028284E
:10C2C0002828282020202020202020202020202056
:10C2D0002020202020881010101010101010101096
:10C2E00010101010100404040404040404040410C6
:10C2F0001010101010104141414141410101010154
:10C30000010101010101010101010101010101011D
:10C310001010101010104242424242420202020229
:10C3200002020202020202020202020202020202ED
:10C33000101010102000000000000000000000009D
:10C3400000000000000000000000000000000000ED
:10C3500000000000000000000000000000000000DD
:10C3600000000000000000000000000000000000CD
:10C3700000000000000000000000000000000000BD
:10C3800000000000000000000000000000000000AD
:10C39000000000000000000000000000000000009D
:10C3A000000000000000000000000000000000008D
:08C3B000000000000000000085
:08C3B800844AFF7F0100000030
:08C3C000B57A0008E501000850
:04C3C800C1010008A7
:10C3CC000024F400AAAAAAAA04000000100000206D
:10C3DC0000000000FC02002064030020CC030020BD
:10C3EC000000000000000000000000000000000041
:10C3FC000000000000000000000000000000000031
:10C40C000000000000000000000000000000000020
:10C41C000000000000000000000000000000000010
:10C42C000000000000000000000000000000000000
:10C43C0000000000000000000000000000000000F0
:10C44C0000000000000000000000000000000000E0
:10C45C0000000000000000000000000000000000D0
:10C46C0000000000000000000000000000000000C0
:10C47C0000000000000000000100000000000000AF
:10C48C000E33CDAB34126DE6ECDE05000B00000074
:10C49C000000000000000000000000000000000090
:10C4AC000000000000000000000000000000000080
:10C4BC000000000000000000000000000000000070
:10C4CC000000000000000000000000000000000060
:10C4DC000000000000000000000000000000000050
:10C4EC000000000000000000000000000000000040
:10C4FC000000000000000000000000000000000030
:10C50C00000000000000000000000000000000001F
:10C51C00000000000000000000000000000000000F
:10C52C0000000000000000000000000000000000FF
:10C53C0000000000000000000000000000000000EF
:10C54C0000000000000000000000000000000000DF
:10C55C0000000000000000000000000000000000CF
:10C56C0000000000000000000000000000000000BF
:10C57C0000000000000000000000000000000000AF
:10C58C00000000000000000000000000000000009F
:10C59C00000000000000000000000000000000008F
:10C5AC00000000000000000000000000000000007F
:10C5BC00000000000000000000000000000000006F
:10C5CC00000000000000000000000000000000005F
:10C5DC00000000000000000000000000000000004F
:10C5EC00000000000000000000000000000000003F
:10C5FC00000000000000000000000000000000002F
:10C60C00000000000000000000000000000000001E
:10C61C00000000000000000000000000000000000E
:10C62C0000000000000000000000000000000000FE
:10C63C0000000000000000000000000000000000EE
:10C64C0000000000000000000000000000000000DE
:10C65C0000000000000000000000000000000000CE
:10C66C0000000000000000000000000000000000BE
:10C67C0000000000000000000000000000000000AE
:10C68C00000000000000000000000000000000009E
:10C69C00000000000000000000000000000000008E
:10C6AC00000000000000000000000000000000007E
:10C6BC00000000000000000000000000000000006E
:10C6CC00000000000000000000000000000000005E
:10C6DC00000000000000000000000000000000004E
:10C6EC00000000000000000000000000000000003E
:10C6FC00000000000000000000000000000000002E
:10C70C00000000000000000000000000000000001D
:10C71C00000000000000000000000000000000000D
:10C72C0000000000000000000000000000000000FD
:10C73C0000000000000000000000000000000000ED
:10C74C0000000000000000000000000000000000DD
:10C75C0000000000000000000000000000000000CD
:10C76C0000000000000000000000000000000000BD
:10C77C0000000000000000000000000000000000AD
:10C78C00000000000000000000000000000000009D
:10C79C00000000000000000000000000000000008D
:10C7AC00000000000000000000000000000000007D
:10C7BC00000000000000000000000000000000006D
:10C7CC00000000000000000000000000000000005D
:10C7DC00000000000000000000000000000000004D
:10C7EC00000000000000000000000000000000003D
:10C7FC0000000000000000001439012000000000BF
:10C80C00000000003C0400203C04002044040020F4
:10C81C00440400204C0400204C040020540400204C
:10C82C00540400205C0400205C04002064040020FC
:10C83C00640400206C0400206C04002074040020AC
:10C84C00740400207C0400207C040020840400205C
:10C85C00840400208C0400208C040020940400200C
:10C86C00940400209C0400209C040020A4040020BC
:10C87C00A4040020AC040020AC040020B40400206C
:10C88C00B4040020BC040020BC040020C40400201C
:10C89C00C4040020CC040020CC040020D4040020CC
:10C8AC00D4040020DC040020DC040020E40400207C
:10C8BC00E4040020EC040020EC040020F40400202C
:10C8CC00F4040020FC040020FC04002004050020DB
:10C8DC00040500200C0500200C0500201405002088
:10C8EC00140500201C0500201C0500202405002038
:10C8FC00240500202C0500202C05002034050020E8
:10C90C00340500203C0500203C0500204405002097
:10C91C00440500204C0500204C0500205405002047
:10C92C00540500205C0500205C05002064050020F7
:10C93C00640500206C0500206C05002074050020A7
:10C94C00740500207C0500207C0500208405002057
:10C95C00840500208C0500208C0500209405002007
:10C96C00940500209C0500209C050020A4050020B7
:10C97C00A4050020AC050020AC050020B405002067
:10C98C00B4050020BC050020BC050020C405002017
:10C99C00C4050020CC050020CC050020D4050020C7
:10C9AC00D4050020DC050020DC050020E405002077
:10C9BC00E4050020EC050020EC050020F405002027
:10C9CC00F4050020FC050020FC05002004060020D6
:10C9DC00040600200C0600200C0600201406002083
:10C9EC00140600201C0600201C0600202406002033
:10C9FC00240600202C0600202C06002034060020E3
:10CA0C00340600203C0600203C0600204406002092
:10CA1C00440600204C0600204C0600205406002042
:10CA2C00540600205C0600205C06002064060020F2
:10CA3C00640600206C0600206C06002074060020A2
:10CA4C00740600207C0600207C0600208406002052
:10CA5C00840600208C0600208C0600209406002002
:10CA6C00940600209C0600209C060020A4060020B2
:10CA7C00A4060020AC060020AC060020B406002062
:10CA8C00B4060020BC060020BC060020C406002012
:10CA9C00C4060020CC060020CC060020D4060020C2
:10CAAC00D4060020DC060020DC060020E406002072
:10CABC00E4060020EC060020EC060020F406002022
:10CACC00F4060020FC060020FC06002004070020D1
:10CADC00040700200C0700200C070020140700207E
:10CAEC00140700201C0700201C070020240700202E
:10CAFC00240700202C0700202C07002034070020DE
:10CB0C00340700203C0700203C070020440700208D
:10CB1C00440700204C0700204C070020540700203D
:10CB2C00540700205C0700205C07002064070020ED
:10CB3C00640700206C0700206C070020740700209D
:10CB4C00740700207C0700207C070020840700204D
:10CB5C00840700208C0700208C07002094070020FD
:10CB6C00940700209C0700209C070020A4070020AD
:10CB7C00A4070020AC070020AC070020B40700205D
:10CB8C00B4070020BC070020BC070020C40700200D
:10CB9C00C4070020CC070020CC070020D4070020BD
:10CBAC00D4070020DC070020DC070020E40700206D
:10CBBC00E4070020EC070020EC070020F40700201D
:10CBCC00F4070020FC070020FC07002004080020CC
:10CBDC00040800200C0800200C0800201408002079
:10CBEC00140800201C0800201C0800202408002029
:10CBFC00240800202C0800202C08002034080020D9
:10CC0C0034080020FFFFFFFF00000200430000007B
:10CC1C000000000000000000000000000000000008
:10CC2C0000000000000000000000000043000000B5
:10CC3C0000000000000000000000000000000000E8
:10CC4C000000000000000000000000004300000095
:10CC5C0000000000000000000000000000000000C8
:10CC6C000000000000000000000000004300000075
:10CC7C0000000000000000000000000000000000A8
:10CC8C000000000000000000000000004300000055
:10CC9C000000000000000000000000000000000088
:10CCAC000000000000000000000000004300000035
:10CCBC000000000000000000000000000000000068
:10CCCC000000000000000000000000004300000015
:10CCDC000000000000000000000000000000000048
:10CCEC0000000000000000000000000049B2000835
:10CCFC00619E000800000000B4C2000890C2000849
:10CD0C0050C2000850C2000850C2000850C20008AF
:10CD1C0050C2000850C2000850C2000850C200089F
:10CD2C0050C20008FFFFFFFFFFFFFFFFFFFFFFFFE9
:10CD3C00FFFF00000100415343494900000000007F
:10CD4C0000000000000000000000000000000000D7
:10CD5C00000000000000415343494900000000005E
:10CD6C0000000000000000000000000000000000B7
:08CD7C000000000000000000AF
:04000005080016D108
:00000001FF
